seed,method,epoch,updates,wall_time_sec,val_nrmse
0,ResDyNet-ResidualEvolver,0,0,0.0,0.5877139302058413
0,ResDyNet-ResidualEvolver,1,12,0.3081573749950621,0.9186698193262945
0,ResDyNet-ResidualEvolver,2,24,0.5917394999996759,0.7162761143135725
0,ResDyNet-ResidualEvolver,3,36,0.8720836669963319,0.4598327766421824
0,ResDyNet-ResidualEvolver,4,48,1.1527797500020824,0.3580260366954603
0,ResDyNet-ResidualEvolver,5,60,1.4316255839949008,0.3010606861627995
0,ResDyNet-ResidualEvolver,6,72,1.7114477090071887,0.37140882374895773
0,ResDyNet-ResidualEvolver,7,84,1.9982073339924682,0.4458306668560704
0,ResDyNet-ResidualEvolver,8,96,2.2794596670137253,0.361536621318125
0,ResDyNet-ResidualEvolver,9,108,2.5589367920183577,0.4160716884370202
0,ResDyNet-ResidualEvolver,10,120,2.8391684590023942,0.4547257077608935
0,ResDyNet-ResidualEvolver,11,132,3.1270140419946983,0.4240562496014165
0,ResDyNet-ResidualEvolver,12,144,3.4118536669993773,0.4177065484385713
0,ResDyNet-ResidualEvolver,13,156,3.693547542003216,0.44102423521366413
0,ResDyNet-ResidualEvolver,14,168,3.9781208749918733,0.44122263562239716
0,ResDyNet-ResidualEvolver,15,180,4.259920459007844,0.5198991233785151
0,ResDyNet-ResidualEvolver,16,192,4.5415349999966566,0.4090954649973012
0,ResDyNet-ResidualEvolver,17,204,4.820574084005784,0.4284246685787987
0,ResDyNet-ResidualEvolver,18,216,5.118813917011721,0.38605353565890843
0,ResDyNet-ResidualEvolver,19,228,5.404959917010274,0.45743042530527733
0,ResDyNet-ResidualEvolver,20,240,5.678881250001723,0.40160308470206907
0,ResDyNet-ResidualEvolver,21,252,5.964773125015199,0.4526390533712481
0,ResDyNet-ResidualEvolver,22,264,6.239621917018667,0.4172689083072594
0,ResDyNet-ResidualEvolver,23,276,6.527560250018723,0.38640341924209765
0,ResDyNet-ResidualEvolver,24,288,6.8054112090030685,0.4032108656415855
0,ResDyNet-ResidualEvolver,25,300,7.07795091700973,0.41400420270283983
0,ResDyNet-ResidualEvolver,26,312,7.349640000000363,0.3514030337778512
0,ResDyNet-ResidualEvolver,27,324,7.639682500011986,0.31885338881562825
0,ResDyNet-ResidualEvolver,28,336,7.913194583990844,0.3123980202414077
0,ResDyNet-ResidualEvolver,29,348,8.185447875002865,0.33614311945237413
0,ResDyNet-ResidualEvolver,30,360,8.460198999993736,0.42902862045661766
0,ResDyNet-ResidualEvolver,31,372,8.732420167012606,0.35060923546852363
0,ResDyNet-ResidualEvolver,32,384,9.011549292015843,0.31290540414368595
0,ResDyNet-ResidualEvolver,33,396,9.283396167011233,0.37580135297981887
0,ResDyNet-ResidualEvolver,34,408,9.556335500004934,0.370122374996527
0,ResDyNet-ResidualEvolver,35,420,9.858143292018212,0.354896979675393
0,ResDyNet-ResidualEvolver,36,432,10.129941708990373,0.36157051383730887
0,ResDyNet-ResidualEvolver,37,444,10.42064195900457,0.31455015453908763
0,ResDyNet-ResidualEvolver,38,456,10.690696083998773,0.41974879480784355
0,ResDyNet-ResidualEvolver,39,468,10.960722292016726,0.41792388276221154
0,ResDyNet-ResidualEvolver,40,480,11.232833709014812,0.3497394515180822
0,ResDyNet-ResidualEvolver,41,492,11.518101416993886,0.3099572249343596
0,ResDyNet-ResidualEvolver,42,504,11.79146808400401,0.38770529818006755
0,ResDyNet-ResidualEvolver,43,516,12.065365292015485,0.3316428257817913
0,ResDyNet-ResidualEvolver,44,528,12.337460834009107,0.3614328180774833
0,ResDyNet-ResidualEvolver,45,540,12.647440750006353,0.35175281081348436
0,ResDyNet-ResidualEvolver,46,552,12.926198166998802,0.31978874619380343
0,ResDyNet-ResidualEvolver,47,564,13.19804474999546,0.3585701986206488
0,ResDyNet-ResidualEvolver,48,576,13.469813375006197,0.3024584739567712
0,ResDyNet-ResidualEvolver,49,588,13.739278833993012,0.30381649221070584
0,ResDyNet-ResidualEvolver,50,600,14.052200542006176,0.35235365164469606
0,ResDyNet-ResidualEvolver,51,612,14.455676334007876,0.2748829407689816
0,ResDyNet-ResidualEvolver,52,624,14.784639459016034,0.33910501280008765
0,ResDyNet-ResidualEvolver,53,636,15.153650374995777,0.30189238639461335
0,ResDyNet-ResidualEvolver,54,648,15.521715792012401,0.3612275934661476
0,ResDyNet-ResidualEvolver,55,660,15.906982084008632,0.292261588433172
0,ResDyNet-ResidualEvolver,56,672,16.20280883400119,0.309832809383072
0,ResDyNet-ResidualEvolver,57,684,16.479786709009204,0.31644160570322244
0,ResDyNet-ResidualEvolver,58,696,16.749137000006158,0.3153545374369722
0,ResDyNet-ResidualEvolver,59,708,17.02749095900799,0.3591355975800396
0,ResDyNet-ResidualEvolver,60,720,17.296726792003028,0.30287306929476415
0,ResDyNet-ResidualEvolver,61,732,17.568453959014732,0.339908512976779
0,ResDyNet-ResidualEvolver,62,744,17.835532791999867,0.3506355300025401
0,ResDyNet-ResidualEvolver,63,756,18.101311209000414,0.40763980759752316
0,ResDyNet-ResidualEvolver,64,768,18.368796875001863,0.3664689151494863
0,ResDyNet-ResidualEvolver,65,780,18.637088167015463,0.298499780716258
0,ResDyNet-ResidualEvolver,66,792,18.904201458994066,0.30487298680586866
0,ResDyNet-ResidualEvolver,67,804,19.17273779201787,0.3336468264394442
0,ResDyNet-ResidualEvolver,68,816,19.440231125016,0.36539141613292847
0,ResDyNet-ResidualEvolver,69,828,19.709502584009897,0.36308038947121085
0,ResDyNet-ResidualEvolver,70,840,19.987337583996123,0.3224206792528751
0,ResDyNet-ResidualEvolver,71,852,20.259718250017613,0.36493574334746187
0,ResDyNet-ResidualEvolver,72,864,20.528604708990315,0.3693032152441809
0,ResDyNet-ResidualEvolver,73,876,20.80038733399124,0.3350129036621339
0,ResDyNet-ResidualEvolver,74,888,21.067652375000762,0.3553503886176706
0,ResDyNet-ResidualEvolver,75,900,21.333270292001544,0.3552677650709803
0,ResDyNet-ResidualEvolver,76,912,21.600043125014054,0.289992908802475
0,ResDyNet-ResidualEvolver,77,924,21.868374250014313,0.3883838653672753
0,ResDyNet-ResidualEvolver,78,936,22.13651758400374,0.3105246903390829
0,ResDyNet-ResidualEvolver,79,948,22.403476667008363,0.4064589729002429
0,ResDyNet-ResidualEvolver,80,960,22.669568500015885,0.35136291737161424
0,ResDyNet-ResidualEvolver,81,972,22.939801000000443,0.33867886027292526
0,ResDyNet-ResidualEvolver,82,984,23.20832745899679,0.3323687383485382
0,ResDyNet-ResidualEvolver,83,996,23.475499459018465,0.3542783028972363
0,ResDyNet-ResidualEvolver,84,1008,23.743046167015564,0.2956952897366673
0,ResDyNet-ResidualEvolver,85,1020,24.010597375017824,0.3407705539029487
0,ResDyNet-ResidualEvolver,86,1032,24.278480584005592,0.4418842446255867
0,ResDyNet-ResidualEvolver,87,1044,24.545612459012773,0.35566945959323437
0,ResDyNet-ResidualEvolver,88,1056,24.813557999994373,0.3035678173373468
0,ResDyNet-ResidualEvolver,89,1068,25.081445999996504,0.31611440245861083
0,ResDyNet-ResidualEvolver,90,1080,25.34888483400573,0.3128558224684855
0,ResDyNet-ResidualEvolver,91,1092,25.617059459007578,0.3793087318679147
0,ResDyNet-ResidualEvolver,92,1104,25.91100066699437,0.3440677260330165
0,ResDyNet-ResidualEvolver,93,1116,26.178766375000123,0.35208615061538023
0,ResDyNet-ResidualEvolver,94,1128,26.44635250000283,0.37862708563405817
0,ResDyNet-ResidualEvolver,95,1140,26.71455583401257,0.3058125250119903
0,ResDyNet-ResidualEvolver,96,1152,26.98190333400271,0.4274003699439269
0,ResDyNet-ResidualEvolver,97,1164,27.249449124996318,0.3515457064624684
0,ResDyNet-ResidualEvolver,98,1176,27.516813499998534,0.342424126698828
0,ResDyNet-ResidualEvolver,99,1188,27.785225500003435,0.31988073336361106
0,ResDyNet-ResidualEvolver,100,1200,28.053164084005402,0.314492587236044
0,ResDyNet-ResidualEvolver,101,1212,28.327209000010043,0.3280905291381356
0,ResDyNet-ResidualEvolver,102,1224,28.599465584004065,0.2961588407783269
0,ResDyNet-ResidualEvolver,103,1236,28.870370959019056,0.36040539642522124
0,ResDyNet-ResidualEvolver,104,1248,29.187575999996625,0.33151215681778595
0,ResDyNet-ResidualEvolver,105,1260,29.45660362500348,0.3902699467282032
0,ResDyNet-ResidualEvolver,106,1272,29.764011708990438,0.3741729418193798
0,ResDyNet-ResidualEvolver,107,1284,30.128820375015493,0.35539605588969664
0,ResDyNet-ResidualEvolver,108,1296,30.432358292018762,0.3320179377767033
0,ResDyNet-ResidualEvolver,109,1308,30.769993666996015,0.33113183028340404
0,ResDyNet-ResidualEvolver,110,1320,31.178689791995566,0.31119111762415347
0,ResDyNet-ResidualEvolver,111,1332,31.46870554200723,0.2967341166590702
0,ResDyNet-ResidualEvolver,112,1344,31.754560250003124,0.31193741459324226
0,ResDyNet-ResidualEvolver,113,1356,32.029227084014565,0.3205719919176189
0,ResDyNet-ResidualEvolver,114,1368,32.29959104201407,0.3233480799580715
0,ResDyNet-ResidualEvolver,115,1380,32.56739516701782,0.3321664220332626
0,ResDyNet-ResidualEvolver,116,1392,32.8338950840116,0.37450907606607475
0,ResDyNet-ResidualEvolver,117,1404,33.11626616699505,0.324117844808956
0,ResDyNet-ResidualEvolver,118,1416,33.3824045000074,0.2962268107418122
0,ResDyNet-ResidualEvolver,119,1428,33.65128266700776,0.30244371534811393
0,ResDyNet-ResidualEvolver,120,1440,33.92321979199187,0.3214505250969765
0,ResDyNet-ResidualEvolver,121,1452,34.19085954199545,0.35210755103576574
0,ResDyNet-ResidualEvolver,122,1464,34.46235745900776,0.32087124127381883
0,ResDyNet-ResidualEvolver,123,1476,34.73345195900765,0.351718716584003
0,ResDyNet-ResidualEvolver,124,1488,35.01216845901217,0.2871014925137265
0,ResDyNet-ResidualEvolver,125,1500,35.29362866701558,0.3034070920058915
0,ResDyNet-ResidualEvolver,126,1512,35.56040166699677,0.3325129697468837
0,ResDyNet-ResidualEvolver,127,1524,35.82629091700073,0.3418616916593274
0,ResDyNet-ResidualEvolver,128,1536,36.094555125018815,0.32465147889681845
0,ResDyNet-ResidualEvolver,129,1548,36.36057454199181,0.3174633670631893
0,ResDyNet-ResidualEvolver,130,1560,36.62652404201799,0.3056292564828707
0,ResDyNet-ResidualEvolver,131,1572,36.89262687499286,0.30654765530151434
0,ResDyNet-ResidualEvolver,132,1584,37.158419999992475,0.3172602814580122
0,ResDyNet-ResidualEvolver,133,1596,37.42585237501771,0.3079853856393222
0,ResDyNet-ResidualEvolver,134,1608,37.69379345900961,0.3316579458981514
0,ResDyNet-ResidualEvolver,135,1620,37.95878508401802,0.3281424565940653
0,ResDyNet-ResidualEvolver,136,1632,38.22723454199149,0.3273546475854304
0,ResDyNet-ResidualEvolver,137,1644,38.50006725001731,0.3019746054321117
0,ResDyNet-ResidualEvolver,138,1656,38.770834625000134,0.3280273503648733
0,ResDyNet-ResidualEvolver,139,1668,39.03793424999458,0.3316521705848553
0,ResDyNet-ResidualEvolver,140,1680,39.30423554201843,0.3699696588935132
0,ResDyNet-ResidualEvolver,141,1692,39.57083066701307,0.34873308181884144
0,ResDyNet-ResidualEvolver,142,1704,39.83640166700934,0.25419293619433253
0,ResDyNet-ResidualEvolver,143,1716,40.102938958996674,0.3110607684746909
0,ResDyNet-ResidualEvolver,144,1728,40.369099500006996,0.3423460717516373
0,ResDyNet-ResidualEvolver,145,1740,40.63485195901012,0.3227735761760715
0,ResDyNet-ResidualEvolver,146,1752,40.90187791700009,0.27349465915251486
0,ResDyNet-ResidualEvolver,147,1764,41.177972334000515,0.30477431689516027
0,ResDyNet-ResidualEvolver,148,1776,41.44596054201247,0.3085607149663096
0,ResDyNet-ResidualEvolver,149,1788,41.714122292003594,0.3046657633353282
0,ResDyNet-ResidualEvolver,150,1800,41.99171429200214,0.30402084879685215
0,ResDyNet-ResidualEvolver,151,1812,42.2608512089937,0.33307371983733636
0,ResDyNet-ResidualEvolver,152,1824,42.52952258399455,0.3105766114917164
0,ResDyNet-ResidualEvolver,153,1836,42.79770308401203,0.3358308022614743
0,ResDyNet-ResidualEvolver,154,1848,43.065918584004976,0.3379557405375837
0,ResDyNet-ResidualEvolver,155,1860,43.33378679200541,0.32212614311244875
0,ResDyNet-ResidualEvolver,156,1872,43.601758667005925,0.34075383752566935
0,ResDyNet-ResidualEvolver,157,1884,43.86921158400946,0.3030104429336668
0,ResDyNet-ResidualEvolver,158,1896,44.136889959016116,0.3507490398680334
0,ResDyNet-ResidualEvolver,159,1908,44.42733566701645,0.28523554782622423
0,ResDyNet-ResidualEvolver,160,1920,44.69905125000514,0.32035145872317194
0,ResDyNet-ResidualEvolver,161,1932,44.98192966700299,0.259701574508956
0,ResDyNet-ResidualEvolver,162,1944,45.24911816700478,0.27623550076159914
0,ResDyNet-ResidualEvolver,163,1956,45.51673775000381,0.3171336215408798
0,ResDyNet-ResidualEvolver,164,1968,45.78384908399312,0.25967187324073665
0,ResDyNet-ResidualEvolver,165,1980,46.051091041998006,0.285289527262013
0,ResDyNet-ResidualEvolver,166,1992,46.317916041996796,0.3202467320093824
0,ResDyNet-ResidualEvolver,167,2004,46.583978750015376,0.2996351176849899
0,ResDyNet-ResidualEvolver,168,2016,46.85176791701815,0.28209618711706475
0,ResDyNet-ResidualEvolver,169,2028,47.11697212501895,0.32071211770125746
0,ResDyNet-ResidualEvolver,170,2040,47.38228916699882,0.31958457309744914
0,ResDyNet-ResidualEvolver,171,2052,47.64772066700971,0.2720204665094681
0,ResDyNet-ResidualEvolver,172,2064,47.915481667005224,0.2925582844948139
0,ResDyNet-ResidualEvolver,173,2076,48.1832524590136,0.31134620034733923
0,ResDyNet-ResidualEvolver,174,2088,48.4522332920169,0.2913209063025345
0,ResDyNet-ResidualEvolver,175,2100,48.71956687499187,0.27270519800822135
0,ResDyNet-ResidualEvolver,176,2112,48.9851551669999,0.29666007910958025
0,ResDyNet-ResidualEvolver,177,2124,49.25019808401703,0.3346438314851064
0,ResDyNet-ResidualEvolver,178,2136,49.51594058400951,0.29283561301121563
0,ResDyNet-ResidualEvolver,179,2148,49.782142625015695,0.3405745058560474
0,ResDyNet-ResidualEvolver,180,2160,50.048360042012064,0.30451485440669906
0,ResDyNet-ResidualEvolver,181,2172,50.313559792004526,0.31509687547633214
0,ResDyNet-ResidualEvolver,182,2184,50.580132792005315,0.29974774815097777
0,ResDyNet-ResidualEvolver,183,2196,50.84668787501869,0.3334894832309209
0,ResDyNet-ResidualEvolver,184,2208,51.11256504201447,0.32553901847542055
0,ResDyNet-ResidualEvolver,185,2220,51.37960566699621,0.29203685683908526
0,ResDyNet-ResidualEvolver,186,2232,51.64773708401481,0.323963641591838
0,ResDyNet-ResidualEvolver,187,2244,51.915657709003426,0.3216725032377373
0,ResDyNet-ResidualEvolver,188,2256,52.182772125001065,0.3176310654475313
0,ResDyNet-ResidualEvolver,189,2268,52.44994637501077,0.29076622034499944
0,ResDyNet-ResidualEvolver,190,2280,52.717467584006954,0.2971111296574589
0,ResDyNet-ResidualEvolver,191,2292,52.98548795899842,0.3097000695311881
0,ResDyNet-ResidualEvolver,192,2304,53.25271141700796,0.3054245451350084
0,ResDyNet-ResidualEvolver,193,2316,53.5202830840135,0.2983977559814084
0,ResDyNet-ResidualEvolver,194,2328,53.787984833994415,0.3212634785573684
0,ResDyNet-ResidualEvolver,195,2340,54.055557709012646,0.29221204746100227
0,ResDyNet-ResidualEvolver,196,2352,54.32334270901629,0.30540649071634124
0,ResDyNet-ResidualEvolver,197,2364,54.59112008399097,0.32803140908587125
0,ResDyNet-ResidualEvolver,198,2376,54.85879054199904,0.298693411982108
0,ResDyNet-ResidualEvolver,199,2388,55.125762250012485,0.3087563144683979
0,ResDyNet-ResidualEvolver,200,2400,55.39317162500811,0.30618884544318964
0,ResDyNet-ResidualEvolver,201,2412,55.660399749991484,0.2868436662632884
0,ResDyNet-ResidualEvolver,202,2424,55.92752558400389,0.2709574654255342
0,ResDyNet-ResidualEvolver,203,2436,56.19385275000241,0.29853579133021346
0,ResDyNet-ResidualEvolver,204,2448,56.45928483401076,0.2892159391490041
0,ResDyNet-ResidualEvolver,205,2460,56.72402895899722,0.33193138630833624
0,ResDyNet-ResidualEvolver,206,2472,56.98945941700367,0.32646564073353973
0,ResDyNet-ResidualEvolver,207,2484,57.25580095901387,0.3054783772625638
0,ResDyNet-ResidualEvolver,208,2496,57.52355829201406,0.28486682417668086
0,ResDyNet-ResidualEvolver,209,2508,57.790970458998345,0.27642425078400273
0,ResDyNet-ResidualEvolver,210,2520,58.05835741700139,0.3465873368257349
0,ResDyNet-ResidualEvolver,211,2532,58.324378666991834,0.2727759430880974
0,ResDyNet-ResidualEvolver,212,2544,58.59052233400871,0.29906938049941617
0,ResDyNet-ResidualEvolver,213,2556,58.85645941700204,0.2873665964240084
0,ResDyNet-ResidualEvolver,214,2568,59.12144070901559,0.33023367049734276
0,ResDyNet-ResidualEvolver,215,2580,59.41065904201241,0.31180619134258647
0,ResDyNet-ResidualEvolver,216,2592,59.67835387500236,0.29814720730610184
0,ResDyNet-ResidualEvolver,217,2604,59.94579904200509,0.32124302910695646
0,ResDyNet-ResidualEvolver,218,2616,60.213060792011674,0.2801267396724731
0,ResDyNet-ResidualEvolver,219,2628,60.47941054200055,0.3102169877038983
0,ResDyNet-ResidualEvolver,220,2640,60.74697262499831,0.3239709772095882
0,ResDyNet-ResidualEvolver,221,2652,61.01290779199917,0.2866807547566059
0,ResDyNet-ResidualEvolver,222,2664,61.27800037499401,0.29025133847790563
0,ResDyNet-ResidualEvolver,223,2676,61.5431445419963,0.3063914758393052
0,ResDyNet-ResidualEvolver,224,2688,61.809682833991246,0.34253867206842376
0,ResDyNet-ResidualEvolver,225,2700,62.077753249992384,0.3658672213130642
0,ResDyNet-ResidualEvolver,226,2712,62.34697650000453,0.30628231593940386
0,ResDyNet-ResidualEvolver,227,2724,62.61405875001219,0.3065249241739751
0,ResDyNet-ResidualEvolver,228,2736,62.88240287499502,0.2859968020814698
0,ResDyNet-ResidualEvolver,229,2748,63.14895895900554,0.3146321535293825
0,ResDyNet-ResidualEvolver,230,2760,63.41460545899463,0.2839942700318015
0,ResDyNet-ResidualEvolver,231,2772,63.67975862501771,0.3343081345240396
0,ResDyNet-ResidualEvolver,232,2784,63.94690241699573,0.32691663216271083
0,ResDyNet-ResidualEvolver,233,2796,64.21468508400721,0.3011583478425256
0,ResDyNet-ResidualEvolver,234,2808,64.48313708399655,0.32369169604894243
0,ResDyNet-ResidualEvolver,235,2820,64.74838054200518,0.309785973589542
0,ResDyNet-ResidualEvolver,236,2832,65.01488054200308,0.316849636289393
0,ResDyNet-ResidualEvolver,237,2844,65.28317633399274,0.30495592631883356
0,ResDyNet-ResidualEvolver,238,2856,65.55046837500413,0.28925322913460083
0,ResDyNet-ResidualEvolver,239,2868,65.81798625001102,0.3218064164428406
0,ResDyNet-ResidualEvolver,240,2880,66.08556495900848,0.3153392409799114
0,ResDyNet-ResidualEvolver,241,2892,66.35187241699896,0.2983163654145841
0,ResDyNet-ResidualEvolver,242,2904,66.61924754199572,0.3171894576977041
0,ResDyNet-ResidualEvolver,243,2916,66.88678079200326,0.3133983630044096
0,ResDyNet-ResidualEvolver,244,2928,67.15356970901485,0.2872216489895617
0,ResDyNet-ResidualEvolver,245,2940,67.42114745901199,0.29226490611022626
0,ResDyNet-ResidualEvolver,246,2952,67.68891475000419,0.2969451445236982
0,ResDyNet-ResidualEvolver,247,2964,67.95562904200051,0.29508988116975154
0,ResDyNet-ResidualEvolver,248,2976,68.22120770899346,0.3038970472322652
0,ResDyNet-ResidualEvolver,249,2988,68.48830504200305,0.25347458663932754
0,ResDyNet-ResidualEvolver,250,3000,68.75622904201737,0.3209008823994792
0,ResDyNet-ResidualEvolver,251,3012,69.0204391250154,0.28730347141300044
0,ResDyNet-ResidualEvolver,252,3024,69.28527270900668,0.3030672919325724
0,ResDyNet-ResidualEvolver,253,3036,69.5500970419962,0.3275944027740081
0,ResDyNet-ResidualEvolver,254,3048,69.83067458399455,0.3300176824992334
0,ResDyNet-ResidualEvolver,255,3060,70.11469437499181,0.29082825960301745
0,ResDyNet-ResidualEvolver,256,3072,70.38913362499443,0.29587800446678597
0,ResDyNet-ResidualEvolver,257,3084,70.66102137501002,0.29226318330387485
0,ResDyNet-ResidualEvolver,258,3096,70.92747858399525,0.30798840925197707
0,ResDyNet-ResidualEvolver,259,3108,71.21216349999304,0.295128282044145
0,ResDyNet-ResidualEvolver,260,3120,71.47792562501854,0.3029028100135748
0,ResDyNet-ResidualEvolver,261,3132,71.74397804200999,0.3126282314508828
0,ResDyNet-ResidualEvolver,262,3144,72.0100727500103,0.3120542453057695
0,ResDyNet-ResidualEvolver,263,3156,72.27601508400403,0.3280598639209864
0,ResDyNet-ResidualEvolver,264,3168,72.54127195899491,0.32211054355129387
0,ResDyNet-ResidualEvolver,265,3180,72.80771166700288,0.32913405506721544
0,ResDyNet-ResidualEvolver,266,3192,73.07393629199942,0.2926526560526994
0,ResDyNet-ResidualEvolver,267,3204,73.33981108400621,0.3204107002268723
0,ResDyNet-ResidualEvolver,268,3216,73.60563387500588,0.2943667322923195
0,ResDyNet-ResidualEvolver,269,3228,73.8704434169922,0.30585924131967185
0,ResDyNet-ResidualEvolver,270,3240,74.1361513340089,0.31223689371977964
0,ResDyNet-ResidualEvolver,271,3252,74.40192295899033,0.3010416087468192
0,ResDyNet-ResidualEvolver,272,3264,74.66777062500478,0.3013378564971591
0,ResDyNet-ResidualEvolver,273,3276,74.93417162500555,0.2973787312329014
0,ResDyNet-ResidualEvolver,274,3288,75.19985029200325,0.29157318316867803
0,ResDyNet-ResidualEvolver,275,3300,75.46615287501481,0.28546531462188124
0,ResDyNet-ResidualEvolver,276,3312,75.731990166998,0.31015974142042535
0,ResDyNet-ResidualEvolver,277,3324,75.99741462501697,0.30727002443699447
0,ResDyNet-ResidualEvolver,278,3336,76.2627197499969,0.29360144782244085
0,ResDyNet-ResidualEvolver,279,3348,76.52814520901302,0.2946312402071152
0,ResDyNet-ResidualEvolver,280,3360,76.79309870899306,0.30796347434211474
0,ResDyNet-ResidualEvolver,281,3372,77.05874433400459,0.3066316802012117
0,ResDyNet-ResidualEvolver,282,3384,77.32527570900857,0.3043085378161078
0,ResDyNet-ResidualEvolver,283,3396,77.59057283401489,0.30300412906108715
0,ResDyNet-ResidualEvolver,284,3408,77.85565212499932,0.2906156654066493
0,ResDyNet-ResidualEvolver,285,3420,78.14356450000196,0.2873162512272813
0,ResDyNet-ResidualEvolver,286,3432,78.40909858400119,0.295947042063097
0,ResDyNet-ResidualEvolver,287,3444,78.67493574999389,0.29980376043409696
0,ResDyNet-ResidualEvolver,288,3456,78.93933420901885,0.3248410110736528
0,ResDyNet-ResidualEvolver,289,3468,79.20431804200052,0.3221012915068669
0,ResDyNet-ResidualEvolver,290,3480,79.46909058399615,0.30260156980192215
0,ResDyNet-ResidualEvolver,291,3492,79.73324791699997,0.3176932185445207
0,ResDyNet-ResidualEvolver,292,3504,79.99867412500316,0.2989387113048926
0,ResDyNet-ResidualEvolver,293,3516,80.26400104200002,0.30813755152609396
0,ResDyNet-ResidualEvolver,294,3528,80.53132891701534,0.28396378228760166
0,ResDyNet-ResidualEvolver,295,3540,80.79839250000077,0.30416843470942806
0,ResDyNet-ResidualEvolver,296,3552,81.0653568340058,0.28359445893504276
0,ResDyNet-ResidualEvolver,297,3564,81.33341541700065,0.3046738667571736
0,ResDyNet-ResidualEvolver,298,3576,81.60036283399677,0.3229221378302569
0,ResDyNet-ResidualEvolver,299,3588,81.86539641700801,0.3290248343235696
0,ResDyNet-ResidualEvolver,300,3600,82.13084841700038,0.3237885658082281
0,ResDyNet-MLPEvolver,0,0,0.0,0.5877139302058413
0,ResDyNet-MLPEvolver,1,12,0.16789099999004975,0.5531093991226173
0,ResDyNet-MLPEvolver,2,24,0.33486545900814235,0.5752157733623461
0,ResDyNet-MLPEvolver,3,36,0.5016387090145145,0.6803484876395817
0,ResDyNet-MLPEvolver,4,48,0.6684776250040159,0.4084238566953576
0,ResDyNet-MLPEvolver,5,60,0.8355836250120774,0.46531720691744205
0,ResDyNet-MLPEvolver,6,72,1.0016157499921974,0.4418179599063767
0,ResDyNet-MLPEvolver,7,84,1.1681257919990458,0.4237179739474314
0,ResDyNet-MLPEvolver,8,96,1.3344897920032963,0.40549843701705807
0,ResDyNet-MLPEvolver,9,108,1.5006428339984268,0.403005928059615
0,ResDyNet-MLPEvolver,10,120,1.6665977500088047,0.3956454989824431
0,ResDyNet-MLPEvolver,11,132,1.8325521250080783,0.44686152455844147
0,ResDyNet-MLPEvolver,12,144,1.9987374170159455,0.4032439901584913
0,ResDyNet-MLPEvolver,13,156,2.1653707920049783,0.4392302237619756
0,ResDyNet-MLPEvolver,14,168,2.3315107919916045,0.3825947875466886
0,ResDyNet-MLPEvolver,15,180,2.497514124988811,0.33789088639421566
0,ResDyNet-MLPEvolver,16,192,2.663807375007309,0.4142105363188655
0,ResDyNet-MLPEvolver,17,204,2.831430541991722,0.441710446041827
0,ResDyNet-MLPEvolver,18,216,2.9987303749949206,0.49722528408213046
0,ResDyNet-MLPEvolver,19,228,3.1660375419887714,0.38624300495213054
0,ResDyNet-MLPEvolver,20,240,3.3329097499954514,0.40593660922321134
0,ResDyNet-MLPEvolver,21,252,3.5000528749951627,0.37672234616967865
0,ResDyNet-MLPEvolver,22,264,3.6676018339931034,0.3963435719249432
0,ResDyNet-MLPEvolver,23,276,3.8350531249889173,0.3279148166617639
0,ResDyNet-MLPEvolver,24,288,4.001673624996329,0.3476704218727643
0,ResDyNet-MLPEvolver,25,300,4.168818000005558,0.3698836713123475
0,ResDyNet-MLPEvolver,26,312,4.336241542012431,0.37597114876939053
0,ResDyNet-MLPEvolver,27,324,4.503220624988899,0.3502999302656847
0,ResDyNet-MLPEvolver,28,336,4.670501666987548,0.39172881752742184
0,ResDyNet-MLPEvolver,29,348,4.8377400420140475,0.43011608423779907
0,ResDyNet-MLPEvolver,30,360,5.0045117500121705,0.36876091451539295
0,ResDyNet-MLPEvolver,31,372,5.171484916994814,0.37099490581875305
0,ResDyNet-MLPEvolver,32,384,5.338599292008439,0.3633567228006009
0,ResDyNet-MLPEvolver,33,396,5.505692917009583,0.3689538131367277
0,ResDyNet-MLPEvolver,34,408,5.6726476670010015,0.369957526859946
0,ResDyNet-MLPEvolver,35,420,5.839958583994303,0.3986095864571852
0,ResDyNet-MLPEvolver,36,432,6.006183209014125,0.37247873633490525
0,ResDyNet-MLPEvolver,37,444,6.172387500002515,0.35401049714219085
0,ResDyNet-MLPEvolver,38,456,6.338405834016157,0.33939718156151655
0,ResDyNet-MLPEvolver,39,468,6.504401542013511,0.3726377909553331
0,ResDyNet-MLPEvolver,40,480,6.670941708987812,0.33976113000131
0,ResDyNet-MLPEvolver,41,492,6.838230458990438,0.32000571506744613
0,ResDyNet-MLPEvolver,42,504,7.024754542013397,0.31007595303508256
0,ResDyNet-MLPEvolver,43,516,7.193986541999038,0.3831752538796381
0,ResDyNet-MLPEvolver,44,528,7.360510208993219,0.3451832474614863
0,ResDyNet-MLPEvolver,45,540,7.527274916996248,0.3527464600237656
0,ResDyNet-MLPEvolver,46,552,7.694140459003393,0.33127655449400756
0,ResDyNet-MLPEvolver,47,564,7.860850708995713,0.3399363244900686
0,ResDyNet-MLPEvolver,48,576,8.02725791701232,0.34032043431298387
0,ResDyNet-MLPEvolver,49,588,8.194387541996548,0.3544187519896717
0,ResDyNet-MLPEvolver,50,600,8.361274333990877,0.3355590294050275
0,ResDyNet-MLPEvolver,51,612,8.527580916997977,0.32571622744082035
0,ResDyNet-MLPEvolver,52,624,8.694405749993166,0.3044334652497365
0,ResDyNet-MLPEvolver,53,636,8.86075275001349,0.33013134969577845
0,ResDyNet-MLPEvolver,54,648,9.027621459012153,0.33451564710713266
0,ResDyNet-MLPEvolver,55,660,9.194126167014474,0.3486477058651382
0,ResDyNet-MLPEvolver,56,672,9.360698333999608,0.3330578322191698
0,ResDyNet-MLPEvolver,57,684,9.526648250001017,0.32990002954235126
0,ResDyNet-MLPEvolver,58,696,9.693247666989919,0.4157252715200699
0,ResDyNet-MLPEvolver,59,708,9.860786125005689,0.3324207784357877
0,ResDyNet-MLPEvolver,60,720,10.028116333996877,0.3263233950602824
0,ResDyNet-MLPEvolver,61,732,10.195014625001932,0.3561786074317719
0,ResDyNet-MLPEvolver,62,744,10.361921584000811,0.32710808689215304
0,ResDyNet-MLPEvolver,63,756,10.529280499991728,0.32759068970891125
0,ResDyNet-MLPEvolver,64,768,10.69617162499344,0.34772002040795963
0,ResDyNet-MLPEvolver,65,780,10.863873249996686,0.3034459740794064
0,ResDyNet-MLPEvolver,66,792,11.030649874999654,0.34013104468381655
0,ResDyNet-MLPEvolver,67,804,11.198171750002075,0.3228214003820076
0,ResDyNet-MLPEvolver,68,816,11.364943041990045,0.321334418223844
0,ResDyNet-MLPEvolver,69,828,11.53263295898796,0.28634022609779824
0,ResDyNet-MLPEvolver,70,840,11.69959904201096,0.3650475592877526
0,ResDyNet-MLPEvolver,71,852,11.867044125014218,0.3233800527677532
0,ResDyNet-MLPEvolver,72,864,12.034161874995334,0.379778661275859
0,ResDyNet-MLPEvolver,73,876,12.201472249988,0.33309286395664894
0,ResDyNet-MLPEvolver,74,888,12.368296959000872,0.30562574017644784
0,ResDyNet-MLPEvolver,75,900,12.534630917012691,0.3218005066394684
0,ResDyNet-MLPEvolver,76,912,12.701187708997168,0.3507542454790171
0,ResDyNet-MLPEvolver,77,924,12.868977250007447,0.31509380031693485
0,ResDyNet-MLPEvolver,78,936,13.03633791700122,0.2908002680569754
0,ResDyNet-MLPEvolver,79,948,13.203231583989691,0.33481046429466615
0,ResDyNet-MLPEvolver,80,960,13.37037987500662,0.30033017937673573
0,ResDyNet-MLPEvolver,81,972,13.540658874990186,0.33816414741462825
0,ResDyNet-MLPEvolver,82,984,13.707902041991474,0.3450605559915583
0,ResDyNet-MLPEvolver,83,996,13.875050125003327,0.33365009518453137
0,ResDyNet-MLPEvolver,84,1008,14.042433666996658,0.34269067417191684
0,ResDyNet-MLPEvolver,85,1020,14.212038124998799,0.2995637463252241
0,ResDyNet-MLPEvolver,86,1032,14.379220917006023,0.36084074076386613
0,ResDyNet-MLPEvolver,87,1044,14.54645429199445,0.32766395151869154
0,ResDyNet-MLPEvolver,88,1056,14.714150125015294,0.3329002730742052
0,ResDyNet-MLPEvolver,89,1068,14.88273474999005,0.35074673633100345
0,ResDyNet-MLPEvolver,90,1080,15.050644458999159,0.3299967491889426
0,ResDyNet-MLPEvolver,91,1092,15.21817700000247,0.3222799417294942
0,ResDyNet-MLPEvolver,92,1104,15.386778916988987,0.30471481486974594
0,ResDyNet-MLPEvolver,93,1116,15.553906000015559,0.313459946408024
0,ResDyNet-MLPEvolver,94,1128,15.720770000014454,0.30064837169696945
0,ResDyNet-MLPEvolver,95,1140,15.887503667006968,0.2902263966893059
0,ResDyNet-MLPEvolver,96,1152,16.05465637499583,0.33963347654260223
0,ResDyNet-MLPEvolver,97,1164,16.223043667007005,0.3059043965248744
0,ResDyNet-MLPEvolver,98,1176,16.39135454199277,0.31511496218872953
0,ResDyNet-MLPEvolver,99,1188,16.558415209001396,0.3747117199641156
0,ResDyNet-MLPEvolver,100,1200,16.725721041992074,0.3141467191278832
0,ResDyNet-MLPEvolver,101,1212,16.893605209013913,0.3511650960628994
0,ResDyNet-MLPEvolver,102,1224,17.06060262498795,0.32467303409971304
0,ResDyNet-MLPEvolver,103,1236,17.228225958999246,0.3222829024029308
0,ResDyNet-MLPEvolver,104,1248,17.39530408399878,0.3263953806312153
0,ResDyNet-MLPEvolver,105,1260,17.561996834003367,0.3157592522000461
0,ResDyNet-MLPEvolver,106,1272,17.72925841700635,0.3021346949243351
0,ResDyNet-MLPEvolver,107,1284,17.89587616699282,0.3386635456757179
0,ResDyNet-MLPEvolver,108,1296,18.06266587501159,0.32219520682343783
0,ResDyNet-MLPEvolver,109,1308,18.228809374995762,0.3158278468945
0,ResDyNet-MLPEvolver,110,1320,18.39542004201212,0.29618973194137715
0,ResDyNet-MLPEvolver,111,1332,18.561593124992214,0.31211837463471215
0,ResDyNet-MLPEvolver,112,1344,18.728763124992838,0.29413474914964355
0,ResDyNet-MLPEvolver,113,1356,18.895488709007623,0.32815171973601914
0,ResDyNet-MLPEvolver,114,1368,19.086901333997957,0.32409888648760243
0,ResDyNet-MLPEvolver,115,1380,19.254416959010996,0.32716253909504256
0,ResDyNet-MLPEvolver,116,1392,19.421298208995722,0.32943242836457
0,ResDyNet-MLPEvolver,117,1404,19.58747883400065,0.3281357021309847
0,ResDyNet-MLPEvolver,118,1416,19.75361354200868,0.3237882576709109
0,ResDyNet-MLPEvolver,119,1428,19.920126959012123,0.3162778636445696
0,ResDyNet-MLPEvolver,120,1440,20.085825709014898,0.30838990825469803
0,ResDyNet-MLPEvolver,121,1452,20.251464750006562,0.29528593550204874
0,ResDyNet-MLPEvolver,122,1464,20.4172107919876,0.29061179199268244
0,ResDyNet-MLPEvolver,123,1476,20.583591417002026,0.318523423391156
0,ResDyNet-MLPEvolver,124,1488,20.75045045898878,0.2811665262230226
0,ResDyNet-MLPEvolver,125,1500,20.91910891700536,0.34053515797415784
0,ResDyNet-MLPEvolver,126,1512,21.086256334005157,0.3224466383010669
0,ResDyNet-MLPEvolver,127,1524,21.25263783399714,0.3040115371095211
0,ResDyNet-MLPEvolver,128,1536,21.41844091701205,0.28968404645601775
0,ResDyNet-MLPEvolver,129,1548,21.584377458988456,0.3427546018111316
0,ResDyNet-MLPEvolver,130,1560,21.750276167003904,0.3005430800407003
0,ResDyNet-MLPEvolver,131,1572,21.91683779199957,0.3641457629679485
0,ResDyNet-MLPEvolver,132,1584,22.08387733399286,0.3167550964878625
0,ResDyNet-MLPEvolver,133,1596,22.2511746250093,0.3040943385855125
0,ResDyNet-MLPEvolver,134,1608,22.41819399999804,0.28200434173060457
0,ResDyNet-MLPEvolver,135,1620,22.585435167013202,0.30805254161668155
0,ResDyNet-MLPEvolver,136,1632,22.75239020900335,0.2967446195904377
0,ResDyNet-MLPEvolver,137,1644,22.91939100000309,0.3115304537444855
0,ResDyNet-MLPEvolver,138,1656,23.086500709003303,0.3026187192166101
0,ResDyNet-MLPEvolver,139,1668,23.25336466700537,0.307570178485917
0,ResDyNet-MLPEvolver,140,1680,23.42026241699932,0.3091546044560376
0,ResDyNet-MLPEvolver,141,1692,23.587094584014267,0.3106920456486535
0,ResDyNet-MLPEvolver,142,1704,23.75302516701049,0.3037518126065282
0,ResDyNet-MLPEvolver,143,1716,23.919370916992193,0.3354149198209623
0,ResDyNet-MLPEvolver,144,1728,24.08624516701093,0.29706910547966553
0,ResDyNet-MLPEvolver,145,1740,24.252730250009336,0.31629004125519966
0,ResDyNet-MLPEvolver,146,1752,24.418735749990446,0.29012895589009047
0,ResDyNet-MLPEvolver,147,1764,24.59331337499316,0.3265065138964155
0,ResDyNet-MLPEvolver,148,1776,24.760344584006816,0.3249348412516668
0,ResDyNet-MLPEvolver,149,1788,24.927159209008096,0.32760232273645296
0,ResDyNet-MLPEvolver,150,1800,25.094195999990916,0.3500902864311521
0,ResDyNet-MLPEvolver,151,1812,25.26072595900041,0.3164147903966389
0,ResDyNet-MLPEvolver,152,1824,25.427686959010316,0.3149986075640819
0,ResDyNet-MLPEvolver,153,1836,25.594336750014918,0.3205086907290748
0,ResDyNet-MLPEvolver,154,1848,25.760577542008832,0.30230419822680404
0,ResDyNet-MLPEvolver,155,1860,25.926700292009627,0.3112229159450183
0,ResDyNet-MLPEvolver,156,1872,26.09304149998934,0.3098798851962746
0,ResDyNet-MLPEvolver,157,1884,26.260175709001487,0.31300407966386157
0,ResDyNet-MLPEvolver,158,1896,26.426687416998902,0.31793980536611294
0,ResDyNet-MLPEvolver,159,1908,26.593023875000654,0.2997861668431677
0,ResDyNet-MLPEvolver,160,1920,26.759884917002637,0.3036841732024108
0,ResDyNet-MLPEvolver,161,1932,26.92629233401385,0.2984839487539993
0,ResDyNet-MLPEvolver,162,1944,27.093180208990816,0.2905108751772975
0,ResDyNet-MLPEvolver,163,1956,27.259672209009295,0.30071496797549657
0,ResDyNet-MLPEvolver,164,1968,27.426631292008096,0.2924886014862342
0,ResDyNet-MLPEvolver,165,1980,27.592893041990465,0.3225341205236197
0,ResDyNet-MLPEvolver,166,1992,27.759497041988652,0.3065585966685913
0,ResDyNet-MLPEvolver,167,2004,27.926154542015865,0.28960269038323305
0,ResDyNet-MLPEvolver,168,2016,28.092362124996725,0.30409022365715177
0,ResDyNet-MLPEvolver,169,2028,28.25886487500975,0.3067208285629108
0,ResDyNet-MLPEvolver,170,2040,28.425185583997518,0.3169190476796951
0,ResDyNet-MLPEvolver,171,2052,28.592029124993132,0.3051991317523701
0,ResDyNet-MLPEvolver,172,2064,28.758537000016076,0.28021834830537784
0,ResDyNet-MLPEvolver,173,2076,28.92476320901187,0.29240480466162144
0,ResDyNet-MLPEvolver,174,2088,29.09083070899942,0.2980399860578361
0,ResDyNet-MLPEvolver,175,2100,29.257358083996223,0.3026720159415841
0,ResDyNet-MLPEvolver,176,2112,29.42364108399488,0.34406755062205424
0,ResDyNet-MLPEvolver,177,2124,29.590040874987608,0.29298641245495916
0,ResDyNet-MLPEvolver,178,2136,29.75645854198956,0.3149771284887971
0,ResDyNet-MLPEvolver,179,2148,29.923245999991195,0.3140487276824571
0,ResDyNet-MLPEvolver,180,2160,30.089685250015464,0.28650504294287965
0,ResDyNet-MLPEvolver,181,2172,30.25656887498917,0.28539007771531144
0,ResDyNet-MLPEvolver,182,2184,30.422760084009496,0.283425895652801
0,ResDyNet-MLPEvolver,183,2196,30.58921045900206,0.29545496636555335
0,ResDyNet-MLPEvolver,184,2208,30.75569654200808,0.29312291116424943
0,ResDyNet-MLPEvolver,185,2220,30.92243104201043,0.3071358905501184
0,ResDyNet-MLPEvolver,186,2232,31.105455209006323,0.32858848994362155
0,ResDyNet-MLPEvolver,187,2244,31.27993499999866,0.3078156514919751
0,ResDyNet-MLPEvolver,188,2256,31.446349334000843,0.30085449460843555
0,ResDyNet-MLPEvolver,189,2268,31.612801000010222,0.27100067268491473
0,ResDyNet-MLPEvolver,190,2280,31.778623916994547,0.2925467243105263
0,ResDyNet-MLPEvolver,191,2292,31.944831000000704,0.29253326133801316
0,ResDyNet-MLPEvolver,192,2304,32.11090487500769,0.27949534544799864
0,ResDyNet-MLPEvolver,193,2316,32.27667300001485,0.3153500690248605
0,ResDyNet-MLPEvolver,194,2328,32.442811459011864,0.30289740925414516
0,ResDyNet-MLPEvolver,195,2340,32.60883570899023,0.2996615408647036
0,ResDyNet-MLPEvolver,196,2352,32.77483729200321,0.29965251326317155
0,ResDyNet-MLPEvolver,197,2364,32.94107591701322,0.28062130233875543
0,ResDyNet-MLPEvolver,198,2376,33.107271042012144,0.28361773004749186
0,ResDyNet-MLPEvolver,199,2388,33.27310112499981,0.30672190750230915
0,ResDyNet-MLPEvolver,200,2400,33.43903154198779,0.27927840141480337
0,ResDyNet-MLPEvolver,201,2412,33.605246209015604,0.31564408224578655
0,ResDyNet-MLPEvolver,202,2424,33.77112904199748,0.3014696612554466
0,ResDyNet-MLPEvolver,203,2436,33.937056833994575,0.2965428462394954
0,ResDyNet-MLPEvolver,204,2448,34.103209583990974,0.2842083937437742
0,ResDyNet-MLPEvolver,205,2460,34.26894224999705,0.2992386904281985
0,ResDyNet-MLPEvolver,206,2472,34.43501970899524,0.29244019658509607
0,ResDyNet-MLPEvolver,207,2484,34.6009307919885,0.27189018016522426
0,ResDyNet-MLPEvolver,208,2496,34.766637708991766,0.28547022613183703
0,ResDyNet-MLPEvolver,209,2508,34.93227170899627,0.31705348114201726
0,ResDyNet-MLPEvolver,210,2520,35.09784808399854,0.29618788845152494
0,ResDyNet-MLPEvolver,211,2532,35.26498308399459,0.2665905817206218
0,ResDyNet-MLPEvolver,212,2544,35.4322589590156,0.27578518864868723
0,ResDyNet-MLPEvolver,213,2556,35.5993459589954,0.27810655629490344
0,ResDyNet-MLPEvolver,214,2568,35.7662769590097,0.2954003904782285
0,ResDyNet-MLPEvolver,215,2580,35.933108041994274,0.28101964351553727
0,ResDyNet-MLPEvolver,216,2592,36.09971370900166,0.3062704390536645
0,ResDyNet-MLPEvolver,217,2604,36.26670199999353,0.29081859891541784
0,ResDyNet-MLPEvolver,218,2616,36.434054250014015,0.2973204964762089
0,ResDyNet-MLPEvolver,219,2628,36.60057766700629,0.2841855255579654
0,ResDyNet-MLPEvolver,220,2640,36.767503209004644,0.28284093265198873
0,ResDyNet-MLPEvolver,221,2652,36.934167750005145,0.2849454586763706
0,ResDyNet-MLPEvolver,222,2664,37.146377875003964,0.29112169383041414
0,ResDyNet-MLPEvolver,223,2676,37.36896062499727,0.27582215763386714
0,ResDyNet-MLPEvolver,224,2688,37.5460077500029,0.2888573468833236
0,ResDyNet-MLPEvolver,225,2700,37.73095487500541,0.28171141485829265
0,ResDyNet-MLPEvolver,226,2712,37.92762537501403,0.2766219748657457
0,ResDyNet-MLPEvolver,227,2724,38.11014783399878,0.2834591984421806
0,ResDyNet-MLPEvolver,228,2736,38.280808959010756,0.2684582692594659
0,ResDyNet-MLPEvolver,229,2748,38.45391245899373,0.2798637013326905
0,ResDyNet-MLPEvolver,230,2760,38.668628792016534,0.3107842454095055
0,ResDyNet-MLPEvolver,231,2772,38.84682466700906,0.2905001925695239
0,ResDyNet-MLPEvolver,232,2784,39.01940270900377,0.2873706521660025
0,ResDyNet-MLPEvolver,233,2796,39.188063500012504,0.308681346689166
0,ResDyNet-MLPEvolver,234,2808,39.35625345900189,0.2888044096586195
0,ResDyNet-MLPEvolver,235,2820,39.524393708998105,0.2858076181908004
0,ResDyNet-MLPEvolver,236,2832,39.692348625016166,0.2950462039819157
0,ResDyNet-MLPEvolver,237,2844,39.86028891699971,0.2947289805937984
0,ResDyNet-MLPEvolver,238,2856,40.02854299999308,0.28769601165590747
0,ResDyNet-MLPEvolver,239,2868,40.196437250007875,0.2941417629420441
0,ResDyNet-MLPEvolver,240,2880,40.364945042005274,0.2897192256482776
0,ResDyNet-MLPEvolver,241,2892,40.53317199999583,0.29284151126964997
0,ResDyNet-MLPEvolver,242,2904,40.70161616700352,0.29223664485556
0,ResDyNet-MLPEvolver,243,2916,40.869328834000044,0.28578658150849306
0,ResDyNet-MLPEvolver,244,2928,41.03722858399851,0.2984514764742773
0,ResDyNet-MLPEvolver,245,2940,41.20811520901043,0.2865486672371605
0,ResDyNet-MLPEvolver,246,2952,41.38949745899299,0.2807247119605008
0,ResDyNet-MLPEvolver,247,2964,41.55729016699479,0.28190660012108726
0,ResDyNet-MLPEvolver,248,2976,41.727526834001765,0.27925574773657985
0,ResDyNet-MLPEvolver,249,2988,41.89539791698917,0.2816777095372856
0,ResDyNet-MLPEvolver,250,3000,42.06272854199051,0.2805992807948994
0,ResDyNet-MLPEvolver,251,3012,42.230779459001496,0.28859404223687046
0,ResDyNet-MLPEvolver,252,3024,42.42126737500075,0.2909577528809315
0,ResDyNet-MLPEvolver,253,3036,42.60729679200449,0.2899472967056316
0,ResDyNet-MLPEvolver,254,3048,42.800502250000136,0.2719229844608056
0,ResDyNet-MLPEvolver,255,3060,42.98536658400553,0.30016385546455554
0,ResDyNet-MLPEvolver,256,3072,43.15926408400992,0.2966444896600081
0,ResDyNet-MLPEvolver,257,3084,43.32747175000259,0.28654740840539744
0,ResDyNet-MLPEvolver,258,3096,43.49588558400865,0.29175955714164487
0,ResDyNet-MLPEvolver,259,3108,43.67664954200154,0.2928343256933461
0,ResDyNet-MLPEvolver,260,3120,43.846499709005,0.2758579173986602
0,ResDyNet-MLPEvolver,261,3132,44.07381579201319,0.2854217580472535
0,ResDyNet-MLPEvolver,262,3144,44.53011979200528,0.2810983948473435
0,ResDyNet-MLPEvolver,263,3156,44.8918407500023,0.29379674549294504
0,ResDyNet-MLPEvolver,264,3168,45.07209562501521,0.29077921564386106
0,ResDyNet-MLPEvolver,265,3180,45.2477428340062,0.3069843960584524
0,ResDyNet-MLPEvolver,266,3192,45.41853579200688,0.3004460791803094
0,ResDyNet-MLPEvolver,267,3204,45.59210629199515,0.28532062113332046
0,ResDyNet-MLPEvolver,268,3216,45.76447912500589,0.27934153722548544
0,ResDyNet-MLPEvolver,269,3228,45.935585125000216,0.2743262792624771
0,ResDyNet-MLPEvolver,270,3240,46.107487959001446,0.2930977131383807
0,ResDyNet-MLPEvolver,271,3252,46.2809610000113,0.29207906997425964
0,ResDyNet-MLPEvolver,272,3264,46.45893516700016,0.2700618072377922
0,ResDyNet-MLPEvolver,273,3276,46.634787084010895,0.3069650546567067
0,ResDyNet-MLPEvolver,274,3288,46.80857795898919,0.2922007944237487
0,ResDyNet-MLPEvolver,275,3300,46.97966987499967,0.26163772429618637
0,ResDyNet-MLPEvolver,276,3312,47.151404709002236,0.28576263690011305
0,ResDyNet-MLPEvolver,277,3324,47.32312791701406,0.2780776375946652
0,ResDyNet-MLPEvolver,278,3336,47.516464542015456,0.2806163494279356
0,ResDyNet-MLPEvolver,279,3348,47.722639209008776,0.2793384197775533
0,ResDyNet-MLPEvolver,280,3360,47.92156300001079,0.2772617824523815
0,ResDyNet-MLPEvolver,281,3372,48.10953700001119,0.27855894131455805
0,ResDyNet-MLPEvolver,282,3384,48.30042862499249,0.30225863128965996
0,ResDyNet-MLPEvolver,283,3396,48.48682658400503,0.29001429627883246
0,ResDyNet-MLPEvolver,284,3408,48.67916116700508,0.2778540983728083
0,ResDyNet-MLPEvolver,285,3420,48.894249125005445,0.27721424645710124
0,ResDyNet-MLPEvolver,286,3432,49.074144584010355,0.27760310689337436
0,ResDyNet-MLPEvolver,287,3444,49.25976808401174,0.28323747966882457
0,ResDyNet-MLPEvolver,288,3456,49.452088666992495,0.2895014188728337
0,ResDyNet-MLPEvolver,289,3468,49.64392208401114,0.27099324149390136
0,ResDyNet-MLPEvolver,290,3480,49.833022334001726,0.28405918059574403
0,ResDyNet-MLPEvolver,291,3492,50.02053212499595,0.27324471019685637
0,ResDyNet-MLPEvolver,292,3504,50.20384616701631,0.2874210883061875
0,ResDyNet-MLPEvolver,293,3516,50.39027483400423,0.28837873413466725
0,ResDyNet-MLPEvolver,294,3528,50.573960084002465,0.28687846403364925
0,ResDyNet-MLPEvolver,295,3540,50.76073095900938,0.2866777163862908
0,ResDyNet-MLPEvolver,296,3552,50.94761158400797,0.29066220653495206
0,ResDyNet-MLPEvolver,297,3564,51.12823479200597,0.29568505035060605
0,ResDyNet-MLPEvolver,298,3576,51.31602762499824,0.2784683594329083
0,ResDyNet-MLPEvolver,299,3588,51.50096054200549,0.2739746456396758
0,ResDyNet-MLPEvolver,300,3600,51.690096459002234,0.28374812336967264
1,ResDyNet-ResidualEvolver,0,0,0.0,0.5877139302058413
1,ResDyNet-ResidualEvolver,1,12,0.2901280840160325,0.6340974167775469
1,ResDyNet-ResidualEvolver,2,24,0.5880641670082696,0.39369768407336814
1,ResDyNet-ResidualEvolver,3,36,0.8820555419952143,0.3582740467655975
1,ResDyNet-ResidualEvolver,4,48,1.1788536249950994,0.3544577387080062
1,ResDyNet-ResidualEvolver,5,60,1.475623500009533,0.3165580452231386
1,ResDyNet-ResidualEvolver,6,72,1.7733257919899188,0.28201214406828434
1,ResDyNet-ResidualEvolver,7,84,2.0614692920062225,0.26991697956937094
1,ResDyNet-ResidualEvolver,8,96,2.3475689589977264,0.3562726581004272
1,ResDyNet-ResidualEvolver,9,108,2.6248150420142338,0.38726571377284785
1,ResDyNet-ResidualEvolver,10,120,2.895560375007335,0.35168694832837955
1,ResDyNet-ResidualEvolver,11,132,3.165168667008402,0.38219273616322164
1,ResDyNet-ResidualEvolver,12,144,3.435886583989486,0.38944569987223093
1,ResDyNet-ResidualEvolver,13,156,3.7154353340156376,0.2859414224572763
1,ResDyNet-ResidualEvolver,14,168,4.00778320900281,0.29089240065585675
1,ResDyNet-ResidualEvolver,15,180,4.298113249999005,0.30626604762994464
1,ResDyNet-ResidualEvolver,16,192,4.59768454200821,0.4042686644326007
1,ResDyNet-ResidualEvolver,17,204,4.884000459016534,0.3188592917388571
1,ResDyNet-ResidualEvolver,18,216,5.200712541991379,0.3105689594344864
1,ResDyNet-ResidualEvolver,19,228,5.489470166998217,0.2540230343797038
1,ResDyNet-ResidualEvolver,20,240,5.766127750015585,0.33111749587728745
1,ResDyNet-ResidualEvolver,21,252,6.049124999990454,0.28605693721895203
1,ResDyNet-ResidualEvolver,22,264,6.327852834016085,0.2888898829639683
1,ResDyNet-ResidualEvolver,23,276,6.627303334011231,0.3041714231328744
1,ResDyNet-ResidualEvolver,24,288,6.897272333997535,0.28069840714829636
1,ResDyNet-ResidualEvolver,25,300,7.165709791996051,0.35153664151763697
1,ResDyNet-ResidualEvolver,26,312,7.432501333998516,0.29016627721549015
1,ResDyNet-ResidualEvolver,27,324,7.702148250013124,0.3254433476477342
1,ResDyNet-ResidualEvolver,28,336,7.969523334002588,0.2796354057723803
1,ResDyNet-ResidualEvolver,29,348,8.234071125014452,0.3125933933267479
1,ResDyNet-ResidualEvolver,30,360,8.498646749998443,0.2842963975883091
1,ResDyNet-ResidualEvolver,31,372,8.763144166994607,0.254985290846073
1,ResDyNet-ResidualEvolver,32,384,9.029632374993525,0.2659050707762238
1,ResDyNet-ResidualEvolver,33,396,9.295372249995125,0.25838080038592587
1,ResDyNet-ResidualEvolver,34,408,9.560638458991889,0.26915873105473626
1,ResDyNet-ResidualEvolver,35,420,9.825504584005103,0.24898186892924468
1,ResDyNet-ResidualEvolver,36,432,10.091066458990099,0.3147185953340717
1,ResDyNet-ResidualEvolver,37,444,10.356361624988494,0.22277035185109004
1,ResDyNet-ResidualEvolver,38,456,10.621596209006384,0.26581583805241227
1,ResDyNet-ResidualEvolver,39,468,10.888409084000159,0.2356715549872604
1,ResDyNet-ResidualEvolver,40,480,11.152486334001878,0.2632952402727586
1,ResDyNet-ResidualEvolver,41,492,11.417972291994374,0.23657355463129737
1,ResDyNet-ResidualEvolver,42,504,11.682532167003956,0.29673515378584475
1,ResDyNet-ResidualEvolver,43,516,11.947635167016415,0.2745700245690513
1,ResDyNet-ResidualEvolver,44,528,12.21203241701005,0.24380542758282311
1,ResDyNet-ResidualEvolver,45,540,12.4767644169915,0.24892568169513435
1,ResDyNet-ResidualEvolver,46,552,12.74120420901454,0.23870795001837505
1,ResDyNet-ResidualEvolver,47,564,13.005682209011866,0.2669198771924991
1,ResDyNet-ResidualEvolver,48,576,13.296204042009776,0.23310258290289604
1,ResDyNet-ResidualEvolver,49,588,13.561030167009449,0.2901526646513431
1,ResDyNet-ResidualEvolver,50,600,13.847644333989592,0.3006795022372499
1,ResDyNet-ResidualEvolver,51,612,14.113096834014868,0.27471318915042015
1,ResDyNet-ResidualEvolver,52,624,14.378984792012488,0.2615378603759215
1,ResDyNet-ResidualEvolver,53,636,14.64421866700286,0.2319224494297011
1,ResDyNet-ResidualEvolver,54,648,14.909963167010574,0.2540326598061128
1,ResDyNet-ResidualEvolver,55,660,15.175612583989277,0.20524944515519256
1,ResDyNet-ResidualEvolver,56,672,15.441461125010392,0.19648783085290136
1,ResDyNet-ResidualEvolver,57,684,15.706973084015772,0.23394225258047244
1,ResDyNet-ResidualEvolver,58,696,15.972088459006045,0.2710953233462192
1,ResDyNet-ResidualEvolver,59,708,16.23655770899495,0.19541029261683288
1,ResDyNet-ResidualEvolver,60,720,16.502236041997094,0.23447692224068437
1,ResDyNet-ResidualEvolver,61,732,16.76793370899395,0.29319221502642184
1,ResDyNet-ResidualEvolver,62,744,17.034559334017104,0.2702417839746254
1,ResDyNet-ResidualEvolver,63,756,17.302494792005746,0.2539407914590824
1,ResDyNet-ResidualEvolver,64,768,17.567990625015227,0.29667466330478176
1,ResDyNet-ResidualEvolver,65,780,17.835114417015575,0.18216555241089907
1,ResDyNet-ResidualEvolver,66,792,18.101641292014392,0.24440913016856294
1,ResDyNet-ResidualEvolver,67,804,18.367422999988776,0.20236455848124954
1,ResDyNet-ResidualEvolver,68,816,18.63300795899704,0.26677586894434163
1,ResDyNet-ResidualEvolver,69,828,18.8988616669958,0.24457270593430827
1,ResDyNet-ResidualEvolver,70,840,19.164506708999397,0.22918354834172722
1,ResDyNet-ResidualEvolver,71,852,19.43020175001584,0.2537622219997145
1,ResDyNet-ResidualEvolver,72,864,19.6964131249988,0.2475959662190992
1,ResDyNet-ResidualEvolver,73,876,19.961814000009326,0.25328352467025855
1,ResDyNet-ResidualEvolver,74,888,20.226988125010394,0.23565001159206236
1,ResDyNet-ResidualEvolver,75,900,20.492308834014693,0.2535552097980258
1,ResDyNet-ResidualEvolver,76,912,20.757904291996965,0.23109233343467006
1,ResDyNet-ResidualEvolver,77,924,21.024664666998433,0.2557467518498964
1,ResDyNet-ResidualEvolver,78,936,21.290735584014328,0.2240995240272135
1,ResDyNet-ResidualEvolver,79,948,21.556085124990204,0.20902510516660208
1,ResDyNet-ResidualEvolver,80,960,21.824236999993445,0.22638314881773353
1,ResDyNet-ResidualEvolver,81,972,22.089006374997552,0.21583171270160256
1,ResDyNet-ResidualEvolver,82,984,22.35455279200687,0.20659250177848723
1,ResDyNet-ResidualEvolver,83,996,22.61912650000886,0.2546224404535101
1,ResDyNet-ResidualEvolver,84,1008,22.88449016699451,0.2160342901756658
1,ResDyNet-ResidualEvolver,85,1020,23.149533541989513,0.200031897155295
1,ResDyNet-ResidualEvolver,86,1032,23.414693291997537,0.21519207071996824
1,ResDyNet-ResidualEvolver,87,1044,23.679049625003245,0.1984610924457057
1,ResDyNet-ResidualEvolver,88,1056,23.94472249998944,0.2298361143032882
1,ResDyNet-ResidualEvolver,89,1068,24.210403792007128,0.20114232403071705
1,ResDyNet-ResidualEvolver,90,1080,24.475074666988803,0.23073955264947552
1,ResDyNet-ResidualEvolver,91,1092,24.739840624999488,0.22777462267384008
1,ResDyNet-ResidualEvolver,92,1104,25.005070834013168,0.22567666312180903
1,ResDyNet-ResidualEvolver,93,1116,25.27071874999092,0.23371117526623295
1,ResDyNet-ResidualEvolver,94,1128,25.53567962499801,0.2146083458584507
1,ResDyNet-ResidualEvolver,95,1140,25.8059179999982,0.22063035067825276
1,ResDyNet-ResidualEvolver,96,1152,26.070577334001428,0.21713302397677411
1,ResDyNet-ResidualEvolver,97,1164,26.33637745899614,0.2219000312671335
1,ResDyNet-ResidualEvolver,98,1176,26.601783084013732,0.2129821760830897
1,ResDyNet-ResidualEvolver,99,1188,26.866012542013777,0.21153523832852703
1,ResDyNet-ResidualEvolver,100,1200,27.130448999989312,0.21374346732097735
1,ResDyNet-ResidualEvolver,101,1212,27.394679416989675,0.20690648660994956
1,ResDyNet-ResidualEvolver,102,1224,27.658797250012867,0.20817091322169168
1,ResDyNet-ResidualEvolver,103,1236,27.922967749997042,0.20510825056346688
1,ResDyNet-ResidualEvolver,104,1248,28.18928879199666,0.22073319916675346
1,ResDyNet-ResidualEvolver,105,1260,28.45379683401552,0.21715574757755132
1,ResDyNet-ResidualEvolver,106,1272,28.722856917011086,0.2176721741052391
1,ResDyNet-ResidualEvolver,107,1284,28.988539792015217,0.23060654685003487
1,ResDyNet-ResidualEvolver,108,1296,29.252731292013777,0.20432210004049595
1,ResDyNet-ResidualEvolver,109,1308,29.519348834000994,0.2647585702985476
1,ResDyNet-ResidualEvolver,110,1320,29.786195541993948,0.2197799239023936
1,ResDyNet-ResidualEvolver,111,1332,30.05054412499885,0.19628932227446433
1,ResDyNet-ResidualEvolver,112,1344,30.31632912499481,0.22111455465286955
1,ResDyNet-ResidualEvolver,113,1356,30.58142287499504,0.246343235605624
1,ResDyNet-ResidualEvolver,114,1368,30.848313958995277,0.2462226003002292
1,ResDyNet-ResidualEvolver,115,1380,31.11496387500665,0.23280293092926024
1,ResDyNet-ResidualEvolver,116,1392,31.381683499988867,0.2392294659259564
1,ResDyNet-ResidualEvolver,117,1404,31.646113791997777,0.22736695519127215
1,ResDyNet-ResidualEvolver,118,1416,31.911505791998934,0.22062511684185954
1,ResDyNet-ResidualEvolver,119,1428,32.175889459002065,0.22170410353471473
1,ResDyNet-ResidualEvolver,120,1440,32.441750958998455,0.2103444415210362
1,ResDyNet-ResidualEvolver,121,1452,32.70718762499746,0.2321002400757239
1,ResDyNet-ResidualEvolver,122,1464,32.97506720901583,0.213674159534716
1,ResDyNet-ResidualEvolver,123,1476,33.24117983400356,0.21453063929399954
1,ResDyNet-ResidualEvolver,124,1488,33.5060590840003,0.2101889920234795
1,ResDyNet-ResidualEvolver,125,1500,33.770773875003215,0.24250580668915975
1,ResDyNet-ResidualEvolver,126,1512,34.03473470901372,0.22522364370347087
1,ResDyNet-ResidualEvolver,127,1524,34.299903250008356,0.2211655023372463
1,ResDyNet-ResidualEvolver,128,1536,34.56536666699685,0.2174872111703546
1,ResDyNet-ResidualEvolver,129,1548,34.83039595899754,0.21342741464433906
1,ResDyNet-ResidualEvolver,130,1560,35.095135167008266,0.2288461291137111
1,ResDyNet-ResidualEvolver,131,1572,35.36055800001486,0.2079331576036958
1,ResDyNet-ResidualEvolver,132,1584,35.62502829200821,0.2131492620786923
1,ResDyNet-ResidualEvolver,133,1596,35.890305125009036,0.21661436037573914
1,ResDyNet-ResidualEvolver,134,1608,36.15507662500022,0.20373460259419077
1,ResDyNet-ResidualEvolver,135,1620,36.420061667013215,0.23635585490618682
1,ResDyNet-ResidualEvolver,136,1632,36.68464441699325,0.23274557495660664
1,ResDyNet-ResidualEvolver,137,1644,36.94967958400957,0.2259034849359911
1,ResDyNet-ResidualEvolver,138,1656,37.21388037499855,0.21514431384756846
1,ResDyNet-ResidualEvolver,139,1668,37.47858387499582,0.2271542324265337
1,ResDyNet-ResidualEvolver,140,1680,37.74296983401291,0.22095945119599103
1,ResDyNet-ResidualEvolver,141,1692,38.00777704198845,0.22650352176190755
1,ResDyNet-ResidualEvolver,142,1704,38.272585833998164,0.23228787667695355
1,ResDyNet-ResidualEvolver,143,1716,38.53700058400864,0.2527825085791821
1,ResDyNet-ResidualEvolver,144,1728,38.801533833990106,0.22271516402463837
1,ResDyNet-ResidualEvolver,145,1740,39.068305666995,0.24479815629122287
1,ResDyNet-ResidualEvolver,146,1752,39.334889124991605,0.253324240825486
1,ResDyNet-ResidualEvolver,147,1764,39.598979625006905,0.22737162308828676
1,ResDyNet-ResidualEvolver,148,1776,39.86462504201336,0.24104799233321916
1,ResDyNet-ResidualEvolver,149,1788,40.13023675000295,0.2299280103845761
1,ResDyNet-ResidualEvolver,150,1800,40.395180541992886,0.25042993703848865
1,ResDyNet-ResidualEvolver,151,1812,40.660088375007035,0.2346588807820347
1,ResDyNet-ResidualEvolver,152,1824,40.92568904199288,0.25156592245578435
1,ResDyNet-ResidualEvolver,153,1836,41.190880084002856,0.23529750450656536
1,ResDyNet-ResidualEvolver,154,1848,41.45618466701126,0.2745627672020054
1,ResDyNet-ResidualEvolver,155,1860,41.72144633400603,0.2330040054800893
1,ResDyNet-ResidualEvolver,156,1872,41.985488959006034,0.21204212584087662
1,ResDyNet-ResidualEvolver,157,1884,42.25066937500378,0.22871144280507338
1,ResDyNet-ResidualEvolver,158,1896,42.51550204199157,0.20479583371900742
1,ResDyNet-ResidualEvolver,159,1908,42.78338729200186,0.2557924987469175
1,ResDyNet-ResidualEvolver,160,1920,43.04868362500565,0.26219881339143625
1,ResDyNet-ResidualEvolver,161,1932,43.3141900000046,0.2295392554979468
1,ResDyNet-ResidualEvolver,162,1944,43.58081995899556,0.20683588920751664
1,ResDyNet-ResidualEvolver,163,1956,43.84461441700114,0.23195021681303366
1,ResDyNet-ResidualEvolver,164,1968,44.10827879200224,0.22329036996779625
1,ResDyNet-ResidualEvolver,165,1980,44.37217679200694,0.24631377068441923
1,ResDyNet-ResidualEvolver,166,1992,44.636295417003566,0.21988785180966983
1,ResDyNet-ResidualEvolver,167,2004,44.9017432089895,0.2613182315113364
1,ResDyNet-ResidualEvolver,168,2016,45.16643599999952,0.24578071825016135
1,ResDyNet-ResidualEvolver,169,2028,45.43151708401274,0.2468681797513538
1,ResDyNet-ResidualEvolver,170,2040,45.69554629200138,0.23337974783864238
1,ResDyNet-ResidualEvolver,171,2052,45.96042037499137,0.2577539109482531
1,ResDyNet-ResidualEvolver,172,2064,46.22547904201201,0.23457526157094966
1,ResDyNet-ResidualEvolver,173,2076,46.49027362500783,0.24268577250401352
1,ResDyNet-ResidualEvolver,174,2088,46.7579938750132,0.2720889046779952
1,ResDyNet-ResidualEvolver,175,2100,47.0222679169965,0.23336791451966543
1,ResDyNet-ResidualEvolver,176,2112,47.28705275000539,0.25751742894970137
1,ResDyNet-ResidualEvolver,177,2124,47.55268912500469,0.23878731707577094
1,ResDyNet-ResidualEvolver,178,2136,47.817456416989444,0.26026655146224387
1,ResDyNet-ResidualEvolver,179,2148,48.08313633399666,0.2480568621051354
1,ResDyNet-ResidualEvolver,180,2160,48.347420125006465,0.26149757913768373
1,ResDyNet-ResidualEvolver,181,2172,48.61151970899664,0.2523965847177619
1,ResDyNet-ResidualEvolver,182,2184,48.8766524590028,0.24256942320520827
1,ResDyNet-ResidualEvolver,183,2196,49.14165745899663,0.2535559083596545
1,ResDyNet-ResidualEvolver,184,2208,49.4061389999988,0.24259973658291512
1,ResDyNet-ResidualEvolver,185,2220,49.670486541988794,0.24171093241049135
1,ResDyNet-ResidualEvolver,186,2232,49.935334667010466,0.23702222887928318
1,ResDyNet-ResidualEvolver,187,2244,50.199350417009555,0.2540737044444422
1,ResDyNet-ResidualEvolver,188,2256,50.46405212499667,0.24903482704588878
1,ResDyNet-ResidualEvolver,189,2268,50.72845566700562,0.24082337912016233
1,ResDyNet-ResidualEvolver,190,2280,50.992778542015,0.2502641715912131
1,ResDyNet-ResidualEvolver,191,2292,51.25758475001203,0.22294119011024313
1,ResDyNet-ResidualEvolver,192,2304,51.52169004199095,0.2543408133339836
1,ResDyNet-ResidualEvolver,193,2316,51.786127792001935,0.2414118198031475
1,ResDyNet-ResidualEvolver,194,2328,52.050087917014025,0.26283781712458343
1,ResDyNet-ResidualEvolver,195,2340,52.31514283400611,0.25908062348679883
1,ResDyNet-ResidualEvolver,196,2352,52.579388624988496,0.25225444952993537
1,ResDyNet-ResidualEvolver,197,2364,52.8442648340133,0.25542379165667867
1,ResDyNet-ResidualEvolver,198,2376,53.108731125015765,0.24627523124461317
1,ResDyNet-ResidualEvolver,199,2388,53.37439599999925,0.2527676837335287
1,ResDyNet-ResidualEvolver,200,2400,53.63857595899026,0.25376566789091204
1,ResDyNet-ResidualEvolver,201,2412,53.90326616700622,0.25327216538441794
1,ResDyNet-ResidualEvolver,202,2424,54.167835000000196,0.2619998266949397
1,ResDyNet-ResidualEvolver,203,2436,54.4323907920043,0.2535726791591691
1,ResDyNet-ResidualEvolver,204,2448,54.69682599999942,0.2624085873028514
1,ResDyNet-ResidualEvolver,205,2460,54.966613083990524,0.26525318121513425
1,ResDyNet-ResidualEvolver,206,2472,55.23183595901355,0.28249839196953114
1,ResDyNet-ResidualEvolver,207,2484,55.49831591700786,0.2937091671977967
1,ResDyNet-ResidualEvolver,208,2496,55.76569820899749,0.27778026568956915
1,ResDyNet-ResidualEvolver,209,2508,56.030360417003976,0.26396904632426915
1,ResDyNet-ResidualEvolver,210,2520,56.29462529200828,0.29558442180070715
1,ResDyNet-ResidualEvolver,211,2532,56.55840937499306,0.25379269350830325
1,ResDyNet-ResidualEvolver,212,2544,56.82302508401335,0.2571790676669168
1,ResDyNet-ResidualEvolver,213,2556,57.08619520900538,0.2639831089158997
1,ResDyNet-ResidualEvolver,214,2568,57.35099716699915,0.25747997720680876
1,ResDyNet-ResidualEvolver,215,2580,57.61525075000827,0.25815872207900187
1,ResDyNet-ResidualEvolver,216,2592,57.87955325000803,0.2606860012664734
1,ResDyNet-ResidualEvolver,217,2604,58.142973209003685,0.2619574812946417
1,ResDyNet-ResidualEvolver,218,2616,58.408312375016976,0.25503938700970086
1,ResDyNet-ResidualEvolver,219,2628,58.673294000007445,0.2631394899775184
1,ResDyNet-ResidualEvolver,220,2640,58.93761066699517,0.26843129203357374
1,ResDyNet-ResidualEvolver,221,2652,59.205461000005016,0.26583562123047505
1,ResDyNet-ResidualEvolver,222,2664,59.471176499995636,0.27236567709374215
1,ResDyNet-ResidualEvolver,223,2676,59.73634529201081,0.266620544907148
1,ResDyNet-ResidualEvolver,224,2688,60.00284833399928,0.2658403861568982
1,ResDyNet-ResidualEvolver,225,2700,60.26706570899114,0.2616531803662228
1,ResDyNet-ResidualEvolver,226,2712,60.531757666991325,0.26787865821947565
1,ResDyNet-ResidualEvolver,227,2724,60.798600417008856,0.2594130438582205
1,ResDyNet-ResidualEvolver,228,2736,61.06323633401189,0.2711808128192984
1,ResDyNet-ResidualEvolver,229,2748,61.326841667003464,0.27318304780270364
1,ResDyNet-ResidualEvolver,230,2760,61.59336566700949,0.26924854682029065
1,ResDyNet-ResidualEvolver,231,2772,61.85811629201635,0.25954963007700654
1,ResDyNet-ResidualEvolver,232,2784,62.12204037499032,0.2807119592321379
1,ResDyNet-ResidualEvolver,233,2796,62.38698837501579,0.26359647653930807
1,ResDyNet-ResidualEvolver,234,2808,62.65075270901434,0.27377539138038726
1,ResDyNet-ResidualEvolver,235,2820,62.914215500000864,0.2661308768989558
1,ResDyNet-ResidualEvolver,236,2832,63.18330483400496,0.2801403977507213
1,ResDyNet-ResidualEvolver,237,2844,63.44936879200395,0.26477416297111595
1,ResDyNet-ResidualEvolver,238,2856,63.714512167003704,0.25429119325387073
1,ResDyNet-ResidualEvolver,239,2868,63.97988412500126,0.27047084341317984
1,ResDyNet-ResidualEvolver,240,2880,64.24561700000777,0.27074618026940117
1,ResDyNet-ResidualEvolver,241,2892,64.51073716700193,0.2724408691736096
1,ResDyNet-ResidualEvolver,242,2904,64.7760576250148,0.2627066062177144
1,ResDyNet-ResidualEvolver,243,2916,65.04179925000062,0.23854917091006445
1,ResDyNet-ResidualEvolver,244,2928,65.30970420900849,0.23416937672198607
1,ResDyNet-ResidualEvolver,245,2940,65.5770315839909,0.26153146363653057
1,ResDyNet-ResidualEvolver,246,2952,65.84303129199543,0.2597344642446049
1,ResDyNet-ResidualEvolver,247,2964,66.10842312499881,0.25043342095480536
1,ResDyNet-ResidualEvolver,248,2976,66.37478529199143,0.27180194212015896
1,ResDyNet-ResidualEvolver,249,2988,66.64105233401642,0.2532564677193798
1,ResDyNet-ResidualEvolver,250,3000,66.90845620899927,0.2763409216011195
1,ResDyNet-ResidualEvolver,251,3012,67.17416087500169,0.286184108333952
1,ResDyNet-ResidualEvolver,252,3024,67.43940216701594,0.25087547413553235
1,ResDyNet-ResidualEvolver,253,3036,67.70476191700436,0.25815778799741973
1,ResDyNet-ResidualEvolver,254,3048,67.97009545899346,0.2920332661070313
1,ResDyNet-ResidualEvolver,255,3060,68.23627799999667,0.30242601914571343
1,ResDyNet-ResidualEvolver,256,3072,68.50111116698827,0.27804817940263993
1,ResDyNet-ResidualEvolver,257,3084,68.7649608339998,0.2692535199041585
1,ResDyNet-ResidualEvolver,258,3096,69.03090962499846,0.31096720946653866
1,ResDyNet-ResidualEvolver,259,3108,69.29605758399703,0.29180114774713667
1,ResDyNet-ResidualEvolver,260,3120,69.56140904201311,0.2592702652936893
1,ResDyNet-ResidualEvolver,261,3132,69.82729070901405,0.29456917193986404
1,ResDyNet-ResidualEvolver,262,3144,70.09331179200672,0.27341039255226296
1,ResDyNet-ResidualEvolver,263,3156,70.35872499999823,0.2843789579096399
1,ResDyNet-ResidualEvolver,264,3168,70.62392066701432,0.2823679487729429
1,ResDyNet-ResidualEvolver,265,3180,70.88946562499041,0.2670224411091619
1,ResDyNet-ResidualEvolver,266,3192,71.15506275001098,0.2569659642111695
1,ResDyNet-ResidualEvolver,267,3204,71.42092095900443,0.2665474057433719
1,ResDyNet-ResidualEvolver,268,3216,71.68745195900556,0.2815885711880407
1,ResDyNet-ResidualEvolver,269,3228,71.95476137500373,0.27933224543214674
1,ResDyNet-ResidualEvolver,270,3240,72.22128462500405,0.2723337256737619
1,ResDyNet-ResidualEvolver,271,3252,72.4867172499944,0.276461388462465
1,ResDyNet-ResidualEvolver,272,3264,72.7543246250134,0.2814476071857743
1,ResDyNet-ResidualEvolver,273,3276,73.02248670900008,0.2700161601333811
1,ResDyNet-ResidualEvolver,274,3288,73.28839091700502,0.27214949972897495
1,ResDyNet-ResidualEvolver,275,3300,73.55344158399384,0.27609271059397195
1,ResDyNet-ResidualEvolver,276,3312,73.82182529199054,0.2789319266498894
1,ResDyNet-ResidualEvolver,277,3324,74.08727233399986,0.27082200607582574
1,ResDyNet-ResidualEvolver,278,3336,74.35349350000615,0.2817307607280685
1,ResDyNet-ResidualEvolver,279,3348,74.61934737500269,0.2739273084917072
1,ResDyNet-ResidualEvolver,280,3360,74.88730187501642,0.275099000474034
1,ResDyNet-ResidualEvolver,281,3372,75.15215441701002,0.277146306270629
1,ResDyNet-ResidualEvolver,282,3384,75.41869212500751,0.27852964962773186
1,ResDyNet-ResidualEvolver,283,3396,75.68548629200086,0.2773965410589809
1,ResDyNet-ResidualEvolver,284,3408,75.95566620898899,0.2774688508900052
1,ResDyNet-ResidualEvolver,285,3420,76.21985362499254,0.27509389869245576
1,ResDyNet-ResidualEvolver,286,3432,76.48658550000982,0.2797982690331265
1,ResDyNet-ResidualEvolver,287,3444,76.75171591699473,0.2787663231047981
1,ResDyNet-ResidualEvolver,288,3456,77.01534191699466,0.27797814733472836
1,ResDyNet-ResidualEvolver,289,3468,77.27921408400289,0.2786573994873814
1,ResDyNet-ResidualEvolver,290,3480,77.55023558399989,0.27824405995173257
1,ResDyNet-ResidualEvolver,291,3492,77.8203823750082,0.2826255459184252
1,ResDyNet-ResidualEvolver,292,3504,78.08942220901372,0.2924347461088713
1,ResDyNet-ResidualEvolver,293,3516,78.3587894999946,0.2822143446509205
1,ResDyNet-ResidualEvolver,294,3528,78.62697387501248,0.28635615762938843
1,ResDyNet-ResidualEvolver,295,3540,78.89707679199637,0.27815954625653505
1,ResDyNet-ResidualEvolver,296,3552,79.20130866699037,0.28427074738274555
1,ResDyNet-ResidualEvolver,297,3564,79.47479595901677,0.28193422479219554
1,ResDyNet-ResidualEvolver,298,3576,79.74389474999043,0.27704543542431675
1,ResDyNet-ResidualEvolver,299,3588,80.01013025001157,0.2803716729118
1,ResDyNet-ResidualEvolver,300,3600,80.30624095900566,0.28256365016312585
1,ResDyNet-MLPEvolver,0,0,0.0,0.5877139302058413
1,ResDyNet-MLPEvolver,1,12,0.16716725000878796,0.7683242630553893
1,ResDyNet-MLPEvolver,2,24,0.3332800420175772,0.6254728460049754
1,ResDyNet-MLPEvolver,3,36,0.5008399590151384,0.4148731781705261
1,ResDyNet-MLPEvolver,4,48,0.6849242090247571,0.34204088236028063
1,ResDyNet-MLPEvolver,5,60,0.8522064170101658,0.36375484612477793
1,ResDyNet-MLPEvolver,6,72,1.0204798340273555,0.4191518386457103
1,ResDyNet-MLPEvolver,7,84,1.1903387500206009,0.3295924165720086
1,ResDyNet-MLPEvolver,8,96,1.3585281250125263,0.36996034629296154
1,ResDyNet-MLPEvolver,9,108,1.5270688340242486,0.3413757776956615
1,ResDyNet-MLPEvolver,10,120,1.6951725840044674,0.3522436790542199
1,ResDyNet-MLPEvolver,11,132,1.8633815420034807,0.329326827697359
1,ResDyNet-MLPEvolver,12,144,2.0302612500090618,0.3330654704644709
1,ResDyNet-MLPEvolver,13,156,2.215123792004306,0.31308160582132405
1,ResDyNet-MLPEvolver,14,168,2.383351791999303,0.3396997594585345
1,ResDyNet-MLPEvolver,15,180,2.5566280000202823,0.33389514186257757
1,ResDyNet-MLPEvolver,16,192,2.731155667017447,0.3603203461639045
1,ResDyNet-MLPEvolver,17,204,2.8978704170149285,0.35081270750969124
1,ResDyNet-MLPEvolver,18,216,3.0654933340265416,0.31025379524364416
1,ResDyNet-MLPEvolver,19,228,3.2322667500120588,0.3366839404728622
1,ResDyNet-MLPEvolver,20,240,3.3994772500009276,0.3287000959896078
1,ResDyNet-MLPEvolver,21,252,3.566844334010966,0.27144081867642234
1,ResDyNet-MLPEvolver,22,264,3.7350790839991532,0.3477722834120124
1,ResDyNet-MLPEvolver,23,276,3.9052544590085745,0.31175992075990133
1,ResDyNet-MLPEvolver,24,288,4.073141792003298,0.3145731160554722
1,ResDyNet-MLPEvolver,25,300,4.241003500006627,0.33428161172549037
1,ResDyNet-MLPEvolver,26,312,4.408892500010552,0.28189159285444754
1,ResDyNet-MLPEvolver,27,324,4.577089375001378,0.3284399038380008
1,ResDyNet-MLPEvolver,28,336,4.7452670840139035,0.25343990987348713
1,ResDyNet-MLPEvolver,29,348,4.9135128339985386,0.34787858846511605
1,ResDyNet-MLPEvolver,30,360,5.081318792013917,0.3154494999495582
1,ResDyNet-MLPEvolver,31,372,5.2478924590104725,0.2818197504668283
1,ResDyNet-MLPEvolver,32,384,5.416041542019229,0.3288550775066529
1,ResDyNet-MLPEvolver,33,396,5.582345250004437,0.28811564535847045
1,ResDyNet-MLPEvolver,34,408,5.750383459002478,0.3163138138166086
1,ResDyNet-MLPEvolver,35,420,5.9190173340030015,0.2766124437924783
1,ResDyNet-MLPEvolver,36,432,6.087446875026217,0.3071768263573849
1,ResDyNet-MLPEvolver,37,444,6.255141166999238,0.2940143661115258
1,ResDyNet-MLPEvolver,38,456,6.422427000012249,0.2756256308791582
1,ResDyNet-MLPEvolver,39,468,6.590375250001671,0.31750194410867866
1,ResDyNet-MLPEvolver,40,480,6.758312500023749,0.2684121026007269
1,ResDyNet-MLPEvolver,41,492,6.926044459018158,0.30943657020942256
1,ResDyNet-MLPEvolver,42,504,7.093987250002101,0.2771739610962318
1,ResDyNet-MLPEvolver,43,516,7.260423667001305,0.3104475599262488
1,ResDyNet-MLPEvolver,44,528,7.488646459009033,0.2871204370228886
1,ResDyNet-MLPEvolver,45,540,7.667947167006787,0.2500851287463644
1,ResDyNet-MLPEvolver,46,552,7.84206933400128,0.3323240403874967
1,ResDyNet-MLPEvolver,47,564,8.021104834013386,0.2573172336486863
1,ResDyNet-MLPEvolver,48,576,8.195782875001896,0.3120054932343545
1,ResDyNet-MLPEvolver,49,588,8.367937625007471,0.27935338227451034
1,ResDyNet-MLPEvolver,50,600,8.540225875010947,0.27736349932541876
1,ResDyNet-MLPEvolver,51,612,8.714166500023566,0.27964993465646243
1,ResDyNet-MLPEvolver,52,624,8.889165375003358,0.2608849572959453
1,ResDyNet-MLPEvolver,53,636,9.063400042010471,0.22148555724044877
1,ResDyNet-MLPEvolver,54,648,9.237216792011168,0.3192315004643293
1,ResDyNet-MLPEvolver,55,660,9.4105487090128,0.2709492570757931
1,ResDyNet-MLPEvolver,56,672,9.580503334000241,0.25010236699463223
1,ResDyNet-MLPEvolver,57,684,9.752774709020741,0.2991094082543162
1,ResDyNet-MLPEvolver,58,696,9.925103542016586,0.28173014157576914
1,ResDyNet-MLPEvolver,59,708,10.09709437499987,0.2905690919754862
1,ResDyNet-MLPEvolver,60,720,10.268589500017697,0.28072083830045647
1,ResDyNet-MLPEvolver,61,732,10.440420167025877,0.2785507232518166
1,ResDyNet-MLPEvolver,62,744,10.612040625012014,0.2577595191830749
1,ResDyNet-MLPEvolver,63,756,10.782472542021424,0.2894386354684899
1,ResDyNet-MLPEvolver,64,768,10.952327292005066,0.32115369596493526
1,ResDyNet-MLPEvolver,65,780,11.121448542020516,0.2547342635540615
1,ResDyNet-MLPEvolver,66,792,11.290639875020133,0.2590494611587892
1,ResDyNet-MLPEvolver,67,804,11.460454459011089,0.267574650590223
1,ResDyNet-MLPEvolver,68,816,11.630256208998617,0.26478582718628907
1,ResDyNet-MLPEvolver,69,828,11.799833709024824,0.28271517372322397
1,ResDyNet-MLPEvolver,70,840,11.970337875012774,0.3127815428868901
1,ResDyNet-MLPEvolver,71,852,12.139445042004809,0.2732916834634755
1,ResDyNet-MLPEvolver,72,864,12.3089603750268,0.2788395761915047
1,ResDyNet-MLPEvolver,73,876,12.484004084020853,0.2582559936126278
1,ResDyNet-MLPEvolver,74,888,12.656189166998956,0.2939982483241725
1,ResDyNet-MLPEvolver,75,900,12.826418917014962,0.2648311148941505
1,ResDyNet-MLPEvolver,76,912,12.998211000027368,0.2548145778654007
1,ResDyNet-MLPEvolver,77,924,13.169016084022587,0.27646469155305464
1,ResDyNet-MLPEvolver,78,936,13.338625208998565,0.2494515769650998
1,ResDyNet-MLPEvolver,79,948,13.5094446670264,0.2694361523677253
1,ResDyNet-MLPEvolver,80,960,13.68066679200274,0.27771464423463427
1,ResDyNet-MLPEvolver,81,972,13.851471500005573,0.27163728914968116
1,ResDyNet-MLPEvolver,82,984,14.022969667013967,0.30134657950448607
1,ResDyNet-MLPEvolver,83,996,14.193384084006539,0.25938931140218996
1,ResDyNet-MLPEvolver,84,1008,14.364566292002564,0.29667820091355945
1,ResDyNet-MLPEvolver,85,1020,14.535877209011232,0.2553139643854109
1,ResDyNet-MLPEvolver,86,1032,14.70749933400657,0.2647769368301852
1,ResDyNet-MLPEvolver,87,1044,14.876856542017777,0.28942188492258203
1,ResDyNet-MLPEvolver,88,1056,15.046662750013638,0.23886951320205882
1,ResDyNet-MLPEvolver,89,1068,15.216219084017212,0.2707607145283169
1,ResDyNet-MLPEvolver,90,1080,15.385837292007636,0.2720801117513404
1,ResDyNet-MLPEvolver,91,1092,15.556951167003717,0.29963167020793946
1,ResDyNet-MLPEvolver,92,1104,15.728155042015715,0.2924622362938372
1,ResDyNet-MLPEvolver,93,1116,15.89862445901963,0.3048057441899442
1,ResDyNet-MLPEvolver,94,1128,16.07017737501883,0.29906411529987587
1,ResDyNet-MLPEvolver,95,1140,16.23988683402422,0.26602406208839996
1,ResDyNet-MLPEvolver,96,1152,16.409565417008707,0.2849337558354789
1,ResDyNet-MLPEvolver,97,1164,16.57906883402029,0.2459719290345065
1,ResDyNet-MLPEvolver,98,1176,16.74893987501855,0.27598906310711735
1,ResDyNet-MLPEvolver,99,1188,16.91896650000126,0.25713737248213586
1,ResDyNet-MLPEvolver,100,1200,17.08858316700207,0.2952892632317793
1,ResDyNet-MLPEvolver,101,1212,17.25748420902528,0.2500720451816332
1,ResDyNet-MLPEvolver,102,1224,17.426849375013262,0.3651322908702179
1,ResDyNet-MLPEvolver,103,1236,17.596325334016,0.29458715540569075
1,ResDyNet-MLPEvolver,104,1248,17.767670667002676,0.2617944835122629
1,ResDyNet-MLPEvolver,105,1260,17.93798720900668,0.2504920188691631
1,ResDyNet-MLPEvolver,106,1272,18.108727542014094,0.33253455557572825
1,ResDyNet-MLPEvolver,107,1284,18.27894191700034,0.2678417694586342
1,ResDyNet-MLPEvolver,108,1296,18.449555625003995,0.2971820370771272
1,ResDyNet-MLPEvolver,109,1308,18.620166875014547,0.22369401288624297
1,ResDyNet-MLPEvolver,110,1320,18.79038670900627,0.2521996623583266
1,ResDyNet-MLPEvolver,111,1332,18.960037250013556,0.2448948995754247
1,ResDyNet-MLPEvolver,112,1344,19.129883375018835,0.2654557042517507
1,ResDyNet-MLPEvolver,113,1356,19.324585792026483,0.25433209690533803
1,ResDyNet-MLPEvolver,114,1368,19.50383908400545,0.2603366327560543
1,ResDyNet-MLPEvolver,115,1380,19.681493084004615,0.272030824947601
1,ResDyNet-MLPEvolver,116,1392,19.856515084014973,0.2577281901814781
1,ResDyNet-MLPEvolver,117,1404,20.028198000014527,0.24380217846190055
1,ResDyNet-MLPEvolver,118,1416,20.198552459012717,0.26404939521735565
1,ResDyNet-MLPEvolver,119,1428,20.36798295902554,0.2461420552522368
1,ResDyNet-MLPEvolver,120,1440,20.538237291999394,0.2566702188438747
1,ResDyNet-MLPEvolver,121,1452,20.70790391700575,0.27853640124025353
1,ResDyNet-MLPEvolver,122,1464,20.877641375001986,0.25222262211084323
1,ResDyNet-MLPEvolver,123,1476,21.047568834008416,0.2437982270196294
1,ResDyNet-MLPEvolver,124,1488,21.21699716700823,0.2983726685407254
1,ResDyNet-MLPEvolver,125,1500,21.387942750006914,0.25733392534148974
1,ResDyNet-MLPEvolver,126,1512,21.557731209002668,0.27191993940946163
1,ResDyNet-MLPEvolver,127,1524,21.729087667015847,0.2744671449155307
1,ResDyNet-MLPEvolver,128,1536,21.901742625021143,0.23175482464349567
1,ResDyNet-MLPEvolver,129,1548,22.07262429202092,0.28103788158019244
1,ResDyNet-MLPEvolver,130,1560,22.243585292017087,0.27339986243019276
1,ResDyNet-MLPEvolver,131,1572,22.414506459026597,0.252632500850498
1,ResDyNet-MLPEvolver,132,1584,22.585966459009796,0.27315310681415783
1,ResDyNet-MLPEvolver,133,1596,22.755854334012838,0.2936464503359816
1,ResDyNet-MLPEvolver,134,1608,22.9255698750203,0.24307201615297408
1,ResDyNet-MLPEvolver,135,1620,23.09477820902248,0.2644139241512535
1,ResDyNet-MLPEvolver,136,1632,23.264103959023487,0.27373095182127133
1,ResDyNet-MLPEvolver,137,1644,23.43386100002681,0.26699760343712525
1,ResDyNet-MLPEvolver,138,1656,23.603384000016376,0.2646983796045495
1,ResDyNet-MLPEvolver,139,1668,23.7733429170039,0.23342460363606313
1,ResDyNet-MLPEvolver,140,1680,23.943220250017475,0.27277477865661454
1,ResDyNet-MLPEvolver,141,1692,24.113108417019248,0.2412831324608284
1,ResDyNet-MLPEvolver,142,1704,24.283499584009405,0.23558883495159247
1,ResDyNet-MLPEvolver,143,1716,24.45423604201642,0.2432444778312553
1,ResDyNet-MLPEvolver,144,1728,24.624265459016897,0.26321666631876445
1,ResDyNet-MLPEvolver,145,1740,24.793124667019583,0.2521200502880812
1,ResDyNet-MLPEvolver,146,1752,24.9630163750262,0.2719146375203885
1,ResDyNet-MLPEvolver,147,1764,25.132274959003553,0.24067064710979924
1,ResDyNet-MLPEvolver,148,1776,25.301520667009754,0.26218030253426167
1,ResDyNet-MLPEvolver,149,1788,25.470994959003292,0.24165124546299135
1,ResDyNet-MLPEvolver,150,1800,25.642292959004408,0.23776426502491585
1,ResDyNet-MLPEvolver,151,1812,25.81296070900862,0.2671708907859028
1,ResDyNet-MLPEvolver,152,1824,25.983573709003394,0.2773143030191789
1,ResDyNet-MLPEvolver,153,1836,26.15469354201923,0.2604528857760763
1,ResDyNet-MLPEvolver,154,1848,26.324662875005743,0.2571727312009961
1,ResDyNet-MLPEvolver,155,1860,26.494390334002674,0.2488910488134912
1,ResDyNet-MLPEvolver,156,1872,26.66505787501228,0.25954299430023503
1,ResDyNet-MLPEvolver,157,1884,26.834218000003602,0.23526836329655162
1,ResDyNet-MLPEvolver,158,1896,27.00419058400439,0.25350657692576195
1,ResDyNet-MLPEvolver,159,1908,27.17290829200647,0.2533689470794107
1,ResDyNet-MLPEvolver,160,1920,27.358621125022182,0.24623260279078785
1,ResDyNet-MLPEvolver,161,1932,27.529118209000444,0.2518016541698495
1,ResDyNet-MLPEvolver,162,1944,27.69907279202016,0.2604853963017142
1,ResDyNet-MLPEvolver,163,1956,27.868628209020244,0.24715652880975772
1,ResDyNet-MLPEvolver,164,1968,28.05636325001251,0.247436877085075
1,ResDyNet-MLPEvolver,165,1980,28.225836084020557,0.26249467991476133
1,ResDyNet-MLPEvolver,166,1992,28.39505570899928,0.24375937480039359
1,ResDyNet-MLPEvolver,167,2004,28.564526459027547,0.2475717118037618
1,ResDyNet-MLPEvolver,168,2016,28.73439791702549,0.2469428421918413
1,ResDyNet-MLPEvolver,169,2028,28.904268375015818,0.237675885926451
1,ResDyNet-MLPEvolver,170,2040,29.073479750019033,0.2508030332794155
1,ResDyNet-MLPEvolver,171,2052,29.242860917001963,0.2380893626487232
1,ResDyNet-MLPEvolver,172,2064,29.412425417016493,0.2490103067770835
1,ResDyNet-MLPEvolver,173,2076,29.582710875023622,0.2502058391142294
1,ResDyNet-MLPEvolver,174,2088,29.7535393750004,0.25340027556783506
1,ResDyNet-MLPEvolver,175,2100,29.924610834015766,0.2551024217393745
1,ResDyNet-MLPEvolver,176,2112,30.094725917006144,0.27907223571414547
1,ResDyNet-MLPEvolver,177,2124,30.26512479200028,0.2550439940284863
1,ResDyNet-MLPEvolver,178,2136,30.43599854200147,0.23453431024449586
1,ResDyNet-MLPEvolver,179,2148,30.60690600000089,0.24770801985604127
1,ResDyNet-MLPEvolver,180,2160,30.780118417023914,0.23379900098703146
1,ResDyNet-MLPEvolver,181,2172,30.94992033400922,0.24359763287872144
1,ResDyNet-MLPEvolver,182,2184,31.11909645900596,0.22679991580630146
1,ResDyNet-MLPEvolver,183,2196,31.287912292027613,0.24415849084944377
1,ResDyNet-MLPEvolver,184,2208,31.458036042022286,0.22654757963043895
1,ResDyNet-MLPEvolver,185,2220,31.627064291998977,0.2399232846100458
1,ResDyNet-MLPEvolver,186,2232,31.795948459010106,0.2456731649938295
1,ResDyNet-MLPEvolver,187,2244,31.965542584017385,0.24632158242638816
1,ResDyNet-MLPEvolver,188,2256,32.135033625003416,0.25438356047018884
1,ResDyNet-MLPEvolver,189,2268,32.30428608402144,0.26129397039898083
1,ResDyNet-MLPEvolver,190,2280,32.47453904201393,0.24634137604068254
1,ResDyNet-MLPEvolver,191,2292,32.643876584013924,0.2522325435263165
1,ResDyNet-MLPEvolver,192,2304,32.81324979200144,0.25802194691710034
1,ResDyNet-MLPEvolver,193,2316,32.98340579200885,0.2570095661934485
1,ResDyNet-MLPEvolver,194,2328,33.15289854200091,0.24717945716246148
1,ResDyNet-MLPEvolver,195,2340,33.32248458400136,0.2357050583342324
1,ResDyNet-MLPEvolver,196,2352,33.49262412500684,0.24662290200999637
1,ResDyNet-MLPEvolver,197,2364,33.67628166702343,0.23295387115667793
1,ResDyNet-MLPEvolver,198,2376,33.84756133402698,0.24624623876225835
1,ResDyNet-MLPEvolver,199,2388,34.0192325420212,0.23261073693663867
1,ResDyNet-MLPEvolver,200,2400,34.189709124999354,0.255111849262403
1,ResDyNet-MLPEvolver,201,2412,34.36015808401862,0.24839455746060676
1,ResDyNet-MLPEvolver,202,2424,34.53039633401204,0.23719705421316103
1,ResDyNet-MLPEvolver,203,2436,34.701197875023354,0.2330107804997649
1,ResDyNet-MLPEvolver,204,2448,34.8708395420108,0.23496456969722332
1,ResDyNet-MLPEvolver,205,2460,35.041191542026354,0.24637273682008232
1,ResDyNet-MLPEvolver,206,2472,35.20987825002521,0.23604150847207706
1,ResDyNet-MLPEvolver,207,2484,35.379464834026294,0.23616608955460794
1,ResDyNet-MLPEvolver,208,2496,35.54894737500581,0.2739195038415655
1,ResDyNet-MLPEvolver,209,2508,35.71874520901474,0.2479635569326828
1,ResDyNet-MLPEvolver,210,2520,35.88795175001724,0.24619860013070335
1,ResDyNet-MLPEvolver,211,2532,36.05928570902324,0.25847630421662604
1,ResDyNet-MLPEvolver,212,2544,36.22854962502606,0.24441473870189906
1,ResDyNet-MLPEvolver,213,2556,36.39768725002068,0.24695069242187814
1,ResDyNet-MLPEvolver,214,2568,36.56765112502035,0.268780730772501
1,ResDyNet-MLPEvolver,215,2580,36.737518000009004,0.24529981380727356
1,ResDyNet-MLPEvolver,216,2592,36.90632412501145,0.2526529379428339
1,ResDyNet-MLPEvolver,217,2604,37.07479762501316,0.2657819665393582
1,ResDyNet-MLPEvolver,218,2616,37.243607584008714,0.2506149340797286
1,ResDyNet-MLPEvolver,219,2628,37.41364266700111,0.2688701658856674
1,ResDyNet-MLPEvolver,220,2640,37.584293500025524,0.24820881375913526
1,ResDyNet-MLPEvolver,221,2652,37.75492975002271,0.2629817457280886
1,ResDyNet-MLPEvolver,222,2664,37.925110750016756,0.261537152297057
1,ResDyNet-MLPEvolver,223,2676,38.09627937502228,0.2814392834262201
1,ResDyNet-MLPEvolver,224,2688,38.26676112500718,0.22345440393749375
1,ResDyNet-MLPEvolver,225,2700,38.437029667024035,0.2319495748286593
1,ResDyNet-MLPEvolver,226,2712,38.60733679201803,0.24217970985875678
1,ResDyNet-MLPEvolver,227,2724,38.776884542021435,0.23643328416192727
1,ResDyNet-MLPEvolver,228,2736,38.94658062502276,0.2503571886634988
1,ResDyNet-MLPEvolver,229,2748,39.11571400001412,0.2665780443943071
1,ResDyNet-MLPEvolver,230,2760,39.28446387502481,0.27460532265801973
1,ResDyNet-MLPEvolver,231,2772,39.454364084027475,0.22509090277030427
1,ResDyNet-MLPEvolver,232,2784,39.62337695900351,0.250717077500125
1,ResDyNet-MLPEvolver,233,2796,39.79173758401885,0.24238337199753823
1,ResDyNet-MLPEvolver,234,2808,39.960780792025616,0.27269672431127595
1,ResDyNet-MLPEvolver,235,2820,40.12946879200172,0.24409725718739247
1,ResDyNet-MLPEvolver,236,2832,40.29782829200849,0.24689996319195393
1,ResDyNet-MLPEvolver,237,2844,40.466736500005936,0.237420463643241
1,ResDyNet-MLPEvolver,238,2856,40.63557637500344,0.24374807238887766
1,ResDyNet-MLPEvolver,239,2868,40.804999167012284,0.23061874312464084
1,ResDyNet-MLPEvolver,240,2880,40.97397358401213,0.27433081082085325
1,ResDyNet-MLPEvolver,241,2892,41.142987709026784,0.25695191041640997
1,ResDyNet-MLPEvolver,242,2904,41.311510917003034,0.24885080920967587
1,ResDyNet-MLPEvolver,243,2916,41.480983709014254,0.2365406555644089
1,ResDyNet-MLPEvolver,244,2928,41.65237500000512,0.2689518754646802
1,ResDyNet-MLPEvolver,245,2940,41.82317741701263,0.273522063740649
1,ResDyNet-MLPEvolver,246,2952,41.99400362500455,0.23328562506127032
1,ResDyNet-MLPEvolver,247,2964,42.16423712502001,0.24496262338279853
1,ResDyNet-MLPEvolver,248,2976,42.33481600001687,0.2573572735857409
1,ResDyNet-MLPEvolver,249,2988,42.51884866700857,0.2498729832872734
1,ResDyNet-MLPEvolver,250,3000,42.691036459000316,0.23617922237128197
1,ResDyNet-MLPEvolver,251,3012,42.8603084589995,0.23854871418639373
1,ResDyNet-MLPEvolver,252,3024,43.03164737499901,0.24962984705239777
1,ResDyNet-MLPEvolver,253,3036,43.20163154200418,0.2542265843967425
1,ResDyNet-MLPEvolver,254,3048,43.37146637501428,0.24001227567962596
1,ResDyNet-MLPEvolver,255,3060,43.54111762501998,0.24712578869810584
1,ResDyNet-MLPEvolver,256,3072,43.71105808400898,0.22638804153381967
1,ResDyNet-MLPEvolver,257,3084,43.880636959016556,0.25113960479362374
1,ResDyNet-MLPEvolver,258,3096,44.05055241700029,0.258607860030163
1,ResDyNet-MLPEvolver,259,3108,44.21984912501648,0.24911715359589928
1,ResDyNet-MLPEvolver,260,3120,44.38934987501125,0.2404476080933654
1,ResDyNet-MLPEvolver,261,3132,44.56498629201087,0.24755387619571262
1,ResDyNet-MLPEvolver,262,3144,44.73879566701362,0.25893725254138833
1,ResDyNet-MLPEvolver,263,3156,44.91147837502649,0.24415866938347422
1,ResDyNet-MLPEvolver,264,3168,45.08256525002071,0.27582557448371714
1,ResDyNet-MLPEvolver,265,3180,45.253679042012664,0.2555777445866142
1,ResDyNet-MLPEvolver,266,3192,45.42492575000506,0.25823932955378115
1,ResDyNet-MLPEvolver,267,3204,45.59688779202406,0.24941484018730475
1,ResDyNet-MLPEvolver,268,3216,45.769827417010674,0.24342520870909964
1,ResDyNet-MLPEvolver,269,3228,45.94281525001861,0.2633281096252681
1,ResDyNet-MLPEvolver,270,3240,46.11454304200015,0.22141062053064509
1,ResDyNet-MLPEvolver,271,3252,46.28554445900954,0.2274356875587562
1,ResDyNet-MLPEvolver,272,3264,46.56282479202491,0.23361265442997362
1,ResDyNet-MLPEvolver,273,3276,46.766615959000774,0.2787936124209875
1,ResDyNet-MLPEvolver,274,3288,46.948968042008346,0.2301709412344913
1,ResDyNet-MLPEvolver,275,3300,47.11676412500674,0.27344924228374423
1,ResDyNet-MLPEvolver,276,3312,47.312318625015905,0.2726045979103548
1,ResDyNet-MLPEvolver,277,3324,47.485604292014614,0.2594153480564823
1,ResDyNet-MLPEvolver,278,3336,47.670649375009816,0.24100677651093902
1,ResDyNet-MLPEvolver,279,3348,47.85954854200827,0.25737446402038083
1,ResDyNet-MLPEvolver,280,3360,48.033699750027154,0.26455283826952564
1,ResDyNet-MLPEvolver,281,3372,48.20514404200367,0.2749203253812213
1,ResDyNet-MLPEvolver,282,3384,48.37285816701478,0.2705558087399957
1,ResDyNet-MLPEvolver,283,3396,48.54102829200565,0.25775854251185515
1,ResDyNet-MLPEvolver,284,3408,48.7082909590099,0.25127746516889643
1,ResDyNet-MLPEvolver,285,3420,48.92585150001105,0.26152919799188806
1,ResDyNet-MLPEvolver,286,3432,49.09803070902126,0.2658531767306517
1,ResDyNet-MLPEvolver,287,3444,49.266570250008954,0.24304656319424178
1,ResDyNet-MLPEvolver,288,3456,49.43339008401381,0.2693540364159815
1,ResDyNet-MLPEvolver,289,3468,49.60057204202167,0.26056129515770127
1,ResDyNet-MLPEvolver,290,3480,49.76752812502673,0.23970931060148043
1,ResDyNet-MLPEvolver,291,3492,49.934613459015964,0.23978587487174718
1,ResDyNet-MLPEvolver,292,3504,50.101771000016015,0.24390582362531016
1,ResDyNet-MLPEvolver,293,3516,50.268986292008776,0.2616173402698883
1,ResDyNet-MLPEvolver,294,3528,50.48236250001355,0.25169762368690385
1,ResDyNet-MLPEvolver,295,3540,50.66119195902138,0.24884488054189224
1,ResDyNet-MLPEvolver,296,3552,50.8543826250243,0.24720626851830116
1,ResDyNet-MLPEvolver,297,3564,51.01839250000194,0.251393252193795
1,ResDyNet-MLPEvolver,298,3576,51.18600533402059,0.2506677163792997
1,ResDyNet-MLPEvolver,299,3588,51.35389287502039,0.26747373390011236
1,ResDyNet-MLPEvolver,300,3600,51.52088612501393,0.2720101730846816
2,ResDyNet-ResidualEvolver,0,0,0.0,0.5877139302058413
2,ResDyNet-ResidualEvolver,1,12,0.26661716698436067,0.6437856165588052
2,ResDyNet-ResidualEvolver,2,24,0.5530974580033217,0.438138343888186
2,ResDyNet-ResidualEvolver,3,36,0.8228784170059953,0.5435072967170578
2,ResDyNet-ResidualEvolver,4,48,1.089477125002304,0.4977821351457797
2,ResDyNet-ResidualEvolver,5,60,1.3813460000092164,0.4306077714063116
2,ResDyNet-ResidualEvolver,6,72,1.6484522499958985,0.5144984760415163
2,ResDyNet-ResidualEvolver,7,84,1.9359504999883939,0.4033587868809694
2,ResDyNet-ResidualEvolver,8,96,2.205472458008444,0.2901245101662268
2,ResDyNet-ResidualEvolver,9,108,2.495424708002247,0.399193137816334
2,ResDyNet-ResidualEvolver,10,120,2.761821874999441,0.4607673740984403
2,ResDyNet-ResidualEvolver,11,132,3.0303438330010977,0.45207942310145816
2,ResDyNet-ResidualEvolver,12,144,3.3186910419899505,0.5041425520144661
2,ResDyNet-ResidualEvolver,13,156,3.6145955829997547,0.3436060331901384
2,ResDyNet-ResidualEvolver,14,168,3.884649666986661,0.3617403740301559
2,ResDyNet-ResidualEvolver,15,180,4.169369957991876,0.41132962787362237
2,ResDyNet-ResidualEvolver,16,192,4.4367125830031,0.3995790456082277
2,ResDyNet-ResidualEvolver,17,204,4.702981250011362,0.3055894982913437
2,ResDyNet-ResidualEvolver,18,216,4.96929908299353,0.3398704977177343
2,ResDyNet-ResidualEvolver,19,228,5.236746167007368,0.37483903144567216
2,ResDyNet-ResidualEvolver,20,240,5.520873958012089,0.34450342100668435
2,ResDyNet-ResidualEvolver,21,252,5.798965708003379,0.3457172365438266
2,ResDyNet-ResidualEvolver,22,264,6.084085125010461,0.3308970948593656
2,ResDyNet-ResidualEvolver,23,276,6.349902749992907,0.307266330002084
2,ResDyNet-ResidualEvolver,24,288,6.615101542003686,0.3156894585550182
2,ResDyNet-ResidualEvolver,25,300,6.8815839999879245,0.4088979933837067
2,ResDyNet-ResidualEvolver,26,312,7.147735625010682,0.3470944472647815
2,ResDyNet-ResidualEvolver,27,324,7.4133677080099005,0.3507408574895743
2,ResDyNet-ResidualEvolver,28,336,7.680255082988879,0.33610100981367913
2,ResDyNet-ResidualEvolver,29,348,7.967997041996568,0.30343333172569037
2,ResDyNet-ResidualEvolver,30,360,8.264250417007133,0.35914977873449644
2,ResDyNet-ResidualEvolver,31,372,8.559145792009076,0.3646207445136936
2,ResDyNet-ResidualEvolver,32,384,8.82602408301318,0.29971373706054716
2,ResDyNet-ResidualEvolver,33,396,9.091835917002754,0.3339635672924154
2,ResDyNet-ResidualEvolver,34,408,9.35916304201237,0.2911091901707543
2,ResDyNet-ResidualEvolver,35,420,9.626166375004686,0.3415653822798021
2,ResDyNet-ResidualEvolver,36,432,9.92121612498886,0.34976533736840437
2,ResDyNet-ResidualEvolver,37,444,10.195581000007223,0.3293910316180213
2,ResDyNet-ResidualEvolver,38,456,10.460897499986459,0.3051697919879124
2,ResDyNet-ResidualEvolver,39,468,10.72559979200014,0.3429259171947909
2,ResDyNet-ResidualEvolver,40,480,10.99509145799675,0.29559331445368364
2,ResDyNet-ResidualEvolver,41,492,11.269206375000067,0.3012548500965634
2,ResDyNet-ResidualEvolver,42,504,11.537838499993086,0.3699172594531365
2,ResDyNet-ResidualEvolver,43,516,11.805844249989605,0.36284733031758765
2,ResDyNet-ResidualEvolver,44,528,12.074913916992955,0.3163133100205224
2,ResDyNet-ResidualEvolver,45,540,12.342718750005588,0.30990199908889887
2,ResDyNet-ResidualEvolver,46,552,12.610303207999095,0.3550561561565996
2,ResDyNet-ResidualEvolver,47,564,12.877632916992297,0.263057792957848
2,ResDyNet-ResidualEvolver,48,576,13.149991999991471,0.4083044249179329
2,ResDyNet-ResidualEvolver,49,588,13.418659666989697,0.2779632643946488
2,ResDyNet-ResidualEvolver,50,600,13.686320749984588,0.35356608191283595
2,ResDyNet-ResidualEvolver,51,612,13.954782042012084,0.34773996010298747
2,ResDyNet-ResidualEvolver,52,624,14.223110249993624,0.34621155374244883
2,ResDyNet-ResidualEvolver,53,636,14.489477416995214,0.3322878780948218
2,ResDyNet-ResidualEvolver,54,648,14.756916916987393,0.3037123731285087
2,ResDyNet-ResidualEvolver,55,660,15.059446375002153,0.327940765262901
2,ResDyNet-ResidualEvolver,56,672,15.34228358301334,0.3323222841815676
2,ResDyNet-ResidualEvolver,57,684,15.614732582995202,0.3066588981181312
2,ResDyNet-ResidualEvolver,58,696,15.886034833005397,0.2937808439312426
2,ResDyNet-ResidualEvolver,59,708,16.156788833002793,0.33971921952814016
2,ResDyNet-ResidualEvolver,60,720,16.42814487501164,0.341408730636091
2,ResDyNet-ResidualEvolver,61,732,16.729487832984887,0.3139193875372955
2,ResDyNet-ResidualEvolver,62,744,17.00128825000138,0.2752127048160848
2,ResDyNet-ResidualEvolver,63,756,17.273788457998307,0.31652733432630276
2,ResDyNet-ResidualEvolver,64,768,17.560092750005424,0.39709650885073894
2,ResDyNet-ResidualEvolver,65,780,17.829801541985944,0.28678697259713243
2,ResDyNet-ResidualEvolver,66,792,18.102350250002928,0.2906724137100407
2,ResDyNet-ResidualEvolver,67,804,18.37315937501262,0.29283872802887
2,ResDyNet-ResidualEvolver,68,816,18.644628832989838,0.32047663729503195
2,ResDyNet-ResidualEvolver,69,828,18.916598707990488,0.27729636696174764
2,ResDyNet-ResidualEvolver,70,840,19.187843041989254,0.28344963247083566
2,ResDyNet-ResidualEvolver,71,852,19.458868457993958,0.30255345491681035
2,ResDyNet-ResidualEvolver,72,864,19.728702541993698,0.30817823931157745
2,ResDyNet-ResidualEvolver,73,876,19.999158499995247,0.31706858177693603
2,ResDyNet-ResidualEvolver,74,888,20.270394541992573,0.31050452054713085
2,ResDyNet-ResidualEvolver,75,900,20.541376250010217,0.3153819905317072
2,ResDyNet-ResidualEvolver,76,912,20.812347667000722,0.26639039063277226
2,ResDyNet-ResidualEvolver,77,924,21.089766832999885,0.33603378285763197
2,ResDyNet-ResidualEvolver,78,936,21.3603740829858,0.3260209421575941
2,ResDyNet-ResidualEvolver,79,948,21.630829208006617,0.296054133149905
2,ResDyNet-ResidualEvolver,80,960,21.903761958004907,0.2946437848124837
2,ResDyNet-ResidualEvolver,81,972,22.177276458009146,0.2891128651616529
2,ResDyNet-ResidualEvolver,82,984,22.449987708008848,0.26799563503432206
2,ResDyNet-ResidualEvolver,83,996,22.721624750003684,0.2878054158165174
2,ResDyNet-ResidualEvolver,84,1008,22.994343708007364,0.3170789499976926
2,ResDyNet-ResidualEvolver,85,1020,23.265307374997064,0.3360357588545709
2,ResDyNet-ResidualEvolver,86,1032,23.53648083299049,0.30566566520885874
2,ResDyNet-ResidualEvolver,87,1044,23.8061641670065,0.28648244607302403
2,ResDyNet-ResidualEvolver,88,1056,24.07783920801012,0.3186036325404813
2,ResDyNet-ResidualEvolver,89,1068,24.348493249999592,0.28791182201157656
2,ResDyNet-ResidualEvolver,90,1080,24.619224333000602,0.28067319912002336
2,ResDyNet-ResidualEvolver,91,1092,24.908852458000183,0.2870334950125698
2,ResDyNet-ResidualEvolver,92,1104,25.178234708000673,0.30284181227026175
2,ResDyNet-ResidualEvolver,93,1116,25.46476466700551,0.30907417885775607
2,ResDyNet-ResidualEvolver,94,1128,25.734849958011182,0.2710891358114639
2,ResDyNet-ResidualEvolver,95,1140,26.006095041986555,0.28159172084249534
2,ResDyNet-ResidualEvolver,96,1152,26.27751262500533,0.2979855638460439
2,ResDyNet-ResidualEvolver,97,1164,26.54998104198603,0.2896477192546036
2,ResDyNet-ResidualEvolver,98,1176,26.821322208008496,0.3412088170730484
2,ResDyNet-ResidualEvolver,99,1188,27.09369166698889,0.29788610635876256
2,ResDyNet-ResidualEvolver,100,1200,27.36416170798475,0.2877204001355197
2,ResDyNet-ResidualEvolver,101,1212,27.633510999992723,0.3355256276005564
2,ResDyNet-ResidualEvolver,102,1224,27.903685291996226,0.2910659643543683
2,ResDyNet-ResidualEvolver,103,1236,28.173640082997736,0.29213984921303215
2,ResDyNet-ResidualEvolver,104,1248,28.443836833001114,0.2710544286878917
2,ResDyNet-ResidualEvolver,105,1260,28.71389512499445,0.3275061415032196
2,ResDyNet-ResidualEvolver,106,1272,28.98450037499424,0.25928446152613577
2,ResDyNet-ResidualEvolver,107,1284,29.254288416996133,0.3244497051952817
2,ResDyNet-ResidualEvolver,108,1296,29.524623707984574,0.3100956288928079
2,ResDyNet-ResidualEvolver,109,1308,29.79335095800343,0.27558057898018185
2,ResDyNet-ResidualEvolver,110,1320,30.06534504200681,0.3034469829578668
2,ResDyNet-ResidualEvolver,111,1332,30.33659799999441,0.28375413622973594
2,ResDyNet-ResidualEvolver,112,1344,30.608820541994646,0.2963525678493047
2,ResDyNet-ResidualEvolver,113,1356,30.879724708007416,0.2828068723678771
2,ResDyNet-ResidualEvolver,114,1368,31.149850124988006,0.28095998525479016
2,ResDyNet-ResidualEvolver,115,1380,31.42100383300567,0.2714625602096546
2,ResDyNet-ResidualEvolver,116,1392,31.69050129200332,0.28066159073849845
2,ResDyNet-ResidualEvolver,117,1404,31.960245499998564,0.28094709007018226
2,ResDyNet-ResidualEvolver,118,1416,32.2304740420077,0.28671974711667303
2,ResDyNet-ResidualEvolver,119,1428,32.50034620799124,0.30143917920224045
2,ResDyNet-ResidualEvolver,120,1440,32.770170333009446,0.29266248604563394
2,ResDyNet-ResidualEvolver,121,1452,33.03948787500849,0.29565166164875645
2,ResDyNet-ResidualEvolver,122,1464,33.308466166985454,0.2736322234309228
2,ResDyNet-ResidualEvolver,123,1476,33.57849458299461,0.2981948862531389
2,ResDyNet-ResidualEvolver,124,1488,33.84815524998703,0.27995999628261237
2,ResDyNet-ResidualEvolver,125,1500,34.1196151250042,0.29162858231456346
2,ResDyNet-ResidualEvolver,126,1512,34.39032687500003,0.2945884063280601
2,ResDyNet-ResidualEvolver,127,1524,34.661957832984626,0.2974331951330358
2,ResDyNet-ResidualEvolver,128,1536,34.93334145800327,0.29995593738491594
2,ResDyNet-ResidualEvolver,129,1548,35.20436029200209,0.31151127912694804
2,ResDyNet-ResidualEvolver,130,1560,35.4748836249928,0.3289551630597379
2,ResDyNet-ResidualEvolver,131,1572,35.74451708298875,0.2991280844565184
2,ResDyNet-ResidualEvolver,132,1584,36.0149232079857,0.2648048919071008
2,ResDyNet-ResidualEvolver,133,1596,36.28471254199394,0.2915808524324463
2,ResDyNet-ResidualEvolver,134,1608,36.563436791999266,0.2921877101033932
2,ResDyNet-ResidualEvolver,135,1620,36.83957354200538,0.32169957933206234
2,ResDyNet-ResidualEvolver,136,1632,37.12051474998589,0.3203403993412098
2,ResDyNet-ResidualEvolver,137,1644,37.39419762499165,0.3006652834525373
2,ResDyNet-ResidualEvolver,138,1656,37.664761416992405,0.3313039459414786
2,ResDyNet-ResidualEvolver,139,1668,37.94284004200017,0.309259615741579
2,ResDyNet-ResidualEvolver,140,1680,38.222867125004996,0.2888769413605325
2,ResDyNet-ResidualEvolver,141,1692,38.507132208003895,0.2961748850972496
2,ResDyNet-ResidualEvolver,142,1704,38.78733774999273,0.27351323698885827
2,ResDyNet-ResidualEvolver,143,1716,39.08139549999032,0.28695867400020714
2,ResDyNet-ResidualEvolver,144,1728,39.38080837499001,0.2999303795743105
2,ResDyNet-ResidualEvolver,145,1740,39.65390716699767,0.2703028814950429
2,ResDyNet-ResidualEvolver,146,1752,39.92629183299141,0.2851687876910466
2,ResDyNet-ResidualEvolver,147,1764,40.20468745799735,0.2836341946347444
2,ResDyNet-ResidualEvolver,148,1776,40.479584124987014,0.2772125177723905
2,ResDyNet-ResidualEvolver,149,1788,40.753972208010964,0.2854715404285963
2,ResDyNet-ResidualEvolver,150,1800,41.028247749985894,0.2746642172751021
2,ResDyNet-ResidualEvolver,151,1812,41.300034791987855,0.27689441531739684
2,ResDyNet-ResidualEvolver,152,1824,41.57231491699349,0.2802695701007681
2,ResDyNet-ResidualEvolver,153,1836,41.843270874989685,0.2830907729827259
2,ResDyNet-ResidualEvolver,154,1848,42.11469591700006,0.2921902160851366
2,ResDyNet-ResidualEvolver,155,1860,42.38614737498574,0.28073786281431445
2,ResDyNet-ResidualEvolver,156,1872,42.65815983299399,0.2603334991571713
2,ResDyNet-ResidualEvolver,157,1884,42.92916470800992,0.23686630783875545
2,ResDyNet-ResidualEvolver,158,1896,43.200172125012614,0.2893029732809635
2,ResDyNet-ResidualEvolver,159,1908,43.470493625005474,0.278018837329215
2,ResDyNet-ResidualEvolver,160,1920,43.73976724999375,0.27373404175371535
2,ResDyNet-ResidualEvolver,161,1932,44.00951520798844,0.2903283123973889
2,ResDyNet-ResidualEvolver,162,1944,44.280016125005204,0.27906589998285497
2,ResDyNet-ResidualEvolver,163,1956,44.549992999993265,0.2782952281929222
2,ResDyNet-ResidualEvolver,164,1968,44.819940416986356,0.29824394206885674
2,ResDyNet-ResidualEvolver,165,1980,45.090063916984946,0.27869409241169746
2,ResDyNet-ResidualEvolver,166,1992,45.360040083003696,0.30656612388928534
2,ResDyNet-ResidualEvolver,167,2004,45.62977729199338,0.32688306848385934
2,ResDyNet-ResidualEvolver,168,2016,45.899570457986556,0.2756910258956749
2,ResDyNet-ResidualEvolver,169,2028,46.172078500007046,0.31169149234600185
2,ResDyNet-ResidualEvolver,170,2040,46.443921041995054,0.2975868757198883
2,ResDyNet-ResidualEvolver,171,2052,46.715165292000165,0.3127698117753993
2,ResDyNet-ResidualEvolver,172,2064,46.98591316700913,0.288550600732245
2,ResDyNet-ResidualEvolver,173,2076,47.27204891698784,0.28961782575760553
2,ResDyNet-ResidualEvolver,174,2088,47.5412267500069,0.28196650552469865
2,ResDyNet-ResidualEvolver,175,2100,47.81073662498966,0.27731086890754136
2,ResDyNet-ResidualEvolver,176,2112,48.09764545800863,0.2962155038726382
2,ResDyNet-ResidualEvolver,177,2124,48.367017207987374,0.2824292063008569
2,ResDyNet-ResidualEvolver,178,2136,48.636975208006334,0.28335363902429417
2,ResDyNet-ResidualEvolver,179,2148,48.90659420800512,0.2826933161598367
2,ResDyNet-ResidualEvolver,180,2160,49.17686495798989,0.3078301665339991
2,ResDyNet-ResidualEvolver,181,2172,49.446532875008415,0.3130224380721217
2,ResDyNet-ResidualEvolver,182,2184,49.716144957987126,0.2744528022179079
2,ResDyNet-ResidualEvolver,183,2196,49.98563529198873,0.28960725790333447
2,ResDyNet-ResidualEvolver,184,2208,50.2566412499873,0.2819928003323015
2,ResDyNet-ResidualEvolver,185,2220,50.52815112500684,0.2966896348370858
2,ResDyNet-ResidualEvolver,186,2232,50.79880262500956,0.2840642543828749
2,ResDyNet-ResidualEvolver,187,2244,51.07012550000218,0.26634308426994446
2,ResDyNet-ResidualEvolver,188,2256,51.340194457996404,0.27080752035155986
2,ResDyNet-ResidualEvolver,189,2268,51.610313000011956,0.2945273453034456
2,ResDyNet-ResidualEvolver,190,2280,51.880249792011455,0.27497975391832236
2,ResDyNet-ResidualEvolver,191,2292,52.14960199999041,0.27835621762564905
2,ResDyNet-ResidualEvolver,192,2304,52.41926233298727,0.2762721541531907
2,ResDyNet-ResidualEvolver,193,2316,52.68880408300902,0.280502379809517
2,ResDyNet-ResidualEvolver,194,2328,52.958963292010594,0.2758443912453153
2,ResDyNet-ResidualEvolver,195,2340,53.22982862498611,0.2720347966773308
2,ResDyNet-ResidualEvolver,196,2352,53.502384708001046,0.2823054495200074
2,ResDyNet-ResidualEvolver,197,2364,53.7715752919903,0.26893106140126444
2,ResDyNet-ResidualEvolver,198,2376,54.04245983299916,0.311606579353763
2,ResDyNet-ResidualEvolver,199,2388,54.31414920798852,0.3055376707552298
2,ResDyNet-ResidualEvolver,200,2400,54.58593641698826,0.3114284582108965
2,ResDyNet-ResidualEvolver,201,2412,54.85713270798442,0.2945993724342024
2,ResDyNet-ResidualEvolver,202,2424,55.12724604198593,0.28358103064114776
2,ResDyNet-ResidualEvolver,203,2436,55.39668570799404,0.2958959268525772
2,ResDyNet-ResidualEvolver,204,2448,55.66550304199336,0.27712273303338375
2,ResDyNet-ResidualEvolver,205,2460,55.934001874993555,0.28572190686365123
2,ResDyNet-ResidualEvolver,206,2472,56.20267787500052,0.2870547126553576
2,ResDyNet-ResidualEvolver,207,2484,56.47179079201305,0.2666796906020167
2,ResDyNet-ResidualEvolver,208,2496,56.74110279200249,0.29256119544916936
2,ResDyNet-ResidualEvolver,209,2508,57.009706874989206,0.2764421388343335
2,ResDyNet-ResidualEvolver,210,2520,57.27980370799196,0.3019554478281598
2,ResDyNet-ResidualEvolver,211,2532,57.54913491700427,0.30899820301382036
2,ResDyNet-ResidualEvolver,212,2544,57.818505292001646,0.2835446872486016
2,ResDyNet-ResidualEvolver,213,2556,58.08882916701259,0.29297703416199283
2,ResDyNet-ResidualEvolver,214,2568,58.36028799999622,0.300772486307145
2,ResDyNet-ResidualEvolver,215,2580,58.63141041700146,0.27852399094031954
2,ResDyNet-ResidualEvolver,216,2592,58.90218441700563,0.2803473796908797
2,ResDyNet-ResidualEvolver,217,2604,59.17286733299261,0.28202802795529336
2,ResDyNet-ResidualEvolver,218,2616,59.44245266698999,0.2947176642371382
2,ResDyNet-ResidualEvolver,219,2628,59.712379042000975,0.27097474093369806
2,ResDyNet-ResidualEvolver,220,2640,59.98181912500877,0.2994769052996365
2,ResDyNet-ResidualEvolver,221,2652,60.25186625000788,0.2879079282687986
2,ResDyNet-ResidualEvolver,222,2664,60.52063083299436,0.28213281711706595
2,ResDyNet-ResidualEvolver,223,2676,60.78990058301133,0.2694041729195761
2,ResDyNet-ResidualEvolver,224,2688,61.064127833000384,0.3426731189614034
2,ResDyNet-ResidualEvolver,225,2700,61.33620737498859,0.25787444586521624
2,ResDyNet-ResidualEvolver,226,2712,61.610046124988,0.27832545536114184
2,ResDyNet-ResidualEvolver,227,2724,61.88343799998984,0.28791261621861236
2,ResDyNet-ResidualEvolver,228,2736,62.159309499984374,0.2857574481469696
2,ResDyNet-ResidualEvolver,229,2748,62.438319375010906,0.2822674748873327
2,ResDyNet-ResidualEvolver,230,2760,62.713527042011265,0.2812447783775901
2,ResDyNet-ResidualEvolver,231,2772,62.98973837500671,0.28706902727581335
2,ResDyNet-ResidualEvolver,232,2784,63.268800874997396,0.289875793009516
2,ResDyNet-ResidualEvolver,233,2796,63.54162100001122,0.28362741901804966
2,ResDyNet-ResidualEvolver,234,2808,63.81577833299525,0.2805024279787329
2,ResDyNet-ResidualEvolver,235,2820,64.09066795799299,0.28569175779712963
2,ResDyNet-ResidualEvolver,236,2832,64.36482337498455,0.2824174134412321
2,ResDyNet-ResidualEvolver,237,2844,64.6357330000028,0.2824170634323564
2,ResDyNet-ResidualEvolver,238,2856,64.90540429198882,0.2820032642215772
2,ResDyNet-ResidualEvolver,239,2868,65.17649329200503,0.27210624640778186
2,ResDyNet-ResidualEvolver,240,2880,65.4470784169971,0.24693720465479868
2,ResDyNet-ResidualEvolver,241,2892,65.71819250000408,0.26504227550395015
2,ResDyNet-ResidualEvolver,242,2904,65.98845804200391,0.2892513557198809
2,ResDyNet-ResidualEvolver,243,2916,66.26075616700109,0.30036265703287035
2,ResDyNet-ResidualEvolver,244,2928,66.53287674998865,0.30228070060547063
2,ResDyNet-ResidualEvolver,245,2940,66.80451112499577,0.28037548954728936
2,ResDyNet-ResidualEvolver,246,2952,67.07675220799865,0.2851390448925545
2,ResDyNet-ResidualEvolver,247,2964,67.34590512499562,0.29381398269944503
2,ResDyNet-ResidualEvolver,248,2976,67.61525845801225,0.28553945952288656
2,ResDyNet-ResidualEvolver,249,2988,67.88659262500005,0.27968263918508784
2,ResDyNet-ResidualEvolver,250,3000,68.15740391699364,0.28497748024752195
2,ResDyNet-ResidualEvolver,251,3012,68.42755654201028,0.28548385152963507
2,ResDyNet-ResidualEvolver,252,3024,68.69755337500828,0.29459774643322717
2,ResDyNet-ResidualEvolver,253,3036,68.96804570799577,0.299297092638703
2,ResDyNet-ResidualEvolver,254,3048,69.2384237080114,0.27883065952448793
2,ResDyNet-ResidualEvolver,255,3060,69.50855741699343,0.2893934448349454
2,ResDyNet-ResidualEvolver,256,3072,69.77821399999084,0.2970578095126834
2,ResDyNet-ResidualEvolver,257,3084,70.07381900001201,0.2966552759799475
2,ResDyNet-ResidualEvolver,258,3096,70.34963179199258,0.29915997988362325
2,ResDyNet-ResidualEvolver,259,3108,70.62128191700322,0.30635267554836704
2,ResDyNet-ResidualEvolver,260,3120,70.89364749999368,0.2730392790507009
2,ResDyNet-ResidualEvolver,261,3132,71.16525724998792,0.28742236781604724
2,ResDyNet-ResidualEvolver,262,3144,71.43474162500934,0.27683255408459995
2,ResDyNet-ResidualEvolver,263,3156,71.71436279200134,0.3037115774798645
2,ResDyNet-ResidualEvolver,264,3168,71.98825429199496,0.2682055070011489
2,ResDyNet-ResidualEvolver,265,3180,72.2593818329915,0.2993693244557332
2,ResDyNet-ResidualEvolver,266,3192,72.53095625000424,0.27294151127985405
2,ResDyNet-ResidualEvolver,267,3204,72.80156641700887,0.2758762822675233
2,ResDyNet-ResidualEvolver,268,3216,73.07206124998629,0.2903844446111788
2,ResDyNet-ResidualEvolver,269,3228,73.34239866700955,0.28159083799653883
2,ResDyNet-ResidualEvolver,270,3240,73.61293345800368,0.28036741327578324
2,ResDyNet-ResidualEvolver,271,3252,73.88233166700229,0.2966508798602716
2,ResDyNet-ResidualEvolver,272,3264,74.15447466701153,0.2893041657050602
2,ResDyNet-ResidualEvolver,273,3276,74.42629270799807,0.292903815640913
2,ResDyNet-ResidualEvolver,274,3288,74.70236208298593,0.28227441139886167
2,ResDyNet-ResidualEvolver,275,3300,74.9738942499971,0.2776129777955044
2,ResDyNet-ResidualEvolver,276,3312,75.24443391698878,0.2923332566928132
2,ResDyNet-ResidualEvolver,277,3324,75.51502408299712,0.28480752107499496
2,ResDyNet-ResidualEvolver,278,3336,75.78479533299105,0.28546946841990184
2,ResDyNet-ResidualEvolver,279,3348,76.0550307079975,0.28757190522997084
2,ResDyNet-ResidualEvolver,280,3360,76.32516383301117,0.2886346416564947
2,ResDyNet-ResidualEvolver,281,3372,76.59566220801207,0.28378946136141137
2,ResDyNet-ResidualEvolver,282,3384,76.86563837499125,0.27433479266413685
2,ResDyNet-ResidualEvolver,283,3396,77.13691287499387,0.3034354158288832
2,ResDyNet-ResidualEvolver,284,3408,77.40892474999418,0.2715515469521007
2,ResDyNet-ResidualEvolver,285,3420,77.67883291700855,0.2890404152265282
2,ResDyNet-ResidualEvolver,286,3432,77.94814537500497,0.2807220058027293
2,ResDyNet-ResidualEvolver,287,3444,78.22144662498613,0.27957643753990497
2,ResDyNet-ResidualEvolver,288,3456,78.49722012499114,0.291119065534544
2,ResDyNet-ResidualEvolver,289,3468,78.77709449999384,0.2849024871835906
2,ResDyNet-ResidualEvolver,290,3480,79.06577549999929,0.2870607797863
2,ResDyNet-ResidualEvolver,291,3492,79.33575133301201,0.28864438475237897
2,ResDyNet-ResidualEvolver,292,3504,79.60583049998968,0.2854237340811122
2,ResDyNet-ResidualEvolver,293,3516,79.87572325000656,0.28670638096001627
2,ResDyNet-ResidualEvolver,294,3528,80.1462579999934,0.2848435123230421
2,ResDyNet-ResidualEvolver,295,3540,80.41609637500369,0.2764546534598201
2,ResDyNet-ResidualEvolver,296,3552,80.68669195799157,0.28244027517897763
2,ResDyNet-ResidualEvolver,297,3564,80.9565257919894,0.2898187394020163
2,ResDyNet-ResidualEvolver,298,3576,81.23370641699876,0.28219251932558137
2,ResDyNet-ResidualEvolver,299,3588,81.50390250000055,0.2964876056531186
2,ResDyNet-ResidualEvolver,300,3600,81.77485033299308,0.28486288244084423
2,ResDyNet-MLPEvolver,0,0,0.0,0.5877139302058413
2,ResDyNet-MLPEvolver,1,12,0.1718761250085663,0.5912365122548325
2,ResDyNet-MLPEvolver,2,24,0.34347674998571165,0.5455280482881295
2,ResDyNet-MLPEvolver,3,36,0.5150751670007594,0.3659932252006843
2,ResDyNet-MLPEvolver,4,48,0.6872422090091277,0.4350164886055003
2,ResDyNet-MLPEvolver,5,60,0.8577176670078188,0.5136338364063694
2,ResDyNet-MLPEvolver,6,72,1.02804458400351,0.5359617105697255
2,ResDyNet-MLPEvolver,7,84,1.1987993750080932,0.45473696114990747
2,ResDyNet-MLPEvolver,8,96,1.3683337089896668,0.4480723194489192
2,ResDyNet-MLPEvolver,9,108,1.5380698340013623,0.46439174434088043
2,ResDyNet-MLPEvolver,10,120,1.7071622090006713,0.4030220774556957
2,ResDyNet-MLPEvolver,11,132,1.876293874986004,0.4238546016612397
2,ResDyNet-MLPEvolver,12,144,2.045346166996751,0.4360684307472731
2,ResDyNet-MLPEvolver,13,156,2.214772000006633,0.4625102040287222
2,ResDyNet-MLPEvolver,14,168,2.384274334006477,0.41933668493588033
2,ResDyNet-MLPEvolver,15,180,2.553748500009533,0.44262596501668133
2,ResDyNet-MLPEvolver,16,192,2.723015541996574,0.4041412961203057
2,ResDyNet-MLPEvolver,17,204,2.8920946669823024,0.4767385974112766
2,ResDyNet-MLPEvolver,18,216,3.0611501669918653,0.3448713994251005
2,ResDyNet-MLPEvolver,19,228,3.2306252919952385,0.3476412971085921
2,ResDyNet-MLPEvolver,20,240,3.3997234999842476,0.38087332643495797
2,ResDyNet-MLPEvolver,21,252,3.5694497090007644,0.39369346038982833
2,ResDyNet-MLPEvolver,22,264,3.738774083991302,0.3684829298434231
2,ResDyNet-MLPEvolver,23,276,3.9083217500010505,0.3757846984329362
2,ResDyNet-MLPEvolver,24,288,4.079482667002594,0.36420646533644313
2,ResDyNet-MLPEvolver,25,300,4.252110125002218,0.360053898375894
2,ResDyNet-MLPEvolver,26,312,4.423786083993036,0.3063448739409505
2,ResDyNet-MLPEvolver,27,324,4.595151208981406,0.3692449164498224
2,ResDyNet-MLPEvolver,28,336,4.766153500007931,0.2901547358104077
2,ResDyNet-MLPEvolver,29,348,4.937211499986006,0.36167950266259846
2,ResDyNet-MLPEvolver,30,360,5.108264249982312,0.3556461473152195
2,ResDyNet-MLPEvolver,31,372,5.278678417002084,0.3035160231590603
2,ResDyNet-MLPEvolver,32,384,5.448192084004404,0.2803934776904268
2,ResDyNet-MLPEvolver,33,396,5.617454499995802,0.32076552193882946
2,ResDyNet-MLPEvolver,34,408,5.7872244589962065,0.2882915824431916
2,ResDyNet-MLPEvolver,35,420,5.95659774998785,0.3297297164115167
2,ResDyNet-MLPEvolver,36,432,6.125931458984269,0.32278074383305844
2,ResDyNet-MLPEvolver,37,444,6.297880541998893,0.3467333397832188
2,ResDyNet-MLPEvolver,38,456,6.468608291994315,0.3107901758843988
2,ResDyNet-MLPEvolver,39,468,6.638351083995076,0.31528905634889254
2,ResDyNet-MLPEvolver,40,480,6.807681209000293,0.3056483735697975
2,ResDyNet-MLPEvolver,41,492,6.977019209007267,0.3344170845011589
2,ResDyNet-MLPEvolver,42,504,7.146606124995742,0.35456295025755685
2,ResDyNet-MLPEvolver,43,516,7.3165505419892725,0.37397698268579815
2,ResDyNet-MLPEvolver,44,528,7.4864309589902405,0.28384659356837977
2,ResDyNet-MLPEvolver,45,540,7.656507916981354,0.3568857835513797
2,ResDyNet-MLPEvolver,46,552,7.8261009590059984,0.2960266799061388
2,ResDyNet-MLPEvolver,47,564,7.995036999986041,0.43346907735060264
2,ResDyNet-MLPEvolver,48,576,8.166282208985649,0.3807510273684904
2,ResDyNet-MLPEvolver,49,588,8.337843583984068,0.32077798767865057
2,ResDyNet-MLPEvolver,50,600,8.509273959003622,0.28702720072406773
2,ResDyNet-MLPEvolver,51,612,8.680128584004706,0.3372092840771294
2,ResDyNet-MLPEvolver,52,624,8.851452709001023,0.3213527941367563
2,ResDyNet-MLPEvolver,53,636,9.022316499991575,0.3333357050351239
2,ResDyNet-MLPEvolver,54,648,9.194011874991702,0.27656746306213364
2,ResDyNet-MLPEvolver,55,660,9.363963249983499,0.2866303019130798
2,ResDyNet-MLPEvolver,56,672,9.533593416999793,0.3402680920213718
2,ResDyNet-MLPEvolver,57,684,9.703533083986258,0.29474461589775447
2,ResDyNet-MLPEvolver,58,696,9.87315983400913,0.3217534345609314
2,ResDyNet-MLPEvolver,59,708,10.04276199999731,0.3279775545729211
2,ResDyNet-MLPEvolver,60,720,10.212078334006947,0.3275684324902857
2,ResDyNet-MLPEvolver,61,732,10.381100291997427,0.33588530718055803
2,ResDyNet-MLPEvolver,62,744,10.55141275000642,0.30510426918484956
2,ResDyNet-MLPEvolver,63,756,10.721028708998347,0.27190151843994065
2,ResDyNet-MLPEvolver,64,768,10.8905916250078,0.2829967828965913
2,ResDyNet-MLPEvolver,65,780,11.059763625002233,0.28418155133403644
2,ResDyNet-MLPEvolver,66,792,11.229623083985643,0.2871294702443552
2,ResDyNet-MLPEvolver,67,804,11.398846374999266,0.299961540267339
2,ResDyNet-MLPEvolver,68,816,11.56846058400697,0.3086073744175161
2,ResDyNet-MLPEvolver,69,828,11.737963874998968,0.29279774296582844
2,ResDyNet-MLPEvolver,70,840,11.907579416991211,0.3136610387496087
2,ResDyNet-MLPEvolver,71,852,12.076704834005795,0.300847380094369
2,ResDyNet-MLPEvolver,72,864,12.248928958986653,0.31355932612708676
2,ResDyNet-MLPEvolver,73,876,12.419523916993057,0.3037222778640774
2,ResDyNet-MLPEvolver,74,888,12.591432874993188,0.30989698820353945
2,ResDyNet-MLPEvolver,75,900,12.762493458983954,0.31325674057725955
2,ResDyNet-MLPEvolver,76,912,12.933483625005465,0.3391851511041022
2,ResDyNet-MLPEvolver,77,924,13.104493499995442,0.277921568396804
2,ResDyNet-MLPEvolver,78,936,13.275826625002082,0.30816771675413646
2,ResDyNet-MLPEvolver,79,948,13.44494879199192,0.30959115506840584
2,ResDyNet-MLPEvolver,80,960,13.614887959003681,0.30388648306879745
2,ResDyNet-MLPEvolver,81,972,13.784777624998242,0.2972437765494583
2,ResDyNet-MLPEvolver,82,984,13.954116374981822,0.321730618484059
2,ResDyNet-MLPEvolver,83,996,14.123402750003152,0.3145440334124358
2,ResDyNet-MLPEvolver,84,1008,14.293231833988102,0.33346023212636566
2,ResDyNet-MLPEvolver,85,1020,14.462524583999766,0.2764224553104431
2,ResDyNet-MLPEvolver,86,1032,14.632152834004955,0.3188419477209619
2,ResDyNet-MLPEvolver,87,1044,14.801855875004549,0.2775214716357668
2,ResDyNet-MLPEvolver,88,1056,14.971267749991966,0.35410529764932525
2,ResDyNet-MLPEvolver,89,1068,15.140733709005872,0.3210546127702161
2,ResDyNet-MLPEvolver,90,1080,15.310140041983686,0.34332088758901014
2,ResDyNet-MLPEvolver,91,1092,15.47945358400466,0.28641504718386634
2,ResDyNet-MLPEvolver,92,1104,15.648871499986853,0.3037586907250352
2,ResDyNet-MLPEvolver,93,1116,15.818136208981741,0.29765531894595343
2,ResDyNet-MLPEvolver,94,1128,15.987511041981634,0.32648046838778033
2,ResDyNet-MLPEvolver,95,1140,16.15857162498287,0.2734214453843841
2,ResDyNet-MLPEvolver,96,1152,16.330228042003,0.29622292491997854
2,ResDyNet-MLPEvolver,97,1164,16.50165358398226,0.27528884641050927
2,ResDyNet-MLPEvolver,98,1176,16.672786916984478,0.29143993494724335
2,ResDyNet-MLPEvolver,99,1188,16.844168209005147,0.28134012940095815
2,ResDyNet-MLPEvolver,100,1200,17.01504495900008,0.2724090892659652
2,ResDyNet-MLPEvolver,101,1212,17.186366709007416,0.3166264834768663
2,ResDyNet-MLPEvolver,102,1224,17.356752541993046,0.297428221168788
2,ResDyNet-MLPEvolver,103,1236,17.52672566700494,0.2869621384083752
2,ResDyNet-MLPEvolver,104,1248,17.696712292003212,0.29433378058716825
2,ResDyNet-MLPEvolver,105,1260,17.86671495900373,0.31107178980886235
2,ResDyNet-MLPEvolver,106,1272,18.036381583980983,0.3278182962897948
2,ResDyNet-MLPEvolver,107,1284,18.206860042002518,0.2938422665471728
2,ResDyNet-MLPEvolver,108,1296,18.37577854198753,0.28378432867897013
2,ResDyNet-MLPEvolver,109,1308,18.545734334009467,0.3078902739627976
2,ResDyNet-MLPEvolver,110,1320,18.71473291699658,0.28262388828664353
2,ResDyNet-MLPEvolver,111,1332,18.8844782919914,0.3270330942378442
2,ResDyNet-MLPEvolver,112,1344,19.054380958987167,0.29917536962911895
2,ResDyNet-MLPEvolver,113,1356,19.22463708400028,0.28828501560559855
2,ResDyNet-MLPEvolver,114,1368,19.394042792002438,0.29497464935190637
2,ResDyNet-MLPEvolver,115,1380,19.56367866700748,0.28278050112734465
2,ResDyNet-MLPEvolver,116,1392,19.73325470898999,0.2979739911420076
2,ResDyNet-MLPEvolver,117,1404,19.902715874981368,0.3074031876729611
2,ResDyNet-MLPEvolver,118,1416,20.072497791989008,0.2564856839985967
2,ResDyNet-MLPEvolver,119,1428,20.244281249993946,0.3308446858646633
2,ResDyNet-MLPEvolver,120,1440,20.41647995900712,0.3048643396884264
2,ResDyNet-MLPEvolver,121,1452,20.58839237500797,0.30050074720236347
2,ResDyNet-MLPEvolver,122,1464,20.759142333990894,0.28833740823403387
2,ResDyNet-MLPEvolver,123,1476,20.929917667002883,0.2748594203418297
2,ResDyNet-MLPEvolver,124,1488,21.10019754199311,0.2680661882806287
2,ResDyNet-MLPEvolver,125,1500,21.271186124999076,0.2706265730666399
2,ResDyNet-MLPEvolver,126,1512,21.440903916984098,0.31313726389068974
2,ResDyNet-MLPEvolver,127,1524,21.611027709004702,0.2961051277944892
2,ResDyNet-MLPEvolver,128,1536,21.780731792008737,0.2897343276046618
2,ResDyNet-MLPEvolver,129,1548,21.952736125007505,0.2957899427110537
2,ResDyNet-MLPEvolver,130,1560,22.132561459002318,0.287832217676242
2,ResDyNet-MLPEvolver,131,1572,22.308336749993032,0.2827166211146875
2,ResDyNet-MLPEvolver,132,1584,22.488000416982686,0.2737945196937614
2,ResDyNet-MLPEvolver,133,1596,22.66054254199844,0.2923155801897836
2,ResDyNet-MLPEvolver,134,1608,22.831173833983485,0.30292251983468904
2,ResDyNet-MLPEvolver,135,1620,23.001064249983756,0.29052636220748285
2,ResDyNet-MLPEvolver,136,1632,23.170266166998772,0.32812012011310293
2,ResDyNet-MLPEvolver,137,1644,23.340215333999367,0.3070783101378374
2,ResDyNet-MLPEvolver,138,1656,23.50995191698894,0.3375263288672152
2,ResDyNet-MLPEvolver,139,1668,23.679791375005152,0.2742782082363099
2,ResDyNet-MLPEvolver,140,1680,23.850508000003174,0.30174156747126896
2,ResDyNet-MLPEvolver,141,1692,24.020037499984028,0.3039511305018705
2,ResDyNet-MLPEvolver,142,1704,24.19155208399752,0.3075065287004067
2,ResDyNet-MLPEvolver,143,1716,24.362878209009068,0.2828518749048759
2,ResDyNet-MLPEvolver,144,1728,24.534238083986565,0.2920486181337525
2,ResDyNet-MLPEvolver,145,1740,24.705619499989552,0.27581986855593504
2,ResDyNet-MLPEvolver,146,1752,24.876930166996317,0.3178855019513262
2,ResDyNet-MLPEvolver,147,1764,25.047734333988046,0.27482135604141583
2,ResDyNet-MLPEvolver,148,1776,25.218621584004723,0.2923696385995153
2,ResDyNet-MLPEvolver,149,1788,25.388278041995363,0.2983762826950822
2,ResDyNet-MLPEvolver,150,1800,25.558298249990912,0.28283955975439856
2,ResDyNet-MLPEvolver,151,1812,25.72769629198592,0.3010145511535561
2,ResDyNet-MLPEvolver,152,1824,25.897108874982223,0.2932610983864766
2,ResDyNet-MLPEvolver,153,1836,26.066796333994716,0.30777392843542406
2,ResDyNet-MLPEvolver,154,1848,26.236979459004942,0.30195230160990655
2,ResDyNet-MLPEvolver,155,1860,26.406620875000954,0.32073984064195415
2,ResDyNet-MLPEvolver,156,1872,26.576347708993126,0.2712013888027145
2,ResDyNet-MLPEvolver,157,1884,26.74571562500205,0.2964633741254814
2,ResDyNet-MLPEvolver,158,1896,26.91498087500804,0.29699358179110374
2,ResDyNet-MLPEvolver,159,1908,27.085377791983774,0.3140423329065855
2,ResDyNet-MLPEvolver,160,1920,27.25553129200125,0.2933808752390453
2,ResDyNet-MLPEvolver,161,1932,27.42446799998288,0.3112865310665018
2,ResDyNet-MLPEvolver,162,1944,27.59364133400959,0.2999465483143865
2,ResDyNet-MLPEvolver,163,1956,27.762372166995192,0.29574603108328235
2,ResDyNet-MLPEvolver,164,1968,27.931355749984505,0.3057496393041141
2,ResDyNet-MLPEvolver,165,1980,28.100016124983085,0.3069733219436183
2,ResDyNet-MLPEvolver,166,1992,28.272468292008853,0.28195575996395084
2,ResDyNet-MLPEvolver,167,2004,28.443277041980764,0.33476699907487806
2,ResDyNet-MLPEvolver,168,2016,28.614364209002815,0.3149324393648382
2,ResDyNet-MLPEvolver,169,2028,28.784802459005732,0.2937370871929261
2,ResDyNet-MLPEvolver,170,2040,28.95615183399059,0.2932144808704115
2,ResDyNet-MLPEvolver,171,2052,29.12665312498575,0.3004825969881963
2,ResDyNet-MLPEvolver,172,2064,29.296590291982284,0.2879638806371657
2,ResDyNet-MLPEvolver,173,2076,29.46572458400624,0.29562118022769457
2,ResDyNet-MLPEvolver,174,2088,29.635030083998572,0.29572375501080156
2,ResDyNet-MLPEvolver,175,2100,29.804329709004378,0.28166801661582347
2,ResDyNet-MLPEvolver,176,2112,29.973425709002186,0.29159015895036594
2,ResDyNet-MLPEvolver,177,2124,30.142761333991075,0.2951781967814118
2,ResDyNet-MLPEvolver,178,2136,30.31222812499618,0.35011253678942983
2,ResDyNet-MLPEvolver,179,2148,30.481575459009036,0.30763066557695223
2,ResDyNet-MLPEvolver,180,2160,30.65088649999234,0.3426485639534521
2,ResDyNet-MLPEvolver,181,2172,30.820037917001173,0.297373708619936
2,ResDyNet-MLPEvolver,182,2184,30.98972179199336,0.31658809650671793
2,ResDyNet-MLPEvolver,183,2196,31.15880533400923,0.31431421457258246
2,ResDyNet-MLPEvolver,184,2208,31.328287874988746,0.3231992453228472
2,ResDyNet-MLPEvolver,185,2220,31.497820666991174,0.3361701157444877
2,ResDyNet-MLPEvolver,186,2232,31.66593279200606,0.31519671435304497
2,ResDyNet-MLPEvolver,187,2244,31.83535279199714,0.31141036154826546
2,ResDyNet-MLPEvolver,188,2256,32.017659709003055,0.33280603990296487
2,ResDyNet-MLPEvolver,189,2268,32.189749999990454,0.32883288201811023
2,ResDyNet-MLPEvolver,190,2280,32.367211749980925,0.29369611205434715
2,ResDyNet-MLPEvolver,191,2292,32.53867004200583,0.3198228232045603
2,ResDyNet-MLPEvolver,192,2304,32.708462249982404,0.32382229674470714
2,ResDyNet-MLPEvolver,193,2316,32.878169458999764,0.30327436627439086
2,ResDyNet-MLPEvolver,194,2328,33.04705679198378,0.3092264647188674
2,ResDyNet-MLPEvolver,195,2340,33.21684962499421,0.3032292070865577
2,ResDyNet-MLPEvolver,196,2352,33.38587500000722,0.31968910044438975
2,ResDyNet-MLPEvolver,197,2364,33.55463866700302,0.3038886529138219
2,ResDyNet-MLPEvolver,198,2376,33.72359079198213,0.3135550210669348
2,ResDyNet-MLPEvolver,199,2388,33.892123208992416,0.2908764814059503
2,ResDyNet-MLPEvolver,200,2400,34.06064837498707,0.3032370412726587
2,ResDyNet-MLPEvolver,201,2412,34.22968241700437,0.28773393061524644
2,ResDyNet-MLPEvolver,202,2424,34.39790095898206,0.30517196937325236
2,ResDyNet-MLPEvolver,203,2436,34.56789754200145,0.27520381679534395
2,ResDyNet-MLPEvolver,204,2448,34.73686666699359,0.3007404400481137
2,ResDyNet-MLPEvolver,205,2460,34.90634487499483,0.29661369576947294
2,ResDyNet-MLPEvolver,206,2472,35.07614166699932,0.31244798299027293
2,ResDyNet-MLPEvolver,207,2484,35.2456284170039,0.30746577478910736
2,ResDyNet-MLPEvolver,208,2496,35.415123291983036,0.3109082337934401
2,ResDyNet-MLPEvolver,209,2508,35.584767333988566,0.3041221737872196
2,ResDyNet-MLPEvolver,210,2520,35.75374141699285,0.30167296830877255
2,ResDyNet-MLPEvolver,211,2532,35.92258758400567,0.31881107968165306
2,ResDyNet-MLPEvolver,212,2544,36.091752334003104,0.2799699931668555
2,ResDyNet-MLPEvolver,213,2556,36.26298762499937,0.31461627681729487
2,ResDyNet-MLPEvolver,214,2568,36.43262391700409,0.32069983424838633
2,ResDyNet-MLPEvolver,215,2580,36.603587541991146,0.310562871605878
2,ResDyNet-MLPEvolver,216,2592,36.77405233398895,0.3041100887496471
2,ResDyNet-MLPEvolver,217,2604,36.94405958399875,0.3080982827512132
2,ResDyNet-MLPEvolver,218,2616,37.11461349998717,0.3072843973596862
2,ResDyNet-MLPEvolver,219,2628,37.2851450839953,0.3162509095476349
2,ResDyNet-MLPEvolver,220,2640,37.45475787500618,0.31055789784448085
2,ResDyNet-MLPEvolver,221,2652,37.6246145000041,0.2832951481060983
2,ResDyNet-MLPEvolver,222,2664,37.794087166985264,0.30722791250316
2,ResDyNet-MLPEvolver,223,2676,37.96310712498962,0.3269565541324258
2,ResDyNet-MLPEvolver,224,2688,38.13209083399852,0.3382922992290781
2,ResDyNet-MLPEvolver,225,2700,38.301710708998144,0.3109434765304198
2,ResDyNet-MLPEvolver,226,2712,38.47166583398939,0.31242316102976275
2,ResDyNet-MLPEvolver,227,2724,38.64137624998693,0.312243486872742
2,ResDyNet-MLPEvolver,228,2736,38.81067570898449,0.3152555524224358
2,ResDyNet-MLPEvolver,229,2748,38.97958245899645,0.3055238263720565
2,ResDyNet-MLPEvolver,230,2760,39.14937829200062,0.30824842355417076
2,ResDyNet-MLPEvolver,231,2772,39.319351624988485,0.31324135491568866
2,ResDyNet-MLPEvolver,232,2784,39.48874362499919,0.28679011635813
2,ResDyNet-MLPEvolver,233,2796,39.65892245899886,0.32263807589201865
2,ResDyNet-MLPEvolver,234,2808,39.82834949999233,0.3102308304817518
2,ResDyNet-MLPEvolver,235,2820,39.99769245900097,0.29819703110371704
2,ResDyNet-MLPEvolver,236,2832,40.16891141698579,0.30467483640111004
2,ResDyNet-MLPEvolver,237,2844,40.34077791700838,0.306641458733137
2,ResDyNet-MLPEvolver,238,2856,40.51184145899606,0.30834550100158775
2,ResDyNet-MLPEvolver,239,2868,40.68336695898324,0.3211733725752043
2,ResDyNet-MLPEvolver,240,2880,40.85471362498356,0.3077189619165197
2,ResDyNet-MLPEvolver,241,2892,41.025775583984796,0.304738455026968
2,ResDyNet-MLPEvolver,242,2904,41.19651070900727,0.3181744172929252
2,ResDyNet-MLPEvolver,243,2916,41.36612479199539,0.3019172843231241
2,ResDyNet-MLPEvolver,244,2928,41.53579979200731,0.3279036991654467
2,ResDyNet-MLPEvolver,245,2940,41.70622508399538,0.31918358219941423
2,ResDyNet-MLPEvolver,246,2952,41.87581837500329,0.3174781069489267
2,ResDyNet-MLPEvolver,247,2964,42.04475270898547,0.32993552247528884
2,ResDyNet-MLPEvolver,248,2976,42.21433699998306,0.3379883296028099
2,ResDyNet-MLPEvolver,249,2988,42.38339529198129,0.2894021667275203
2,ResDyNet-MLPEvolver,250,3000,42.55372537500807,0.3141155458913576
2,ResDyNet-MLPEvolver,251,3012,42.73125491698738,0.30326613819543474
2,ResDyNet-MLPEvolver,252,3024,42.901355666981544,0.31659663070832067
2,ResDyNet-MLPEvolver,253,3036,43.07122279200121,0.2940682203809749
2,ResDyNet-MLPEvolver,254,3048,43.24081724998541,0.30005719693515165
2,ResDyNet-MLPEvolver,255,3060,43.410320374998264,0.30551605072416677
2,ResDyNet-MLPEvolver,256,3072,43.57986083399737,0.3149465722744402
2,ResDyNet-MLPEvolver,257,3084,43.748956625000574,0.31261247938219044
2,ResDyNet-MLPEvolver,258,3096,43.91821641699062,0.30902378157347593
2,ResDyNet-MLPEvolver,259,3108,44.08786183400662,0.3260666272199705
2,ResDyNet-MLPEvolver,260,3120,44.25964116700925,0.31802899084397096
2,ResDyNet-MLPEvolver,261,3132,44.430075749987736,0.32429731120827154
2,ResDyNet-MLPEvolver,262,3144,44.60125824998249,0.31860458233919
2,ResDyNet-MLPEvolver,263,3156,44.772154874983244,0.30601652427815634
2,ResDyNet-MLPEvolver,264,3168,44.94308395899134,0.31726991096358875
2,ResDyNet-MLPEvolver,265,3180,45.11315791698871,0.32344415065151666
2,ResDyNet-MLPEvolver,266,3192,45.282798291998915,0.3181929262275748
2,ResDyNet-MLPEvolver,267,3204,45.45237512499443,0.3158818725361143
2,ResDyNet-MLPEvolver,268,3216,45.62173258399707,0.31831322821152686
2,ResDyNet-MLPEvolver,269,3228,45.79049754200969,0.31064169418661064
2,ResDyNet-MLPEvolver,270,3240,45.959156291995896,0.31211119127511366
2,ResDyNet-MLPEvolver,271,3252,46.128591458982555,0.33170891065909897
2,ResDyNet-MLPEvolver,272,3264,46.29810579199693,0.31407668523730564
2,ResDyNet-MLPEvolver,273,3276,46.4671153750096,0.31010311492790205
2,ResDyNet-MLPEvolver,274,3288,46.63666420898517,0.32976243481554235
2,ResDyNet-MLPEvolver,275,3300,46.80613320900011,0.3126235165901512
2,ResDyNet-MLPEvolver,276,3312,46.97563674999401,0.3303420991512578
2,ResDyNet-MLPEvolver,277,3324,47.14539304198115,0.32072085444888176
2,ResDyNet-MLPEvolver,278,3336,47.315200334007386,0.3304921110600229
2,ResDyNet-MLPEvolver,279,3348,47.48416070899111,0.3021157284761778
2,ResDyNet-MLPEvolver,280,3360,47.65377649999573,0.3057900009169465
2,ResDyNet-MLPEvolver,281,3372,47.82261624999228,0.2918413705664433
2,ResDyNet-MLPEvolver,282,3384,47.99227337498451,0.32882131396905734
2,ResDyNet-MLPEvolver,283,3396,48.16232333399239,0.31307392969042935
2,ResDyNet-MLPEvolver,284,3408,48.333590374997584,0.3040149476463751
2,ResDyNet-MLPEvolver,285,3420,48.50471541698789,0.3180539299325959
2,ResDyNet-MLPEvolver,286,3432,48.67642750000232,0.32151417368875784
2,ResDyNet-MLPEvolver,287,3444,48.84727608400863,0.3015784293050602
2,ResDyNet-MLPEvolver,288,3456,49.017939166980796,0.30101471809435754
2,ResDyNet-MLPEvolver,289,3468,49.18879454198759,0.3315288117161942
2,ResDyNet-MLPEvolver,290,3480,49.358641208993504,0.31127591419234873
2,ResDyNet-MLPEvolver,291,3492,49.52784533399972,0.3212883841701154
2,ResDyNet-MLPEvolver,292,3504,49.697175834007794,0.31325441960738376
2,ResDyNet-MLPEvolver,293,3516,49.86691254199832,0.30774967946178505
2,ResDyNet-MLPEvolver,294,3528,50.03702770898235,0.3106719861010303
2,ResDyNet-MLPEvolver,295,3540,50.20646008400945,0.32303654771876616
2,ResDyNet-MLPEvolver,296,3552,50.37624270899687,0.31189628088431937
2,ResDyNet-MLPEvolver,297,3564,50.54578412498813,0.3163789800431961
2,ResDyNet-MLPEvolver,298,3576,50.7149329999811,0.32508311696546455
2,ResDyNet-MLPEvolver,299,3588,50.88431237498298,0.31968325811580306
2,ResDyNet-MLPEvolver,300,3600,51.05329645899474,0.2996016420438476
