training_horizon,seed,model,prediction_step,rmse,nrmse,nrmse_percent
5,0,ResDyNet,1,0.048555054245157395,0.0465571278434108,4.65571278434108
5,0,ResDyNet,2,0.06211171614084197,0.05956484654506803,5.956484654506803
5,0,ResDyNet,3,0.0720715200966698,0.06912909151054726,6.912909151054726
5,0,ResDyNet,4,0.08153132172319986,0.07822049186712265,7.822049186712266
5,0,ResDyNet,5,0.09323721044655248,0.08947527416998928,8.947527416998929
5,0,ResDyNet,6,0.10625061777955576,0.10199372709919002,10.199372709919002
5,0,ResDyNet,7,0.12035931023156295,0.11557535312551552,11.557535312551552
5,0,ResDyNet,8,0.13564919337255749,0.13030513394882243,13.030513394882243
5,0,ResDyNet,9,0.15133319201511372,0.14542957273203094,14.542957273203092
5,0,ResDyNet,10,0.16713839297944816,0.16068847149615118,16.068847149615117
5,0,ResDyNet,11,0.18273742932244644,0.17576727680935392,17.57672768093539
5,0,ResDyNet,12,0.19812495453497364,0.19066075709871874,19.066075709871875
5,0,ResDyNet,13,0.2131578887202514,0.20523240384078809,20.523240384078807
5,0,ResDyNet,14,0.2278697365353613,0.21951164976143264,21.951164976143264
5,0,ResDyNet,15,0.24221637388125267,0.23345943309429917,23.345943309429916
5,0,ResDyNet,16,0.2563468136496288,0.24721249888228772,24.721249888228773
5,0,ResDyNet,17,0.2703575208929066,0.26087233796627474,26.087233796627473
5,0,ResDyNet,18,0.28444365771183483,0.2746212984026782,27.46212984026782
5,0,ResDyNet,19,0.2986187533776037,0.28847251530465207,28.847251530465204
5,0,ResDyNet,20,0.3128380702820964,0.30237751671478885,30.237751671478886
5,0,ResDyNet,21,0.32698159781301317,0.3162276627408858,31.62276627408858
5,0,ResDyNet,22,0.3412218050816595,0.33014980775378483,33.01498077537848
5,0,ResDyNet,23,0.3549627971132855,0.34359818728654584,34.35981872865458
5,0,ResDyNet,24,0.3680575342333502,0.35643087648287786,35.64308764828779
5,0,ResDyNet,25,0.3803714275871057,0.36850021997239657,36.85002199723966
5,0,ResDyNet,26,0.3917672371493926,0.37968569557631865,37.96856955763186
5,0,ResDyNet,27,0.40228274586322704,0.3900157279783601,39.00157279783601
5,0,ResDyNet,28,0.41198112523805286,0.3995420865709962,39.95420865709962
5,0,ResDyNet,29,0.42088010720559405,0.4082893676020976,40.82893676020976
5,0,ResDyNet,30,0.42908152570420405,0.41634215868383057,41.63421586838306
5,0,ResDyNet,31,0.4366619087110747,0.4237884949684152,42.37884949684152
5,0,ResDyNet,32,0.44373522722911246,0.430717865730851,43.0717865730851
5,0,ResDyNet,33,0.4503162248286677,0.4371606649444461,43.71606649444461
5,0,ResDyNet,34,0.456494848350104,0.4431960020144082,44.319600201440814
5,0,ResDyNet,35,0.46232034288315543,0.4488574537281635,44.88574537281635
5,0,ResDyNet,36,0.4677660548270901,0.4541338923044991,45.4133892304499
5,0,ResDyNet,37,0.47289167095306756,0.4590654465996368,45.90654465996368
5,0,ResDyNet,38,0.4776718383745876,0.4636270104079322,46.36270104079322
5,0,ResDyNet,39,0.48210683276685984,0.4678294253195977,46.78294253195977
5,0,ResDyNet,40,0.4862330673357152,0.47168384444920575,47.16838444492057
5,0,ResDyNet,41,0.49002360564661007,0.4751604512753583,47.516045127535826
5,0,ResDyNet,42,0.4935022710334582,0.4782644487602998,47.826444876029974
5,0,ResDyNet,43,0.49662892081725646,0.4809827457480593,48.09827457480593
5,0,ResDyNet,44,0.4994483997548013,0.48335288000977317,48.335288000977314
5,0,ResDyNet,45,0.5019580013834622,0.4853643874052412,48.53643874052411
5,0,ResDyNet,46,0.5042038778013321,0.487069456329901,48.7069456329901
5,0,ResDyNet,47,0.5062221569979278,0.488502313337919,48.850231333791896
5,0,ResDyNet,48,0.5080126620159715,0.4896830917120124,48.96830917120124
5,0,ResDyNet,49,0.5096504106432086,0.4906760853549755,49.06760853549755
5,0,ResDyNet,50,0.5111638463733017,0.49150024471918846,49.15002447191885
5,0,ResDyNet,51,0.512558396193796,0.49220019777443613,49.22001977744361
5,0,ResDyNet,52,0.5138535302038513,0.49281298235927695,49.28129823592769
5,0,ResDyNet,53,0.5150507750062351,0.4933275684166579,49.33275684166579
5,0,ResDyNet,54,0.5161418929068894,0.49373965949267906,49.37396594926791
5,0,ResDyNet,55,0.5171379963618762,0.49406805547517446,49.40680554751744
5,0,ResDyNet,56,0.5180440858028398,0.4943092012590651,49.43092012590651
5,0,ResDyNet,57,0.5188248250190068,0.49445508913448466,49.445508913448464
5,0,ResDyNet,58,0.519481086101564,0.4944923065111818,49.449230651118185
5,0,ResDyNet,59,0.520010459022085,0.49442092660369674,49.442092660369674
5,0,ResDyNet,60,0.5204217852894389,0.4942396909235253,49.42396909235253
5,0,ResDyNet,61,0.5207129036349826,0.493959127743274,49.3959127743274
5,0,ResDyNet,62,0.5209038658482067,0.4935930648487625,49.35930648487625
5,0,ResDyNet,63,0.5210059980188485,0.4931586447909284,49.31586447909284
5,0,ResDyNet,64,0.5210331069719404,0.4926604074253824,49.266040742538245
5,0,ResDyNet,65,0.5209805757618737,0.49210451929647975,49.210451929647974
5,0,ResDyNet,66,0.520869367603181,0.491510528365662,49.1510528365662
5,0,ResDyNet,67,0.5207360849277001,0.49091499681624245,49.09149968162424
5,0,ResDyNet,68,0.5205790147452577,0.49032837606521623,49.032837606521625
5,0,ResDyNet,69,0.5204437367556017,0.4897817182103796,48.978171821037954
5,0,ResDyNet,70,0.5203672632974898,0.48930584066387023,48.93058406638703
5,0,ResDyNet,71,0.5203706503884641,0.4889109914389958,48.89109914389958
5,0,ResDyNet,72,0.5204281583463907,0.48859073065518777,48.85907306551877
5,0,ResDyNet,73,0.5205431018450091,0.48835129017822615,48.83512901782262
5,0,ResDyNet,74,0.5207261652611321,0.48820234954491565,48.82023495449157
5,0,ResDyNet,75,0.5209275404939082,0.4881000854545072,48.81000854545072
5,0,ResDyNet,76,0.5211648500163197,0.488040102955137,48.8040102955137
5,0,ResDyNet,77,0.5214039452004333,0.4880077538188919,48.80077538188919
5,0,ResDyNet,78,0.5216234021594597,0.4879808236160203,48.798082361602034
5,0,ResDyNet,79,0.521829188574219,0.4879595052315052,48.79595052315052
5,0,ResDyNet,80,0.522029298009556,0.4879438359863833,48.79438359863833
5,0,ResDyNet,81,0.5222055061761192,0.4879203376621151,48.79203376621151
5,0,ResDyNet,82,0.5223210848426099,0.48786377403465625,48.78637740346562
5,0,ResDyNet,83,0.5223713805503646,0.48777314378161957,48.77731437816196
5,0,ResDyNet,84,0.5223281408154207,0.4876279607768292,48.762796077682914
5,0,ResDyNet,85,0.522192743730605,0.48742615338103035,48.742615338103036
5,0,ResDyNet,86,0.5220330393148926,0.48720092548883787,48.72009254888379
5,0,ResDyNet,87,0.5217943500755772,0.4869277869161423,48.69277869161422
5,0,ResDyNet,88,0.5215537508399507,0.48664397065212045,48.66439706521204
5,0,ResDyNet,89,0.5212980880512861,0.4863640075473572,48.63640075473572
5,0,ResDyNet,90,0.5211013487240266,0.48614196986789926,48.61419698678993
5,0,ResDyNet,91,0.5209829596801533,0.4859980050722536,48.59980050722536
5,0,ResDyNet,92,0.5209736808543423,0.48595606362450566,48.59560636245057
5,0,ResDyNet,93,0.5210663949648064,0.4860014534276944,48.600145342769444
5,0,ResDyNet,94,0.5212247627419894,0.48611316893064055,48.61131689306406
5,0,ResDyNet,95,0.5214251850247048,0.4862598414959588,48.62598414959588
5,0,ResDyNet,96,0.5216221840311729,0.48639911567652233,48.639911567652234
5,0,ResDyNet,97,0.5217728993225588,0.48649936826288986,48.649936826288986
5,0,ResDyNet,98,0.5218450005369657,0.4865219400040657,48.65219400040657
5,0,ResDyNet,99,0.5218146658860505,0.486434086743712,48.64340867437121
5,0,ResDyNet,100,0.5217118969219827,0.4862772793651894,48.62772793651894
5,0,Plain,1,0.053004001382502025,0.05082301125888631,5.08230112588863
5,0,Plain,2,0.06782633534580335,0.06504513975150863,6.504513975150863
5,0,Plain,3,0.0709616083618819,0.06806449359753157,6.806449359753156
5,0,Plain,4,0.0851662559913071,0.08170781845948798,8.170781845948799
5,0,Plain,5,0.10532914729592266,0.10107932538153643,10.107932538153642
5,0,Plain,6,0.1283858773598358,0.12324214590448024,12.324214590448022
5,0,Plain,7,0.15261794196365364,0.14655179148005035,14.655179148005034
5,0,Plain,8,0.1772990224898118,0.1703141190901033,17.03141190901033
5,0,Plain,9,0.20195581446941727,0.19407736939893155,19.407736939893155
5,0,Plain,10,0.22624630600415482,0.2175153921572554,21.75153921572554
5,0,Plain,11,0.2502036633655768,0.24066014675018624,24.066014675018625
5,0,Plain,12,0.2738384680357995,0.2635218252087599,26.352182520875992
5,0,Plain,13,0.2971838759832922,0.2861341966602951,28.613419666029507
5,0,Plain,14,0.3202823157978472,0.30853460665360194,30.853460665360195
5,0,Plain,15,0.3430584964203806,0.33065577198240614,33.06557719824062
5,0,Plain,16,0.3656147905247897,0.35258696883002316,35.258696883002315
5,0,Plain,17,0.38797962279412235,0.374367803593185,37.4367803593185
5,0,Plain,18,0.4102588848710102,0.39609189584621207,39.60918958462121
5,0,Plain,19,0.4324811109915291,0.4177866008023918,41.778660080239185
5,0,Plain,20,0.4545905058159293,0.4393900913235723,43.939009132357235
5,0,Plain,21,0.4766480391331771,0.46097179894296847,46.09717989429685
5,0,Plain,22,0.4988610819686972,0.4826739905100601,48.26739905100601
5,0,Plain,23,0.5209804999710151,0.50430061081739,50.430061081739
5,0,Plain,24,0.5429297289464767,0.5257789914831994,52.57789914831994
5,0,Plain,25,0.5645689944592813,0.5469490701958615,54.69490701958615
5,0,Plain,26,0.5857702234734804,0.5677059071241656,56.770590712416556
5,0,Plain,27,0.6065472381854757,0.5880514764473682,58.80514764473683
5,0,Plain,28,0.626843546462434,0.607917118441889,60.791711844188896
5,0,Plain,29,0.646619838959276,0.6272760356399757,62.72760356399757
5,0,Plain,30,0.6658297037268106,0.6460613183251753,64.60613183251753
5,0,Plain,31,0.684461486418302,0.6642825889010269,66.42825889010268
5,0,Plain,32,0.7025505571032283,0.681940621241869,68.19406212418691
5,0,Plain,33,0.7200748561705281,0.699038554635806,69.90385546358058
5,0,Plain,34,0.7371257184175964,0.7156513870100123,71.56513870100122
5,0,Plain,35,0.753727426211203,0.731778686666503,73.17786866665031
5,0,Plain,36,0.7698905682185879,0.7474535545826897,74.74535545826896
5,0,Plain,37,0.7856902430512447,0.7627185346453121,76.27185346453122
5,0,Plain,38,0.8011273409518905,0.7775720572212431,77.75720572212431
5,0,Plain,39,0.8162490745819466,0.7920761738384038,79.20761738384037
5,0,Plain,40,0.8311226806495007,0.8062535593594551,80.6253559359455
5,0,Plain,41,0.8457790171391275,0.820125265052804,82.0125265052804
5,0,Plain,42,0.8602648535764461,0.8337025382314903,83.37025382314904
5,0,Plain,43,0.874546200833498,0.8469938324739896,84.69938324739896
5,0,Plain,44,0.8886944842291538,0.8600548897780946,86.00548897780948
5,0,Plain,45,0.9027126540505771,0.8728709834859365,87.28709834859364
5,0,Plain,46,0.916616140983565,0.8854666636022793,88.54666636022793
5,0,Plain,47,0.9304142310608413,0.8978459317765551,89.78459317765551
5,0,Plain,48,0.9440285390064992,0.9099671095019736,90.99671095019735
5,0,Plain,49,0.9574968021566624,0.9218491201237281,92.18491201237282
5,0,Plain,50,0.9707858323648186,0.9334413565484718,93.34413565484718
5,0,Plain,51,0.9838960848602716,0.9448169245765654,94.48169245765655
5,0,Plain,52,0.9967878639199598,0.9559728037735816,95.59728037735816
5,0,Plain,53,1.0094313476041754,0.966856737942176,96.68567379421759
5,0,Plain,54,1.0217917134729646,0.9774426366386674,97.74426366386673
5,0,Plain,55,1.0338483627788126,0.987727557920315,98.77275579203149
5,0,Plain,56,1.045658088526849,0.9977498608612705,99.77498608612706
5,0,Plain,57,1.0571666577195342,1.0075104520173412,100.75104520173412
5,0,Plain,58,1.068359966014016,1.0169682745199913,101.69682745199913
5,0,Plain,59,1.079276952892168,1.0261661123402466,102.61661123402466
5,0,Plain,60,1.0898855740732898,1.03505411283351,103.50541128335101
5,0,Plain,61,1.1002308503742013,1.0437019466451527,104.37019466451527
5,0,Plain,62,1.110343956415819,1.0521290249807649,105.2129024980765
5,0,Plain,63,1.1202343140669213,1.0603586873745587,106.03586873745589
5,0,Plain,64,1.1298880746176105,1.0683603627824185,106.83603627824185
5,0,Plain,65,1.139283904778938,1.076137545979665,107.61375459796649
5,0,Plain,66,1.1484199280540377,1.0836891564979187,108.36891564979189
5,0,Plain,67,1.1572733304878247,1.090999548131626,109.09995481316258
5,0,Plain,68,1.1658587143786576,1.0981111300126136,109.81111300126136
5,0,Plain,69,1.174206647113794,1.105028091494758,110.50280914947581
5,0,Plain,70,1.182273019129714,1.111701550657995,111.17015506579949
5,0,Plain,71,1.190018104694892,1.1180740707847432,111.80740707847431
5,0,Plain,72,1.1974049493008943,1.124153160597559,112.41531605975591
5,0,Plain,73,1.2044438045150518,1.129957699559008,112.99576995590078
5,0,Plain,74,1.211156425175311,1.135509317340506,113.55093173405061
5,0,Plain,75,1.217555872975693,1.1408287706992957,114.08287706992958
5,0,Plain,76,1.2235833323327212,1.1458135280365733,114.58135280365732
5,0,Plain,77,1.2292528849636741,1.1505186042194464,115.05186042194465
5,0,Plain,78,1.2346189062391293,1.1549910303570046,115.49910303570044
5,0,Plain,79,1.2397146381496804,1.1592501046417303,115.92501046417303
5,0,Plain,80,1.2445396718060233,1.1632785052749075,116.32785052749075
5,0,Plain,81,1.249114725359093,1.1671046577788848,116.71046577788849
5,0,Plain,82,1.2534676863342435,1.1707769298070392,117.07769298070392
5,0,Plain,83,1.2575893328597267,1.1742953869887127,117.42953869887127
5,0,Plain,84,1.2614834948912466,1.1776785053302752,117.76785053302753
5,0,Plain,85,1.2651596902706272,1.1809277870002033,118.09277870002033
5,0,Plain,86,1.2686710683503357,1.184020305405147,118.40203054051469
5,0,Plain,87,1.2719951818055826,1.186999818520224,118.6999818520224
5,0,Plain,88,1.2751286308246401,1.1897789230685218,118.97789230685217
5,0,Plain,89,1.2780392316440554,1.1923931753304162,119.23931753304163
5,0,Plain,90,1.280774389640587,1.1948504571343534,119.48504571343534
5,0,Plain,91,1.2832944610877084,1.1971189007636518,119.7118900763652
5,0,Plain,92,1.285631664871796,1.1992170163137146,119.92170163137146
5,0,Plain,93,1.2877942068858401,1.2011326431913834,120.11326431913835
5,0,Plain,94,1.2897747302387848,1.2028908182042692,120.28908182042693
5,0,Plain,95,1.2916146666038981,1.2045071106929943,120.45071106929943
5,0,Plain,96,1.293325291354196,1.2059921860209213,120.59921860209215
5,0,Plain,97,1.294895687214755,1.2073565618571453,120.73565618571453
5,0,Plain,98,1.2963295886028081,1.2085825976731466,120.85825976731465
5,0,Plain,99,1.297694769685129,1.2097072225672612,120.97072225672612
5,0,Plain,100,1.298932938466204,1.2107095489325845,121.07095489325843
5,1,ResDyNet,1,0.04236923264869412,0.04062583827201062,4.0625838272010615
5,1,ResDyNet,2,0.05086224185342706,0.04877665308856899,4.877665308856899
5,1,ResDyNet,3,0.06461473485863478,0.06197674078444623,6.197674078444623
5,1,ResDyNet,4,0.0738693460546512,0.0708696542650718,7.086965426507181
5,1,ResDyNet,5,0.08726738208913845,0.08374631653098318,8.374631653098318
5,1,ResDyNet,6,0.10392827295935114,0.0997644261429019,9.976442614290189
5,1,ResDyNet,7,0.12177328313028875,0.11693312442518261,11.69331244251826
5,1,ResDyNet,8,0.1403872464419992,0.1348565258481799,13.48565258481799
5,1,ResDyNet,9,0.15903324430815335,0.1528292403137417,15.28292403137417
5,1,ResDyNet,10,0.17705332064782822,0.17022077908644132,17.022077908644132
5,1,ResDyNet,11,0.1945210356701628,0.18710142114098324,18.710142114098325
5,1,ResDyNet,12,0.21144735366598846,0.20348124561644468,20.348124561644468
5,1,ResDyNet,13,0.2277589418947826,0.21929057105011412,21.929057105011413
5,1,ResDyNet,14,0.24354736065357266,0.23461423067828974,23.461423067828974
5,1,ResDyNet,15,0.25872879367487867,0.24937487308814915,24.937487308814912
5,1,ResDyNet,16,0.2733896120035093,0.26364801726859494,26.36480172685949
5,1,ResDyNet,17,0.2875774989636613,0.2774881728955542,27.748817289555422
5,1,ResDyNet,18,0.3014152347759598,0.2910068158959627,29.10068158959627
5,1,ResDyNet,19,0.3150974562064025,0.3043913174569418,30.43913174569418
5,1,ResDyNet,20,0.3286205562374077,0.3176322742526094,31.763227425260947
5,1,ResDyNet,21,0.3419635241312029,0.3307168559390504,33.071685593905045
5,1,ResDyNet,22,0.35530166845822786,0.34377280639498,34.377280639498
5,1,ResDyNet,23,0.36809447528177236,0.35630943717362173,35.63094371736218
5,1,ResDyNet,24,0.38019919998070567,0.36818899623800366,36.81889962380037
5,1,ResDyNet,25,0.3915554096243188,0.3793351553591682,37.93351553591682
5,1,ResDyNet,26,0.402098160807835,0.38969802831690914,38.96980283169091
5,1,ResDyNet,27,0.4119703389821267,0.39940791226038347,39.94079122603835
5,1,ResDyNet,28,0.4211855294997924,0.4084685801870651,40.84685801870651
5,1,ResDyNet,29,0.4297289152115476,0.4168734611786997,41.68734611786997
5,1,ResDyNet,30,0.4376511868033295,0.4246573878127079,42.46573878127079
5,1,ResDyNet,31,0.4449689507387556,0.4318506335894407,43.18506335894407
5,1,ResDyNet,32,0.45177106435662595,0.43851796453872915,43.851796453872915
5,1,ResDyNet,33,0.45806185497405416,0.4446800138776524,44.468001387765234
5,1,ResDyNet,34,0.4639261118198516,0.4504107740356292,45.041077403562916
5,1,ResDyNet,35,0.4694122643194086,0.45574285655959657,45.57428565595965
5,1,ResDyNet,36,0.474502395508568,0.4606739149974658,46.06739149974658
5,1,ResDyNet,37,0.47925694356419724,0.46524461382427307,46.52446138242731
5,1,ResDyNet,38,0.48367193827960436,0.4694506913487591,46.94506913487591
5,1,ResDyNet,39,0.4877522366413222,0.473307642741096,47.3307642741096
5,1,ResDyNet,40,0.4915611013523745,0.4768524513111468,47.68524513111468
5,1,ResDyNet,41,0.4950814424187261,0.48006487623656907,48.0064876236569
5,1,ResDyNet,42,0.49835730820564805,0.4829695774155451,48.29695774155451
5,1,ResDyNet,43,0.5013575933217018,0.48556244255908815,48.556244255908815
5,1,ResDyNet,44,0.5041103137991301,0.48786455645280624,48.786455645280626
5,1,ResDyNet,45,0.5066271837429831,0.4898792169913143,48.98792169913143
5,1,ResDyNet,46,0.5089217452144809,0.491626995883106,49.162699588310595
5,1,ResDyNet,47,0.5110457341208542,0.4931570455548714,49.315704555487144
5,1,ResDyNet,48,0.5130068662907595,0.49449710044205986,49.449710044205986
5,1,ResDyNet,49,0.5148703310397621,0.495701667700358,49.5701667700358
5,1,ResDyNet,50,0.5166609456048248,0.49678587991563017,49.67858799156301
5,1,ResDyNet,51,0.5183666258046062,0.49777773154305527,49.77777315430553
5,1,ResDyNet,52,0.5199926863994085,0.4987007610667654,49.87007610667654
5,1,ResDyNet,53,0.5215352695641058,0.4995385675800058,49.95385675800058
5,1,ResDyNet,54,0.5229943046951766,0.5002946543682121,50.029465436821205
5,1,ResDyNet,55,0.5243763580915216,0.5009835080811541,50.09835080811541
5,1,ResDyNet,56,0.5256752248001089,0.5015907093889979,50.15907093889979
5,1,ResDyNet,57,0.5268853237593926,0.5021369779550511,50.213697795505105
5,1,ResDyNet,58,0.5279918721949937,0.5025936952973378,50.25936952973378
5,1,ResDyNet,59,0.5290215016851323,0.5029885390157772,50.29885390157772
5,1,ResDyNet,60,0.5299899475191387,0.5033264848986909,50.33264848986909
5,1,ResDyNet,61,0.5308988151667692,0.5036216960038034,50.36216960038034
5,1,ResDyNet,62,0.5317780028935869,0.5038970748277914,50.389707482779144
5,1,ResDyNet,63,0.5326354251795647,0.5041664883859769,50.416648838597695
5,1,ResDyNet,64,0.5334694673097139,0.5044195495392181,50.4419549539218
5,1,ResDyNet,65,0.5342940591325207,0.5046800847572321,50.46800847572321
5,1,ResDyNet,66,0.5351165144662191,0.5049546337746211,50.495463377462116
5,1,ResDyNet,67,0.5359740260213568,0.5052803039650973,50.52803039650973
5,1,ResDyNet,68,0.5368258883516701,0.5056311503337243,50.56311503337243
5,1,ResDyNet,69,0.5376850574307356,0.5060072639670167,50.60072639670167
5,1,ResDyNet,70,0.5385841265842952,0.5064353148516292,50.64353148516291
5,1,ResDyNet,71,0.5394921983842267,0.506876522318721,50.6876522318721
5,1,ResDyNet,72,0.5404206530889468,0.5073601755002224,50.73601755002224
5,1,ResDyNet,73,0.5413445906817903,0.5078663579508363,50.78663579508364
5,1,ResDyNet,74,0.5422774571237989,0.5084075783676423,50.840757836764226
5,1,ResDyNet,75,0.543177267366229,0.5089476942743872,50.894769427438725
5,1,ResDyNet,76,0.5440210339622641,0.5094435693742383,50.94435693742383
5,1,ResDyNet,77,0.5448226371497905,0.5099264664807017,50.99264664807018
5,1,ResDyNet,78,0.5455425542402552,0.5103572881002869,51.03572881002869
5,1,ResDyNet,79,0.5462012518525204,0.510749682935525,51.0749682935525
5,1,ResDyNet,80,0.5468009766975128,0.5110980688405756,51.10980688405756
5,1,ResDyNet,81,0.5473419434638129,0.5114064534230197,51.14064534230197
5,1,ResDyNet,82,0.5478290372921732,0.5116889771732399,51.168897717323986
5,1,ResDyNet,83,0.5482822749347567,0.5119678812474289,51.19678812474289
5,1,ResDyNet,84,0.5487147086843853,0.5122615718661262,51.226157186612625
5,1,ResDyNet,85,0.5491206478303466,0.5125612493231556,51.25612493231556
5,1,ResDyNet,86,0.5495202506095589,0.5128540810811425,51.285408108114254
5,1,ResDyNet,87,0.549930109796323,0.5131835009000955,51.318350090009545
5,1,ResDyNet,88,0.5503605261619942,0.5135225876725638,51.35225876725637
5,1,ResDyNet,89,0.5508355730641493,0.5139220782808006,51.39220782808006
5,1,ResDyNet,90,0.5513666785952022,0.5143768748787998,51.437687487879984
5,1,ResDyNet,91,0.5519685127313714,0.5149028218021474,51.490282180214734
5,1,ResDyNet,92,0.5526491781170737,0.515502469765221,51.5502469765221
5,1,ResDyNet,93,0.5533931721477435,0.5161528138826357,51.61528138826357
5,1,ResDyNet,94,0.5542178365232748,0.5168837093865671,51.68837093865672
5,1,ResDyNet,95,0.555089954015259,0.5176542307649952,51.765423076499516
5,1,ResDyNet,96,0.5559811680965986,0.5184379744072086,51.84379744072086
5,1,ResDyNet,97,0.5568902200364717,0.5192426448197704,51.92426448197704
5,1,ResDyNet,98,0.5577939250064993,0.5200375250072379,52.003752500723785
5,1,ResDyNet,99,0.5586616415159698,0.5207827283430679,52.07827283430679
5,1,ResDyNet,100,0.5595463794217349,0.5215420477645971,52.15420477645971
5,1,Plain,1,0.05056962001359901,0.0484887989637175,4.848879896371749
5,1,Plain,2,0.07793994141073286,0.07474404087201195,7.4744040872011945
5,1,Plain,3,0.09339754810931665,0.0895844522420171,8.958445224201709
5,1,Plain,4,0.1240144778297612,0.11897848887353452,11.897848887353453
5,1,Plain,5,0.1596997727335753,0.15325620406042492,15.325620406042493
5,1,Plain,6,0.19679698049971095,0.18891238415833767,18.891238415833765
5,1,Plain,7,0.2339318602224185,0.22463370137713412,22.46337013771341
5,1,Plain,8,0.27058637090811366,0.2599263027614916,25.99263027614916
5,1,Plain,9,0.30647316765352595,0.29451742365437655,29.451742365437656
5,1,Plain,10,0.34144964735777084,0.32827300148546146,32.82730014854614
5,1,Plain,11,0.3755723928297361,0.36124693762640625,36.12469376264063
5,1,Plain,12,0.40885852933514105,0.39345511489087126,39.34551148908713
5,1,Plain,13,0.4413570713268329,0.4249468468859455,42.494684688594546
5,1,Plain,14,0.4731183639107252,0.4557647460059125,45.57647460059125
5,1,Plain,15,0.5041009284287417,0.48587597563069945,48.58759756306994
5,1,Plain,16,0.534403665655896,0.5153614500518678,51.53614500518679
5,1,Plain,17,0.5639896120731338,0.5442026846683924,54.42026846683923
5,1,Plain,18,0.5929756239115331,0.5724990919808017,57.249909198080175
5,1,Plain,19,0.6213825833816027,0.6002697244132205,60.02697244132205
5,1,Plain,20,0.6491765503753482,0.6274696459895813,62.74696459895813
5,1,Plain,21,0.6763356422342077,0.6540919758254593,65.40919758254593
5,1,Plain,22,0.7031678166210549,0.680351360958696,68.03513609586959
5,1,Plain,23,0.7292947110796932,0.7059453631831575,70.59453631831575
5,1,Plain,24,0.7546635130612548,0.7308242662940104,73.08242662940104
5,1,Plain,25,0.7792813275531821,0.7549603355997804,75.49603355997803
5,1,Plain,26,0.8030992964639958,0.778332862169654,77.8332862169654
5,1,Plain,27,0.826173036002124,0.8009801100990116,80.09801100990116
5,1,Plain,28,0.8485506044668749,0.8229301254368738,82.29301254368738
5,1,Plain,29,0.8702287488658862,0.8441956259292999,84.41956259292999
5,1,Plain,30,0.8912716874686869,0.8648099629213605,86.48099629213604
5,1,Plain,31,0.9116735170348399,0.8847960858944457,88.47960858944457
5,1,Plain,32,0.9315340716645801,0.9042067038679634,90.42067038679635
5,1,Plain,33,0.9508243779034109,0.9230469487254034,92.30469487254034
5,1,Plain,34,0.9696144878480555,0.9413671721875155,94.13671721875156
5,1,Plain,35,0.9879547874269465,0.9591852859372962,95.91852859372962
5,1,Plain,36,1.00581376867618,0.9765012167700314,97.65012167700313
5,1,Plain,37,1.0232451676237955,0.9933279199217641,99.3327919921764
5,1,Plain,38,1.040253115910588,1.0096668956626944,100.96668956626944
5,1,Plain,39,1.0568280393835316,1.0255304856165088,102.55304856165088
5,1,Plain,40,1.073024470093681,1.040917085329385,104.0917085329385
5,1,Plain,41,1.0888485314799332,1.0558221147444744,105.58221147444745
5,1,Plain,42,1.1043509160675231,1.0702519787900984,107.02519787900982
5,1,Plain,43,1.1194804171842843,1.0842114550687083,108.42114550687083
5,1,Plain,44,1.1342729302856225,1.0977191794784797,109.77191794784798
5,1,Plain,45,1.1487524936333364,1.1107772937494154,111.07772937494154
5,1,Plain,46,1.162924844163899,1.1234050282783221,112.34050282783221
5,1,Plain,47,1.1768159402938088,1.1356225745148827,113.56225745148826
5,1,Plain,48,1.1904000722710413,1.1474493282326101,114.74493282326101
5,1,Plain,49,1.2037203165225085,1.1589057134832843,115.89057134832844
5,1,Plain,50,1.216821413181925,1.1700123680533097,117.00123680533096
5,1,Plain,51,1.2296518550605522,1.1808115733717677,118.08115733717676
5,1,Plain,52,1.2421898146772445,1.1913263824120408,119.13263824120408
5,1,Plain,53,1.254469095220601,1.2015595712704872,120.15595712704872
5,1,Plain,54,1.2664951538852396,1.2115251534934643,121.15251534934643
5,1,Plain,55,1.278273890391154,1.2212490666578342,122.1249066657834
5,1,Plain,56,1.2898198546652864,1.2307250282369426,123.07250282369426
5,1,Plain,57,1.3010906772652364,1.23997710937533,123.997710937533
5,1,Plain,58,1.312119313464442,1.2490019811925293,124.90019811925293
5,1,Plain,59,1.3228951160743152,1.2577959111033754,125.77959111033753
5,1,Plain,60,1.3334535391488742,1.2663683259978908,126.63683259978909
5,1,Plain,61,1.3437823244632607,1.2747399579212344,127.47399579212346
5,1,Plain,62,1.3539010444249175,1.2829165030892162,128.29165030892162
5,1,Plain,63,1.3638019543686242,1.2909078324186944,129.09078324186945
5,1,Plain,64,1.3735060707312758,1.2987122149306107,129.87122149306106
5,1,Plain,65,1.3830012913943646,1.3063465652107342,130.63465652107342
5,1,Plain,66,1.392282466535099,1.313806365518997,131.3806365518997
5,1,Plain,67,1.401360434851756,1.3211084718839372,132.1108471883937
5,1,Plain,68,1.4102133306620208,1.3282663971143633,132.82663971143634
5,1,Plain,69,1.4188682657731104,1.3352754352597282,133.52754352597282
5,1,Plain,70,1.4273429054414166,1.342142885463088,134.21428854630878
5,1,Plain,71,1.4356487540657015,1.3488548118239172,134.88548118239171
5,1,Plain,72,1.4437479879914643,1.35542605261032,135.54260526103198
5,1,Plain,73,1.4516361363038612,1.3618629802617237,136.18629802617235
5,1,Plain,74,1.4593142183543284,1.3681675276824483,136.81675276824484
5,1,Plain,75,1.4667614006121696,1.3743300350397674,137.43300350397672
5,1,Plain,76,1.4740320470407446,1.3803439582972825,138.03439582972825
5,1,Plain,77,1.481093514946441,1.386228712072544,138.6228712072544
5,1,Plain,78,1.487936971595059,1.3919711153329748,139.1971115332975
5,1,Plain,79,1.494578481691254,1.3975718346617405,139.75718346617404
5,1,Plain,80,1.50103814087175,1.4030291234830723,140.30291234830722
5,1,Plain,81,1.5072969161411751,1.4083360125134952,140.8336012513495
5,1,Plain,82,1.5133174772894042,1.413484535102546,141.34845351025461
5,1,Plain,83,1.5190833085526796,1.4184698256214745,141.84698256214745
5,1,Plain,84,1.524560109324567,1.423277972408433,142.3277972408433
5,1,Plain,85,1.5297348954860313,1.4278880829951837,142.78880829951834
5,1,Plain,86,1.5346861919337338,1.4322858454061163,143.22858454061162
5,1,Plain,87,1.539318989171465,1.4364609134742279,143.64609134742278
5,1,Plain,88,1.5437269938864893,1.4403988710615516,144.03988710615516
5,1,Plain,89,1.547825705269795,1.444100276319774,144.41002763197739
5,1,Plain,90,1.5516532671721481,1.4475567520638237,144.75567520638236
5,1,Plain,91,1.555208894245893,1.4507737844979702,145.07737844979704
5,1,Plain,92,1.5585083343311055,1.4537520859701152,145.37520859701152
5,1,Plain,93,1.5615785968201383,1.4564928289943282,145.6492828994328
5,1,Plain,94,1.5643971304787823,1.459013655764246,145.9013655764246
5,1,Plain,95,1.567000572403749,1.461320764406541,146.1320764406541
5,1,Plain,96,1.56939350287412,1.4634186108557696,146.34186108557697
5,1,Plain,97,1.5715686252389507,1.4653255168162236,146.53255168162235
5,1,Plain,98,1.5735570891245851,1.4670449020691794,146.70449020691794
5,1,Plain,99,1.5753891430910159,1.4685730953617553,146.85730953617553
5,1,Plain,100,1.5770482696760837,1.469935315890153,146.99353158901528
5,2,ResDyNet,1,0.04984725419514212,0.04779615680148653,4.779615680148654
5,2,ResDyNet,2,0.06407267670022097,0.0614453985899589,6.1445398589958895
5,2,ResDyNet,3,0.0766069507898576,0.07347935640032044,7.347935640032044
5,2,ResDyNet,4,0.08867016621486917,0.08506944164126053,8.506944164126052
5,2,ResDyNet,5,0.10351524082147924,0.09933860643099918,9.933860643099917
5,2,ResDyNet,6,0.12220405808796751,0.11730799887580509,11.73079988758051
5,2,ResDyNet,7,0.14366612975569942,0.13795578959987095,13.795578959987097
5,2,ResDyNet,8,0.1669494565758421,0.16037228649086266,16.037228649086266
5,2,ResDyNet,9,0.1917238995075673,0.18424460897593256,18.424460897593256
5,2,ResDyNet,10,0.217424342603834,0.20903387101108253,20.903387101108255
5,2,ResDyNet,11,0.24396440935661565,0.23465887656408843,23.465887656408846
5,2,ResDyNet,12,0.27129664115841934,0.2610757596033814,26.107575960338142
5,2,ResDyNet,13,0.29931874820057724,0.28818969157853075,28.818969157853076
5,2,ResDyNet,14,0.32802114088418016,0.31598957758455964,31.598957758455963
5,2,ResDyNet,15,0.3573566264309671,0.3444369762548167,34.44369762548167
5,2,ResDyNet,16,0.3873661653494246,0.3735632846576612,37.35632846576612
5,2,ResDyNet,17,0.4180745652990174,0.4034068996252961,40.3406899625296
5,2,ResDyNet,18,0.4494325660176406,0.43391283819465715,43.39128381946572
5,2,ResDyNet,19,0.4812952732414445,0.46494219303311946,46.494219303311944
5,2,ResDyNet,20,0.5135374416823757,0.4963659832575984,49.636598325759834
5,2,ResDyNet,21,0.5461822013118354,0.5282190866602949,52.821908666029486
5,2,ResDyNet,22,0.5793571202540978,0.5605580857498305,56.05580857498304
5,2,ResDyNet,23,0.6125526729976939,0.5929409779593445,59.29409779593445
5,2,ResDyNet,24,0.645608856695484,0.6252145636317449,62.52145636317449
5,2,ResDyNet,25,0.6783430553059592,0.6571722978318346,65.71722978318346
5,2,ResDyNet,26,0.7106716178302366,0.6887555210221065,68.87555210221066
5,2,ResDyNet,27,0.742636822348763,0.7199912098401661,71.9991209840166
5,2,ResDyNet,28,0.774326434219496,0.7509470222364473,75.09470222364472
5,2,ResDyNet,29,0.8057587993069684,0.781654311944385,78.1654311944385
5,2,ResDyNet,30,0.8369570400839801,0.8121079093822645,81.21079093822645
5,2,ResDyNet,31,0.8680173506773092,0.8424269653742719,84.24269653742718
5,2,ResDyNet,32,0.8990102457657533,0.8726369928850861,87.2636992885086
5,2,ResDyNet,33,0.929945387067813,0.9027779177338336,90.27779177338336
5,2,ResDyNet,34,0.9608757026940963,0.9328829698866667,93.28829698866667
5,2,ResDyNet,35,0.9917648096807995,0.962884359347839,96.28843593478389
5,2,ResDyNet,36,1.0225804982094706,0.9927793114833912,99.27793114833912
5,2,ResDyNet,37,1.0532951173789995,1.0224992808316888,102.2499280831689
5,2,ResDyNet,38,1.0838708630500558,1.0520021645280577,105.20021645280576
5,2,ResDyNet,39,1.1142623876259408,1.0812639378425335,108.12639378425337
5,2,ResDyNet,40,1.1444607197930006,1.110215796492408,111.0215796492408
5,2,ResDyNet,41,1.174435580189725,1.1388131792965748,113.88131792965747
5,2,ResDyNet,42,1.2041218873257526,1.1669423313414076,116.69423313414075
5,2,ResDyNet,43,1.2335180302115842,1.1946563404414,119.46563404413999
5,2,ResDyNet,44,1.2626355147249162,1.2219450752961265,122.19450752961265
5,2,ResDyNet,45,1.291458798783566,1.2487660461693477,124.87660461693477
5,2,ResDyNet,46,1.3200240117134832,1.2751654757820714,127.51654757820714
5,2,ResDyNet,47,1.3483621396588,1.3011639560519794,130.11639560519797
5,2,ResDyNet,48,1.3765076685477526,1.3268419889868135,132.68419889868136
5,2,ResDyNet,49,1.4045307918577952,1.3522399988641909,135.2239998864191
5,2,ResDyNet,50,1.4324980811917782,1.377392322365741,137.7392322365741
5,2,ResDyNet,51,1.460398538671884,1.402393278310518,140.2393278310518
5,2,ResDyNet,52,1.488235613017712,1.4272974452731482,142.7297445273148
5,2,ResDyNet,53,1.5159105041951244,1.451974211596512,145.19742115965119
5,2,ResDyNet,54,1.5433743193709564,1.4763868645194989,147.63868645194987
5,2,ResDyNet,55,1.5705535276029627,1.5004898747750879,150.0489874775088
5,2,ResDyNet,56,1.597448397548751,1.5242591568653094,152.42591568653094
5,2,ResDyNet,57,1.6240375486154743,1.547754833876726,154.7754833876726
5,2,ResDyNet,58,1.6502899034660667,1.570905433537774,157.09054335377738
5,2,ResDyNet,59,1.6762211142186823,1.5937348607241846,159.37348607241844
5,2,ResDyNet,60,1.7018149310260715,1.6161976867505183,161.61976867505183
5,2,ResDyNet,61,1.7270703377602885,1.6383349666121862,163.83349666121862
5,2,ResDyNet,62,1.7519856636280489,1.660129689905696,166.01296899056962
5,2,ResDyNet,63,1.7765719592291704,1.681615611180212,168.1615611180212
5,2,ResDyNet,64,1.8008137012791892,1.7027509382761636,170.27509382761636
5,2,ResDyNet,65,1.824639553105366,1.7235064260450892,172.35064260450892
5,2,ResDyNet,66,1.8480276998938596,1.7438634861346043,174.38634861346043
5,2,ResDyNet,67,1.870960224603753,1.7638156050433713,176.38156050433713
5,2,ResDyNet,68,1.8933635473231942,1.7833409476068707,178.33409476068707
5,2,ResDyNet,69,1.9151736582903722,1.8023409232979315,180.23409232979316
5,2,ResDyNet,70,1.936362351188807,1.820778275086541,182.0778275086541
5,2,ResDyNet,71,1.9568866522906436,1.8385806205460156,183.85806205460156
5,2,ResDyNet,72,1.9767400243596756,1.8558120603735886,185.58120603735887
5,2,ResDyNet,73,1.9959289933021078,1.8724952756619802,187.249527566198
5,2,ResDyNet,74,2.014436981778839,1.8886181127875892,188.86181127875892
5,2,ResDyNet,75,2.032272485651768,1.9042041297585643,190.42041297585644
5,2,ResDyNet,76,2.049436200935071,1.9191759660556855,191.91759660556855
5,2,ResDyNet,77,2.0659428601973624,1.9336181553738154,193.36181553738155
5,2,ResDyNet,78,2.081812530345349,1.947544126598676,194.75441265986757
5,2,ResDyNet,79,2.0970371656386995,1.9609275222664164,196.09275222664164
5,2,ResDyNet,80,2.1116136852626775,1.9737376534938338,197.37376534938338
5,2,ResDyNet,81,2.1255140026107444,1.985964333186525,198.5964333186525
5,2,ResDyNet,82,2.138698561000537,1.9976094815445071,199.76094815445072
5,2,ResDyNet,83,2.1510747764121807,2.008602586716083,200.86025867160834
5,2,ResDyNet,84,2.1628504173218275,2.0191643069766227,201.91643069766226
5,2,ResDyNet,85,2.174056558950564,2.0293120471025907,202.9312047102591
5,2,ResDyNet,86,2.1846909277805064,2.038919688528928,203.89196885289283
5,2,ResDyNet,87,2.1948101189476037,2.0481517934518036,204.81517934518035
5,2,ResDyNet,88,2.2044043450927204,2.056854315956989,205.6854315956989
5,2,ResDyNet,89,2.2135221066560478,2.065185941142352,206.5185941142352
5,2,ResDyNet,90,2.2221764019825874,2.073096176202559,207.30961762025592
5,2,ResDyNet,91,2.230395117759679,2.0806200233872865,208.06200233872863
5,2,ResDyNet,92,2.2382185599542397,2.0877751043833874,208.77751043833874
5,2,ResDyNet,93,2.2456459322994164,2.0945261439383747,209.45261439383748
5,2,ResDyNet,94,2.252708773647142,2.1009581257702807,210.09581257702808
5,2,ResDyNet,95,2.259426787388194,2.1070491856948803,210.70491856948803
5,2,ResDyNet,96,2.265804915121822,2.112804134390323,211.2804134390323
5,2,ResDyNet,97,2.2718703526374306,2.1182845885026076,211.82845885026074
5,2,ResDyNet,98,2.277602986365341,2.123434779187896,212.3434779187896
5,2,ResDyNet,99,2.283046560547694,2.128249244945337,212.82492449453375
5,2,ResDyNet,100,2.288266550053839,2.1328477249368683,213.28477249368686
5,2,Plain,1,0.05831471296257366,0.05591519953499222,5.591519953499223
5,2,Plain,2,0.07121214455000537,0.06829211501172945,6.829211501172946
5,2,Plain,3,0.08039713329820294,0.07711479898720695,7.711479898720695
5,2,Plain,4,0.09917867126355881,0.0951512165508748,9.51512165508748
5,2,Plain,5,0.12249600321967205,0.11755353276137526,11.755353276137527
5,2,Plain,6,0.14787884025748566,0.1419541306410065,14.195413064100652
5,2,Plain,7,0.17403735191425448,0.16711983780748504,16.711983780748504
5,2,Plain,8,0.20039299281471504,0.19249827530791266,19.249827530791265
5,2,Plain,9,0.22663779110200719,0.2177964839438824,21.77964839438824
5,2,Plain,10,0.25249564190275736,0.2427517581898889,24.275175818988888
5,2,Plain,11,0.27801228998693944,0.2674080691170936,26.740806911709356
5,2,Plain,12,0.3032210987955062,0.2917974891166543,29.17974891166543
5,2,Plain,13,0.3281234013970712,0.3159233506648015,31.59233506648015
5,2,Plain,14,0.35276933221921986,0.3398300242852259,33.983002428522596
5,2,Plain,15,0.3771054433442225,0.36347180667099677,36.34718066709968
5,2,Plain,16,0.4011874603669848,0.38689209038937744,38.68920903893775
5,2,Plain,17,0.42504832897263994,0.41013599681465385,41.01359968146539
5,2,Plain,18,0.4487776538537374,0.433280541344597,43.3280541344597
5,2,Plain,19,0.4724096860729927,0.45635851350378726,45.63585135037873
5,2,Plain,20,0.4959697728553983,0.47938573507495497,47.9385735074955
5,2,Plain,21,0.5195232812072389,0.5024369385141675,50.24369385141675
5,2,Plain,22,0.5433042487555305,0.5256750612274809,52.567506122748085
5,2,Plain,23,0.566991327957996,0.5488383404624328,54.88383404624328
5,2,Plain,24,0.590506863930033,0.5718532009354144,57.18532009354144
5,2,Plain,25,0.6137388087839,0.5945843184834699,59.458431848347
5,2,Plain,26,0.6365627039640999,0.6169320201229241,61.69320201229241
5,2,Plain,27,0.6590065596693866,0.6389111284413778,63.89111284413778
5,2,Plain,28,0.6810358734259957,0.6604732043029778,66.04732043029777
5,2,Plain,29,0.702560962561334,0.6815436657498444,68.15436657498444
5,2,Plain,30,0.7235444137327607,0.7020624871292908,70.20624871292908
5,2,Plain,31,0.7439744219222477,0.7220409984742727,72.20409984742727
5,2,Plain,32,0.7638620468136035,0.7414534847071731,74.14534847071731
5,2,Plain,33,0.7831844109942212,0.7603044238848441,76.03044238848442
5,2,Plain,34,0.8020092283093808,0.778644676604919,77.8644676604919
5,2,Plain,35,0.8203571433817576,0.7964681290676163,79.64681290676162
5,2,Plain,36,0.8382084920871267,0.8137804809605571,81.37804809605572
5,2,Plain,37,0.8556549077121756,0.8306375994155429,83.0637599415543
5,2,Plain,38,0.872679701921511,0.847020587653468,84.70205876534679
5,2,Plain,39,0.8893015736438593,0.8629652513861227,86.29652513861227
5,2,Plain,40,0.9056085750806993,0.8785106627997022,87.85106627997023
5,2,Plain,41,0.9216237901175881,0.8936695517770485,89.36695517770487
5,2,Plain,42,0.9373926943891253,0.9084489101035,90.84489101035
5,2,Plain,43,0.9529023687335821,0.9228814080925396,92.28814080925396
5,2,Plain,44,0.9682189216606564,0.9370165256198446,93.70165256198446
5,2,Plain,45,0.9833359333283888,0.9508290366486009,95.08290366486008
5,2,Plain,46,0.9982651102040602,0.9643409460087172,96.43409460087172
5,2,Plain,47,1.013012527238731,0.9775529501337836,97.75529501337836
5,2,Plain,48,1.0275230503753368,0.9904490610852802,99.04490610852801
5,2,Plain,49,1.0418422399039051,1.0030543705210286,100.30543705210286
5,2,Plain,50,1.0559471996228869,1.0153267112051727,101.53267112051728
5,2,Plain,51,1.069820543667935,1.027328567996807,102.73285679968069
5,2,Plain,52,1.0834380739949472,1.039074983556548,103.90749835565481
5,2,Plain,53,1.0967898422902718,1.0505307286540815,105.05307286540815
5,2,Plain,54,1.1098589421942069,1.0616874617901382,106.16874617901381
5,2,Plain,55,1.1226363903671426,1.0725546803685857,107.25546803685857
5,2,Plain,56,1.135175247019551,1.0831656706855126,108.31656706855127
5,2,Plain,57,1.1474277589729325,1.0935318964692153,109.35318964692152
5,2,Plain,58,1.1593849173404298,1.103614620913951,110.3614620913951
5,2,Plain,59,1.1710931511770122,1.113464067690205,111.3464067690205
5,2,Plain,60,1.1825304110817552,1.123038046064242,112.30380460642421
5,2,Plain,61,1.1937224952711551,1.1323900721788267,113.23900721788267
5,2,Plain,62,1.2047050710359586,1.1415428205417917,114.15428205417918
5,2,Plain,63,1.2154937922440512,1.1505266227533466,115.05266227533467
5,2,Plain,64,1.22608449469842,1.1593184360328905,115.93184360328907
5,2,Plain,65,1.2364771767849085,1.1679437487913635,116.79437487913636
5,2,Plain,66,1.2466957777695322,1.1764256809004188,117.64256809004186
5,2,Plain,67,1.256738239441798,1.1847683820491892,118.47683820491892
5,2,Plain,68,1.2666120969190893,1.19300977372437,119.30097737243699
5,2,Plain,69,1.2763215210106222,1.2011268527245644,120.11268527245643
5,2,Plain,70,1.285845700386515,1.2090918391074001,120.90918391074001
5,2,Plain,71,1.2951746639532444,1.2168732586423492,121.68732586423494
5,2,Plain,72,1.304295222350521,1.2245043729055005,122.45043729055006
5,2,Plain,73,1.3132118208020014,1.2319992037026428,123.1999203702643
5,2,Plain,74,1.3219360478188784,1.2393698023022468,123.93698023022468
5,2,Plain,75,1.3303985194277645,1.2465603765267534,124.65603765267535
5,2,Plain,76,1.3385687109041249,1.2534905442332067,125.34905442332067
5,2,Plain,77,1.3464617194274109,1.2602201524353709,126.02201524353708
5,2,Plain,78,1.3540903380853824,1.2667570429046886,126.67570429046884
5,2,Plain,79,1.361490923277212,1.2731224160049908,127.31224160049908
5,2,Plain,80,1.368640529695187,1.279276302483851,127.92763024838509
5,2,Plain,81,1.3755522880818452,1.2852410189762216,128.52410189762216
5,2,Plain,82,1.3822261912513925,1.2910412882080953,129.1041288208095
5,2,Plain,83,1.3886786843178744,1.2967022941390738,129.67022941390738
5,2,Plain,84,1.3948928013517572,1.3022249407500328,130.2224940750033
5,2,Plain,85,1.4008805410463792,1.3076126040940115,130.76126040940113
5,2,Plain,86,1.4066743453477462,1.3128154566888077,131.28154566888077
5,2,Plain,87,1.4122591868621839,1.317891311608091,131.78913116080912
5,2,Plain,88,1.4176357590704365,1.3227474514782558,132.27474514782557
5,2,Plain,89,1.4228202845506188,1.3274719234067653,132.74719234067655
5,2,Plain,90,1.427851146911507,1.3320602046749113,133.20602046749113
5,2,Plain,91,1.432725812451565,1.3365156647243597,133.65156647243597
5,2,Plain,92,1.4374749222822056,1.3408540209663848,134.08540209663846
5,2,Plain,93,1.4421002200480055,1.3450546987952772,134.5054698795277
5,2,Plain,94,1.4466273480715137,1.3491772737990086,134.91772737990087
5,2,Plain,95,1.451057100261615,1.3531966154288617,135.31966154288617
5,2,Plain,96,1.4554037842978074,1.3571261639294314,135.71261639294315
5,2,Plain,97,1.4596557966732766,1.360978356455073,136.0978356455073
5,2,Plain,98,1.4637912555094554,1.3647089857307158,136.47089857307157
5,2,Plain,99,1.467845819814091,1.3683215277773777,136.83215277773778
5,2,Plain,100,1.4718145558581912,1.3718490649252604,137.18490649252604
5,3,ResDyNet,1,0.05572514791065838,0.053432189000761944,5.343218900076194
5,3,ResDyNet,2,0.055605183748195064,0.05332511227931838,5.332511227931838
5,3,ResDyNet,3,0.06174119425700059,0.05922051681493373,5.9220516814933735
5,3,ResDyNet,4,0.08144840051596086,0.07814093793031207,7.814093793031207
5,3,ResDyNet,5,0.09929722596315331,0.0952907800954167,9.52907800954167
5,3,ResDyNet,6,0.1251531696127675,0.12013895536652024,12.013895536652024
5,3,ResDyNet,7,0.14926733005723405,0.14333435733618594,14.333435733618593
5,3,ResDyNet,8,0.17454960200571426,0.1676730152578232,16.767301525782322
5,3,ResDyNet,9,0.19912484709959605,0.19135684015132073,19.13568401513207
5,3,ResDyNet,10,0.22401553713784234,0.21537070934082414,21.537070934082415
5,3,ResDyNet,11,0.24816599379629756,0.23870019999730985,23.870019999730985
5,3,ResDyNet,12,0.27255932847235004,0.26229087619390906,26.229087619390906
5,3,ResDyNet,13,0.29666520930383083,0.2856348146760905,28.563481467609048
5,3,ResDyNet,14,0.32086240704399455,0.30909342059875344,30.90934205987535
5,3,ResDyNet,15,0.34500242420149846,0.3325294202023177,33.252942020231764
5,3,ResDyNet,16,0.3693581234807744,0.35619691693517974,35.61969169351798
5,3,ResDyNet,17,0.39392791762712687,0.38010740933773274,38.01074093377328
5,3,ResDyNet,18,0.41893801236429423,0.40447131720642643,40.447131720642645
5,3,ResDyNet,19,0.44429162542652273,0.42919582667172745,42.91958266717275
5,3,ResDyNet,20,0.4698933143669864,0.4541812107172508,45.41812107172508
5,3,ResDyNet,21,0.4955234380906136,0.479226414296048,47.9226414296048
5,3,ResDyNet,22,0.5211384050779406,0.5042284569370387,50.42284569370387
5,3,ResDyNet,23,0.5462957595412118,0.5288053684138091,52.88053684138091
5,3,ResDyNet,24,0.5708401929562301,0.5528077851492816,55.28077851492816
5,3,ResDyNet,25,0.5946539664526759,0.5760951048172198,57.60951048172198
5,3,ResDyNet,26,0.6177318480656688,0.5986818809022042,59.868188090220414
5,3,ResDyNet,27,0.6401472334003381,0.6206268894586173,62.06268894586173
5,3,ResDyNet,28,0.6619821617969591,0.6419947856696279,64.1994785669628
5,3,ResDyNet,29,0.6832873803111864,0.6628466578047865,66.28466578047865
5,3,ResDyNet,30,0.7041453741503677,0.6832394021622293,68.32394021622294
5,3,ResDyNet,31,0.7246290428863974,0.7032659487100371,70.3265948710037
5,3,ResDyNet,32,0.744794038968419,0.7229448535712086,72.29448535712086
5,3,ResDyNet,33,0.764655343969295,0.7423166659165434,74.23166659165435
5,3,ResDyNet,34,0.7842821192623438,0.7614340029569774,76.14340029569775
5,3,ResDyNet,35,0.8036926432349332,0.7802889035182732,78.02889035182731
5,3,ResDyNet,36,0.8228945449984416,0.7989128300778943,79.89128300778943
5,3,ResDyNet,37,0.8419138775820949,0.8172983242265947,81.72983242265946
5,3,ResDyNet,38,0.8607438852437558,0.8354357158680285,83.54357158680284
5,3,ResDyNet,39,0.8793916036514797,0.8533487613234079,85.33487613234078
5,3,ResDyNet,40,0.8978684282204469,0.8710021191137489,87.1002119113749
5,3,ResDyNet,41,0.9161670677832208,0.8883783400537665,88.83783400537665
5,3,ResDyNet,42,0.9342845530978048,0.9054367385926181,90.5436738592618
5,3,ResDyNet,43,0.9522054838159156,0.9222064783671059,92.2206478367106
5,3,ResDyNet,44,0.9699465200351997,0.9386884493866354,93.86884493866354
5,3,ResDyNet,45,0.9874905292348924,0.9548462908641304,95.48462908641304
5,3,ResDyNet,46,1.0048677134250403,0.9707191721644312,97.07191721644311
5,3,ResDyNet,47,1.0220773609538696,0.9863004776346135,98.63004776346136
5,3,ResDyNet,48,1.0391273047130796,1.0016346231115665,100.16346231115664
5,3,ResDyNet,49,1.0560570066362105,1.0167399203582967,101.67399203582967
5,3,ResDyNet,50,1.0728624803135807,1.0315912898876374,103.15912898876374
5,3,ResDyNet,51,1.0895518737541128,1.0462761935608165,104.62761935608165
5,3,ResDyNet,52,1.1061269364747706,1.060834814574125,106.08348145741252
5,3,ResDyNet,53,1.1225861767738832,1.075239055643219,107.52390556432191
5,3,ResDyNet,54,1.1389241296294912,1.0894911257527087,108.94911257527086
5,3,ResDyNet,55,1.155163754872753,1.1036309730488345,110.36309730488347
5,3,ResDyNet,56,1.1713016508504344,1.1176368948754993,111.76368948754993
5,3,ResDyNet,57,1.1873167486530314,1.1315472592596045,113.15472592596046
5,3,ResDyNet,58,1.2031939898009636,1.145316330305714,114.5316330305714
5,3,ResDyNet,59,1.2188990199743317,1.158917426440556,115.8917426440556
5,3,ResDyNet,60,1.2344170693302117,1.1723143190041023,117.23143190041023
5,3,ResDyNet,61,1.2497638246581693,1.1855520468261613,118.55520468261614
5,3,ResDyNet,62,1.264919915554874,1.1986006225742,119.86006225742
5,3,ResDyNet,63,1.2798749847331872,1.2114666920782637,121.14666920782638
5,3,ResDyNet,64,1.2946035483238567,1.2241063054097348,122.41063054097346
5,3,ResDyNet,65,1.3090659967458984,1.2365092347520703,123.65092347520702
5,3,ResDyNet,66,1.323276018501067,1.2486894708743415,124.86894708743415
5,3,ResDyNet,67,1.33721904917884,1.2606402826133956,126.06402826133957
5,3,ResDyNet,68,1.3508618613504983,1.2723638179855368,127.2363817985537
5,3,ResDyNet,69,1.3642169334539929,1.2838438941432797,128.38438941432796
5,3,ResDyNet,70,1.3772917464903813,1.2950793475849636,129.50793475849633
5,3,ResDyNet,71,1.3900768833703838,1.306038045607866,130.60380456078659
5,3,ResDyNet,72,1.4025879622445163,1.3167840100325576,131.67840100325574
5,3,ResDyNet,73,1.4148381769915295,1.327340707576889,132.7340707576889
5,3,ResDyNet,74,1.4268348389977428,1.3377167641689727,133.77167641689726
5,3,ResDyNet,75,1.438558049098044,1.347903983018989,134.7903983018989
5,3,ResDyNet,76,1.4499943655686398,1.357834089222111,135.7834089222111
5,3,ResDyNet,77,1.4611566298121144,1.3675687947050068,136.75687947050068
5,3,ResDyNet,78,1.4720494349278879,1.377108259878292,137.71082598782922
5,3,ResDyNet,79,1.4826568464737115,1.386423981399264,138.64239813992643
5,3,ResDyNet,80,1.492984783853322,1.3955016036079948,139.5501603607995
5,3,ResDyNet,81,1.5030877052121716,1.4044031554419387,140.44031554419385
5,3,ResDyNet,82,1.5129358196282656,1.4131280552430199,141.31280552430198
5,3,ResDyNet,83,1.522586216203649,1.4217407251020124,142.17407251020123
5,3,ResDyNet,84,1.5320482552635155,1.4302686532637825,143.02686532637827
5,3,ResDyNet,85,1.5412978563487179,1.4386812041227004,143.86812041227003
5,3,ResDyNet,86,1.5503512662827865,1.4469056838951249,144.69056838951246
5,3,ResDyNet,87,1.5592005080400413,1.455013939166831,145.5013939166831
5,3,ResDyNet,88,1.5678237292658328,1.4628827108688043,146.28827108688043
5,3,ResDyNet,89,1.5762681282061095,1.4706366690684498,147.063666906845
5,3,ResDyNet,90,1.584564877056938,1.4782604048179235,147.82604048179235
5,3,ResDyNet,91,1.592779183342975,1.4858211602554796,148.58211602554798
5,3,ResDyNet,92,1.6009121615938142,1.4933057097643287,149.33057097643288
5,3,ResDyNet,93,1.6089457560856977,1.500672435413502,150.0672435413502
5,3,ResDyNet,94,1.616889174440088,1.5079696449222437,150.7969644922244
5,3,ResDyNet,95,1.6247068674421075,1.5151352994243341,151.51352994243342
5,3,ResDyNet,96,1.63233783120651,1.522112559416626,152.21125594166259
5,3,ResDyNet,97,1.639734615559905,1.5288832663107168,152.88832663107166
5,3,ResDyNet,98,1.6468354655038488,1.5353631532734697,153.53631532734695
5,3,ResDyNet,99,1.6535613340720465,1.5414449803710517,154.14449803710517
5,3,ResDyNet,100,1.6599521962063593,1.5472084163881132,154.72084163881132
5,3,Plain,1,0.051277629930792656,0.049167675936292905,4.916767593629291
5,3,Plain,2,0.06613726213943247,0.06342532641206186,6.342532641206186
5,3,Plain,3,0.07317103845005712,0.07018372036764488,7.018372036764488
5,3,Plain,4,0.09182477377601098,0.08809594666859215,8.809594666859216
5,3,Plain,5,0.11528666181121136,0.1106350739613144,11.06350739613144
5,3,Plain,6,0.14056942796392827,0.13493756717714678,13.493756717714676
5,3,Plain,7,0.16632110392385688,0.15971028980842727,15.971028980842727
5,3,Plain,8,0.1920462168627085,0.184480330405875,18.4480330405875
5,3,Plain,9,0.21746393269543648,0.2089805045106429,20.89805045106429
5,3,Plain,10,0.24235644626361655,0.2330038371981254,23.30038371981254
5,3,Plain,11,0.2667920373381843,0.2566157904881505,25.66157904881505
5,3,Plain,12,0.29080997876304693,0.27985394799440744,27.985394799440744
5,3,Plain,13,0.3144676875803307,0.3027753738782157,30.27753738782157
5,3,Plain,14,0.33781768966345926,0.32542679648516687,32.54267964851669
5,3,Plain,15,0.360825296228406,0.34778024191239937,34.778024191239936
5,3,Plain,16,0.38357046715554255,0.36990283722649053,36.99028372264905
5,3,Plain,17,0.40606452687398104,0.3918182195965089,39.1818219596509
5,3,Plain,18,0.42842522379361686,0.4136309178876298,41.363091788762986
5,3,Plain,19,0.450695941846366,0.4353825421594281,43.53825421594281
5,3,Plain,20,0.47285464566281943,0.4570435222082926,45.704352220829264
5,3,Plain,21,0.4949579424392449,0.47867951694977984,47.86795169497798
5,3,Plain,22,0.51723844474008,0.5004550428802086,50.04550428802086
5,3,Plain,23,0.5393388084217494,0.5220711534112,52.20711534112
5,3,Plain,24,0.5611690638389576,0.5434421596499187,54.34421596499187
5,3,Plain,25,0.5826031139466541,0.564420353568174,56.44203535681739
5,3,Plain,26,0.6035497801498954,0.5849371676880727,58.49371676880727
5,3,Plain,27,0.6240227188484015,0.6049940681508664,60.49940681508664
5,3,Plain,28,0.6440096900600774,0.6245649608094652,62.45649608094652
5,3,Plain,29,0.6634618491902194,0.6436142126852047,64.36142126852047
5,3,Plain,30,0.6823546262580515,0.6620956183511401,66.209561835114
5,3,Plain,31,0.7007016115735993,0.6800439320829348,68.00439320829348
5,3,Plain,32,0.7185397306507919,0.6974607383806666,69.74607383806665
5,3,Plain,33,0.7358547565940918,0.7143574602882657,71.43574602882659
5,3,Plain,34,0.7527295193532031,0.7308006098673658,73.08006098673658
5,3,Plain,35,0.7691953666351715,0.7467961966246927,74.67961966246926
5,3,Plain,36,0.7852423568625215,0.7623579441995948,76.23579441995949
5,3,Plain,37,0.8009421223509883,0.7775244853784039,77.75244853784038
5,3,Plain,38,0.816299527231353,0.7922981406973705,79.22981406973706
5,3,Plain,39,0.8313226287779143,0.8067033305550013,80.67033305550014
5,3,Plain,40,0.846070446884611,0.8207540537053832,82.07540537053833
5,3,Plain,41,0.8605783394005492,0.8344757015690765,83.44757015690764
5,3,Plain,42,0.8748767284402719,0.847863243637096,84.7863243637096
5,3,Plain,43,0.8889245522422018,0.8609191973691879,86.0919197369188
5,3,Plain,44,0.9027802820838865,0.8736867503740302,87.36867503740302
5,3,Plain,45,0.9164346626994602,0.8861393730792455,88.61393730792456
5,3,Plain,46,0.9299028702813813,0.8983018683684748,89.83018683684749
5,3,Plain,47,0.943193815080208,0.9101781781443934,91.01781781443934
5,3,Plain,48,0.9562620800056713,0.9217592529404611,92.17592529404611
5,3,Plain,49,0.969151449973261,0.933069864475964,93.3069864475964
5,3,Plain,50,0.9818552680460066,0.944084969911992,94.4084969911992
5,3,Plain,51,0.9943562210816328,0.9548615968619745,95.48615968619744
5,3,Plain,52,1.0066146237596123,0.9653971913448538,96.5397191344854
5,3,Plain,53,1.0186327343553818,0.975670039411296,97.5670039411296
5,3,Plain,54,1.0303959358663823,0.9856734078531476,98.56734078531476
5,3,Plain,55,1.0418835217388147,0.995404261992982,99.54042619929821
5,3,Plain,56,1.0531531225887736,1.004901499886003,100.4901499886003
5,3,Plain,57,1.0641590324755381,1.014174387736136,101.4174387736136
5,3,Plain,58,1.0748845652435113,1.0231790186806045,102.31790186806043
5,3,Plain,59,1.0853633190077736,1.0319529705126498,103.19529705126497
5,3,Plain,60,1.095571596926337,1.0404540754348282,104.04540754348282
5,3,Plain,61,1.1055386032088201,1.048736991757657,104.87369917576568
5,3,Plain,62,1.1152873432303438,1.056813231815247,105.68132318152469
5,3,Plain,63,1.1248330429029731,1.0647116178382618,106.47116178382619
5,3,Plain,64,1.1341848853693834,1.0724231920101055,107.24231920101056
5,3,Plain,65,1.1433375581634762,1.0799665201161295,107.99665201161295
5,3,Plain,66,1.1523133651562953,1.0873631397388512,108.73631397388512
5,3,Plain,67,1.161122672962996,1.0946284496109726,109.46284496109725
5,3,Plain,68,1.1697856679920469,1.1018098899195583,110.18098899195584
5,3,Plain,69,1.1783405771644462,1.1089184704544355,110.89184704544355
5,3,Plain,70,1.1867736932071793,1.1159335734395075,111.59335734395074
5,3,Plain,71,1.1950838166090736,1.1228335287450604,112.28335287450604
5,3,Plain,72,1.2032863209333835,1.1296747366635105,112.96747366635105
5,3,Plain,73,1.2113893489406795,1.1364737124870887,113.64737124870888
5,3,Plain,74,1.2194348940435742,1.1432707248167249,114.32707248167249
5,3,Plain,75,1.22732882017313,1.1499858530023137,114.99858530023137
5,3,Plain,76,1.2350066559804331,1.1565107959911267,115.65107959911266
5,3,Plain,77,1.2424625578191413,1.1628821907212725,116.28821907212725
5,3,Plain,78,1.2496957276710863,1.1690954583972728,116.90954583972729
5,3,Plain,79,1.2567252962147268,1.1751566742143555,117.51566742143554
5,3,Plain,80,1.2635373105516094,1.1810357092470785,118.10357092470784
5,3,Plain,81,1.2701493066981495,1.1867582231054676,118.67582231054678
5,3,Plain,82,1.276547729187287,1.1923343915636526,119.23343915636525
5,3,Plain,83,1.2827289453103663,1.1977699268564606,119.77699268564605
5,3,Plain,84,1.2887076212780044,1.2030940328436524,120.30940328436523
5,3,Plain,85,1.2944786575260152,1.2082947537035373,120.82947537035375
5,3,Plain,86,1.300050239694112,1.21330573404358,121.330573404358
5,3,Plain,87,1.305416888757227,1.2181882700597375,121.81882700597376
5,3,Plain,88,1.3105939463321934,1.2228703962507792,122.28703962507791
5,3,Plain,89,1.3156111106872854,1.2274472261343627,122.74472261343627
5,3,Plain,90,1.3205187957178535,1.231928510969644,123.19285109696442
5,3,Plain,91,1.3253159714646985,1.2363185901851217,123.63185901851217
5,3,Plain,92,1.3300424521784424,1.2406427009022551,124.06427009022552
5,3,Plain,93,1.334709387877772,1.2448906870227117,124.48906870227118
5,3,Plain,94,1.3393307823615292,1.2491085946014433,124.91085946014434
5,3,Plain,95,1.3439097755981515,1.2532753945060493,125.32753945060493
5,3,Plain,96,1.348461456970949,1.2574052259927417,125.74052259927417
5,3,Plain,97,1.3529546177707419,1.2614905214287888,126.14905214287889
5,3,Plain,98,1.3573046114382288,1.2654302945393727,126.54302945393728
5,3,Plain,99,1.3615041120977656,1.2691901026612937,126.91901026612938
5,3,Plain,100,1.3655220127858374,1.2727759002782966,127.27759002782965
5,4,ResDyNet,1,0.05333887133843229,0.051144102102909365,5.114410210290936
5,4,ResDyNet,2,0.05969217466091711,0.057244517532835444,5.724451753283544
5,4,ResDyNet,3,0.06580332282191538,0.06311680285017969,6.311680285017969
5,4,ResDyNet,4,0.08185701693662663,0.07853296122557976,7.853296122557977
5,4,ResDyNet,5,0.10248369130057425,0.09834867788465121,9.834867788465122
5,4,ResDyNet,6,0.12730356696429004,0.1222031978642068,12.22031978642068
5,4,ResDyNet,7,0.15056864082723595,0.14458394452208495,14.458394452208493
5,4,ResDyNet,8,0.1767072994115269,0.16974570763803695,16.974570763803694
5,4,ResDyNet,9,0.20099705550089508,0.19315601232393337,19.315601232393337
5,4,ResDyNet,10,0.22660562417259106,0.21786084412814946,21.786084412814944
5,4,ResDyNet,11,0.2509456639223351,0.2413738451847981,24.13738451847981
5,4,ResDyNet,12,0.2758964908206648,0.2655023136495513,26.550231364955128
5,4,ResDyNet,13,0.29997938926896445,0.2888257691609982,28.882576916099826
5,4,ResDyNet,14,0.3242111791090238,0.3123193622786197,31.231936227861976
5,4,ResDyNet,15,0.34776658226632184,0.3351936446081915,33.519364460819155
5,4,ResDyNet,16,0.3711967747091367,0.3579700521587667,35.79700521587667
5,4,ResDyNet,17,0.39413705530811616,0.38030920966352477,38.03092096635248
5,4,ResDyNet,18,0.4169249178230854,0.4025277384985679,40.25277384985679
5,4,ResDyNet,19,0.4393867928446294,0.42445764671469766,42.445764671469774
5,4,ResDyNet,20,0.4616451972860128,0.44620889085775073,44.620889085775076
5,4,ResDyNet,21,0.4835646372436952,0.4676609204997661,46.76609204997661
5,4,ResDyNet,22,0.505395056670714,0.4889959501844212,48.89959501844211
5,4,ResDyNet,23,0.5267701770608585,0.5099049236333321,50.9904923633332
5,4,ResDyNet,24,0.5477040436657833,0.5304024892294203,53.040248922942034
5,4,ResDyNet,25,0.5681482186272788,0.5504165885150064,55.04165885150064
5,4,ResDyNet,26,0.5880555391245674,0.5699207469073696,56.99207469073696
5,4,ResDyNet,27,0.6074364401479094,0.5889135635099246,58.89135635099247
5,4,ResDyNet,28,0.626296118356844,0.6073862189560724,60.73862189560723
5,4,ResDyNet,29,0.6445749303736384,0.6252923010349419,62.52923010349419
5,4,ResDyNet,30,0.6622921213533652,0.6426287662490521,64.2628766249052
5,4,ResDyNet,31,0.6794580187415331,0.6594266305633282,65.94266305633282
5,4,ResDyNet,32,0.6961226608626621,0.6757012929668422,67.57012929668421
5,4,ResDyNet,33,0.7122790931690317,0.6914705374301631,69.1470537430163
5,4,ResDyNet,34,0.7279805254453556,0.7067726165756987,70.67726165756987
5,4,ResDyNet,35,0.7432571620991075,0.7216133193804601,72.16133193804602
5,4,ResDyNet,36,0.7580853738320248,0.7359924003991889,73.59924003991888
5,4,ResDyNet,37,0.772498261435453,0.749912255101876,74.99122551018759
5,4,ResDyNet,38,0.7864769307938236,0.7633524082548159,76.33524082548159
5,4,ResDyNet,39,0.8000196513818344,0.7763273787313062,77.63273787313061
5,4,ResDyNet,40,0.8131549341852623,0.7888234496082213,78.88234496082212
5,4,ResDyNet,41,0.8258680699799489,0.8008182469245834,80.08182469245834
5,4,ResDyNet,42,0.8381679073434151,0.8122878772871842,81.22878772871843
5,4,ResDyNet,43,0.8500285888511547,0.8232486419783434,82.32486419783433
5,4,ResDyNet,44,0.861457301330754,0.8336954684569777,83.36954684569777
5,4,ResDyNet,45,0.8724576680438917,0.8436161599576412,84.36161599576411
5,4,ResDyNet,46,0.8830418730014983,0.8530333540370897,85.30333540370897
5,4,ResDyNet,47,0.893224759798759,0.8619582439458234,86.19582439458235
5,4,ResDyNet,48,0.9030006030361061,0.8704194996986712,87.04194996986712
5,4,ResDyNet,49,0.91240135179197,0.8784325769596777,87.84325769596776
5,4,ResDyNet,50,0.9214310726642,0.8859851903054561,88.5985190305456
5,4,ResDyNet,51,0.9300878531305019,0.8931458906105709,89.31458906105709
5,4,ResDyNet,52,0.9383704743105571,0.8999474068406604,89.99474068406604
5,4,ResDyNet,53,0.9462573633977165,0.9063472318349627,90.63472318349626
5,4,ResDyNet,54,0.9537332566533393,0.9123381377450251,91.23381377450252
5,4,ResDyNet,55,0.9607860260413894,0.9179245906383071,91.7924590638307
5,4,ResDyNet,56,0.967402562461776,0.9230797166719281,92.30797166719282
5,4,ResDyNet,57,0.9735379381606373,0.9278098594672789,92.7809859467279
5,4,ResDyNet,58,0.9791441883836391,0.9320440745097364,93.20440745097363
5,4,ResDyNet,59,0.9842544310888445,0.9358196155282971,93.58196155282971
5,4,ResDyNet,60,0.9889476103851991,0.9391942749370116,93.91942749370115
5,4,ResDyNet,61,0.9932881030105012,0.9422538245850299,94.22538245850299
5,4,ResDyNet,62,0.9973254468386356,0.9450360349220249,94.50360349220249
5,4,ResDyNet,63,1.0010964701601852,0.9475886657859905,94.75886657859905
5,4,ResDyNet,64,1.0046256754227083,0.9499190894800584,94.99190894800584
5,4,ResDyNet,65,1.0079045005731986,0.952040023807026,95.20400238070259
5,4,ResDyNet,66,1.010957122988112,0.9539744522919836,95.39744522919837
5,4,ResDyNet,67,1.0137959994731358,0.9557387595345416,95.57387595345416
5,4,ResDyNet,68,1.0164237302788788,0.9573597531695972,95.73597531695972
5,4,ResDyNet,69,1.018864705620017,0.9588381431071441,95.88381431071441
5,4,ResDyNet,70,1.0211393264553166,0.9601861450698356,96.01861450698355
5,4,ResDyNet,71,1.02326288859548,0.9614002499804272,96.14002499804272
5,4,ResDyNet,72,1.0252287151207722,0.9625098853243313,96.25098853243313
5,4,ResDyNet,73,1.0270480618027307,0.9635325956269206,96.35325956269206
5,4,ResDyNet,74,1.0287317308573556,0.9644786099890187,96.44786099890187
5,4,ResDyNet,75,1.0302749166173593,0.9653497574072859,96.53497574072858
5,4,ResDyNet,76,1.0316804625831315,0.9661078239641607,96.61078239641608
5,4,ResDyNet,77,1.0329544697825301,0.9667932036877461,96.67932036877461
5,4,ResDyNet,78,1.0340890521798132,0.9673945326953614,96.73945326953613
5,4,ResDyNet,79,1.0350877709111572,0.9679046853339308,96.79046853339308
5,4,ResDyNet,80,1.035940727314926,0.9682998526479558,96.82998526479557
5,4,ResDyNet,81,1.036649407006,0.9685886546991174,96.85886546991175
5,4,ResDyNet,82,1.0372092494914777,0.9687849746158398,96.87849746158398
5,4,ResDyNet,83,1.0376199632275138,0.9688952541404685,96.88952541404686
5,4,ResDyNet,84,1.037874819149098,0.9689249765735647,96.89249765735647
5,4,ResDyNet,85,1.037974006474295,0.9688676898702187,96.88676898702185
5,4,ResDyNet,86,1.037933138117967,0.968678124569004,96.8678124569004
5,4,ResDyNet,87,1.0377354083187766,0.9683934019293093,96.83934019293095
5,4,ResDyNet,88,1.0373912120565492,0.9679542669222129,96.79542669222128
5,4,ResDyNet,89,1.0369058221693277,0.9674189924706694,96.74189924706694
5,4,ResDyNet,90,1.0362895863078507,0.9667675243498383,96.67675243498384
5,4,ResDyNet,91,1.0355537709508893,0.9660144491792173,96.60144491792173
5,4,ResDyNet,92,1.0347099419477594,0.9651611758150546,96.51611758150545
5,4,ResDyNet,93,1.0337581271984777,0.9641918134925682,96.41918134925683
5,4,ResDyNet,94,1.0327111132941242,0.9631439404996149,96.31439404996149
5,4,ResDyNet,95,1.0315540670661754,0.9619852119769482,96.19852119769482
5,4,ResDyNet,96,1.030281319282302,0.9607105256225151,96.07105256225151
5,4,ResDyNet,97,1.0288837102602504,0.9593278526107398,95.93278526107399
5,4,ResDyNet,98,1.0273527748048772,0.9578125009386244,95.78125009386244
5,4,ResDyNet,99,1.025656518039626,0.9561139697332496,95.61139697332496
5,4,ResDyNet,100,1.023832782727629,0.9542941670431832,95.42941670431833
5,4,Plain,1,0.06093031382393563,0.05842317456628178,5.8423174566281775
5,4,Plain,2,0.0886091048612937,0.08497571893828619,8.497571893828619
5,4,Plain,3,0.09825465990904013,0.09424326512163551,9.424326512163551
5,4,Plain,4,0.11829195345960329,0.11348834519016555,11.348834519016556
5,4,Plain,5,0.14396786988207316,0.13815905224612118,13.815905224612116
5,4,Plain,6,0.17258992528216843,0.16567517542176763,16.567517542176763
5,4,Plain,7,0.20263680698168432,0.19458254187463345,19.458254187463343
5,4,Plain,8,0.23335931433898002,0.2241658498449857,22.416584984498567
5,4,Plain,9,0.26433517613389657,0.2540232662201395,25.40232662201395
5,4,Plain,10,0.29518712675522235,0.2837957656411704,28.37957656411704
5,4,Plain,11,0.32586515651888887,0.3134356840891789,31.343568408917893
5,4,Plain,12,0.35631474914208394,0.34289087912384925,34.28908791238493
5,4,Plain,13,0.3864869526986497,0.3721168699486605,37.21168699486604
5,4,Plain,14,0.41641061376339883,0.40113699254306057,40.11369925430606
5,4,Plain,15,0.4460331003279207,0.4299074958280872,42.99074958280872
5,4,Plain,16,0.4754259720689027,0.4584852876280889,45.84852876280889
5,4,Plain,17,0.5046216836862814,0.48691761182358173,48.69176118235817
5,4,Plain,18,0.533688968127679,0.5152597127649393,51.52597127649393
5,4,Plain,19,0.562617560420139,0.5435013741542764,54.35013741542764
5,4,Plain,20,0.5913541758259226,0.571580712743568,57.15807127435681
5,4,Plain,21,0.6198296547411091,0.5994443856389722,59.944438563897215
5,4,Plain,22,0.6481482764035772,0.6271170999736607,62.71170999736607
5,4,Plain,23,0.6758330907620974,0.6541953883127911,65.41953883127911
5,4,Plain,24,0.7027186852395828,0.6805203361006068,68.05203361006068
5,4,Plain,25,0.7286508441950046,0.7059100050501109,70.5910005050111
5,4,Plain,26,0.7534966673976119,0.7302599072780679,73.02599072780679
5,4,Plain,27,0.7773120162846526,0.7536090349762578,75.36090349762577
5,4,Plain,28,0.8001562475386254,0.7759969501992904,77.59969501992904
5,4,Plain,29,0.8220720703910385,0.7974795672140121,79.74795672140121
5,4,Plain,30,0.8431485858357792,0.8181156290566624,81.81156290566622
5,4,Plain,31,0.8634716746362252,0.8380153023241301,83.80153023241301
5,4,Plain,32,0.883130490647099,0.8572230842897611,85.7223084289761
5,4,Plain,33,0.9021554871319135,0.8757998732733222,87.57998732733222
5,4,Plain,34,0.9206366433266424,0.8938161758123587,89.38161758123587
5,4,Plain,35,0.9385950356959185,0.9112629030707412,91.12629030707413
5,4,Plain,36,0.9560492660685409,0.9281870070607385,92.81870070607386
5,4,Plain,37,0.9730588855991299,0.9446089650617726,94.46089650617725
5,4,Plain,38,0.9896051583587369,0.9605081233496019,96.05081233496018
5,4,Plain,39,1.005692515808017,0.9759093208002897,97.59093208002896
5,4,Plain,40,1.021363489095761,0.9908019208905752,99.0801920890575
5,4,Plain,41,1.0366043031758974,1.0051625326112392,100.51625326112392
5,4,Plain,42,1.0514102405638432,1.0189459474445024,101.89459474445025
5,4,Plain,43,1.065759113144414,1.0321826278313775,103.21826278313775
5,4,Plain,44,1.0796818467687186,1.0448873805304726,104.48873805304727
5,4,Plain,45,1.093150750704232,1.0570136206511314,105.70136206511313
5,4,Plain,46,1.1061737506087348,1.0685825140117169,106.85825140117169
5,4,Plain,47,1.1187500938507753,1.0795892699247354,107.95892699247355
5,4,Plain,48,1.1308626207400068,1.0900600434406211,109.00600434406209
5,4,Plain,49,1.142557908100315,1.1000203863869937,110.00203863869937
5,4,Plain,50,1.15383091332045,1.1094450053249818,110.9445005324982
5,4,Plain,51,1.1647034825817364,1.1184428715485435,111.84428715485434
5,4,Plain,52,1.1751932662933493,1.127073113968508,112.7073113968508
5,4,Plain,53,1.1853237248153774,1.1353305330773786,113.53305330773786
5,4,Plain,54,1.1951099536836365,1.143238302678364,114.3238302678364
5,4,Plain,55,1.2045890728114128,1.1508513879032636,115.08513879032635
5,4,Plain,56,1.2138109680811846,1.158198590727766,115.8198590727766
5,4,Plain,57,1.2227513457630523,1.1653174568823534,116.53174568823535
5,4,Plain,58,1.2314156143822994,1.1721804002518312,117.21804002518313
5,4,Plain,59,1.2398472762516817,1.1788348263691202,117.883482636912
5,4,Plain,60,1.2480316239898093,1.1852439339380325,118.52439339380325
5,4,Plain,61,1.2559835838716817,1.1914522402233918,119.14522402233919
5,4,Plain,62,1.2637237146896372,1.1974671380870276,119.74671380870278
5,4,Plain,63,1.2712503112460711,1.203303000480002,120.33030004800021
5,4,Plain,64,1.2785609118573347,1.208937265838129,120.89372658381289
5,4,Plain,65,1.285629324849479,1.2143715722478,121.43715722478
5,4,Plain,66,1.2925135150793123,1.2196608981628123,121.96608981628125
5,4,Plain,67,1.299246165158423,1.224841998650465,122.4841998650465
5,4,Plain,68,1.3058443347891804,1.229962241917233,122.99622419172329
5,4,Plain,69,1.3123419491077755,1.2350251320545773,123.50251320545775
5,4,Plain,70,1.3187786998097866,1.2400590234499982,124.00590234499983
5,4,Plain,71,1.3252019851772137,1.2450852405804325,124.50852405804325
5,4,Plain,72,1.3316536476423244,1.2501891341708598,125.01891341708597
5,4,Plain,73,1.3382165225227702,1.2554575461580098,125.54575461580099
5,4,Plain,74,1.3449213671812743,1.2609194913065136,126.09194913065136
5,4,Plain,75,1.351646829111512,1.2664696747807247,126.64696747807247
5,4,Plain,76,1.35839590537069,1.2720575408916939,127.20575408916937
5,4,Plain,77,1.3651457514519774,1.277707462580452,127.77074625804521
5,4,Plain,78,1.3718536755383213,1.2833747176573342,128.33747176573343
5,4,Plain,79,1.3785048583878683,1.2890320499243206,128.90320499243205
5,4,Plain,80,1.3850486544373732,1.2946130725819516,129.46130725819515
5,4,Plain,81,1.3913495074283375,1.3000010789650633,130.00010789650634
5,4,Plain,82,1.3974571159995421,1.3052674350080262,130.5267435008026
5,4,Plain,83,1.4034333200017404,1.310479685667088,131.0479685667088
5,4,Plain,84,1.4092874918804033,1.3156633390288224,131.5663339028822
5,4,Plain,85,1.4149544017397124,1.3207494541619835,132.07494541619837
5,4,Plain,86,1.4204468648031772,1.3256690190491616,132.56690190491616
5,4,Plain,87,1.4257662868046217,1.3304958602807124,133.04958602807122
5,4,Plain,88,1.4309269671605322,1.3351490232612429,133.51490232612426
5,4,Plain,89,1.4359973491087206,1.3397659449523769,133.9765944952377
5,4,Plain,90,1.440986487656835,1.3443143284465267,134.43143284465265
5,4,Plain,91,1.4458829104658795,1.3487892396440129,134.87892396440128
5,4,Plain,92,1.4506828334452884,1.3531741529680403,135.31741529680403
5,4,Plain,93,1.4553140526543071,1.3573793121537083,135.73793121537085
5,4,Plain,94,1.459691909478617,1.3613617588815787,136.13617588815788
5,4,Plain,95,1.4637626257675282,1.3650452698400126,136.50452698400127
5,4,Plain,96,1.4674007551689765,1.3683130271441772,136.83130271441772
5,4,Plain,97,1.4705286470386558,1.3711161670635612,137.11161670635613
5,4,Plain,98,1.473140273142503,1.3734251796030001,137.3425179603
5,4,Plain,99,1.4753364311693322,1.3753042535073108,137.5304253507311
5,4,Plain,100,1.4772061493943915,1.3768744619915239,137.68744619915236
10,0,ResDyNet,1,0.06161177078136489,0.059076591171000746,5.907659117100075
10,0,ResDyNet,2,0.07658263676058912,0.07344239203304906,7.344239203304906
10,0,ResDyNet,3,0.08838297321452813,0.0847746049358501,8.477460493585008
10,0,ResDyNet,4,0.09771430885314156,0.09374631907597014,9.374631907597013
10,0,ResDyNet,5,0.10530568274376194,0.10105680757745583,10.105680757745583
10,0,ResDyNet,6,0.11664610250861543,0.11197272067755511,11.19727206775551
10,0,ResDyNet,7,0.12557219531050343,0.1205810401192524,12.05810401192524
10,0,ResDyNet,8,0.13754080112512232,0.13212221959045703,13.212221959045705
10,0,ResDyNet,9,0.14933523051257722,0.143509553179282,14.350955317928197
10,0,ResDyNet,10,0.1625048873819567,0.15623377429069632,15.623377429069633
10,0,ResDyNet,11,0.17562319232891513,0.1689243981086642,16.89243981086642
10,0,ResDyNet,12,0.18921551052677954,0.1820869691883671,18.20869691883671
10,0,ResDyNet,13,0.2027459666759922,0.1952076104701302,19.520761047013018
10,0,ResDyNet,14,0.21636318531654694,0.20842714999630302,20.842714999630303
10,0,ResDyNet,15,0.22981867931269823,0.22150995709780869,22.15099570978087
10,0,ResDyNet,16,0.24323343901151728,0.23456638845511465,23.456638845511463
10,0,ResDyNet,17,0.2565848567728559,0.2475828719393797,24.758287193937967
10,0,ResDyNet,18,0.27000323282031624,0.26067952777190984,26.067952777190982
10,0,ResDyNet,19,0.2834553582363006,0.27382433032800785,27.382433032800783
10,0,ResDyNet,20,0.2969062870925302,0.2869784540835834,28.69784540835834
10,0,ResDyNet,21,0.31035140996837757,0.3001444168694825,30.014441686948253
10,0,ResDyNet,22,0.32412179752048187,0.31360466285145366,31.36046628514537
10,0,ResDyNet,23,0.3376875419902345,0.32687602261614923,32.68760226161492
10,0,ResDyNet,24,0.35099436396826794,0.3399067187969658,33.990671879696585
10,0,ResDyNet,25,0.36390238778516704,0.35254517090825843,35.25451709082584
10,0,ResDyNet,26,0.37626006387886685,0.36465674136237336,36.46567413623733
10,0,ResDyNet,27,0.38807810407057386,0.37624423574707994,37.624423574708
10,0,ResDyNet,28,0.3993894943025454,0.3873306375770706,38.73306375770706
10,0,ResDyNet,29,0.41015704419462434,0.3978870878541322,39.78870878541322
10,0,ResDyNet,30,0.4204385136566741,0.4079557563853554,40.79557563853554
10,0,ResDyNet,31,0.4302874237350864,0.4176019388702502,41.76019388702502
10,0,ResDyNet,32,0.43978653304917525,0.42688500995280787,42.68850099528079
10,0,ResDyNet,33,0.4489180683941896,0.43580335431939515,43.58033543193951
10,0,ResDyNet,34,0.45777878184780546,0.44444253129089467,44.44425312908947
10,0,ResDyNet,35,0.4663941916160971,0.45281267092180544,45.28126709218055
10,0,ResDyNet,36,0.4747168197478139,0.4608820902452596,46.088209024525966
10,0,ResDyNet,37,0.48279648203840037,0.46868066463722535,46.86806646372254
10,0,ResDyNet,38,0.49058166984677404,0.476157258351137,47.6157258351137
10,0,ResDyNet,39,0.4980407093045415,0.4832914262644004,48.32914262644004
10,0,ResDyNet,40,0.505201516148475,0.49008471321007724,49.008471321007725
10,0,ResDyNet,41,0.5120384013463392,0.49650750504762475,49.65075050476247
10,0,ResDyNet,42,0.5185475989560125,0.502536454495587,50.25364544955871
10,0,ResDyNet,43,0.5246660488926078,0.5081365708261093,50.81365708261092
10,0,ResDyNet,44,0.5304224243986928,0.5133287174025222,51.33287174025222
10,0,ResDyNet,45,0.5358187050907683,0.5181057316346599,51.810573163465996
10,0,ResDyNet,46,0.5408927177748724,0.5225114950091992,52.25114950091992
10,0,ResDyNet,47,0.5456689180097801,0.5265682765550461,52.656827655504614
10,0,ResDyNet,48,0.5501460342941693,0.5302962526508876,53.02962526508877
10,0,ResDyNet,49,0.5544003877935421,0.533760017299891,53.37600172998909
10,0,ResDyNet,50,0.558454810254176,0.5369720058489482,53.69720058489482
10,0,ResDyNet,51,0.5623149473360385,0.5399804789963362,53.99804789963361
10,0,ResDyNet,52,0.5659977263128935,0.5428220516499553,54.28220516499554
10,0,ResDyNet,53,0.5695099591818891,0.5454898370920231,54.54898370920232
10,0,ResDyNet,54,0.5728469004006668,0.5479834856115524,54.798348561155244
10,0,ResDyNet,55,0.5760118822767413,0.550315530108367,55.0315530108367
10,0,ResDyNet,56,0.5790201912107147,0.5524916046221767,55.24916046221767
10,0,ResDyNet,57,0.5818344084107244,0.5545050475595409,55.45050475595409
10,0,ResDyNet,58,0.5844452696911544,0.5563314953542416,55.63314953542417
10,0,ResDyNet,59,0.5868649932230715,0.5579855726099927,55.79855726099927
10,0,ResDyNet,60,0.5890917653913263,0.5594549272964716,55.945492729647164
10,0,ResDyNet,61,0.5911282154249483,0.5607565620851823,56.075656208518225
10,0,ResDyNet,62,0.5929866694459491,0.5618965931644251,56.18965931644251
10,0,ResDyNet,63,0.5946753094545006,0.5628903905451735,56.28903905451735
10,0,ResDyNet,64,0.5962005330041288,0.5637346141093917,56.37346141093917
10,0,ResDyNet,65,0.5975403088099336,0.5644208250896207,56.442082508962066
10,0,ResDyNet,66,0.5987202603310642,0.5649733499450869,56.497334994508684
10,0,ResDyNet,67,0.5997716665115753,0.5654244333708554,56.54244333708554
10,0,ResDyNet,68,0.600691014569948,0.5657850995687546,56.57850995687545
10,0,ResDyNet,69,0.6015203431829047,0.5660816845625133,56.60816845625133
10,0,ResDyNet,70,0.60228865092093,0.5663372303508922,56.633723035089226
10,0,ResDyNet,71,0.6030138274849461,0.5665578718303986,56.65578718303986
10,0,ResDyNet,72,0.60368765756112,0.5667567923928265,56.67567923928265
10,0,ResDyNet,73,0.6043238371186287,0.5669507952296537,56.69507952296537
10,0,ResDyNet,74,0.6049474109615888,0.5671632560166373,56.71632560166373
10,0,ResDyNet,75,0.6055234101598054,0.5673649505331959,56.736495053319594
10,0,ResDyNet,76,0.6060566683350853,0.5675362772482456,56.753627724824554
10,0,ResDyNet,77,0.6065369487560212,0.5676879446257481,56.76879446257481
10,0,ResDyNet,78,0.6069483428713869,0.5678026542149205,56.78026542149205
10,0,ResDyNet,79,0.6073003181973565,0.5678830722447602,56.788307224476014
10,0,ResDyNet,80,0.6075930462365361,0.5679207715538608,56.79207715538608
10,0,ResDyNet,81,0.6078145861352714,0.5679087918369454,56.79087918369454
10,0,ResDyNet,82,0.6079440261418744,0.5678382045112551,56.783820451125514
10,0,ResDyNet,83,0.6079819634409859,0.5677134787853079,56.77134787853078
10,0,ResDyNet,84,0.6079134396739231,0.5675275133640117,56.752751336401175
10,0,ResDyNet,85,0.607739627076368,0.5672774894702054,56.72774894702054
10,0,ResDyNet,86,0.6075013416002886,0.5669664438323753,56.696644383237526
10,0,ResDyNet,87,0.6071682215554572,0.5665969329966623,56.65969329966623
10,0,ResDyNet,88,0.6067768304060214,0.5661627120367666,56.61627120367666
10,0,ResDyNet,89,0.606333310081167,0.5657007101309725,56.57007101309725
10,0,ResDyNet,90,0.6058973149383546,0.5652491879805063,56.52491879805063
10,0,ResDyNet,91,0.6054893494330449,0.5648296368418948,56.48296368418948
10,0,ResDyNet,92,0.6051394543164397,0.5644645746427199,56.44645746427199
10,0,ResDyNet,93,0.6048449200889459,0.5641421383189363,56.41421383189364
10,0,ResDyNet,94,0.6045966366115315,0.5638688104569635,56.38688104569634
10,0,ResDyNet,95,0.6043877358846447,0.5636273296608111,56.362732966081104
10,0,ResDyNet,96,0.6041936712357864,0.563394879250142,56.3394879250142
10,0,ResDyNet,97,0.6039793815802001,0.5631484271492028,56.31484271492027
10,0,ResDyNet,98,0.6037018290806812,0.5628379782619575,56.283797826195745
10,0,ResDyNet,99,0.6033191149281856,0.5624122928526566,56.24122928526565
10,0,ResDyNet,100,0.6028450252170346,0.5618998540591389,56.189985405913895
10,0,Plain,1,0.08552276153626857,0.08200370083538118,8.200370083538118
10,0,Plain,2,0.13438750880483108,0.12887699514504564,12.887699514504563
10,0,Plain,3,0.12901616334513583,0.12374888375134627,12.374888375134626
10,0,Plain,4,0.13228905891329407,0.12691705516521964,12.691705516521964
10,0,Plain,5,0.1419649977130963,0.13623699199154746,13.623699199154744
10,0,Plain,6,0.15611242544243997,0.14985784036008307,14.985784036008306
10,0,Plain,7,0.1730834155673881,0.16620381785077185,16.620381785077186
10,0,Plain,8,0.1918798800335712,0.1843205466116446,18.43205466116446
10,0,Plain,9,0.21182293891522264,0.20355957005259873,20.35595700525987
10,0,Plain,10,0.2323644809044667,0.22339746482501235,22.339746482501237
10,0,Plain,11,0.2534036702205551,0.24373809576564667,24.373809576564668
10,0,Plain,12,0.2748134541892311,0.2644600795473431,26.44600795473431
10,0,Plain,13,0.29652597471043246,0.2855007570042281,28.55007570042281
10,0,Plain,14,0.31855252487640917,0.30686826313348164,30.686826313348167
10,0,Plain,15,0.34080066677690174,0.32847957051367926,32.84795705136793
10,0,Plain,16,0.3633562565029421,0.3504089123470792,35.04089123470792
10,0,Plain,17,0.38626106121098785,0.37270953576822996,37.270953576823
10,0,Plain,18,0.40954673922973256,0.39540434189534285,39.54043418953428
10,0,Plain,19,0.4331523296025199,0.4184350132642407,41.84350132642407
10,0,Plain,20,0.4569132143292654,0.44163513404385746,44.163513404385746
10,0,Plain,21,0.4807435089767922,0.46493257491670625,46.493257491670626
10,0,Plain,22,0.5047994429519665,0.4884196629958198,48.841966299581976
10,0,Plain,23,0.5286077660112758,0.5116836797099573,51.16836797099574
10,0,Plain,24,0.5519985759699695,0.5345613605223379,53.4561360522338
10,0,Plain,25,0.5747509226973337,0.5568132253961262,55.68132253961262
10,0,Plain,26,0.5966717870641226,0.578271282077161,57.82712820771611
10,0,Plain,27,0.617772545913189,0.5989344850034789,59.893448500347894
10,0,Plain,28,0.6380256648902796,0.6187616126559475,61.87616126559475
10,0,Plain,29,0.6574218565652102,0.6377549080353374,63.77549080353375
10,0,Plain,30,0.675999209952225,0.6559288934152211,65.59288934152211
10,0,Plain,31,0.6938165133706905,0.6733618163615676,67.33618163615675
10,0,Plain,32,0.7109624098045584,0.6901057048774049,69.01057048774048
10,0,Plain,33,0.7274731027822489,0.7062206685146327,70.62206685146327
10,0,Plain,34,0.7434616927902683,0.7218027784681702,72.180277846817
10,0,Plain,35,0.7589793751347249,0.7368776974654248,73.68776974654247
10,0,Plain,36,0.7740283847175838,0.7514707821966631,75.14707821966631
10,0,Plain,37,0.7886887265164638,0.7656293496070311,76.5629349607031
10,0,Plain,38,0.8029545300748016,0.7793455221033004,77.93455221033004
10,0,Plain,39,0.8168232174731777,0.7926333137099015,79.26333137099016
10,0,Plain,40,0.8303373105973598,0.8054916894036767,80.54916894036766
10,0,Plain,41,0.8434806997377694,0.8178966590815421,81.78966590815422
10,0,Plain,42,0.8562512754986719,0.8298128870189371,82.9812887018937
10,0,Plain,43,0.8685890220557517,0.8412243331852303,84.12243331852304
10,0,Plain,44,0.8804878274501734,0.8521127055778464,85.21127055778463
10,0,Plain,45,0.8919174824077796,0.862432676183533,86.2432676183533
10,0,Plain,46,0.9028765666024713,0.8721940028421405,87.21940028421405
10,0,Plain,47,0.9133386158893378,0.8813680328982931,88.13680328982932
10,0,Plain,48,0.9232454630105751,0.8899339062574255,88.99339062574255
10,0,Plain,49,0.9326215479047275,0.8978999735643349,89.78999735643349
10,0,Plain,50,0.9414829357078457,0.9052656923655138,90.52656923655138
10,0,Plain,51,0.9498341736432176,0.9121079111995407,91.21079111995407
10,0,Plain,52,0.9576849422414628,0.9184710132464318,91.84710132464318
10,0,Plain,53,0.965060852629607,0.9243576495853388,92.43576495853388
10,0,Plain,54,0.9720049754699461,0.9298168046597545,92.98168046597544
10,0,Plain,55,0.9785417402992135,0.9348882082387382,93.48882082387382
10,0,Plain,56,0.9847461358814156,0.9396286710157535,93.96286710157534
10,0,Plain,57,0.9906613562425276,0.9441289729824388,94.41289729824389
10,0,Plain,58,0.9963167542111288,0.9483905824230008,94.83905824230008
10,0,Plain,59,1.0017749171645092,0.9524779246253251,95.2477924625325
10,0,Plain,60,1.00705650163755,0.956392119202028,95.63921192020281
10,0,Plain,61,1.0122218989219463,0.960214818537741,96.0214818537741
10,0,Plain,62,1.0173138028616944,0.9639764086791759,96.39764086791759
10,0,Plain,63,1.0223665579855894,0.9677218844561158,96.77218844561159
10,0,Plain,64,1.0274201963676433,0.9714723417120761,97.1472341712076
10,0,Plain,65,1.0324337690101322,0.9752097242036274,97.52097242036274
10,0,Plain,66,1.0374438239688901,0.9789682284735838,97.89682284735838
10,0,Plain,67,1.0425560072311375,0.9828517626960467,98.28517626960466
10,0,Plain,68,1.047831079348238,0.9869420337254665,98.69420337254664
10,0,Plain,69,1.0533587555218369,0.9912999710354943,99.12999710354943
10,0,Plain,70,1.0591424364937054,0.9959207982979053,99.59207982979052
10,0,Plain,71,1.0651307645658095,1.0007369511083977,100.07369511083978
10,0,Plain,72,1.0713366944172906,1.005797188158022,100.57971881580222
10,0,Plain,73,1.077696202549768,1.0110485165780903,101.10485165780902
10,0,Plain,74,1.084097909477149,1.0163866958328551,101.63866958328552
10,0,Plain,75,1.09040725254652,1.0216927149667465,102.16927149667465
10,0,Plain,76,1.096515695988554,1.0268221909927735,102.68221909927735
10,0,Plain,77,1.1023261662712356,1.0317216072675182,103.17216072675181
10,0,Plain,78,1.107782802971565,1.036335337609094,103.6335337609094
10,0,Plain,79,1.1128847849439538,1.0406522305213781,104.0652230521378
10,0,Plain,80,1.1176206685621666,1.0446465711315445,104.46465711315446
10,0,Plain,81,1.1219772981319664,1.0483143813676075,104.83143813676075
10,0,Plain,82,1.1259368777381589,1.0516592770970683,105.16592770970682
10,0,Plain,83,1.1294056003924535,1.0546016508936213,105.46016508936214
10,0,Plain,84,1.1325405530084394,1.0573017174575776,105.73017174575774
10,0,Plain,85,1.1355106330404854,1.0599105150946277,105.99105150946278
10,0,Plain,86,1.1383939536278358,1.0624357962213682,106.24357962213682
10,0,Plain,87,1.1412336870947393,1.064975873216532,106.4975873216532
10,0,Plain,88,1.144075926139398,1.0674981256051421,106.74981256051421
10,0,Plain,89,1.146978513716644,1.0701153126942915,107.01153126942916
10,0,Plain,90,1.1499567267614526,1.072809022236327,107.28090222363268
10,0,Plain,91,1.1529508280182164,1.0755280800494131,107.55280800494133
10,0,Plain,92,1.1558465115934242,1.0781554646041682,107.81554646041683
10,0,Plain,93,1.1584599195916516,1.0805018517789837,108.05018517789837
10,0,Plain,94,1.1607085715859615,1.0825190249410894,108.25190249410895
10,0,Plain,95,1.162606072252804,1.0841989620986618,108.41989620986618
10,0,Plain,96,1.164175833824276,1.085563676928023,108.5563676928023
10,0,Plain,97,1.165519383239905,1.08672651335583,108.67265133558298
10,0,Plain,98,1.166655362647285,1.0876858641306402,108.76858641306401
10,0,Plain,99,1.1676250944735185,1.0884566563970348,108.84566563970348
10,0,Plain,100,1.1684749841875846,1.0891122852849011,108.9112285284901
10,1,ResDyNet,1,0.06966367058782046,0.06679717421841593,6.679717421841592
10,1,ResDyNet,2,0.07228015322522093,0.0693163303578932,6.93163303578932
10,1,ResDyNet,3,0.08319310039515211,0.07979661650744556,7.979661650744555
10,1,ResDyNet,4,0.08029609480269687,0.07703542513145409,7.7035425131454085
10,1,ResDyNet,5,0.08874087920480256,0.08516036096433001,8.516036096433002
10,1,ResDyNet,6,0.0998833385360145,0.09588155048222692,9.588155048222692
10,1,ResDyNet,7,0.11264150521467885,0.10816430998756356,10.816430998756356
10,1,ResDyNet,8,0.12665782685341237,0.12166799288273197,12.166799288273197
10,1,ResDyNet,9,0.1410352556452816,0.13553336644480243,13.553336644480243
10,1,ResDyNet,10,0.15530470599066268,0.14931145009194485,14.931145009194484
10,1,ResDyNet,11,0.1693800056301125,0.16291934523728657,16.29193452372866
10,1,ResDyNet,12,0.1832883807399299,0.17638313922290133,17.638313922290134
10,1,ResDyNet,13,0.19698865370090698,0.1896643618076741,18.96643618076741
10,1,ResDyNet,14,0.21053401200907204,0.20281178628489346,20.281178628489346
10,1,ResDyNet,15,0.22384721423821005,0.21575438067374797,21.575438067374797
10,1,ResDyNet,16,0.23701329934091706,0.22856788880741616,22.856788880741615
10,1,ResDyNet,17,0.2501071979184994,0.2413324743018259,24.13324743018259
10,1,ResDyNet,18,0.2632364453748092,0.2541464098629048,25.414640986290483
10,1,ResDyNet,19,0.2766150608024419,0.26721644725349103,26.721644725349105
10,1,ResDyNet,20,0.2902724533118368,0.28056643976865064,28.056643976865065
10,1,ResDyNet,21,0.3042831963880228,0.29427577774617186,29.427577774617184
10,1,ResDyNet,22,0.3188348328807894,0.3084892501392508,30.84892501392508
10,1,ResDyNet,23,0.3333563114498692,0.32268346222815264,32.26834622281526
10,1,ResDyNet,24,0.34763955855525946,0.3366578891370084,33.665788913700844
10,1,ResDyNet,25,0.36149183038896127,0.350209845838253,35.0209845838253
10,1,ResDyNet,26,0.3747605625477825,0.36320348250884327,36.32034825088432
10,1,ResDyNet,27,0.3875034475309335,0.37568710250945025,37.568710250945024
10,1,ResDyNet,28,0.3996629047670525,0.3875957928980004,38.759579289800044
10,1,ResDyNet,29,0.411201054576742,0.39889986638984143,39.88998663898414
10,1,ResDyNet,30,0.4221428616633926,0.4096095025518935,40.960950255189346
10,1,ResDyNet,31,0.43254686103235307,0.41979476474441574,41.979476474441576
10,1,ResDyNet,32,0.4425123734045766,0.4295308853941897,42.95308853941897
10,1,ResDyNet,33,0.4520845821268238,0.43887736136731076,43.88773613673108
10,1,ResDyNet,34,0.4613628114492183,0.44792214907012806,44.792214907012806
10,1,ResDyNet,35,0.47037600030330573,0.4566785282998894,45.667852829988945
10,1,ResDyNet,36,0.4791186623760447,0.4651556494431567,46.51556494431567
10,1,ResDyNet,37,0.48762176312998257,0.47336486602062383,47.33648660206238
10,1,ResDyNet,38,0.4958781304532879,0.48129798886834146,48.129798886834145
10,1,ResDyNet,39,0.5038963544876447,0.48897365877947324,48.89736587794732
10,1,ResDyNet,40,0.5117005307536753,0.4963892622011805,49.63892622011805
10,1,ResDyNet,41,0.5192627590984972,0.5035127371428426,50.35127371428426
10,1,ResDyNet,42,0.5265859709554923,0.5103266264540881,51.03266264540881
10,1,ResDyNet,43,0.5336305934306417,0.5168186895379813,51.68186895379812
10,1,ResDyNet,44,0.5403952188864898,0.5229801227124377,52.29801227124376
10,1,ResDyNet,45,0.5468619402668945,0.528783902042263,52.87839020422631
10,1,ResDyNet,46,0.5530308286519082,0.5342371149935807,53.42371149935807
10,1,ResDyNet,47,0.5589361616507045,0.5393711124653594,53.93711124653595
10,1,ResDyNet,48,0.5645917515128961,0.544220754929221,54.4220754929221
10,1,ResDyNet,49,0.5700691946422222,0.548845473224454,54.8845473224454
10,1,ResDyNet,50,0.5753855195460723,0.5532514196206322,55.32514196206322
10,1,ResDyNet,51,0.5805717759895779,0.5575121685379284,55.75121685379284
10,1,ResDyNet,52,0.5856367276481991,0.5616569029251237,56.16569029251237
10,1,ResDyNet,53,0.5905618221497378,0.5656537993119495,56.565379931194954
10,1,ResDyNet,54,0.5953319573090233,0.5694926180694524,56.94926180694524
10,1,ResDyNet,55,0.5999218079308395,0.5731588147975273,57.31588147975273
10,1,ResDyNet,56,0.6043133048415095,0.5766258803311967,57.66258803311967
10,1,ResDyNet,57,0.6084978095173058,0.5799160412803989,57.99160412803989
10,1,ResDyNet,58,0.6124595765175807,0.5829982202236108,58.29982202236108
10,1,ResDyNet,59,0.6162465029306102,0.5859212285234054,58.592122852340545
10,1,ResDyNet,60,0.6198719052686262,0.5886865375971027,58.86865375971027
10,1,ResDyNet,61,0.6233613913629106,0.591333625491071,59.13336254910711
10,1,ResDyNet,62,0.6267295858091526,0.5938703806454004,59.38703806454005
10,1,ResDyNet,63,0.6299848861926509,0.5963126986923775,59.63126986923774
10,1,ResDyNet,64,0.6331248095747132,0.5986481904171853,59.86481904171853
10,1,ResDyNet,65,0.6361627304390473,0.6009025465090162,60.09025465090162
10,1,ResDyNet,66,0.6391178076014344,0.6030938865681263,60.30938865681264
10,1,ResDyNet,67,0.6420327226611642,0.6052653179295027,60.52653179295026
10,1,ResDyNet,68,0.6448915037217099,0.6074171159451293,60.74171159451292
10,1,ResDyNet,69,0.6477096984109609,0.6095497872005713,60.95497872005713
10,1,ResDyNet,70,0.650536984832349,0.6117055562435636,61.17055562435635
10,1,ResDyNet,71,0.6533517969284812,0.6138525963297383,61.385259632973835
10,1,ResDyNet,72,0.6562125590383322,0.616068459293951,61.6068459293951
10,1,ResDyNet,73,0.6591256001013864,0.6183634670368763,61.83634670368764
10,1,ResDyNet,74,0.6621357105759588,0.620779655769112,62.07796557691119
10,1,ResDyNet,75,0.6652238508824168,0.6233032297624914,62.330322976249136
10,1,ResDyNet,76,0.6683572418198743,0.6258770849537698,62.58770849537699
10,1,ResDyNet,77,0.6715933898214994,0.6285774871159011,62.85774871159011
10,1,ResDyNet,78,0.6748819005501402,0.6313547749403446,63.135477494034454
10,1,ResDyNet,79,0.6782391557313255,0.634217575608499,63.4217575608499
10,1,ResDyNet,80,0.6816468526836834,0.6371392972668617,63.71392972668617
10,1,ResDyNet,81,0.6850977608403129,0.640117974336386,64.01179743363859
10,1,ResDyNet,82,0.6886098841829162,0.6431825685081728,64.31825685081728
10,1,ResDyNet,83,0.6921978660472498,0.6463515073989436,64.63515073989437
10,1,ResDyNet,84,0.6959091801941999,0.6496773731053669,64.96773731053668
10,1,ResDyNet,85,0.6997097454311113,0.6531244139130646,65.31244139130646
10,1,ResDyNet,86,0.7035894805771763,0.6566432012641998,65.66432012641998
10,1,ResDyNet,87,0.7076038004268531,0.6603213555405381,66.03213555405381
10,1,ResDyNet,88,0.7116985667289126,0.6640615964559782,66.40615964559781
10,1,ResDyNet,89,0.7159458062069496,0.6679676743016907,66.79676743016907
10,1,ResDyNet,90,0.7203433005735603,0.67201728028425,67.201728028425
10,1,ResDyNet,91,0.7249174126676913,0.6762378881162064,67.62378881162064
10,1,ResDyNet,92,0.7296876306256713,0.6806411565222317,68.06411565222317
10,1,ResDyNet,93,0.734652999102898,0.6852148378387332,68.52148378387331
10,1,ResDyNet,94,0.7398721967106578,0.6900317173240821,69.0031717324082
10,1,ResDyNet,95,0.7453132273013442,0.6950486899769179,69.5048689976918
10,1,ResDyNet,96,0.7509355496807287,0.700227863148055,70.0227863148055
10,1,ResDyNet,97,0.7567248580407993,0.7055678166950691,70.5567816695069
10,1,ResDyNet,98,0.7626006927128042,0.7109811689013124,71.09811689013124
10,1,ResDyNet,99,0.7684973071319307,0.716390914626679,71.6390914626679
10,1,ResDyNet,100,0.7744518434411164,0.7218511551102669,72.18511551102668
10,1,Plain,1,0.10070087894665032,0.09655727437541939,9.65572743754194
10,1,Plain,2,0.12563483048889973,0.120483217398435,12.0483217398435
10,1,Plain,3,0.12261360038248063,0.11760771508508579,11.76077150850858
10,1,Plain,4,0.12848743265516369,0.12326980562331369,12.32698056233137
10,1,Plain,5,0.14110996106427176,0.1354164543734382,13.541645437343819
10,1,Plain,6,0.15834808276148007,0.15200392691704387,15.200392691704387
10,1,Plain,7,0.17843339837037026,0.17134115330475944,17.134115330475943
10,1,Plain,8,0.20033877201341574,0.19244619059881518,19.24461905988152
10,1,Plain,9,0.22329394064361088,0.21458307955473943,21.458307955473945
10,1,Plain,10,0.24679172359389157,0.23726795582556162,23.72679558255616
10,1,Plain,11,0.27071725281005793,0.2603912864932069,26.03912864932069
10,1,Plain,12,0.29490439749039654,0.283794112807406,28.379411280740605
10,1,Plain,13,0.31931993206318515,0.30744720566083555,30.744720566083554
10,1,Plain,14,0.34392051317940137,0.33130577312575044,33.13057731257504
10,1,Plain,15,0.36859589527524705,0.35526990753330406,35.52699075333041
10,1,Plain,16,0.3934100636613058,0.379391822892245,37.939182289224505
10,1,Plain,17,0.41834359754713063,0.40366649318615516,40.366649318615515
10,1,Plain,18,0.44348010596380627,0.4281659274643426,42.81659274643426
10,1,Plain,19,0.46884100150718705,0.4529110829543566,45.291108295435656
10,1,Plain,20,0.49430173668337857,0.4777734740255534,47.77734740255534
10,1,Plain,21,0.5198639748929289,0.50276642729475,50.276642729475
10,1,Plain,22,0.5457810806574004,0.528071524654093,52.8071524654093
10,1,Plain,23,0.5715831343300783,0.5532831339975558,55.32831339975558
10,1,Plain,24,0.5971289559154311,0.5782661060683636,57.82661060683637
10,1,Plain,25,0.622194758728959,0.6027763623354395,60.27763623354395
10,1,Plain,26,0.64666452825354,0.6267223185915611,62.672231859156106
10,1,Plain,27,0.6705337287692462,0.6500867935531496,65.00867935531497
10,1,Plain,28,0.693761680402325,0.6728147781303817,67.28147781303817
10,1,Plain,29,0.7163212756224289,0.6948923354102445,69.48923354102445
10,1,Plain,30,0.7381875623567996,0.716270882836971,71.6270882836971
10,1,Plain,31,0.7593994255961057,0.7370112511146326,73.70112511146326
10,1,Plain,32,0.780018792589584,0.7571362581963131,75.7136258196313
10,1,Plain,33,0.8000472345534194,0.7766746161042888,77.66746161042889
10,1,Plain,34,0.8196083320273256,0.7957310740418689,79.57310740418689
10,1,Plain,35,0.8387207793235935,0.8142970111337612,81.42970111337611
10,1,Plain,36,0.8573880516968857,0.8324010883526128,83.24010883526128
10,1,Plain,37,0.8756668477854495,0.8500644381004949,85.00644381004949
10,1,Plain,38,0.8935493953070038,0.8672766563079876,86.72766563079875
10,1,Plain,39,0.9110544939542735,0.8840739673722439,88.40739673722439
10,1,Plain,40,0.9281943602950065,0.9004206288539709,90.04206288539709
10,1,Plain,41,0.9450126826806591,0.9163490239841781,91.63490239841781
10,1,Plain,42,0.9615023221254118,0.9318141071773942,93.18141071773941
10,1,Plain,43,0.9776106155527582,0.9468112275201944,94.68112275201945
10,1,Plain,44,0.9933514515808921,0.9613391197553781,96.13391197553781
10,1,Plain,45,1.0086948664111914,0.9753496598622197,97.53496598622196
10,1,Plain,46,1.0236430075293939,0.9888564231743188,98.88564231743189
10,1,Plain,47,1.0381524117881296,1.00181283601523,100.18128360152302
10,1,Plain,48,1.0521840165118606,1.014220236580033,101.4220236580033
10,1,Plain,49,1.0657516564652165,1.0260736376037718,102.60736376037718
10,1,Plain,50,1.078866210730579,1.037364067031637,103.7364067031637
10,1,Plain,51,1.0915323055612955,1.0481779650163476,104.81779650163476
10,1,Plain,52,1.1037130109596058,1.0585197310680343,105.85197310680344
10,1,Plain,53,1.1154386694169502,1.0683930074558472,106.83930074558472
10,1,Plain,54,1.1267488434531698,1.077844286514245,107.7844286514245
10,1,Plain,55,1.1376486212497834,1.0868972035881337,108.68972035881337
10,1,Plain,56,1.1482253795093833,1.095617893853695,109.5617893853695
10,1,Plain,57,1.1584987389132062,1.1040828610900264,110.40828610900266
10,1,Plain,58,1.1684947036800728,1.112286196028879,111.22861960288789
10,1,Plain,59,1.1782780865660738,1.1202954349271796,112.02954349271795
10,1,Plain,60,1.187854095127082,1.128093898896524,112.8093898896524
10,1,Plain,61,1.1972826444087674,1.1357673039516034,113.57673039516035
10,1,Plain,62,1.206566785100245,1.1433069256120563,114.33069256120561
10,1,Plain,63,1.21569733190152,1.1507192833791748,115.07192833791748
10,1,Plain,64,1.2247093027559643,1.1580181297498682,115.80181297498682
10,1,Plain,65,1.2335485943393598,1.1651774870080345,116.51774870080345
10,1,Plain,66,1.2422277776325323,1.1722095199113785,117.22095199113784
10,1,Plain,67,1.2507788796891903,1.179150298035702,117.91502980357019
10,1,Plain,68,1.2592613065501221,1.1860861348485785,118.60861348485784
10,1,Plain,69,1.2677335355949892,1.1930448297203955,119.30448297203955
10,1,Plain,70,1.2761872857655805,1.2000099482604834,120.00099482604834
10,1,Plain,71,1.2846761362233177,1.2070094325459764,120.70094325459762
10,1,Plain,72,1.293277157766016,1.2141603433993833,121.41603433993832
10,1,Plain,73,1.3020617719620518,1.2215387044332453,122.15387044332454
10,1,Plain,74,1.3109666492362788,1.2290855367546643,122.90855367546642
10,1,Plain,75,1.3198724699327207,1.236697650411029,123.6697650411029
10,1,Plain,76,1.3287283906120628,1.244275665431808,124.42756654318082
10,1,Plain,77,1.3374681136090771,1.2518025917043134,125.18025917043134
10,1,Plain,78,1.3460529952608433,1.2592380758587969,125.9238075858797
10,1,Plain,79,1.3544216173231185,1.2665119482289073,126.65119482289074
10,1,Plain,80,1.3624913083664343,1.2735285893671324,127.35285893671323
10,1,Plain,81,1.370198713115172,1.280238930575113,128.0238930575113
10,1,Plain,82,1.3773973355396232,1.2865309901554665,128.65309901554664
10,1,Plain,83,1.3841221871309148,1.2924475875447465,129.24475875447465
10,1,Plain,84,1.390495958734349,1.2981201965636746,129.81201965636745
10,1,Plain,85,1.3965644959309902,1.3035839129762767,130.35839129762766
10,1,Plain,86,1.4023579583158923,1.3087870761107372,130.8787076110737
10,1,Plain,87,1.407919119606759,1.3138412498482328,131.38412498482327
10,1,Plain,88,1.4133334796332326,1.318733141649587,131.8733141649587
10,1,Plain,89,1.418692332919677,1.3236206008253002,132.36206008253004
10,1,Plain,90,1.4241186736855993,1.3285781336901308,132.8578133690131
10,1,Plain,91,1.4296703552696897,1.3336653870571462,133.36653870571465
10,1,Plain,92,1.4353139217396087,1.3388382736152926,133.88382736152928
10,1,Plain,93,1.4410084850843772,1.3440364316719156,134.40364316719155
10,1,Plain,94,1.4466777543852596,1.3492242845603168,134.92242845603167
10,1,Plain,95,1.4522403058366888,1.354300024646361,135.4300024646361
10,1,Plain,96,1.4575881144164404,1.3591629949358084,135.91629949358082
10,1,Plain,97,1.462578592895324,1.3637035622245437,136.37035622245435
10,1,Plain,98,1.4672032762992873,1.3678900509364667,136.78900509364667
10,1,Plain,99,1.4714829518884869,1.3717120515296586,137.17120515296585
10,1,Plain,100,1.4754578905613058,1.3752449447158113,137.52449447158114
10,2,ResDyNet,1,0.05039140349743835,0.048317915638475886,4.831791563847588
10,2,ResDyNet,2,0.06511093407400094,0.062441082576588,6.244108257658801
10,2,ResDyNet,3,0.07177065021770082,0.06884050509849272,6.884050509849273
10,2,ResDyNet,4,0.08191590005690602,0.07858945321581834,7.8589453215818335
10,2,ResDyNet,5,0.09041250337928396,0.08676453842314238,8.676453842314238
10,2,ResDyNet,6,0.0987163226669124,0.09476129066105037,9.476129066105036
10,2,ResDyNet,7,0.10767810828153358,0.10339819466049241,10.33981946604924
10,2,ResDyNet,8,0.11647534705906726,0.1118866638490295,11.18866638490295
10,2,ResDyNet,9,0.12596654687719905,0.12105249910443208,12.10524991044321
10,2,ResDyNet,10,0.13534627981219946,0.13012322565759613,13.012322565759614
10,2,ResDyNet,11,0.14505363273388025,0.13952085301555978,13.952085301555975
10,2,ResDyNet,12,0.15485063444932323,0.14901676202587216,14.901676202587215
10,2,ResDyNet,13,0.16488615606204524,0.15875547638348256,15.875547638348255
10,2,ResDyNet,14,0.17503737758699398,0.16861714112735343,16.861714112735342
10,2,ResDyNet,15,0.18540119618819825,0.17869831615232443,17.869831615232442
10,2,ResDyNet,16,0.19606619990427826,0.18907984279039614,18.907984279039617
10,2,ResDyNet,17,0.20720776912252686,0.19993812266528996,19.993812266528995
10,2,ResDyNet,18,0.21884639892562122,0.21128923283847928,21.12892328384793
10,2,ResDyNet,19,0.23092340133872294,0.22307726381354312,22.30772638135431
10,2,ResDyNet,20,0.2434016019871075,0.2352628371185648,23.526283711856482
10,2,ResDyNet,21,0.25649769714884824,0.24806187201453508,24.806187201453508
10,2,ResDyNet,22,0.2704488704150527,0.26167331994914517,26.167331994914516
10,2,ResDyNet,23,0.2845783338921507,0.27546717701562945,27.546717701562944
10,2,ResDyNet,24,0.2984824892418121,0.28905365427949514,28.905365427949512
10,2,ResDyNet,25,0.3116426344834326,0.3019164191390886,30.19164191390886
10,2,ResDyNet,26,0.32369620582391795,0.3137138775512332,31.37138775512332
10,2,ResDyNet,27,0.33460542096823487,0.32440212309975924,32.44021230997593
10,2,ResDyNet,28,0.34446488112864443,0.33406437558770147,33.40643755877014
10,2,ResDyNet,29,0.3533832609014347,0.3428117072877806,34.28117072877806
10,2,ResDyNet,30,0.36151799204710594,0.350784576345747,35.0784576345747
10,2,ResDyNet,31,0.36907566414294635,0.35819478895764884,35.81947889576488
10,2,ResDyNet,32,0.376243082962374,0.3652056626233916,36.52056626233916
10,2,ResDyNet,33,0.38310339359865947,0.37191139260368483,37.19113926036849
10,2,ResDyNet,34,0.3898133920051436,0.3784571446814128,37.845714468141274
10,2,ResDyNet,35,0.3964056181142514,0.3848621829631899,38.48621829631899
10,2,ResDyNet,36,0.4028903861686331,0.3911489030781799,39.11489030781799
10,2,ResDyNet,37,0.4092740075474253,0.39730781190905884,39.73078119090589
10,2,ResDyNet,38,0.4155590392605035,0.40334049349849554,40.33404934984956
10,2,ResDyNet,39,0.4217556163577235,0.4092654868498052,40.926548684980524
10,2,ResDyNet,40,0.42785334700644617,0.4150509809673674,41.50509809673674
10,2,ResDyNet,41,0.4337991217810221,0.42064134072956266,42.064134072956264
10,2,ResDyNet,42,0.43955225300938855,0.4259802402664739,42.59802402664739
10,2,ResDyNet,43,0.4450971610179773,0.43107448168502627,43.10744816850263
10,2,ResDyNet,44,0.4503929101923561,0.43587828168902976,43.58782816890298
10,2,ResDyNet,45,0.4554254677842533,0.4403701157678811,44.03701157678812
10,2,ResDyNet,46,0.46020212401633903,0.44456301947527727,44.45630194752773
10,2,ResDyNet,47,0.4647236304383877,0.4484564047497388,44.84564047497388
10,2,ResDyNet,48,0.46899433790618666,0.4520725851004664,45.207258510046636
10,2,ResDyNet,49,0.4731206735681072,0.45550635329405986,45.550635329405985
10,2,ResDyNet,50,0.4771309944779032,0.4587765786114245,45.87765786114245
10,2,ResDyNet,51,0.48104408130473925,0.46193759328623496,46.1937593286235
10,2,ResDyNet,52,0.4849218750065144,0.46506597967403007,46.50659796740301
10,2,ResDyNet,53,0.4887500583901021,0.4681361325321174,46.81361325321174
10,2,ResDyNet,54,0.4925142203546587,0.4711375046184817,47.11375046184818
10,2,ResDyNet,55,0.4962047580086459,0.47406866567837147,47.40686656783715
10,2,ResDyNet,56,0.49985301845502206,0.4769515820579613,47.69515820579613
10,2,ResDyNet,57,0.5034249511066206,0.479778563145718,47.977856314571795
10,2,ResDyNet,58,0.5068595443957047,0.48247790322136275,48.24779032213627
10,2,ResDyNet,59,0.5101796289918383,0.48507386827341115,48.50738682734112
10,2,ResDyNet,60,0.5133320612707536,0.48750664648385156,48.750664648385154
10,2,ResDyNet,61,0.5163173160342375,0.48978938160864544,48.97893816086454
10,2,ResDyNet,62,0.5190994832695035,0.4918832853950593,49.18832853950593
10,2,ResDyNet,63,0.5217134058351781,0.4938282422261637,49.38282422261637
10,2,ResDyNet,64,0.5241521384750683,0.49560959301559165,49.560959301559166
10,2,ResDyNet,65,0.5263721368669237,0.4971972457997245,49.71972457997246
10,2,ResDyNet,66,0.5283909986557412,0.4986082021448425,49.86082021448426
10,2,ResDyNet,67,0.5302920153696663,0.49992368605110776,49.99236860511078
10,2,ResDyNet,68,0.53209046658721,0.5011709020371468,50.117090203714675
10,2,ResDyNet,69,0.5337869816581816,0.5023388438962948,50.23388438962948
10,2,ResDyNet,70,0.5354319808015455,0.503471324895094,50.347132489509406
10,2,ResDyNet,71,0.5371010709635966,0.5046299534989682,50.46299534989682
10,2,ResDyNet,72,0.5388376816723669,0.5058740430751619,50.58740430751619
10,2,ResDyNet,73,0.5406907005634313,0.5072529061890061,50.72529061890061
10,2,ResDyNet,74,0.5427394547978112,0.5088407203239793,50.88407203239793
10,2,ResDyNet,75,0.5449989623508863,0.5106545909319151,51.065459093191514
10,2,ResDyNet,76,0.5474451944933617,0.512650093486675,51.2650093486675
10,2,ResDyNet,77,0.5500873968757531,0.5148540156331647,51.485401563316465
10,2,ResDyNet,78,0.5528569941348609,0.5171999765020784,51.71999765020784
10,2,ResDyNet,79,0.5556341940592949,0.5195703735233234,51.957037352332335
10,2,ResDyNet,80,0.5583034870859219,0.5218495325300538,52.18495325300538
10,2,ResDyNet,81,0.5607773807883978,0.5239597931303164,52.39597931303164
10,2,ResDyNet,82,0.5630061657939789,0.5258648766434498,52.586487664344986
10,2,ResDyNet,83,0.5649852564011492,0.5275645737228178,52.75645737228178
10,2,ResDyNet,84,0.5667630790066595,0.529110922547972,52.911092254797204
10,2,ResDyNet,85,0.5683496538626178,0.530510025050468,53.0510025050468
10,2,ResDyNet,86,0.5697662471599192,0.5317491844824992,53.17491844824991
10,2,ResDyNet,87,0.571097231531626,0.5329362248237308,53.29362248237309
10,2,ResDyNet,88,0.572384808474992,0.5340726923900534,53.407269239005345
10,2,ResDyNet,89,0.5737989385053545,0.5353465851008989,53.5346585100899
10,2,ResDyNet,90,0.5754334933613174,0.5368291075730609,53.68291075730609
10,2,ResDyNet,91,0.577281452353269,0.5385159514260207,53.85159514260207
10,2,ResDyNet,92,0.5793084557533338,0.5403698250564605,54.03698250564605
10,2,ResDyNet,93,0.5814402719603745,0.5423124960365595,54.23124960365595
10,2,ResDyNet,94,0.5836190971588611,0.5443043942806104,54.430439428061035
10,2,ResDyNet,95,0.5857521086030043,0.5462485044172263,54.62485044172263
10,2,ResDyNet,96,0.5877839415963048,0.5480932332897438,54.80932332897437
10,2,ResDyNet,97,0.5897266642078381,0.5498592394457281,54.98592394457282
10,2,ResDyNet,98,0.5915758634843051,0.551532804694517,55.15328046945171
10,2,ResDyNet,99,0.5933473953569169,0.5531166853888877,55.31166853888877
10,2,ResDyNet,100,0.5951276253245946,0.5547066191614687,55.47066191614687
10,2,Plain,1,0.14524666925663504,0.13927011007479603,13.927011007479605
10,2,Plain,2,0.1554026408371148,0.1490304089033916,14.90304089033916
10,2,Plain,3,0.15235777233069484,0.14613753632037513,14.613753632037513
10,2,Plain,4,0.15641991358368446,0.1500680023300427,15.006800233004268
10,2,Plain,5,0.16604615121410723,0.15934651877289294,15.934651877289294
10,2,Plain,6,0.17981533117046222,0.17261109816511114,17.261109816511112
10,2,Plain,7,0.19638936396274234,0.18858341782135846,18.858341782135845
10,2,Plain,8,0.2148961880156278,0.2064301000858931,20.64301000858931
10,2,Plain,9,0.23474338336268846,0.2255858710804017,22.55858710804017
10,2,Plain,10,0.2554695097705866,0.2456108635910743,24.56108635910743
10,2,Plain,11,0.2769948322352983,0.2664294202494937,26.642942024949367
10,2,Plain,12,0.2992227593748059,0.2879497839001275,28.794978390012748
10,2,Plain,13,0.32210297922607556,0.31012677554525997,31.012677554526
10,2,Plain,14,0.34561730724095235,0.3329403300854398,33.29403300854398
10,2,Plain,15,0.3696670340531923,0.3563023210231824,35.63023210231824
10,2,Plain,16,0.3942398542107045,0.38019204581035054,38.01920458103505
10,2,Plain,17,0.4193290708868248,0.4046173923262286,40.46173923262286
10,2,Plain,18,0.44489607917119245,0.4295330045292486,42.95330045292486
10,2,Plain,19,0.4708782061798039,0.45487906905520625,45.487906905520624
10,2,Plain,20,0.49720311176228515,0.4805778340915353,48.05778340915353
10,2,Plain,21,0.5238615410776105,0.5066325195142785,50.66325195142784
10,2,Plain,22,0.5509469634612051,0.5330697844052439,53.30697844052439
10,2,Plain,23,0.5781741423897797,0.5596631220980599,55.96631220980599
10,2,Plain,24,0.6054758644538077,0.5863493421103944,58.634934211039436
10,2,Plain,25,0.6327039730751387,0.6129575892032685,61.29575892032684
10,2,Plain,26,0.6597357849812817,0.6393904764468253,63.93904764468253
10,2,Plain,27,0.6865770700083405,0.6656409168082841,66.56409168082841
10,2,Plain,28,0.7131644198783879,0.6916316863345626,69.16316863345625
10,2,Plain,29,0.7394157082073821,0.7172958919428744,71.72958919428743
10,2,Plain,30,0.765253601254528,0.7425333350439418,74.25333350439419
10,2,Plain,31,0.7906369180593925,0.7673278178989424,76.73278178989426
10,2,Plain,32,0.8155320719884077,0.7916077244427081,79.1607724442708
10,2,Plain,33,0.8398819294053498,0.8153455782619472,81.53455782619471
10,2,Plain,34,0.8637126603272537,0.8385505320153963,83.85505320153963
10,2,Plain,35,0.8869829665833486,0.8611537908931595,86.11537908931595
10,2,Plain,36,0.9096624497510263,0.8831520473228548,88.31520473228548
10,2,Plain,37,0.9317894981644633,0.9045461960656384,90.45461960656384
10,2,Plain,38,0.9533091884717081,0.9252793519281156,92.52793519281155
10,2,Plain,39,0.9742314980067979,0.9453800088769476,94.53800088769475
10,2,Plain,40,0.9945993692580773,0.9648386456910675,96.48386456910676
10,2,Plain,41,1.0144202231465118,0.9836513291581277,98.36513291581277
10,2,Plain,42,1.033720670470304,1.0018025765094987,100.18025765094987
10,2,Plain,43,1.05251283534664,1.019353670839444,101.9353670839444
10,2,Plain,44,1.0708690217826125,1.0363585628585215,103.63585628585214
10,2,Plain,45,1.0888236092594838,1.0528295248687005,105.28295248687006
10,2,Plain,46,1.1064194161045082,1.0688198310271813,106.88198310271812
10,2,Plain,47,1.1236880407618077,1.0843543685199537,108.43543685199536
10,2,Plain,48,1.1406298029501596,1.099474816613798,109.94748166137981
10,2,Plain,49,1.1572754788651107,1.1141900208226667,111.41900208226667
10,2,Plain,50,1.1736125091601504,1.1284656368996342,112.84656368996342
10,2,Plain,51,1.1896054948210788,1.142355806036015,114.2355806036015
10,2,Plain,52,1.2052342496816038,1.155884021642331,115.58840216423309
10,2,Plain,53,1.2204723372266497,1.168996688601293,116.89966886012931
10,2,Plain,54,1.2352883858471608,1.181672860477273,118.16728604772732
10,2,Plain,55,1.249655800390679,1.1939076526108687,119.39076526108687
10,2,Plain,56,1.2635897384807404,1.2056966800027926,120.56966800027926
10,2,Plain,57,1.2770660829159648,1.217080974943147,121.70809749431471
10,2,Plain,58,1.2900719205395441,1.2280151416873475,122.80151416873476
10,2,Plain,59,1.3026464027668763,1.2385436298803716,123.85436298803715
10,2,Plain,60,1.3147796834413563,1.2486339402859223,124.86339402859224
10,2,Plain,61,1.326486775191887,1.258333038921744,125.83330389217441
10,2,Plain,62,1.337784591962839,1.267645030391863,126.7645030391863
10,2,Plain,63,1.3487220061570484,1.27663389535882,127.66338953588199
10,2,Plain,64,1.3593304606264416,1.285308533367383,128.53085333673832
10,2,Plain,65,1.3696073128011943,1.2936949660845662,129.36949660845664
10,2,Plain,66,1.3795884543820194,1.301827852270751,130.18278522707507
10,2,Plain,67,1.389267417734982,1.3097079877784346,130.97079877784347
10,2,Plain,68,1.3986074121789112,1.3173348939200729,131.73348939200727
10,2,Plain,69,1.4076102424895447,1.3246806800574638,132.46806800574637
10,2,Plain,70,1.4162755308785315,1.331736137390355,133.1736137390355
10,2,Plain,71,1.4245854878897626,1.3384603892510956,133.84603892510955
10,2,Plain,72,1.4324453778540776,1.3448148847540624,134.48148847540622
10,2,Plain,73,1.4398418549164094,1.35079808955071,135.079808955071
10,2,Plain,74,1.4467315298959382,1.3563707360503297,135.63707360503298
10,2,Plain,75,1.4532044873289098,1.3616274420346355,136.16274420346355
10,2,Plain,76,1.4592771156456632,1.3665268364462482,136.65268364462483
10,2,Plain,77,1.4649658362222204,1.371134019481574,137.1134019481574
10,2,Plain,78,1.4702718323227586,1.375445305379468,137.5445305379468
10,2,Plain,79,1.4751766963820168,1.3794293356076524,137.94293356076525
10,2,Plain,80,1.4797024894658115,1.3830865654121434,138.3086565412143
10,2,Plain,81,1.4838275503625036,1.3864075174286825,138.64075174286825
10,2,Plain,82,1.4875887912333927,1.3894531600642956,138.94531600642958
10,2,Plain,83,1.4909569937842915,1.3922064017656086,139.22064017656086
10,2,Plain,84,1.4939454893488742,1.3946971942688533,139.46971942688532
10,2,Plain,85,1.4965341668626033,1.3968977951433217,139.68977951433217
10,2,Plain,86,1.4987220014883187,1.3987213283164348,139.87213283164348
10,2,Plain,87,1.500563208328049,1.4002948135661735,140.02948135661734
10,2,Plain,88,1.5020162213694872,1.4014799755039005,140.14799755039004
10,2,Plain,89,1.5031011530286646,1.4023728789585597,140.23728789585596
10,2,Plain,90,1.5038445609014839,1.4029554116524687,140.29554116524685
10,2,Plain,91,1.504266194241655,1.4032519795808698,140.32519795808696
10,2,Plain,92,1.5043424757595676,1.4032270241836913,140.32270241836915
10,2,Plain,93,1.5040990444870803,1.4028813387002241,140.28813387002242
10,2,Plain,94,1.503606891480158,1.402318468136907,140.2318468136907
10,2,Plain,95,1.5028279254533736,1.401475973570465,140.14759735704652
10,2,Plain,96,1.5018009039718956,1.4003902709216018,140.03902709216018
10,2,Plain,97,1.5005094511042048,1.399070172066198,139.9070172066198
10,2,Plain,98,1.499048980365606,1.397580157591121,139.7580157591121
10,2,Plain,99,1.4973520376537994,1.3958271366964914,139.58271366964914
10,2,Plain,100,1.4953793870010894,1.3938133751977981,139.3813375197798
10,3,ResDyNet,1,0.06695328337943741,0.06419831307558402,6.419831307558402
10,3,ResDyNet,2,0.07723247599477226,0.07406558483254137,7.406558483254138
10,3,ResDyNet,3,0.07405141908389608,0.07102815813334115,7.102815813334115
10,3,ResDyNet,4,0.08118604880035607,0.0778892398122997,7.78892398122997
10,3,ResDyNet,5,0.09079507192193807,0.08713167108486453,8.713167108486452
10,3,ResDyNet,6,0.10399198312982952,0.09982558378957739,9.982558378957739
10,3,ResDyNet,7,0.122621600498841,0.1177477234723548,11.774772347235482
10,3,ResDyNet,8,0.13874702756213145,0.13328092531910374,13.328092531910373
10,3,ResDyNet,9,0.15793616920718195,0.15177496292049616,15.177496292049616
10,3,ResDyNet,10,0.17467874547139337,0.16793783948918828,16.793783948918826
10,3,ResDyNet,11,0.194372766787696,0.18695880767748327,18.695880767748328
10,3,ResDyNet,12,0.21045305669667994,0.20252440798135585,20.252440798135584
10,3,ResDyNet,13,0.23031243046668937,0.2217491176276709,22.174911762767092
10,3,ResDyNet,14,0.24618767861752128,0.23715770380891832,23.715770380891833
10,3,ResDyNet,15,0.26588887365066727,0.2562760919664276,25.62760919664276
10,3,ResDyNet,16,0.28180535684352603,0.27176388686820624,27.176388686820623
10,3,ResDyNet,17,0.3016226530459042,0.29104056888746244,29.104056888746243
10,3,ResDyNet,18,0.3181954283146584,0.3072075586866989,30.720755868669894
10,3,ResDyNet,19,0.33842859339424536,0.32692972722983493,32.69297272298349
10,3,ResDyNet,20,0.35588238831749686,0.3439825361566022,34.39825361566022
10,3,ResDyNet,21,0.37617403696866886,0.36380223624215074,36.38022362421508
10,3,ResDyNet,22,0.394398185597802,0.38160071605738843,38.16007160573884
10,3,ResDyNet,23,0.4143423118973336,0.40107658729825785,40.10765872982578
10,3,ResDyNet,24,0.43208621584883977,0.4184369407135396,41.84369407135396
10,3,ResDyNet,25,0.45072344082855426,0.4366565810309252,43.66565810309252
10,3,ResDyNet,26,0.4671347575883824,0.4527289894207912,45.272898942079124
10,3,ResDyNet,27,0.48428316773634705,0.469515668157875,46.951566815787494
10,3,ResDyNet,28,0.4992421083214162,0.4841683791886928,48.416837918869284
10,3,ResDyNet,29,0.5151498762258302,0.49973903157603905,49.97390315760391
10,3,ResDyNet,30,0.5288113394917824,0.5131110090539596,51.31110090539596
10,3,ResDyNet,31,0.5437641654499104,0.5277332249427996,52.77332249427997
10,3,ResDyNet,32,0.5564847412391021,0.5401597740053521,54.015977400535206
10,3,ResDyNet,33,0.5706975477215797,0.5540251620715042,55.40251620715042
10,3,ResDyNet,34,0.5827149516461056,0.5657389953402184,56.57389953402184
10,3,ResDyNet,35,0.5963731936168712,0.5790066504303828,57.90066504303828
10,3,ResDyNet,36,0.607851312335679,0.5901366282669659,59.013662826696596
10,3,ResDyNet,37,0.6210054521182599,0.6028487341359232,60.28487341359232
10,3,ResDyNet,38,0.6320176004889465,0.6134345948401927,61.34345948401926
10,3,ResDyNet,39,0.6446822014960313,0.6255901873631224,62.55901873631225
10,3,ResDyNet,40,0.6552630482012476,0.6356560556332346,63.56560556332346
10,3,ResDyNet,41,0.6674765889856187,0.6472310182274532,64.72310182274532
10,3,ResDyNet,42,0.6776396259132482,0.656716212200699,65.67162122006991
10,3,ResDyNet,43,0.6893482526508522,0.6676305012422725,66.76305012422725
10,3,ResDyNet,44,0.699073947322879,0.6765451765271487,67.65451765271487
10,3,ResDyNet,45,0.7102686542396296,0.6867887538559333,68.67887538559333
10,3,ResDyNet,46,0.7196093663520597,0.6951547940634983,69.51547940634983
10,3,ResDyNet,47,0.7303235056265225,0.704759199200906,70.4759199200906
10,3,ResDyNet,48,0.7393234588676818,0.7126479794359204,71.26479794359204
10,3,ResDyNet,49,0.7496084380707618,0.721700456352846,72.1700456352846
10,3,ResDyNet,50,0.7583571480089213,0.7291844414965233,72.91844414965233
10,3,ResDyNet,51,0.768242715265405,0.7377290455104227,73.77290455104227
10,3,ResDyNet,52,0.7767343086902996,0.744929690401432,74.4929690401432
10,3,ResDyNet,53,0.7862063502120445,0.7530466622813023,75.30466622813023
10,3,ResDyNet,54,0.794373563258905,0.7598951722839367,75.98951722839367
10,3,ResDyNet,55,0.8033753171706159,0.7675360997714906,76.75360997714905
10,3,ResDyNet,56,0.8111925910214622,0.7740267145674891,77.4026714567489
10,3,ResDyNet,57,0.8197004152396069,0.7811982432915113,78.11982432915113
10,3,ResDyNet,58,0.8270841743952871,0.7872986563280976,78.72986563280976
10,3,ResDyNet,59,0.8350078438915352,0.7939174005741952,79.39174005741951
10,3,ResDyNet,60,0.8419095491774082,0.7995536065800644,79.95536065800644
10,3,ResDyNet,61,0.8492660665864705,0.805631515072044,80.5631515072044
10,3,ResDyNet,62,0.8557660075872313,0.8108985057935043,81.08985057935044
10,3,ResDyNet,63,0.8626069278478599,0.8165012785694012,81.65012785694013
10,3,ResDyNet,64,0.86873913319164,0.8214322076228757,82.14322076228757
10,3,ResDyNet,65,0.8750438929872997,0.8265433959646454,82.65433959646454
10,3,ResDyNet,66,0.8807896225047804,0.8311438523029642,83.1143852302964
10,3,ResDyNet,67,0.8865913759689079,0.8358187863464736,83.58187863464735
10,3,ResDyNet,68,0.8919704130100448,0.8401383684731399,84.013836847314
10,3,ResDyNet,69,0.8972859381732619,0.844422206450508,84.44222064505081
10,3,ResDyNet,70,0.9023565184746023,0.8484936428414794,84.84936428414794
10,3,ResDyNet,71,0.9072673918529558,0.8524174061699424,85.24174061699425
10,3,ResDyNet,72,0.9120866106885703,0.8562893002429198,85.62893002429198
10,3,ResDyNet,73,0.9166704013869131,0.8599809921576498,85.998099215765
10,3,ResDyNet,74,0.9213047692090218,0.8637613835848346,86.37613835848346
10,3,ResDyNet,75,0.9256193155898605,0.867289271381951,86.7289271381951
10,3,ResDyNet,76,0.9300621934553954,0.8709483163234015,87.09483163234016
10,3,ResDyNet,77,0.9341072072381996,0.8742771592476495,87.42771592476495
10,3,ResDyNet,78,0.9383569051071488,0.8778367180312717,87.78367180312716
10,3,ResDyNet,79,0.9421391500496389,0.8809889588076704,88.09889588076703
10,3,ResDyNet,80,0.9461571973284794,0.8843786624062862,88.43786624062861
10,3,ResDyNet,81,0.9496622622656614,0.8873126119688154,88.73126119688153
10,3,ResDyNet,82,0.9534316590743424,0.8905341579696973,89.05341579696973
10,3,ResDyNet,83,0.9566448323076131,0.8932833511006923,89.32833511006923
10,3,ResDyNet,84,0.9601581719304025,0.8963713321490023,89.63713321490023
10,3,ResDyNet,85,0.9630814815463925,0.8989613654701368,89.89613654701368
10,3,ResDyNet,86,0.9662992854103846,0.9018239664849341,90.18239664849341
10,3,ResDyNet,87,0.968914615898588,0.9041712497689344,90.41712497689343
10,3,ResDyNet,88,0.9718124703993625,0.906764985512527,90.6764985512527
10,3,ResDyNet,89,0.9741335896333987,0.9088533554989385,90.88533554989385
10,3,ResDyNet,90,0.9768139128291795,0.9112819242166985,91.12819242166985
10,3,ResDyNet,91,0.979001423567229,0.9132596949210637,91.32596949210638
10,3,ResDyNet,92,0.9816333478375842,0.91565216280296,91.56521628029601
10,3,ResDyNet,93,0.9837697530707434,0.9175673857510573,91.75673857510574
10,3,ResDyNet,94,0.986389742478225,0.9199429455237212,91.99429455237212
10,3,ResDyNet,95,0.9885072448206833,0.9218415028444368,92.18415028444367
10,3,ResDyNet,96,0.9910763657280027,0.9241529264200037,92.41529264200038
10,3,ResDyNet,97,0.9930749371480181,0.9259398680680613,92.59398680680613
10,3,ResDyNet,98,0.9954336737319499,0.9280539654324738,92.80539654324738
10,3,ResDyNet,99,0.9971192043555218,0.9295115703996184,92.95115703996184
10,3,ResDyNet,100,0.9991211970318286,0.9312609896672213,93.12609896672213
10,3,Plain,1,0.09923258623374731,0.09514939845788828,9.514939845788827
10,3,Plain,2,0.14517566037619753,0.13922278226508358,13.922278226508359
10,3,Plain,3,0.15073259595883082,0.14457871022678537,14.457871022678537
10,3,Plain,4,0.16665338065872615,0.15988590802809288,15.988590802809286
10,3,Plain,5,0.1880857105352329,0.18049682564499625,18.049682564499626
10,3,Plain,6,0.21230485125726695,0.20379893795906315,20.379893795906312
10,3,Plain,7,0.23778745983825908,0.22833605133455787,22.833605133455784
10,3,Plain,8,0.26394153895632116,0.25354325177520465,25.35432517752046
10,3,Plain,9,0.29037811640857714,0.27905025221310226,27.905025221310225
10,3,Plain,10,0.31688335861233263,0.30465473330381776,30.465473330381773
10,3,Plain,11,0.3434821126612663,0.3303806767942675,33.03806767942675
10,3,Plain,12,0.37014926348557514,0.35620418932757475,35.620418932757474
10,3,Plain,13,0.3969484816157878,0.3821894257447631,38.21894257447631
10,3,Plain,14,0.42388476482794113,0.4083369974918935,40.83369974918935
10,3,Plain,15,0.4509383785810763,0.4346354316889094,43.46354316889094
10,3,Plain,16,0.47817686179887503,0.46113815588345786,46.11381558834579
10,3,Plain,17,0.505643016679924,0.48790311252285457,48.790311252285456
10,3,Plain,18,0.5333788026358617,0.5149602578543684,51.49602578543684
10,3,Plain,19,0.5613888625617038,0.542314424045607,54.2314424045607
10,3,Plain,20,0.5896122978649071,0.5698970789972112,56.98970789972112
10,3,Plain,21,0.6181130404353972,0.5977842282070139,59.77842282070139
10,3,Plain,22,0.6469572416267292,0.625964712005634,62.5964712005634
10,3,Plain,23,0.675973417769822,0.6543312225632354,65.43312225632354
10,3,Plain,24,0.7050980587613507,0.6828245470213543,68.28245470213542
10,3,Plain,25,0.734079519520143,0.7111692540535448,71.11692540535448
10,3,Plain,26,0.7628188165042455,0.7392945746320116,73.92945746320116
10,3,Plain,27,0.7912801471725575,0.7671512283533394,76.71512283533394
10,3,Plain,28,0.8193997755907273,0.7946594540858013,79.46594540858013
10,3,Plain,29,0.8471192269751855,0.8217774314914905,82.17774314914905
10,3,Plain,30,0.8742844931637135,0.8483271159022374,84.83271159022374
10,3,Plain,31,0.9008436300740236,0.8742854793949005,87.42854793949006
10,3,Plain,32,0.9267063173799918,0.8995205759832886,89.95205759832886
10,3,Plain,33,0.9518218650030474,0.9240152951888614,92.40152951888614
10,3,Plain,34,0.9762117040561539,0.9477721948475115,94.77721948475116
10,3,Plain,35,0.9998210845459085,0.970706033384365,97.0706033384365
10,3,Plain,36,1.0226824888186195,0.9928783297679231,99.28783297679232
10,3,Plain,37,1.0448072429332707,1.014259571586531,101.4259571586531
10,3,Plain,38,1.0662326063342837,1.0348825196736164,103.48825196736163
10,3,Plain,39,1.0870063647713122,1.0548150915662873,105.48150915662872
10,3,Plain,40,1.1071823939942604,1.074052924798535,107.4052924798535
10,3,Plain,41,1.1267981214010205,1.092620636417373,109.26206364173729
10,3,Plain,42,1.1458697116276302,1.110488802483256,111.0488802483256
10,3,Plain,43,1.1644225649500717,1.1277377112453146,112.77377112453146
10,3,Plain,44,1.1825403730061363,1.1444311270212506,114.44311270212506
10,3,Plain,45,1.2002634249456958,1.160585388355317,116.0585388355317
10,3,Plain,46,1.2176555430173648,1.1762758071611787,117.62758071611786
10,3,Plain,47,1.234734640090102,1.1915138831920917,119.15138831920916
10,3,Plain,48,1.2514937478555213,1.2063386870638242,120.63386870638242
10,3,Plain,49,1.2679322750729562,1.2207270557142178,122.07270557142179
10,3,Plain,50,1.2840387233172865,1.234643942870846,123.4643942870846
10,3,Plain,51,1.2997967354320716,1.248170384090912,124.81703840909118
10,3,Plain,52,1.3151693278270775,1.2613176336392717,126.13176336392718
10,3,Plain,53,1.3301097459964917,1.2740099395283973,127.40099395283973
10,3,Plain,54,1.344590119228462,1.2862305438648889,128.6230543864889
10,3,Plain,55,1.358568139976259,1.297961325353656,129.7961325353656
10,3,Plain,56,1.3720623701250276,1.309199492554856,130.9199492554856
10,3,Plain,57,1.3850788689302305,1.3200202892567812,132.00202892567813
10,3,Plain,58,1.397613118722784,1.3303832481639124,133.03832481639125
10,3,Plain,59,1.4096982721020925,1.3403275142486042,134.0327514248604
10,3,Plain,60,1.4212891521915352,1.349784984311184,134.9784984311184
10,3,Plain,61,1.4324201697927506,1.3588236678856989,135.8823667885699
10,3,Plain,62,1.443139364731682,1.3674760905870886,136.74760905870886
10,3,Plain,63,1.453500124263907,1.375811706988261,137.58117069882607
10,3,Plain,64,1.4635028435180026,1.3838082407969021,138.3808240796902
10,3,Plain,65,1.4732335636121938,1.3915775911080985,139.15775911080985
10,3,Plain,66,1.4826859721394159,1.3991142710503848,139.91142710503846
10,3,Plain,67,1.4918430697705232,1.4064094212875857,140.64094212875858
10,3,Plain,68,1.5007449906325698,1.4135372984732468,141.35372984732467
10,3,Plain,69,1.5093739189071127,1.4204489346586469,142.04489346586467
10,3,Plain,70,1.517675554294911,1.4270834568713708,142.7083456871371
10,3,Plain,71,1.5255559536338583,1.433326559117038,143.3326559117038
10,3,Plain,72,1.5331155092215947,1.4393264753572574,143.93264753572575
10,3,Plain,73,1.5403147007063924,1.44505741926905,144.505741926905
10,3,Plain,74,1.5470497105244037,1.450423185787185,145.0423185787185
10,3,Plain,75,1.5533859418320988,1.455495730237638,145.54957302376377
10,3,Plain,76,1.5591714176867022,1.4600719507247988,146.00719507247985
10,3,Plain,77,1.5642124938919615,1.464023877583481,146.40238775834808
10,3,Plain,78,1.5687775336671734,1.4675977913950908,146.7597791395091
10,3,Plain,79,1.5728951110669769,1.4708052691999498,147.08052691999498
10,3,Plain,80,1.576487481428765,1.4735520630851309,147.3552063085131
10,3,Plain,81,1.5796289282281564,1.4759190987580078,147.59190987580078
10,3,Plain,82,1.5823504390382501,1.4779634202728247,147.7963420272825
10,3,Plain,83,1.584619652285349,1.4796654990535778,147.96654990535777
10,3,Plain,84,1.5864545595573945,1.4810605466027305,148.10605466027303
10,3,Plain,85,1.5879601438806972,1.48223680613506,148.223680613506
10,3,Plain,86,1.5890792174039947,1.4830495525922125,148.30495525922126
10,3,Plain,87,1.5898050350066026,1.4835734561169183,148.3573456116918
10,3,Plain,88,1.5902576368978605,1.483815022964558,148.3815022964558
10,3,Plain,89,1.5904429280970067,1.4838615640740889,148.3861564074089
10,3,Plain,90,1.590413719209831,1.4837168628612891,148.37168628612892
10,3,Plain,91,1.5901992533439977,1.4834144772547557,148.34144772547558
10,3,Plain,92,1.5898118391572185,1.482951503410939,148.29515034109392
10,3,Plain,93,1.5893095012216913,1.4823575939729436,148.23575939729437
10,3,Plain,94,1.5885973530569293,1.4815836634216013,148.15836634216012
10,3,Plain,95,1.5877417242093366,1.4806631158676633,148.06631158676635
10,3,Plain,96,1.587117899327132,1.4799461494163804,147.99461494163805
10,3,Plain,97,1.5865812849892145,1.479323272341533,147.93232723415332
10,3,Plain,98,1.585888537272508,1.4785416493213588,147.8541649321359
10,3,Plain,99,1.5850958183208406,1.4776216292750752,147.76216292750752
10,3,Plain,100,1.5842258169182664,1.4766253648731946,147.66253648731944
10,4,ResDyNet,1,0.06798195775750951,0.06518465991987614,6.518465991987614
10,4,ResDyNet,2,0.08329299053001592,0.07987759005000097,7.987759005000097
10,4,ResDyNet,3,0.08398015492311234,0.08055153834639352,8.055153834639352
10,4,ResDyNet,4,0.08627626994042949,0.08277275688124563,8.277275688124563
10,4,ResDyNet,5,0.11021186514226214,0.1057650352596367,10.57650352596367
10,4,ResDyNet,6,0.11961709065053622,0.11482467730702803,11.482467730702803
10,4,ResDyNet,7,0.14060486326328678,0.1350162001722546,13.50162001722546
10,4,ResDyNet,8,0.15916934975317953,0.15289868612171895,15.289868612171896
10,4,ResDyNet,9,0.17913369100722396,0.1721455537823485,17.21455537823485
10,4,ResDyNet,10,0.19788629114962805,0.19024979891236637,19.024979891236637
10,4,ResDyNet,11,0.2180480995741568,0.20973109240787963,20.973109240787963
10,4,ResDyNet,12,0.2371800952054841,0.22824452692879357,22.82445269287936
10,4,ResDyNet,13,0.25671459057239576,0.247169611411013,24.716961141101304
10,4,ResDyNet,14,0.27597492630662057,0.2658523781500717,26.58523781500717
10,4,ResDyNet,15,0.29522612438438506,0.2845527019044363,28.455270190443635
10,4,ResDyNet,16,0.3143410736131543,0.30314027002286303,30.314027002286302
10,4,ResDyNet,17,0.33356950762178034,0.32186660478375495,32.186660478375494
10,4,ResDyNet,18,0.35294328805343744,0.3407555113285012,34.075551132850116
10,4,ResDyNet,19,0.37261236166026174,0.35995202573839424,35.99520257383942
10,4,ResDyNet,20,0.39255118187823057,0.3794252133468292,37.94252133468292
10,4,ResDyNet,21,0.4127760160113385,0.3992004310083691,39.92004310083691
10,4,ResDyNet,22,0.4334323016788593,0.41936824945671475,41.93682494567148
10,4,ResDyNet,23,0.4539811946634554,0.439446378091169,43.944637809116905
10,4,ResDyNet,24,0.47425827235303036,0.459276814007219,45.9276814007219
10,4,ResDyNet,25,0.4940847635701204,0.47866461793822435,47.86646179382243
10,4,ResDyNet,26,0.5133221219163326,0.4974920014564489,49.749200145644885
10,4,ResDyNet,27,0.5319640843703638,0.5157426256968745,51.574262569687455
10,4,ResDyNet,28,0.5500097066824989,0.5334031400473724,53.340314004737245
10,4,ResDyNet,29,0.5674351748714166,0.5504602016988771,55.04602016988772
10,4,ResDyNet,30,0.5842978312215263,0.5669501150528496,56.69501150528497
10,4,ResDyNet,31,0.6006740586434899,0.5829653335929689,58.29653335929689
10,4,ResDyNet,32,0.6166451164917847,0.598555291963685,59.855529196368494
10,4,ResDyNet,33,0.6322304595691777,0.6137604484682991,61.376044846829906
10,4,ResDyNet,34,0.6475116742785259,0.6286480260075271,62.86480260075271
10,4,ResDyNet,35,0.6625118138111249,0.6432192967274325,64.32192967274324
10,4,ResDyNet,36,0.6772246610985956,0.6574882211642884,65.74882211642884
10,4,ResDyNet,37,0.6916858540969889,0.6714626097722046,67.14626097722046
10,4,ResDyNet,38,0.7058769546297835,0.6851222866821465,68.51222866821463
10,4,ResDyNet,39,0.7197977239718458,0.6984811926840022,69.84811926840021
10,4,ResDyNet,40,0.7334535665581869,0.7115069320455808,71.15069320455807
10,4,ResDyNet,41,0.7468238197870508,0.7241715279510775,72.41715279510775
10,4,ResDyNet,42,0.7598984999250498,0.7364351868520436,73.64351868520436
10,4,ResDyNet,43,0.7726469495341065,0.7483048926534922,74.83048926534921
10,4,ResDyNet,44,0.7850718891990052,0.7597716978277389,75.97716978277388
10,4,ResDyNet,45,0.7971687528299315,0.7708161286591803,77.08161286591802
10,4,ResDyNet,46,0.8089530505625823,0.7814623010281236,78.14623010281235
10,4,ResDyNet,47,0.8204324759091407,0.7917139873844208,79.17139873844208
10,4,ResDyNet,48,0.8316106314276195,0.8016053447999544,80.16053447999543
10,4,ResDyNet,49,0.8425242436172563,0.8111569990751776,81.11569990751775
10,4,ResDyNet,50,0.8531583709748995,0.8203388230476563,82.03388230476563
10,4,ResDyNet,51,0.8635121955984175,0.8292145375245794,82.92145375245795
10,4,ResDyNet,52,0.8735814516660716,0.8378112734936635,83.78112734936634
10,4,ResDyNet,53,0.8833366163687794,0.8460802821650598,84.60802821650599
10,4,ResDyNet,54,0.8927545746949624,0.8540061285045493,85.40061285045493
10,4,ResDyNet,55,0.9018223482160576,0.8615913297838085,86.15913297838085
10,4,ResDyNet,56,0.9105351859021528,0.8688177952346392,86.88177952346392
10,4,ResDyNet,57,0.9188639610204002,0.8757039752910113,87.57039752910113
10,4,ResDyNet,58,0.926804414422499,0.8822220189224075,88.22220189224075
10,4,ResDyNet,59,0.9343975135045772,0.8884161393828862,88.84161393828863
10,4,ResDyNet,60,0.941667067931511,0.8942923869885449,89.42923869885449
10,4,ResDyNet,61,0.9486465898114496,0.8999059534894424,89.99059534894423
10,4,ResDyNet,62,0.95535545904874,0.9052665183891674,90.52665183891673
10,4,ResDyNet,63,0.9618095828866994,0.9104016311654307,91.04016311654307
10,4,ResDyNet,64,0.9680131427938826,0.9153002811923852,91.53002811923851
10,4,ResDyNet,65,0.9739438729729285,0.9199617101466787,91.99617101466788
10,4,ResDyNet,66,0.9796257964574016,0.9244091182268046,92.44091182268045
10,4,ResDyNet,67,0.9850745628216679,0.9286621186209953,92.86621186209955
10,4,ResDyNet,68,0.9902786344500634,0.9327339384196773,93.27339384196773
10,4,ResDyNet,69,0.9952615679626319,0.9366255877422615,93.66255877422616
10,4,ResDyNet,70,1.000047556170769,0.9403533709541629,94.0353370954163
10,4,ResDyNet,71,1.0046527081099168,0.9439151712480601,94.39151712480601
10,4,ResDyNet,72,1.009089554880445,0.947358045502601,94.73580455026011
10,4,ResDyNet,73,1.0133728565748377,0.9507031025593474,95.07031025593474
10,4,ResDyNet,74,1.017535304754898,0.9539814967375948,95.39814967375949
10,4,ResDyNet,75,1.0215687873910904,0.9571922650710374,95.71922650710373
10,4,ResDyNet,76,1.025469611594511,0.9602917288153217,96.02917288153218
10,4,ResDyNet,77,1.0292611291620866,0.9633364234373054,96.33364234373053
10,4,ResDyNet,78,1.032935963754654,0.9663158137631167,96.63158137631167
10,4,ResDyNet,79,1.0365056155896404,0.9692305038257981,96.92305038257982
10,4,ResDyNet,80,1.0399607296950748,0.9720573723686369,97.20573723686368
10,4,ResDyNet,81,1.0433172308206153,0.9748187055289557,97.48187055289556
10,4,ResDyNet,82,1.046570777755594,0.9775289266449638,97.75289266449637
10,4,ResDyNet,83,1.0497336379239468,0.9802066035164654,98.02066035164654
10,4,ResDyNet,84,1.0528139566780224,0.9828716522353843,98.28716522353842
10,4,ResDyNet,85,1.0557938925456283,0.9855011621383034,98.55011621383035
10,4,ResDyNet,86,1.0586624315165938,0.9880242773370257,98.80242773370257
10,4,ResDyNet,87,1.0614253341563222,0.9905003549053484,99.05003549053484
10,4,ResDyNet,88,1.064052691897386,0.9928311820863949,99.28311820863948
10,4,ResDyNet,89,1.066578122958116,0.9951028444846555,99.51028444846555
10,4,ResDyNet,90,1.0690189288775132,0.9973011376445593,99.73011376445594
10,4,ResDyNet,91,1.0714086576311832,0.9994616149164854,99.94616149164854
10,4,ResDyNet,92,1.073772662748253,1.001598267998946,100.1598267998946
10,4,ResDyNet,93,1.076111853468816,1.0036953637586594,100.36953637586595
10,4,ResDyNet,94,1.0784541251035547,1.0058055368330974,100.58055368330973
10,4,ResDyNet,95,1.0807710884434198,1.0078829969346659,100.78829969346658
10,4,ResDyNet,96,1.0830322520602562,1.0098993980282471,100.98993980282471
10,4,ResDyNet,97,1.0852099298966422,1.0118462381101008,101.18462381101008
10,4,ResDyNet,98,1.087254461562031,1.0136595145549632,101.36595145549633
10,4,ResDyNet,99,1.089109338145982,1.0152645007888266,101.52645007888265
10,4,ResDyNet,100,1.0907993506574003,1.016712372672454,101.67123726724542
10,4,Plain,1,0.08941442544926331,0.08573523192184794,8.573523192184794
10,4,Plain,2,0.1416678324319944,0.13585879160140318,13.585879160140317
10,4,Plain,3,0.1437149607771325,0.13784758059315808,13.784758059315807
10,4,Plain,4,0.1568605993562711,0.15049079270265064,15.049079270265066
10,4,Plain,5,0.17743682120450457,0.17027759785054197,17.0277597850542
10,4,Plain,6,0.2026707386085515,0.19455081237757585,19.455081237757582
10,4,Plain,7,0.23060665373795894,0.22144066285840816,22.144066285840815
10,4,Plain,8,0.26012177327913544,0.24987397025687091,24.987397025687095
10,4,Plain,9,0.2905908785273586,0.27925471432492277,27.925471432492277
10,4,Plain,10,0.32150156288139464,0.30909471966376695,30.909471966376692
10,4,Plain,11,0.352747764881647,0.3392929093055673,33.92929093055673
10,4,Plain,12,0.3842047516414994,0.3697301483340539,36.97301483340539
10,4,Plain,13,0.41576784301858666,0.40030905904866537,40.030905904866536
10,4,Plain,14,0.44742142862255085,0.4310103545510184,43.10103545510184
10,4,Plain,15,0.47906913716238636,0.461749168244659,46.174916824465896
10,4,Plain,16,0.5107578407628525,0.49255818842080307,49.25581884208031
10,4,Plain,17,0.5424768691783733,0.5234446916357274,52.34446916357274
10,4,Plain,18,0.5742333643847843,0.5544040369261727,55.44040369261727
10,4,Plain,19,0.6059401670172474,0.5853519985818012,58.53519985818013
10,4,Plain,20,0.6374211122454327,0.6161072814716922,61.610728147169226
10,4,Plain,21,0.6684554980636915,0.646470997795593,64.6470997795593
10,4,Plain,22,0.6990764461666051,0.6763927476788006,67.63927476788007
10,4,Plain,23,0.7285636062724903,0.7052376656765051,70.52376656765053
10,4,Plain,24,0.7566584160053085,0.7327561517703625,73.27561517703624
10,4,Plain,25,0.7832157402909917,0.7587719572258895,75.87719572258895
10,4,Plain,26,0.8081645690473735,0.7832419289872299,78.32419289872298
10,4,Plain,27,0.8316587148341889,0.8062985112612395,80.62985112612395
10,4,Plain,28,0.8538323542104386,0.8280524021238699,82.80524021238699
10,4,Plain,29,0.8747579278608932,0.848589313338063,84.85893133380631
10,4,Plain,30,0.8945672992269552,0.8680077284540745,86.80077284540744
10,4,Plain,31,0.9133453439380378,0.8864186249641925,88.64186249641925
10,4,Plain,32,0.9312065465752547,0.9038887870139682,90.38887870139682
10,4,Plain,33,0.948177201663943,0.9204771072201119,92.04771072201119
10,4,Plain,34,0.964374295315012,0.9362796396801399,93.62796396801399
10,4,Plain,35,0.9798799914541602,0.9513456301325864,95.13456301325864
10,4,Plain,36,0.9947055338347498,0.9657167105556248,96.57167105556248
10,4,Plain,37,1.0089616353827193,0.9794620040893816,97.94620040893815
10,4,Plain,38,1.0226846424957285,0.9926149822937191,99.26149822937192
10,4,Plain,39,1.0358776925573754,1.0052005752112219,100.52005752112218
10,4,Plain,40,1.04862354623913,1.0172462937995272,101.72462937995273
10,4,Plain,41,1.0609457167840164,1.0287656344647753,102.87656344647753
10,4,Plain,42,1.072880485119145,1.039753257318653,103.9753257318653
10,4,Plain,43,1.084406512442395,1.050242545285729,105.0242545285729
10,4,Plain,44,1.0955505683898172,1.0602447073361987,106.02447073361988
10,4,Plain,45,1.1063372898123365,1.0697642421345233,106.97642421345232
10,4,Plain,46,1.1167896731455642,1.0788376743666936,107.88376743666937
10,4,Plain,47,1.1269539356842524,1.087505943777335,108.75059437773349
10,4,Plain,48,1.136833700098258,1.095815680690691,109.58156806906909
10,4,Plain,49,1.1464998087419176,1.1038155297544616,110.38155297544616
10,4,Plain,50,1.1560130490217035,1.1115431979862704,111.15431979862706
10,4,Plain,51,1.1653770403301793,1.1190896763993818,111.90896763993818
10,4,Plain,52,1.1746143758816157,1.1265179271428916,112.65179271428917
10,4,Plain,53,1.1837756076545944,1.1338477105837248,113.38477105837248
10,4,Plain,54,1.1928802516648893,1.141105376964262,114.1105376964262
10,4,Plain,55,1.201931429802953,1.1483123044814798,114.83123044814798
10,4,Plain,56,1.2109437842699478,1.1554627707880423,115.54627707880422
10,4,Plain,57,1.2199057806576932,1.1626055508979842,116.26055508979843
10,4,Plain,58,1.2288143515501007,1.1697042668715214,116.97042668715213
10,4,Plain,59,1.2376613286534757,1.1767564484860202,117.67564484860203
10,4,Plain,60,1.2464420545852852,1.1837343347755829,118.37343347755828
10,4,Plain,61,1.25512809451278,1.1906407051633485,119.06407051633485
10,4,Plain,62,1.263701402205019,1.197445995437896,119.74459954378959
10,4,Plain,63,1.272136460587229,1.2041417858487493,120.41417858487493
10,4,Plain,64,1.2804344187506418,1.210708751482746,121.0708751482746
10,4,Plain,65,1.288567975206893,1.217147343915296,121.7147343915296
10,4,Plain,66,1.2965230559474183,1.2234444409725096,122.34444409725096
10,4,Plain,67,1.3043057902463053,1.2296118732679575,122.96118732679577
10,4,Plain,68,1.3118910330598639,1.2356575689658489,123.56575689658489
10,4,Plain,69,1.3192970899925223,1.2415705098011949,124.15705098011948
10,4,Plain,70,1.3265459037088703,1.2473625924896135,124.73625924896135
10,4,Plain,71,1.3336496721104805,1.2530222120272783,125.30222120272782
10,4,Plain,72,1.3406041942751603,1.2585921270700062,125.85921270700062
10,4,Plain,73,1.347413491994465,1.264085749838575,126.40857498385749
10,4,Plain,74,1.3540903919791263,1.2695158318554893,126.95158318554894
10,4,Plain,75,1.3606356163960192,1.2748920128232488,127.48920128232487
10,4,Plain,76,1.367089152579599,1.280198253494851,128.0198253494851
10,4,Plain,77,1.3734451639339105,1.2854752934160392,128.5475293416039
10,4,Plain,78,1.3797041664623788,1.2907188839870125,129.07188839870125
10,4,Plain,79,1.3858832623983197,1.295931553534257,129.59315535342571
10,4,Plain,80,1.3920095746636694,1.3011194854023906,130.11194854023904
10,4,Plain,81,1.3980894124752385,1.3062984785661804,130.62984785661803
10,4,Plain,82,1.4041028066670334,1.311474712148841,131.1474712148841
10,4,Plain,83,1.4100639641231407,1.3166711621698493,131.66711621698494
10,4,Plain,84,1.415973687200421,1.3219053457952314,132.19053457952313
10,4,Plain,85,1.4218336861376755,1.3271707290118753,132.71707290118755
10,4,Plain,86,1.4276826126275781,1.3324219690947725,133.24219690947726
10,4,Plain,87,1.4334802062370304,1.3376943317036554,133.76943317036555
10,4,Plain,88,1.4392462508783643,1.3429114624248137,134.29114624248137
10,4,Plain,89,1.4449418360792705,1.3481110293257226,134.81110293257228
10,4,Plain,90,1.4505623106297811,1.3532477335405129,135.32477335405127
10,4,Plain,91,1.4560914993157166,1.3583123031596978,135.83123031596978
10,4,Plain,92,1.4615203282679325,1.363283197852854,136.3283197852854
10,4,Plain,93,1.4668585679314052,1.3681469441829563,136.81469441829563
10,4,Plain,94,1.4720866959518706,1.3729215875033716,137.29215875033714
10,4,Plain,95,1.4772035133665466,1.377579692919623,137.7579692919623
10,4,Plain,96,1.4822054512601048,1.3821180210785498,138.21180210785496
10,4,Plain,97,1.4870789895168137,1.386547653004307,138.65476530043074
10,4,Plain,98,1.4918450471663265,1.3908638499668904,139.08638499668905
10,4,Plain,99,1.4964965846525158,1.3950296859412026,139.50296859412026
10,4,Plain,100,1.5010446285803687,1.3990938341606314,139.90938341606315
20,0,ResDyNet,1,0.08424482723888758,0.0807783505318218,8.077835053182179
20,0,ResDyNet,2,0.09813020758219697,0.09410641211096311,9.410641211096312
20,0,ResDyNet,3,0.11948481591231044,0.11460666796321207,11.460666796321206
20,0,ResDyNet,4,0.11731327550276678,0.1125494094591448,11.254940945914479
20,0,ResDyNet,5,0.1272949694520858,0.12215887023684471,12.215887023684472
20,0,ResDyNet,6,0.13371828939210872,0.1283609168722734,12.836091687227341
20,0,ResDyNet,7,0.14124664668280043,0.13563247443635337,13.563247443635337
20,0,ResDyNet,8,0.14973824329690194,0.14383912919021807,14.383912919021807
20,0,ResDyNet,9,0.1591617299357112,0.15295271362233404,15.295271362233404
20,0,ResDyNet,10,0.16908203231544505,0.1625571051982805,16.255710519828053
20,0,ResDyNet,11,0.17940593852853548,0.17256285904594154,17.256285904594154
20,0,ResDyNet,12,0.19009099899388787,0.18292947433549436,18.292947433549436
20,0,ResDyNet,13,0.2011170233164345,0.1936392333229852,19.36392333229852
20,0,ResDyNet,14,0.21245227483426812,0.20465968870421922,20.465968870421925
20,0,ResDyNet,15,0.2240593223566198,0.2159588203665943,21.59588203665943
20,0,ResDyNet,16,0.2359363024698038,0.22752926818246771,22.75292681824677
20,0,ResDyNet,17,0.24812932714688768,0.23942399485327417,23.942399485327414
20,0,ResDyNet,18,0.26067035767235447,0.2516689338582291,25.166893385822906
20,0,ResDyNet,19,0.2735156513967557,0.26422234719411997,26.422234719412
20,0,ResDyNet,20,0.28659708048850707,0.2770139625835135,27.70139625835135
20,0,ResDyNet,21,0.2999050420535313,0.2900416143511209,29.00416143511209
20,0,ResDyNet,22,0.31369615109660076,0.30351730878646493,30.35173087864649
20,0,ResDyNet,23,0.32749185632497574,0.317006765496203,31.700676549620297
20,0,ResDyNet,24,0.34126105084708697,0.3304808736391126,33.04808736391126
20,0,ResDyNet,25,0.3548629275728646,0.34378782786123796,34.37878278612379
20,0,ResDyNet,26,0.3682004879045622,0.35684571119017156,35.68457111901715
20,0,ResDyNet,27,0.3812736428129881,0.3696472664806423,36.96472664806423
20,0,ResDyNet,28,0.3940990872066678,0.382199964931144,38.219996493114394
20,0,ResDyNet,29,0.406627771953335,0.39446339472437403,39.4463394724374
20,0,ResDyNet,30,0.418874456720482,0.4064381360682142,40.64381360682142
20,0,ResDyNet,31,0.43089014219880684,0.41818688833695256,41.818688833695255
20,0,ResDyNet,32,0.44269090018993057,0.42970417493994795,42.97041749399479
20,0,ResDyNet,33,0.4542659232068434,0.4409949766439418,44.099497664394185
20,0,ResDyNet,34,0.46568735257667077,0.4521207054068775,45.21207054068775
20,0,ResDyNet,35,0.4769607250384897,0.4630715041306815,46.30715041306815
20,0,ResDyNet,36,0.4880686285053772,0.47384478563071014,47.38447856307101
20,0,ResDyNet,37,0.49904783821869336,0.48445686993117815,48.44568699311782
20,0,ResDyNet,38,0.5098615404234798,0.49487024923405415,49.487024923405414
20,0,ResDyNet,39,0.5204953203516912,0.5050810526873953,50.50810526873953
20,0,ResDyNet,40,0.5309505118936021,0.515063239187995,51.5063239187995
20,0,ResDyNet,41,0.5412095326950637,0.5247938320248373,52.47938320248373
20,0,ResDyNet,42,0.5512340537501829,0.5342136527612106,53.42136527612106
20,0,ResDyNet,43,0.5609855364739496,0.5433118216598486,54.33118216598486
20,0,ResDyNet,44,0.5704536637742056,0.5520698863641487,55.20698863641487
20,0,ResDyNet,45,0.579612848843659,0.5604521384973341,56.04521384973341
20,0,ResDyNet,46,0.5884791437678245,0.5684807857218004,56.848078572180036
20,0,ResDyNet,47,0.5970427642003906,0.576143828241699,57.614382824169894
20,0,ResDyNet,48,0.6053042732586061,0.5834643309470271,58.34643309470272
20,0,ResDyNet,49,0.6132957275752822,0.5904626789013675,59.04626789013675
20,0,ResDyNet,50,0.621012352597343,0.5971230661965204,59.71230661965205
20,0,ResDyNet,51,0.6284762951091504,0.6035139782049539,60.351397820495386
20,0,ResDyNet,52,0.6357108598524417,0.6096806703610228,60.96806703610228
20,0,ResDyNet,53,0.6427173257740582,0.6156095493682826,61.56095493682826
20,0,ResDyNet,54,0.6494995442107342,0.6213091558857607,62.130915588576066
20,0,ResDyNet,55,0.6560607821137915,0.6267933843052241,62.67933843052241
20,0,ResDyNet,56,0.6624290749368167,0.6320789984801025,63.20789984801025
20,0,ResDyNet,57,0.6686017207744126,0.6371968099808464,63.71968099808465
20,0,ResDyNet,58,0.6745701668958015,0.6421210832432913,64.21210832432914
20,0,ResDyNet,59,0.6803684301817452,0.6468877382100395,64.68877382100396
20,0,ResDyNet,60,0.6859746584859078,0.6514637026635749,65.1463702663575
20,0,ResDyNet,61,0.6913953452675687,0.6558720540436862,65.58720540436862
20,0,ResDyNet,62,0.696628265079001,0.6601042974805252,66.01042974805252
20,0,ResDyNet,63,0.7016749484586154,0.6641709845595227,66.41709845595227
20,0,ResDyNet,64,0.7065278281950237,0.6680540699588909,66.80540699588909
20,0,ResDyNet,65,0.7111634631846386,0.6717462617102576,67.17462617102576
20,0,ResDyNet,66,0.71560270435588,0.6752677066350622,67.52677066350623
20,0,ResDyNet,67,0.7198506285905777,0.6786268116828859,67.86268116828857
20,0,ResDyNet,68,0.7239100186444384,0.681843896517731,68.1843896517731
20,0,ResDyNet,69,0.7277990229733875,0.6849206375426795,68.49206375426796
20,0,ResDyNet,70,0.731524441594748,0.6878587626602011,68.78587626602011
20,0,ResDyNet,71,0.7350954273709057,0.6906543132859001,69.06543132859001
20,0,ResDyNet,72,0.7385128210085895,0.6933339655588855,69.33339655588856
20,0,ResDyNet,73,0.741788683798704,0.6959144391477611,69.5914439147761
20,0,ResDyNet,74,0.7449390720908837,0.6984112370850447,69.84112370850447
20,0,ResDyNet,75,0.747950452183212,0.7008166227499203,70.08166227499203
20,0,ResDyNet,76,0.7508095162582323,0.7030887704780745,70.30887704780744
20,0,ResDyNet,77,0.7535251319433608,0.7052614589335447,70.52614589335448
20,0,ResDyNet,78,0.7561034256677601,0.7073378434878121,70.73378434878121
20,0,ResDyNet,79,0.7585524061017047,0.7093180390788179,70.93180390788177
20,0,ResDyNet,80,0.7608656365524256,0.7111855575638895,71.11855575638894
20,0,ResDyNet,81,0.7630460114446137,0.7129485674749323,71.29485674749323
20,0,ResDyNet,82,0.7650891903247896,0.7146165657422098,71.46165657422098
20,0,ResDyNet,83,0.7669970017328993,0.7161964700519455,71.61964700519455
20,0,ResDyNet,84,0.768763383245153,0.7176916034171726,71.76916034171725
20,0,ResDyNet,85,0.7703974105006289,0.7191058299514627,71.91058299514626
20,0,ResDyNet,86,0.7718866255089702,0.7203832899426561,72.03832899426561
20,0,ResDyNet,87,0.7732500240555168,0.7215810652063817,72.15810652063817
20,0,ResDyNet,88,0.7744699611847662,0.7226314381878636,72.26314381878636
20,0,ResDyNet,89,0.7755934372969778,0.723618100732563,72.36181007325631
20,0,ResDyNet,90,0.7766555386823601,0.7245516719700796,72.45516719700797
20,0,ResDyNet,91,0.7776785293550146,0.725455999724244,72.5455999724244
20,0,ResDyNet,92,0.7786946997745254,0.7263541805934218,72.63541805934219
20,0,ResDyNet,93,0.7797015233540499,0.7272318408011124,72.72318408011124
20,0,ResDyNet,94,0.7807244998324728,0.7281320608768133,72.81320608768132
20,0,ResDyNet,95,0.781754372567105,0.7290322144206414,72.90322144206414
20,0,ResDyNet,96,0.7827890006933855,0.7299303774929505,72.99303774929506
20,0,ResDyNet,97,0.7838120036663611,0.7308237839022393,73.08237839022394
20,0,ResDyNet,98,0.7847769403692039,0.7316563330222685,73.16563330222684
20,0,ResDyNet,99,0.7856316144935643,0.7323634652242937,73.23634652242937
20,0,ResDyNet,100,0.786384330810938,0.7329731891840346,73.29731891840346
20,0,Plain,1,0.18711749699312744,0.17941805162573618,17.94180516257362
20,0,Plain,2,0.2568647518169124,0.24633210085706653,24.63321008570665
20,0,Plain,3,0.2810142061258955,0.2695413770236053,26.95413770236053
20,0,Plain,4,0.3037521124970596,0.29141732456959213,29.141732456959215
20,0,Plain,5,0.3249269230384772,0.31181676698429955,31.181676698429953
20,0,Plain,6,0.344817746037095,0.33100275389676254,33.100275389676256
20,0,Plain,7,0.3637821625199141,0.34932280529950305,34.932280529950305
20,0,Plain,8,0.3822792528561707,0.3672189123341775,36.72189123341775
20,0,Plain,9,0.40072365472579236,0.3850911298069343,38.50911298069343
20,0,Plain,10,0.4194101139466492,0.4032249499275769,40.32249499275769
20,0,Plain,11,0.43869141082462626,0.4219584073509051,42.195840735090506
20,0,Plain,12,0.4587621053557196,0.4414786140424505,44.14786140424504
20,0,Plain,13,0.47976882025868445,0.46193039751286513,46.193039751286506
20,0,Plain,14,0.5017568011193463,0.4833527473519274,48.33527473519274
20,0,Plain,15,0.524661333429164,0.5056930524809251,50.56930524809252
20,0,Plain,16,0.5484164576562812,0.5288749292225811,52.88749292225811
20,0,Plain,17,0.5729180674507306,0.5528178954496151,55.28178954496151
20,0,Plain,18,0.5979767327105622,0.5773275033536923,57.73275033536923
20,0,Plain,19,0.62342570275989,0.6022434242544255,60.22434242544255
20,0,Plain,20,0.6489516776058383,0.6272522924252921,62.72522924252921
20,0,Plain,21,0.6744177528452291,0.6522371629462982,65.22371629462981
20,0,Plain,22,0.6998190178362259,0.6771112243128189,67.7111224312819
20,0,Plain,23,0.7248699237913403,0.7016622413918859,70.16622413918859
20,0,Plain,24,0.749460082671327,0.7257852083150377,72.57852083150377
20,0,Plain,25,0.7734232318763872,0.7492850682454154,74.92850682454153
20,0,Plain,26,0.7967376951145673,0.7721674435121058,77.21674435121058
20,0,Plain,27,0.8194160839886324,0.7944292013524735,79.44292013524735
20,0,Plain,28,0.8414516910323458,0.8160455510904648,81.60455510904647
20,0,Plain,29,0.8629283641621227,0.8371136341627096,83.71136341627096
20,0,Plain,30,0.8838577303281967,0.8576161250715598,85.76161250715599
20,0,Plain,31,0.9042318289344826,0.8775737893369471,87.7573789336947
20,0,Plain,32,0.9241064473273022,0.8969969753954682,89.69969753954682
20,0,Plain,33,0.9434379007822794,0.9158762605027009,91.58762605027009
20,0,Plain,34,0.9624121493169853,0.9343746559440977,93.43746559440977
20,0,Plain,35,0.9809919757806658,0.9524252331850247,95.24252331850248
20,0,Plain,36,0.999048248296705,0.9699328647665236,96.99328647665236
20,0,Plain,37,1.0168367943796042,0.9871069122237582,98.71069122237583
20,0,Plain,38,1.0342147639104937,1.003806087340561,100.3806087340561
20,0,Plain,39,1.0513107860199762,1.020176623578086,102.01766235780859
20,0,Plain,40,1.0679841070905212,1.0360275416959641,103.60275416959642
20,0,Plain,41,1.0843520773277584,1.0514620448223997,105.14620448223998
20,0,Plain,42,1.1001414290314686,1.0661724676813729,106.61724676813728
20,0,Plain,43,1.1154926708355646,1.0803493417125276,108.03493417125276
20,0,Plain,44,1.130314780671686,1.0938885875367597,109.38885875367598
20,0,Plain,45,1.1446485347435067,1.1068090026035258,110.68090026035257
20,0,Plain,46,1.158336745424059,1.1189728474538772,111.89728474538772
20,0,Plain,47,1.1714912652983425,1.130484284898159,113.04842848981592
20,0,Plain,48,1.1840194621246267,1.141298936446889,114.1298936446889
20,0,Plain,49,1.195826753603906,1.1513060285394128,115.13060285394128
20,0,Plain,50,1.207014855849784,1.1605830522619105,116.05830522619105
20,0,Plain,51,1.2177223631840886,1.1693559064574286,116.93559064574286
20,0,Plain,52,1.227869544262035,1.1775924781831235,117.75924781831236
20,0,Plain,53,1.237571536494226,1.1853746979275448,118.53746979275448
20,0,Plain,54,1.2466714430377994,1.1925618560394013,119.25618560394014
20,0,Plain,55,1.2553401703669118,1.1993384382822303,119.93384382822303
20,0,Plain,56,1.263473788546526,1.2055860424703155,120.55860424703154
20,0,Plain,57,1.2711789730851075,1.2114703887186842,121.14703887186842
20,0,Plain,58,1.2783226755099981,1.2168310746830497,121.68310746830498
20,0,Plain,59,1.2850747527426336,1.2218366745947415,122.18366745947414
20,0,Plain,60,1.2913776714648781,1.2264092688882586,122.64092688882587
20,0,Plain,61,1.297163836787168,1.2305166875769766,123.05166875769766
20,0,Plain,62,1.3025121505929962,1.2342219103463066,123.42219103463066
20,0,Plain,63,1.3073177824494646,1.2374426942404142,123.74426942404142
20,0,Plain,64,1.311674884367017,1.240248027035059,124.0248027035059
20,0,Plain,65,1.315475964683129,1.2425639215047266,124.25639215047268
20,0,Plain,66,1.318715251520536,1.2443857718515545,124.43857718515547
20,0,Plain,67,1.3215636326181348,1.2458814076410136,124.58814076410137
20,0,Plain,68,1.3240061687863536,1.2470686989928368,124.70686989928369
20,0,Plain,69,1.3260621398919215,1.2479369958005502,124.79369958005502
20,0,Plain,70,1.327778054057948,1.2485211941252339,124.85211941252338
20,0,Plain,71,1.3292835556693838,1.2489200546201278,124.89200546201279
20,0,Plain,72,1.3306965537449036,1.2492905909249825,124.92905909249826
20,0,Plain,73,1.332007955344548,1.2496329337850929,124.96329337850929
20,0,Plain,74,1.3331387007954592,1.2498727535060918,124.98727535060918
20,0,Plain,75,1.3341362413729816,1.2500625572698485,125.00625572698485
20,0,Plain,76,1.335032878529502,1.2501794460344524,125.01794460344523
20,0,Plain,77,1.3358496077557553,1.2502877519849502,125.02877519849501
20,0,Plain,78,1.336643639328873,1.2504355849460607,125.04355849460606
20,0,Plain,79,1.3372597127308514,1.2504639488892118,125.04639488892118
20,0,Plain,80,1.3377742035178077,1.2504253669995333,125.04253669995332
20,0,Plain,81,1.3377711599271578,1.2499403938612623,124.99403938612623
20,0,Plain,82,1.337612112010082,1.2493703817381687,124.93703817381687
20,0,Plain,83,1.3374489228547324,1.2488656347536922,124.88656347536923
20,0,Plain,84,1.3371200187647734,1.2482902166562582,124.82902166562582
20,0,Plain,85,1.3367543262364847,1.2477557895539044,124.77557895539044
20,0,Plain,86,1.336246594141888,1.2470869242330405,124.70869242330403
20,0,Plain,87,1.335742527216391,1.2464875339739616,124.64875339739615
20,0,Plain,88,1.3351520960117247,1.2457847659637171,124.57847659637171
20,0,Plain,89,1.3345184521176594,1.2450875178617289,124.50875178617288
20,0,Plain,90,1.3340503920324105,1.2445523065209771,124.4552306520977
20,0,Plain,91,1.333487091377307,1.2439410045135517,124.39410045135517
20,0,Plain,92,1.3328368298410473,1.2432492524788585,124.32492524788586
20,0,Plain,93,1.3320666287683627,1.2424257712640991,124.24257712640991
20,0,Plain,94,1.3311985880769555,1.241524214471003,124.15242144710031
20,0,Plain,95,1.330258056813345,1.2405443588693015,124.05443588693014
20,0,Plain,96,1.3291783915731954,1.2394242691927155,123.94242691927155
20,0,Plain,97,1.3279926239357582,1.238216038896122,123.8216038896122
20,0,Plain,98,1.326750402092538,1.2369442628808156,123.69442628808156
20,0,Plain,99,1.3252807539082367,1.2354227953936947,123.54227953936947
20,0,Plain,100,1.323747706362056,1.2338389003843455,123.38389003843456
20,1,ResDyNet,1,0.0969444480670925,0.09295541180079459,9.295541180079457
20,1,ResDyNet,2,0.08901557411011632,0.0853655210551124,8.53655210551124
20,1,ResDyNet,3,0.10406909934101014,0.09982032128801102,9.982032128801103
20,1,ResDyNet,4,0.10597325880191596,0.10166988898315657,10.166988898315656
20,1,ResDyNet,5,0.11516534178070259,0.11051864895310048,11.051864895310048
20,1,ResDyNet,6,0.11556620491483494,0.11093608877105984,11.093608877105984
20,1,ResDyNet,7,0.12139786844761291,0.11657263146094672,11.657263146094671
20,1,ResDyNet,8,0.12933499639969698,0.1242396921878227,12.42396921878227
20,1,ResDyNet,9,0.137921747653445,0.1325413186929428,13.254131869294282
20,1,ResDyNet,10,0.14682950357614455,0.14116330831953433,14.116330831953432
20,1,ResDyNet,11,0.15665531731212537,0.15068001461852285,15.068001461852283
20,1,ResDyNet,12,0.16718919080362257,0.16089047324785077,16.089047324785078
20,1,ResDyNet,13,0.1779700071188296,0.17135285300416578,17.135285300416577
20,1,ResDyNet,14,0.18895240768121227,0.1820217786141214,18.20217786141214
20,1,ResDyNet,15,0.20019633710511012,0.19295856270653086,19.295856270653086
20,1,ResDyNet,16,0.21168656295593452,0.20414361100530523,20.41436110053052
20,1,ResDyNet,17,0.22338103173848553,0.21554396494862327,21.554396494862324
20,1,ResDyNet,18,0.23537710465066983,0.2272491030856989,22.72491030856989
20,1,ResDyNet,19,0.24777177723623603,0.2393531785676578,23.935317856765778
20,1,ResDyNet,20,0.26048409122275146,0.2517741289499054,25.17741289499054
20,1,ResDyNet,21,0.2735982062389468,0.2645999709699801,26.459997096998013
20,1,ResDyNet,22,0.28749221314275797,0.2781636386838672,27.816363868386716
20,1,ResDyNet,23,0.30159008487775085,0.2919342739867997,29.193427398679976
20,1,ResDyNet,24,0.3157738311279106,0.3057987758183459,30.57987758183459
20,1,ResDyNet,25,0.329875808097239,0.31958054425517374,31.95805442551738
20,1,ResDyNet,26,0.343730312294617,0.3331301608165863,33.31301608165863
20,1,ResDyNet,27,0.35728482183217297,0.3463899491475341,34.63899491475341
20,1,ResDyNet,28,0.3704412264721436,0.3592564113005837,35.92564113005837
20,1,ResDyNet,29,0.3830811365406388,0.3716211631310651,37.16211631310651
20,1,ResDyNet,30,0.39518741740640945,0.38345436144714545,38.345436144714554
20,1,ResDyNet,31,0.4067982196746491,0.3948052299332102,39.480522993321024
20,1,ResDyNet,32,0.4179947274277747,0.40573248603379775,40.573248603379774
20,1,ResDyNet,33,0.42881206002072336,0.41628472384307313,41.62847238430732
20,1,ResDyNet,34,0.4393626069195077,0.4265628659888236,42.65628659888236
20,1,ResDyNet,35,0.44967953815711587,0.4365847525378569,43.658475253785696
20,1,ResDyNet,36,0.459768310238616,0.44636922695065334,44.63692269506534
20,1,ResDyNet,37,0.46966174030982955,0.45592995142325615,45.59299514232562
20,1,ResDyNet,38,0.4793662123436549,0.465271565256434,46.5271565256434
20,1,ResDyNet,39,0.4888839989267038,0.4744058883239884,47.44058883239884
20,1,ResDyNet,40,0.4982315576483837,0.48332331205941353,48.33233120594136
20,1,ResDyNet,41,0.5073881359452553,0.4919982892035973,49.19982892035972
20,1,ResDyNet,42,0.5163345354835737,0.5003917235716522,50.03917235716522
20,1,ResDyNet,43,0.5250231091877015,0.5084823820222215,50.84823820222215
20,1,ResDyNet,44,0.5334427617458073,0.5162517195706052,51.625171957060516
20,1,ResDyNet,45,0.5415717881537565,0.5236686305801148,52.36686305801149
20,1,ResDyNet,46,0.5493958615420031,0.530725675411404,53.07256754114041
20,1,ResDyNet,47,0.5569236809786733,0.5374290768388171,53.74290768388171
20,1,ResDyNet,48,0.5641433805675844,0.5437885616254896,54.378856162548956
20,1,ResDyNet,49,0.5711019426835298,0.5498397719741152,54.98397719741151
20,1,ResDyNet,50,0.5778086056428432,0.5555812937265345,55.55812937265345
20,1,ResDyNet,51,0.5842648779113734,0.561058584926397,56.10585849263971
20,1,ResDyNet,52,0.590464998175603,0.5662874722574068,56.628747225740675
20,1,ResDyNet,53,0.5964060404725683,0.5712515270592053,57.125152705920534
20,1,ResDyNet,54,0.6020790425938526,0.5759468579536399,57.594685795363986
20,1,ResDyNet,55,0.6074757806337844,0.5803757987180916,58.03757987180917
20,1,ResDyNet,56,0.6126018831530455,0.5845347063115166,58.45347063115166
20,1,ResDyNet,57,0.6174379171903371,0.5884362228969564,58.84362228969564
20,1,ResDyNet,58,0.6219861054498482,0.5920664912171028,59.20664912171028
20,1,ResDyNet,59,0.6262888129849752,0.5954693600199488,59.54693600199488
20,1,ResDyNet,60,0.6303743278253068,0.5986605898468085,59.86605898468085
20,1,ResDyNet,61,0.634278222428571,0.6016895592758317,60.16895592758317
20,1,ResDyNet,62,0.6380178332948532,0.6045667894043669,60.456678940436696
20,1,ResDyNet,63,0.6415997593385975,0.6073067661730868,60.730676617308674
20,1,ResDyNet,64,0.6450394902859597,0.6099140608100665,60.991406081006645
20,1,ResDyNet,65,0.6483282619324509,0.6123937868854787,61.23937868854787
20,1,ResDyNet,66,0.6514851999597607,0.6147641899697605,61.476418996976044
20,1,ResDyNet,67,0.6545302878816232,0.6170471828088383,61.704718280883824
20,1,ResDyNet,68,0.6574593229472334,0.6192546242137783,61.92546242137784
20,1,ResDyNet,69,0.6602943120200861,0.6213929764661682,62.13929764661682
20,1,ResDyNet,70,0.6630504023393544,0.6234720310099496,62.34720310099496
20,1,ResDyNet,71,0.6657315153250184,0.6254838833565302,62.54838833565301
20,1,ResDyNet,72,0.6683602046761145,0.627472967222121,62.747296722212106
20,1,ResDyNet,73,0.6709457049160223,0.6294525841835829,62.94525841835829
20,1,ResDyNet,74,0.6735046590657713,0.6314385159049344,63.14385159049344
20,1,ResDyNet,75,0.6760119094499822,0.6334114538424169,63.3411453842417
20,1,ResDyNet,76,0.6784513619609898,0.6353296323248315,63.53296323248315
20,1,ResDyNet,77,0.6808357426539492,0.6372278624866353,63.72278624866353
20,1,ResDyNet,78,0.683144544791297,0.6390845123818663,63.90845123818663
20,1,ResDyNet,79,0.6853710527456366,0.6408865719288731,64.08865719288731
20,1,ResDyNet,80,0.6875062311416058,0.6426160925581526,64.26160925581524
20,1,ResDyNet,81,0.6895386080734354,0.6442672597343078,64.42672597343078
20,1,ResDyNet,82,0.6914708341698607,0.6458547827810768,64.58547827810767
20,1,ResDyNet,83,0.6933051970591585,0.647385496528127,64.73854965281271
20,1,ResDyNet,84,0.695059613238076,0.6488842460076935,64.88842460076934
20,1,ResDyNet,85,0.6967086854802499,0.6503231587721681,65.0323158772168
20,1,ResDyNet,86,0.6982517176703195,0.651661595058444,65.1661595058444
20,1,ResDyNet,87,0.6996976859932881,0.6529435316839095,65.29435316839094
20,1,ResDyNet,88,0.7010231732881367,0.6541007518758631,65.41007518758632
20,1,ResDyNet,89,0.7022682833690072,0.6552067320054134,65.52067320054132
20,1,ResDyNet,90,0.7034520919464152,0.6562592603605695,65.62592603605695
20,1,ResDyNet,91,0.704607546533198,0.657291866482969,65.7291866482969
20,1,ResDyNet,92,0.7057648265050371,0.658326340729121,65.8326340729121
20,1,ResDyNet,93,0.70693872016388,0.6593655795192189,65.9365579519219
20,1,ResDyNet,94,0.7081783943547968,0.6604729246496529,66.0472924649653
20,1,ResDyNet,95,0.7094874979429784,0.6616390772854046,66.16390772854047
20,1,ResDyNet,96,0.7108394469645155,0.6628392905368955,66.28392905368955
20,1,ResDyNet,97,0.7122241058481674,0.6640754588952534,66.40754588952534
20,1,ResDyNet,98,0.7135835779170033,0.6652819636596867,66.52819636596867
20,1,ResDyNet,99,0.7148686661999205,0.6663984543136425,66.63984543136425
20,1,ResDyNet,100,0.7161078833877521,0.6674699107308926,66.74699107308925
20,1,Plain,1,0.3496684569934618,0.3352804215366812,33.52804215366812
20,1,Plain,2,0.4879849342342928,0.467975279544043,46.797527954404295
20,1,Plain,3,0.5205717043653647,0.49931857883121966,49.931857883121964
20,1,Plain,4,0.5286318196065017,0.5071651001392568,50.71651001392567
20,1,Plain,5,0.5286267072437603,0.5072976694356156,50.729766943561565
20,1,Plain,6,0.5289516175447156,0.5077593717192637,50.77593717192637
20,1,Plain,7,0.5314682235142835,0.510343798826007,51.034379882600696
20,1,Plain,8,0.5381171516762335,0.5169173939482925,51.69173939482925
20,1,Plain,9,0.54943257329871,0.527998803936625,52.7998803936625
20,1,Plain,10,0.5649488030741925,0.5431472567211698,54.314725672116985
20,1,Plain,11,0.5824957207877913,0.5602775905056229,56.02775905056229
20,1,Plain,12,0.6020003159258817,0.5793204408677127,57.93204408677128
20,1,Plain,13,0.6230786590243115,0.5999117918702914,59.99117918702913
20,1,Plain,14,0.6459181246070679,0.6222263443101201,62.22263443101202
20,1,Plain,15,0.6699342065700981,0.645713820127664,64.5713820127664
20,1,Plain,16,0.6944272980940104,0.6696830173537217,66.96830173537218
20,1,Plain,17,0.7195440729550993,0.694299696052944,69.42996960529439
20,1,Plain,18,0.7449938502120192,0.7192678511204599,71.92678511204599
20,1,Plain,19,0.7714820027845747,0.7452691813166886,74.52691813166886
20,1,Plain,20,0.7983332155656987,0.7716388706016873,77.16388706016873
20,1,Plain,21,0.8255233863612411,0.7983731584682078,79.83731584682077
20,1,Plain,22,0.852594213086441,0.8249291556121822,82.49291556121823
20,1,Plain,23,0.8801530970265306,0.8519738156571911,85.19738156571911
20,1,Plain,24,0.9075521232891913,0.8788832415335797,87.88832415335797
20,1,Plain,25,0.9346189350171417,0.9054499317389287,90.54499317389288
20,1,Plain,26,0.9615530271802919,0.9319001063359592,93.19001063359593
20,1,Plain,27,0.9880419619544051,0.9579130823468901,95.79130823468901
20,1,Plain,28,1.0140350433994587,0.9834180555282113,98.34180555282111
20,1,Plain,29,1.0395671990948885,1.0084682716805164,100.84682716805165
20,1,Plain,30,1.064524607416513,1.0329190293067558,103.29190293067559
20,1,Plain,31,1.0889611009895,1.0568569798764869,105.68569798764868
20,1,Plain,32,1.1128756784280398,1.0802284957845016,108.02284957845016
20,1,Plain,33,1.1357758483650484,1.1025952380197208,110.2595238019721
20,1,Plain,34,1.1578213777592858,1.1240911206870412,112.40911206870412
20,1,Plain,35,1.178921134372135,1.1445906429740078,114.45906429740079
20,1,Plain,36,1.1992567588931962,1.1643066746046065,116.43066746046065
20,1,Plain,37,1.2188745652342459,1.1832375806291784,118.32375806291785
20,1,Plain,38,1.2375153527069842,1.2011290957863185,120.11290957863184
20,1,Plain,39,1.2553176379474114,1.2181418914643138,121.81418914643139
20,1,Plain,40,1.2722362803986937,1.2341680155041463,123.41680155041462
20,1,Plain,41,1.2881778992820132,1.2491055224535565,124.91055224535563
20,1,Plain,42,1.3033190041793734,1.2630765483355002,126.30765483355002
20,1,Plain,43,1.317856017328496,1.2763372794966656,127.63372794966656
20,1,Plain,44,1.3317741752806616,1.2888556324548721,128.8855632454872
20,1,Plain,45,1.345041410803963,1.3005773363314206,130.05773363314205
20,1,Plain,46,1.3573875114196057,1.3112592471505142,131.1259247150514
20,1,Plain,47,1.3690817933712591,1.321158337234584,132.11583372345842
20,1,Plain,48,1.3801367703267364,1.3303401493913558,133.0340149391356
20,1,Plain,49,1.3905836177201882,1.338812079128056,133.88120791280562
20,1,Plain,50,1.4004668529678315,1.346593280879484,134.6593280879484
20,1,Plain,51,1.4098248879891273,1.3538283517517569,135.38283517517567
20,1,Plain,52,1.4186751713759054,1.3605852662478766,136.05852662478767
20,1,Plain,53,1.4270792240120127,1.3668895528042933,136.68895528042933
20,1,Plain,54,1.4351005268963424,1.3728125060667917,137.28125060667918
20,1,Plain,55,1.4427605372951393,1.3783978322855976,137.83978322855975
20,1,Plain,56,1.4500050039960481,1.3835710801256387,138.35710801256386
20,1,Plain,57,1.4569909064333313,1.3885545443632816,138.8554544363282
20,1,Plain,58,1.46353445892629,1.3931335511829654,139.31335511829656
20,1,Plain,59,1.4694609863549704,1.3971493262806673,139.71493262806675
20,1,Plain,60,1.4751617172778044,1.4009472543585204,140.094725435852
20,1,Plain,61,1.4804751466651207,1.4044096218612871,140.4409621861287
20,1,Plain,62,1.4854298593586568,1.4075493098996548,140.7549309899655
20,1,Plain,63,1.4898792446621811,1.4102463925437425,141.02463925437425
20,1,Plain,64,1.494010516004616,1.4126546272467069,141.26546272467067
20,1,Plain,65,1.4977219381041362,1.414708664162188,141.4708664162188
20,1,Plain,66,1.5009741793511788,1.4163716621518756,141.63716621518756
20,1,Plain,67,1.5037614739755842,1.4176452920707572,141.7645292070757
20,1,Plain,68,1.5060909430899214,1.4185725997679366,141.85725997679367
20,1,Plain,69,1.5080516762502165,1.419204592120445,141.9204592120445
20,1,Plain,70,1.509856510278001,1.4197311421203664,141.97311421203665
20,1,Plain,71,1.5115809621538596,1.420196443237641,142.0196443237641
20,1,Plain,72,1.5133414721814766,1.4207621239660257,142.07621239660259
20,1,Plain,73,1.5149484654960175,1.4212599015456484,142.12599015456487
20,1,Plain,74,1.5163890525987378,1.421677548950602,142.1677548950602
20,1,Plain,75,1.5177643020190985,1.4221188705302974,142.21188705302973
20,1,Plain,76,1.5191728780283733,1.422615680578616,142.2615680578616
20,1,Plain,77,1.5206689190269367,1.4232692911275675,142.32692911275674
20,1,Plain,78,1.5222008681858588,1.4240251305659057,142.40251305659058
20,1,Plain,79,1.5237259615718297,1.4248274772602918,142.4827477260292
20,1,Plain,80,1.525102524016865,1.4255222430593963,142.55222430593966
20,1,Plain,81,1.5260637253723581,1.4258706952937856,142.58706952937857
20,1,Plain,82,1.5268394264196408,1.4261144467151887,142.61144467151888
20,1,Plain,83,1.52751217546788,1.426340423182567,142.6340423182567
20,1,Plain,84,1.527966098050016,1.4264576887722245,142.64576887722242
20,1,Plain,85,1.5283341587929413,1.4265806046619252,142.65806046619252
20,1,Plain,86,1.5285582810048923,1.4265668129867068,142.65668129867066
20,1,Plain,87,1.5288516204154388,1.4266929796081966,142.66929796081965
20,1,Plain,88,1.5291397665117779,1.4267880280007887,142.67880280007887
20,1,Plain,89,1.529489357479838,1.4269927138726464,142.69927138726462
20,1,Plain,90,1.5298400457679835,1.4272069248209063,142.72069248209064
20,1,Plain,91,1.5302583370100882,1.427498702622957,142.74987026229573
20,1,Plain,92,1.5311121082116206,1.428197316713136,142.8197316713136
20,1,Plain,93,1.532062646868343,1.4289631423469278,142.89631423469277
20,1,Plain,94,1.5331648267625035,1.4298852735042498,142.988527350425
20,1,Plain,95,1.5344315120461023,1.4309481882786133,143.09481882786133
20,1,Plain,96,1.5358681734165216,1.4321571133578692,143.21571133578692
20,1,Plain,97,1.537371748803723,1.4334404595357428,143.34404595357427
20,1,Plain,98,1.538935402087961,1.4347667153931747,143.47667153931746
20,1,Plain,99,1.5404867570961527,1.4360371944633792,143.60371944633792
20,1,Plain,100,1.5421393991364132,1.4373974521920185,143.73974521920186
20,2,ResDyNet,1,0.06365972788258385,0.06104027964919417,6.104027964919417
20,2,ResDyNet,2,0.07582681303013923,0.07271756059517216,7.271756059517216
20,2,ResDyNet,3,0.08465233757288844,0.08119627812496136,8.119627812496136
20,2,ResDyNet,4,0.0958529525555386,0.09196054887059102,9.196054887059104
20,2,ResDyNet,5,0.10720681687490645,0.10288123472197654,10.288123472197654
20,2,ResDyNet,6,0.11537166129665617,0.11074933946911619,11.07493394691162
20,2,ResDyNet,7,0.12318646328416011,0.11829013448945948,11.829013448945947
20,2,ResDyNet,8,0.12840553646682432,0.12334684942155279,12.33468494215528
20,2,ResDyNet,9,0.1331319824742957,0.12793840578127386,12.793840578127387
20,2,ResDyNet,10,0.13611101772592393,0.13085845210234634,13.085845210234634
20,2,ResDyNet,11,0.13858456214852816,0.13329853214516782,13.329853214516781
20,2,ResDyNet,12,0.1401804250365447,0.13489924088875885,13.489924088875885
20,2,ResDyNet,13,0.14157852678253677,0.13631445478403661,13.631445478403661
20,2,ResDyNet,14,0.1426664346060371,0.13743353945157574,13.743353945157574
20,2,ResDyNet,15,0.1438701105476094,0.13866871966354175,13.866871966354175
20,2,ResDyNet,16,0.1453623913620041,0.14018274501052355,14.018274501052353
20,2,ResDyNet,17,0.1475652407249058,0.14238808383551918,14.238808383551918
20,2,ResDyNet,18,0.1506060551484677,0.14540535283820008,14.540535283820008
20,2,ResDyNet,19,0.15447755451693523,0.14922883511358867,14.922883511358869
20,2,ResDyNet,20,0.15900029521754666,0.15368370729766506,15.368370729766506
20,2,ResDyNet,21,0.16434798801360623,0.15894282881151628,15.894282881151627
20,2,ResDyNet,22,0.17051838246180714,0.16498538589812384,16.498538589812384
20,2,ResDyNet,23,0.17708032891797384,0.1714108647867758,17.141086478677583
20,2,ResDyNet,24,0.18386849227286067,0.1780602263581177,17.806022635811768
20,2,ResDyNet,25,0.1906049983595169,0.18465630888438814,18.465630888438813
20,2,ResDyNet,26,0.19712495765992982,0.1910459057504647,19.104590575046473
20,2,ResDyNet,27,0.20344059313179144,0.19723697286689418,19.72369728668942
20,2,ResDyNet,28,0.20951448717680313,0.20318856919744205,20.318856919744206
20,2,ResDyNet,29,0.21526286837509812,0.20882322279524979,20.882322279524978
20,2,ResDyNet,30,0.22049502419265707,0.21394855954413522,21.394855954413522
20,2,ResDyNet,31,0.22530161783596747,0.21865940589709176,21.865940589709176
20,2,ResDyNet,32,0.22972716998007447,0.22298792226184197,22.298792226184197
20,2,ResDyNet,33,0.23388152357804995,0.22704889748198898,22.704889748198898
20,2,ResDyNet,34,0.23792758398848982,0.23099615334929985,23.099615334929986
20,2,ResDyNet,35,0.24187912713274576,0.2348355437654498,23.48355437654498
20,2,ResDyNet,36,0.24575724546464894,0.23859511243531487,23.859511243531486
20,2,ResDyNet,37,0.24955397687670727,0.24225761391553627,24.22576139155363
20,2,ResDyNet,38,0.2532598942238524,0.2458133768462925,24.58133768462925
20,2,ResDyNet,39,0.2568722166550596,0.24926504527767485,24.92650452776748
20,2,ResDyNet,40,0.2603646623267335,0.25257394680687156,25.257394680687156
20,2,ResDyNet,41,0.2636919427822748,0.2556937688027651,25.56937688027651
20,2,ResDyNet,42,0.26679909280638114,0.25856116281608954,25.856116281608955
20,2,ResDyNet,43,0.2697072097961864,0.2612101488216633,26.12101488216633
20,2,ResDyNet,44,0.27240051690254874,0.26362197661587783,26.36219766158778
20,2,ResDyNet,45,0.2748606136713504,0.2657743337265964,26.57743337265964
20,2,ResDyNet,46,0.27710970687955677,0.2676926541345362,26.769265413453617
20,2,ResDyNet,47,0.2791633684556006,0.26939151004076844,26.93915100407684
20,2,ResDyNet,48,0.281032061504256,0.2708921628084891,27.089216280848913
20,2,ResDyNet,49,0.2827954337790788,0.2722669373068024,27.22669373068024
20,2,ResDyNet,50,0.28445238848623505,0.2735099900822024,27.35099900822024
20,2,ResDyNet,51,0.2860306998699637,0.2746699070603588,27.466990706035883
20,2,ResDyNet,52,0.28756031962148687,0.27578570621988835,27.578570621988835
20,2,ResDyNet,53,0.2890586149984983,0.27686704027456277,27.686704027456273
20,2,ResDyNet,54,0.2905262119553829,0.27791643138416133,27.791643138416134
20,2,ResDyNet,55,0.29197249063315717,0.2789473635938813,27.89473635938813
20,2,ResDyNet,56,0.2934666800723715,0.2800211105545418,28.002111055454183
20,2,ResDyNet,57,0.29501780177858117,0.28116051206559767,28.116051206559767
20,2,ResDyNet,58,0.29660440894287676,0.28233674376909595,28.233674376909594
20,2,ResDyNet,59,0.2982601204748224,0.28358284449011245,28.358284449011244
20,2,ResDyNet,60,0.29995465936583093,0.2848641281486493,28.486412814864934
20,2,ResDyNet,61,0.3016896818730304,0.2861891285329314,28.618912853293136
20,2,ResDyNet,62,0.3034065176365447,0.28749902381978604,28.749902381978604
20,2,ResDyNet,63,0.3051198290303027,0.2888114185932658,28.881141859326583
20,2,ResDyNet,64,0.306832890548783,0.2901243987119843,29.012439871198428
20,2,ResDyNet,65,0.3084766885259702,0.29137894882020987,29.137894882020987
20,2,ResDyNet,66,0.31005777600189116,0.29258134723459767,29.25813472345977
20,2,ResDyNet,67,0.3115951218049441,0.29375094727700496,29.375094727700496
20,2,ResDyNet,68,0.3130754110569659,0.2948827239312196,29.48827239312196
20,2,ResDyNet,69,0.31447409832864215,0.29594681102751186,29.594681102751185
20,2,ResDyNet,70,0.31579514578196893,0.2969449083042675,29.69449083042675
20,2,ResDyNet,71,0.3170710949787973,0.2979021650952211,29.790216509522107
20,2,ResDyNet,72,0.31827662902204984,0.2988059124595827,29.880591245958275
20,2,ResDyNet,73,0.3194024313866256,0.2996497098911974,29.964970989119735
20,2,ResDyNet,74,0.32048645614138377,0.30046932788000946,30.04693278800095
20,2,ResDyNet,75,0.32154345999071626,0.30128065440733187,30.128065440733184
20,2,ResDyNet,76,0.3225445542660675,0.3020439261525429,30.204392615254285
20,2,ResDyNet,77,0.3235115410162303,0.30279046010119764,30.279046010119767
20,2,ResDyNet,78,0.324460309479091,0.3035339449780174,30.35339449780174
20,2,ResDyNet,79,0.3253783354416804,0.30425943019588536,30.425943019588537
20,2,ResDyNet,80,0.32625623620672345,0.3049536108723807,30.49536108723807
20,2,ResDyNet,81,0.32711825529612043,0.3056414528223985,30.56414528223985
20,2,ResDyNet,82,0.32796505197755643,0.3063293300852599,30.63293300852599
20,2,ResDyNet,83,0.32879465891271,0.30701759401038825,30.70175940103882
20,2,ResDyNet,84,0.32964382744052356,0.30774437522464393,30.774437522464392
20,2,ResDyNet,85,0.33051299461134986,0.30850807396313806,30.850807396313808
20,2,ResDyNet,86,0.3313558943827676,0.30924651554877264,30.924651554877265
20,2,ResDyNet,87,0.33222639009715477,0.3100268541844418,31.00268541844418
20,2,ResDyNet,88,0.3330481398206904,0.31075583086043157,31.075583086043153
20,2,ResDyNet,89,0.33388799527266816,0.3115129465749962,31.151294657499623
20,2,ResDyNet,90,0.3347334999548998,0.3122770713361395,31.22770713361395
20,2,ResDyNet,91,0.33559289695866157,0.31305722271311565,31.305722271311563
20,2,ResDyNet,92,0.33646344299123554,0.31384781289034724,31.384781289034727
20,2,ResDyNet,93,0.3373224024876713,0.3146224348123672,31.46224348123672
20,2,ResDyNet,94,0.3382139606796184,0.3154306394378596,31.543063943785963
20,2,ResDyNet,95,0.33911421896419064,0.31624407699973384,31.624407699973382
20,2,ResDyNet,96,0.3400084465772266,0.3170490305063938,31.704903050639384
20,2,ResDyNet,97,0.34093696798244444,0.31788852919780836,31.788852919780833
20,2,ResDyNet,98,0.3418641862296368,0.31872381057825666,31.87238105782567
20,2,ResDyNet,99,0.34273136691608763,0.3194931656073025,31.94931656073025
20,2,ResDyNet,100,0.34360106460077516,0.3202637161752011,32.02637161752011
20,2,Plain,1,0.29014748844655486,0.278208601000545,27.820860100054503
20,2,Plain,2,0.46096083189540843,0.4420592912434814,44.20592912434814
20,2,Plain,3,0.4953367392492176,0.47511386925329296,47.5113869253293
20,2,Plain,4,0.510251408769254,0.4895310823651992,48.95310823651992
20,2,Plain,5,0.5195739007928376,0.49861012574651653,49.86101257465165
20,2,Plain,6,0.5302306068092538,0.5089871187642809,50.89871187642809
20,2,Plain,7,0.5439835238647418,0.5223616498314109,52.23616498314109
20,2,Plain,8,0.5605908236213009,0.5385056891700783,53.850568917007834
20,2,Plain,9,0.5804858806085298,0.557840698856363,55.7840698856363
20,2,Plain,10,0.6017757698517356,0.5785530596359473,57.85530596359472
20,2,Plain,11,0.6245549167016892,0.6007325227982971,60.073252279829724
20,2,Plain,12,0.6482664871285179,0.6238435714862559,62.3843571486256
20,2,Plain,13,0.6732499912282067,0.6482176893152303,64.82176893152302
20,2,Plain,14,0.698864425872013,0.673230615944192,67.3230615944192
20,2,Plain,15,0.7246260771454786,0.698428394682623,69.8428394682623
20,2,Plain,16,0.7507177640666005,0.7239677051881965,72.39677051881965
20,2,Plain,17,0.7769630643857177,0.7497042081549187,74.97042081549186
20,2,Plain,18,0.8036081284128238,0.7758580711799561,77.58580711799561
20,2,Plain,19,0.8303274148079344,0.8021151892398813,80.21151892398812
20,2,Plain,20,0.8571428848349183,0.8284820858037547,82.84820858037547
20,2,Plain,21,0.883924310152564,0.8548533633358826,85.48533633358826
20,2,Plain,22,0.9108897840567551,0.8813331463950702,88.13331463950702
20,2,Plain,23,0.9375449187227617,0.9075281612400724,90.75281612400724
20,2,Plain,24,0.9637801609770731,0.9333350782491342,93.33350782491341
20,2,Plain,25,0.9897630704027527,0.958873045427277,95.8873045427277
20,2,Plain,26,1.0153818544415831,0.9840689295113573,98.40689295113573
20,2,Plain,27,1.0405173004340216,1.0087882629219893,100.87882629219894
20,2,Plain,28,1.0652097111470515,1.0330475950359648,103.30475950359647
20,2,Plain,29,1.0893949008920216,1.0568053646139193,105.68053646139194
20,2,Plain,30,1.1130224141863336,1.0799769433682855,107.99769433682854
20,2,Plain,31,1.1358363380148704,1.1023502682856061,110.23502682856062
20,2,Plain,32,1.1577430299326588,1.1237796242395055,112.37796242395054
20,2,Plain,33,1.1786301251913451,1.1441975679384908,114.41975679384909
20,2,Plain,34,1.1988262862572798,1.1639014527750384,116.39014527750383
20,2,Plain,35,1.2181995856252215,1.1827252954660397,118.27252954660398
20,2,Plain,36,1.2366227080661596,1.2005836634165514,120.05836634165514
20,2,Plain,37,1.254156520984175,1.2174879761597381,121.7487976159738
20,2,Plain,38,1.2707485136987178,1.233385113075159,123.3385113075159
20,2,Plain,39,1.2863319728193452,1.2482377488006127,124.82377488006128
20,2,Plain,40,1.3010297382141933,1.262099906175053,126.20999061750531
20,2,Plain,41,1.315184800944774,1.2752932640924382,127.52932640924382
20,2,Plain,42,1.3286767822713896,1.2876513567463452,128.7651356746345
20,2,Plain,43,1.341673794983456,1.2994046837776072,129.94046837776074
20,2,Plain,44,1.354124793928594,1.3104859668373268,131.04859668373268
20,2,Plain,45,1.3656377487302884,1.3204928051811051,132.04928051811052
20,2,Plain,46,1.3765351761214648,1.329756214442774,132.9756214442774
20,2,Plain,47,1.38696098556511,1.338411684656406,133.8411684656406
20,2,Plain,48,1.3968550868064318,1.3464552534313015,134.64552534313015
20,2,Plain,49,1.406298670345085,1.3539420590949123,135.39420590949123
20,2,Plain,50,1.4153399866808254,1.360894270496694,136.0894270496694
20,2,Plain,51,1.4239629119822652,1.3674048305632192,136.74048305632192
20,2,Plain,52,1.4321219102523828,1.37348140707247,137.34814070724698
20,2,Plain,53,1.4399343014212587,1.379202443858645,137.9202443858645
20,2,Plain,54,1.4473251339478306,1.3845065254943572,138.45065254943572
20,2,Plain,55,1.4542678277050474,1.3893917732387062,138.9391773238706
20,2,Plain,56,1.4608618275936252,1.3939304837899271,139.3930483789927
20,2,Plain,57,1.4668146970916993,1.3979169014660744,139.79169014660744
20,2,Plain,58,1.4723501631943876,1.4015251905586477,140.15251905586476
20,2,Plain,59,1.4775788000617045,1.4048676652202872,140.4867665220287
20,2,Plain,60,1.4824135395787594,1.407834242017315,140.7834242017315
20,2,Plain,61,1.4868479368034593,1.4104549835875855,141.04549835875855
20,2,Plain,62,1.4908493600331991,1.412684668116936,141.26846681169363
20,2,Plain,63,1.494441654797191,1.4145649455118803,141.45649455118803
20,2,Plain,64,1.4977331188175609,1.4161745168544262,141.61745168544263
20,2,Plain,65,1.5005601941817264,1.4173896060392632,141.73896060392633
20,2,Plain,66,1.5029609202045313,1.418246420214632,141.8246420214632
20,2,Plain,67,1.5051194394693221,1.4189254907075146,141.89254907075147
20,2,Plain,68,1.5069306951182802,1.4193635541412397,141.93635541412397
20,2,Plain,69,1.508618655982533,1.4197381681592607,141.97381681592609
20,2,Plain,70,1.5103522617349299,1.4201973015052896,142.01973015052897
20,2,Plain,71,1.5122480608623212,1.420823211658762,142.0823211658762
20,2,Plain,72,1.5139848068020962,1.4213661023006015,142.13661023006014
20,2,Plain,73,1.5156328381523765,1.421901950721809,142.1901950721809
20,2,Plain,74,1.5173252910510708,1.4225553112807012,142.25553112807015
20,2,Plain,75,1.5190669223204971,1.4233394031975175,142.33394031975175
20,2,Plain,76,1.5209891603993761,1.424316521752598,142.4316521752598
20,2,Plain,77,1.5229299906345448,1.425385539933526,142.5385539933526
20,2,Plain,78,1.524755756416546,1.4264152389427467,142.64152389427466
20,2,Plain,79,1.5263918314644773,1.4273203170291482,142.7320317029148
20,2,Plain,80,1.527843403747273,1.4280841593631977,142.80841593631976
20,2,Plain,81,1.5292753940334798,1.4288715032880714,142.8871503288071
20,2,Plain,82,1.530552709417092,1.4295827659344698,142.95827659344698
20,2,Plain,83,1.531746831999283,1.4302946056015609,143.02946056015608
20,2,Plain,84,1.5328704983831045,1.4310362717479064,143.10362717479063
20,2,Plain,85,1.533989648012965,1.4318595622673302,143.18595622673303
20,2,Plain,86,1.5354400276344524,1.4329893822005282,143.2989382200528
20,2,Plain,87,1.5368855820166516,1.4341901078198784,143.41901078198785
20,2,Plain,88,1.538458876250955,1.4354833706363508,143.5483370636351
20,2,Plain,89,1.540006696635926,1.4368052478871323,143.68052478871323
20,2,Plain,90,1.5416201514799712,1.4381967328689962,143.81967328689962
20,2,Plain,91,1.543328913397141,1.439691566000201,143.96915660002009
20,2,Plain,92,1.5450662572740652,1.4412135277019424,144.12135277019422
20,2,Plain,93,1.5468089253806478,1.4427170763155803,144.27170763155806
20,2,Plain,94,1.5486824658417284,1.4443575880340527,144.43575880340526
20,2,Plain,95,1.5506032547093358,1.446029295309845,144.60292953098448
20,2,Plain,96,1.5525910713827134,1.4477507806352914,144.77507806352912
20,2,Plain,97,1.554571071715998,1.4494770527398648,144.9477052739865
20,2,Plain,98,1.5565573393448933,1.451195844908741,145.11958449087408
20,2,Plain,99,1.5586124463292899,1.4529339083066939,145.29339083066938
20,2,Plain,100,1.5604463543852396,1.454461000952132,145.4461000952132
20,3,ResDyNet,1,0.10548889011498315,0.10114827013364125,10.114827013364124
20,3,ResDyNet,2,0.09651278076413655,0.09255530732427222,9.255530732427221
20,3,ResDyNet,3,0.09134574982710195,0.08761642172147091,8.761642172147091
20,3,ResDyNet,4,0.09676879610771656,0.09283920178103817,9.283920178103818
20,3,ResDyNet,5,0.10191903955711797,0.09780680871767013,9.780680871767013
20,3,ResDyNet,6,0.11549157636549037,0.11086445018622404,11.086445018622403
20,3,ResDyNet,7,0.12448910589043956,0.11954100057474557,11.954100057474557
20,3,ResDyNet,8,0.14093790302026024,0.13538548866326303,13.538548866326302
20,3,ResDyNet,9,0.15130253426659826,0.14540011096486563,14.540011096486564
20,3,ResDyNet,10,0.16831662474086043,0.16182123493508668,16.18212349350867
20,3,ResDyNet,11,0.17686379426647564,0.17011767977503067,17.011767977503066
20,3,ResDyNet,12,0.19546576897672172,0.1881017542058611,18.81017542058611
20,3,ResDyNet,13,0.20072098384189854,0.1932579191062661,19.32579191062661
20,3,ResDyNet,14,0.22171831873662773,0.21358586123899626,21.358586123899624
20,3,ResDyNet,15,0.22316240810843804,0.21509433260072028,21.50943326007203
20,3,ResDyNet,16,0.24695216569544579,0.2381526070747489,23.815260707474888
20,3,ResDyNet,17,0.24479192792188884,0.23620368444475714,23.620368444475716
20,3,ResDyNet,18,0.27194486762571773,0.26255411437922793,26.255411437922795
20,3,ResDyNet,19,0.26698357292767794,0.25791221065772,25.791221065772003
20,3,ResDyNet,20,0.2974763396034414,0.2875294454079159,28.75294454079159
20,3,ResDyNet,21,0.2903229125100598,0.28077462669836256,28.077462669836258
20,3,ResDyNet,22,0.32382218842628235,0.3133147755014129,31.331477550141287
20,3,ResDyNet,23,0.3158763263172814,0.3057631222539437,30.57631222539437
20,3,ResDyNet,24,0.3509657121433432,0.3398789720614126,33.987897206141255
20,3,ResDyNet,25,0.3442044021901784,0.3334619498818732,33.34619498818732
20,3,ResDyNet,26,0.37921157148556905,0.3675172286935847,36.751722869358474
20,3,ResDyNet,27,0.37571007196040485,0.36425334849996116,36.42533484999611
20,3,ResDyNet,28,0.40869502912046934,0.39635520829172183,39.63552082917218
20,3,ResDyNet,29,0.409257494750994,0.3970144486697688,39.701444866976885
20,3,ResDyNet,30,0.4388297629682665,0.425800972225665,42.5800972225665
20,3,ResDyNet,31,0.44302375405207794,0.4299627840660005,42.996278406600055
20,3,ResDyNet,32,0.46922554898904184,0.45546040657843767,45.54604065784376
20,3,ResDyNet,33,0.4761685979840385,0.46225778562512737,46.22577856251274
20,3,ResDyNet,34,0.4994184601358772,0.48486914072392384,48.48691407239239
20,3,ResDyNet,35,0.5080916056526467,0.49329584536914933,49.329584536914936
20,3,ResDyNet,36,0.5288787095564325,0.5134655335702515,51.346553357025144
20,3,ResDyNet,37,0.5388366764196616,0.5230823774212878,52.30823774212878
20,3,ResDyNet,38,0.5573015588669749,0.540915404417364,54.091540441736406
20,3,ResDyNet,39,0.5684921513324397,0.5516564760764764,55.165647607647635
20,3,ResDyNet,40,0.5844285640624708,0.5669411038072908,56.694110380729086
20,3,ResDyNet,41,0.5966482772461104,0.5785510359135249,57.855103591352496
20,3,ResDyNet,42,0.6100988933468178,0.5912609283534629,59.126092835346284
20,3,ResDyNet,43,0.6232247387232391,0.6035901927659236,60.359019276592356
20,3,ResDyNet,44,0.634147263773811,0.6137108587110699,61.37108587110699
20,3,ResDyNet,45,0.647937922000993,0.6265185368534263,62.65185368534264
20,3,ResDyNet,46,0.6566907275978962,0.6343743270336849,63.43743270336849
20,3,ResDyNet,47,0.6709858830737961,0.6474986358607325,64.74986358607325
20,3,ResDyNet,48,0.6779084539027116,0.6534488850877372,65.34488850877372
20,3,ResDyNet,49,0.692376548652219,0.6665993147253568,66.65993147253567
20,3,ResDyNet,50,0.6980466735946185,0.6711940082057615,67.11940082057615
20,3,ResDyNet,51,0.7123115526412507,0.6840194008927698,68.40194008927698
20,3,ResDyNet,52,0.7170175541143861,0.6876581330615456,68.76581330615456
20,3,ResDyNet,53,0.7307776468418357,0.6999557656531352,69.99557656531353
20,3,ResDyNet,54,0.734897585146051,0.703000644664703,70.3000644664703
20,3,ResDyNet,55,0.7477998818067952,0.71443992916411,71.443992916411
20,3,ResDyNet,56,0.7516649443053459,0.7172264068186346,71.72264068186347
20,3,ResDyNet,57,0.763694109333333,0.7278226112022693,72.78226112022693
20,3,ResDyNet,58,0.7675382202444888,0.7306170619462753,73.06170619462753
20,3,ResDyNet,59,0.7785765006028703,0.7402630239088828,74.02630239088828
20,3,ResDyNet,60,0.7826341282570786,0.7432602949948621,74.32602949948621
20,3,ResDyNet,61,0.7931366477254495,0.7523859769112259,75.23859769112259
20,3,ResDyNet,62,0.7976753931695685,0.7558535612475996,75.58535612475995
20,3,ResDyNet,63,0.8077440752979596,0.7645708015388959,76.45708015388958
20,3,ResDyNet,64,0.8127794288063044,0.7685197719388835,76.85197719388835
20,3,ResDyNet,65,0.8226853110421531,0.7770868595832611,77.7086859583261
20,3,ResDyNet,66,0.8280640085733254,0.7813901213797884,78.13901213797884
20,3,ResDyNet,67,0.837868837940823,0.7898864507675833,78.98864507675833
20,3,ResDyNet,68,0.8435108551477858,0.7944947761683921,79.44947761683922
20,3,ResDyNet,69,0.8534355128657275,0.8031552353360768,80.31552353360767
20,3,ResDyNet,70,0.8590585799846774,0.8077802166017634,80.77802166017634
20,3,ResDyNet,71,0.869357287721744,0.8167992048311277,81.67992048311277
20,3,ResDyNet,72,0.8748854392245539,0.8213639272489112,82.13639272489112
20,3,ResDyNet,73,0.8857795730604943,0.8310005372934675,83.10005372934675
20,3,ResDyNet,74,0.8911238034845864,0.8354654780568015,83.54654780568015
20,3,ResDyNet,75,0.9027314519951968,0.8458437395027296,84.58437395027296
20,3,ResDyNet,76,0.9076360833683741,0.8499475886737713,84.99475886737713
20,3,ResDyNet,77,0.9200104444338979,0.8610833013653496,86.10833013653496
20,3,ResDyNet,78,0.92417085080149,0.8645656062765489,86.45656062765488
20,3,ResDyNet,79,0.937274113799312,0.8764396910901455,87.64396910901455
20,3,ResDyNet,80,0.9403781327513363,0.8789769369687751,87.89769369687751
20,3,ResDyNet,81,0.9541059190115048,0.8914645224221593,89.14645224221594
20,3,ResDyNet,82,0.9559244004878767,0.892862454239923,89.28624542399231
20,3,ResDyNet,83,0.9704042702431216,0.9061314598378133,90.61314598378134
20,3,ResDyNet,84,0.9708297502531127,0.9063339582630188,90.63339582630188
20,3,ResDyNet,85,0.9860650593640815,0.9204147408015818,92.04147408015818
20,3,ResDyNet,86,0.9849771005532538,0.9192555237588911,91.92555237588911
20,3,ResDyNet,87,1.001087452641309,0.9341942812403913,93.41942812403913
20,3,ResDyNet,88,0.9985822950546432,0.9317429935182725,93.17429935182724
20,3,ResDyNet,89,1.0156058104340648,0.9475463719761378,94.75463719761377
20,3,ResDyNet,90,1.0115155298994414,0.9436554970762707,94.36554970762707
20,3,ResDyNet,91,1.0296261279572851,0.9604848582086397,96.04848582086397
20,3,ResDyNet,92,1.0239463147928682,0.9551210335300642,95.51210335300642
20,3,ResDyNet,93,1.0433504974781769,0.9731386692921354,97.31386692921355
20,3,ResDyNet,94,1.0361229813277621,0.9663259727059893,96.63259727059894
20,3,ResDyNet,95,1.0569029654989885,0.9856245598413075,98.56245598413075
20,3,ResDyNet,96,1.048070548974723,0.9772985194921223,97.72985194921223
20,3,ResDyNet,97,1.0701449576390856,0.9977997065717342,99.77997065717342
20,3,ResDyNet,98,1.0596256890930258,0.9879009004689419,98.79009004689418
20,3,ResDyNet,99,1.0828901660410832,1.0094670069640572,100.94670069640573
20,3,ResDyNet,100,1.070624455827283,0.9979077545923428,99.79077545923428
20,3,Plain,1,0.19617691758532796,0.1881046983457401,18.81046983457401
20,3,Plain,2,0.33970583423678197,0.3257763131338258,32.57763131338258
20,3,Plain,3,0.3728537735216522,0.3576314554661675,35.76314554661674
20,3,Plain,4,0.39901628613257784,0.38281300369746835,38.28130036974683
20,3,Plain,5,0.42105048259820455,0.4040619318129081,40.40619318129082
20,3,Plain,6,0.4413165087120828,0.4236353302654245,42.36353302654245
20,3,Plain,7,0.46134623560078036,0.4430089703081798,44.30089703081798
20,3,Plain,8,0.48198244553742986,0.4629941805421862,46.29941805421862
20,3,Plain,9,0.5035742727619987,0.4839294694802096,48.39294694802096
20,3,Plain,10,0.5258912908877674,0.5055969858241015,50.55969858241016
20,3,Plain,11,0.5487182037054806,0.5277884490256737,52.778844902567364
20,3,Plain,12,0.5717190821094349,0.5501800280465307,55.018002804653065
20,3,Plain,13,0.5948192361425035,0.5727030907332745,57.270309073327454
20,3,Plain,14,0.6180454078101623,0.595375977339724,59.537597733972405
20,3,Plain,15,0.6414320760748579,0.6182421380081856,61.82421380081856
20,3,Plain,16,0.6651848216310708,0.641482527646093,64.1482527646093
20,3,Plain,17,0.6892619963118695,0.6650800312686878,66.50800312686877
20,3,Plain,18,0.7137529970819275,0.6891058017402455,68.91058017402456
20,3,Plain,19,0.7385710097355899,0.7134764126488431,71.34764126488432
20,3,Plain,20,0.763591279008495,0.7380586209455087,73.80586209455086
20,3,Plain,21,0.7885904776296007,0.7626549177948965,76.26549177948964
20,3,Plain,22,0.8136215266249299,0.7872210585583107,78.72210585583107
20,3,Plain,23,0.83837570243785,0.8115339803646938,81.15339803646937
20,3,Plain,24,0.8627461658766551,0.8354926702592539,83.54926702592539
20,3,Plain,25,0.8867406675645216,0.8590659217723878,85.90659217723878
20,3,Plain,26,0.9100910279288366,0.8820251215778901,88.20251215778902
20,3,Plain,27,0.9330606710115193,0.9046083646258615,90.46083646258614
20,3,Plain,28,0.9555642995951983,0.9267127320272536,92.67127320272536
20,3,Plain,29,0.9775541709035355,0.9483103796113376,94.83103796113375
20,3,Plain,30,0.9988391055306839,0.9691837202544861,96.9183720254486
20,3,Plain,31,1.0193352103745867,0.98928375948356,98.92837594835599
20,3,Plain,32,1.0387926017587836,1.008318711048656,100.8318711048656
20,3,Plain,33,1.0570892213269805,1.026207365894338,102.6207365894338
20,3,Plain,34,1.0746421250005747,1.0433350893617244,104.33350893617244
20,3,Plain,35,1.0915773157164326,1.0597902991340624,105.97902991340624
20,3,Plain,36,1.1074446458926555,1.0751702530807132,107.51702530807133
20,3,Plain,37,1.1228733462788294,1.0900432083006126,109.00432083006127
20,3,Plain,38,1.1375222781790808,1.1040760847429616,110.40760847429615
20,3,Plain,39,1.151747985811403,1.117639414531425,111.76394145314251
20,3,Plain,40,1.1655380358775083,1.130662430317391,113.06624303173909
20,3,Plain,41,1.1791952660003602,1.1434284966642472,114.34284966642473
20,3,Plain,42,1.1925687649136294,1.155745933581528,115.57459335815282
20,3,Plain,43,1.2057238224819544,1.1677377825618267,116.77377825618267
20,3,Plain,44,1.2184882182403245,1.1792204957180386,117.92204957180385
20,3,Plain,45,1.2308648476108381,1.1901751961174392,119.01751961174391
20,3,Plain,46,1.2428337981342374,1.200598426583679,120.05984265836791
20,3,Plain,47,1.2543349849291752,1.210428135884803,121.0428135884803
20,3,Plain,48,1.2653426560691299,1.219687913762159,121.96879137621589
20,3,Plain,49,1.275797699334105,1.2282996496050886,122.82996496050885
20,3,Plain,50,1.2854377040022642,1.235989107154084,123.5989107154084
20,3,Plain,51,1.2945708901492574,1.2431521030504677,124.31521030504678
20,3,Plain,52,1.3031725734495858,1.2498121053984557,124.98121053984558
20,3,Plain,53,1.3113633642683122,1.2560542206685212,125.60542206685214
20,3,Plain,54,1.3189866678104578,1.2617383653405558,126.1738365340556
20,3,Plain,55,1.326214076167276,1.267050602286929,126.7050602286929
20,3,Plain,56,1.3330863324539812,1.2720091943207583,127.2009194320758
20,3,Plain,57,1.339653232702954,1.2767283419045592,127.67283419045593
20,3,Plain,58,1.34576328082338,1.281027561073325,128.1027561073325
20,3,Plain,59,1.3516024098707047,1.2850905290343055,128.50905290343056
20,3,Plain,60,1.3570540196430765,1.2887814810863427,128.87814810863426
20,3,Plain,61,1.3620601910099022,1.2920787235891502,129.207872358915
20,3,Plain,62,1.3667495735290804,1.29509138846657,129.509138846657
20,3,Plain,63,1.3710715591184384,1.2977888826181478,129.7788882618148
20,3,Plain,64,1.3748278707850423,1.2999620367640217,129.99620367640216
20,3,Plain,65,1.3781782563260632,1.3017908534159794,130.17908534159795
20,3,Plain,66,1.3810736003260657,1.3032292878572154,130.32292878572153
20,3,Plain,67,1.383612134962691,1.3043765671135124,130.43765671135125
20,3,Plain,68,1.3858440309173412,1.3053131876472042,130.53131876472042
20,3,Plain,69,1.3877775255180391,1.306016410494651,130.6016410494651
20,3,Plain,70,1.3893432995259731,1.3064115271921466,130.64115271921466
20,3,Plain,71,1.3906513300011847,1.3065777633486415,130.65777633486417
20,3,Plain,72,1.3916611659349953,1.3065256654234716,130.65256654234716
20,3,Plain,73,1.3925805389984278,1.3064595429015236,130.64595429015236
20,3,Plain,74,1.3938376579119756,1.3067805400859134,130.67805400859135
20,3,Plain,75,1.3952064168396783,1.3072842542370584,130.72842542370583
20,3,Plain,76,1.3968983985659174,1.308112851879071,130.8112851879071
20,3,Plain,77,1.3986372003038712,1.3090537668744677,130.90537668744676
20,3,Plain,78,1.4005194946653836,1.310191708554103,131.0191708554103
20,3,Plain,79,1.4023885740981878,1.3113655765960275,131.13655765960274
20,3,Plain,80,1.4043842521908627,1.3126861688140996,131.26861688140994
20,3,Plain,81,1.406399841407776,1.314063290010955,131.40632900109551
20,3,Plain,82,1.4084532521315725,1.3155381604848422,131.55381604848424
20,3,Plain,83,1.410509568590874,1.3170872529056787,131.70872529056786
20,3,Plain,84,1.4120353857955394,1.3182286802416796,131.82286802416795
20,3,Plain,85,1.4133802447991455,1.3192801015683857,131.92801015683855
20,3,Plain,86,1.4144317067146348,1.3200552161535717,132.00552161535717
20,3,Plain,87,1.415462835478477,1.3208808907987486,132.08808907987486
20,3,Plain,88,1.4163272099824469,1.3215264890694016,132.15264890694016
20,3,Plain,89,1.417135475631772,1.3221680742055397,132.21680742055398
20,3,Plain,90,1.4179145301743554,1.3227902105629226,132.27902105629224
20,3,Plain,91,1.4186549580946075,1.323389693864695,132.3389693864695
20,3,Plain,92,1.4192810703452747,1.3238830817532194,132.38830817532195
20,3,Plain,93,1.4198324054665983,1.3242853873297906,132.42853873297906
20,3,Plain,94,1.4202703590052757,1.324595787280492,132.4595787280492
20,3,Plain,95,1.4206025337038173,1.3247959298990262,132.47959298990264
20,3,Plain,96,1.420857384163771,1.3249125445907295,132.49125445907293
20,3,Plain,97,1.4209365383769617,1.324876644915011,132.48766449150108
20,3,Plain,98,1.420647015125219,1.3244851270942593,132.44851270942593
20,3,Plain,99,1.4198824670012387,1.323610232277337,132.36102322773368
20,3,Plain,100,1.4187313532657695,1.3223712679094601,132.237126790946
20,4,ResDyNet,1,0.08992463066846093,0.08622444339500633,8.622444339500634
20,4,ResDyNet,2,0.11769845172565191,0.11287226712160717,11.287226712160717
20,4,ResDyNet,3,0.12646580311541514,0.12130264582728494,12.130264582728495
20,4,ResDyNet,4,0.11914723438519077,0.11430889480557777,11.430889480557777
20,4,ResDyNet,5,0.11042205534713136,0.10596674470716784,10.596674470716785
20,4,ResDyNet,6,0.12016926210297679,0.11535472621976973,11.535472621976973
20,4,ResDyNet,7,0.12367581626005546,0.11876003700787134,11.876003700787134
20,4,ResDyNet,8,0.13334762053027646,0.12809423427408043,12.809423427408044
20,4,ResDyNet,9,0.1438934570088814,0.13828006726803566,13.828006726803565
20,4,ResDyNet,10,0.15530320481864388,0.1493100068506114,14.93100068506114
20,4,ResDyNet,11,0.16765063632501803,0.1612559392537331,16.12559392537331
20,4,ResDyNet,12,0.18053790642166434,0.17373628680023734,17.37362868002373
20,4,ResDyNet,13,0.1935201809894423,0.18632485137949426,18.632485137949427
20,4,ResDyNet,14,0.2069419482352267,0.19935147664907352,19.93514766490735
20,4,ResDyNet,15,0.22046369532009802,0.21249318740333129,21.249318740333127
20,4,ResDyNet,16,0.23416928239482632,0.22582521170487327,22.58252117048733
20,4,ResDyNet,17,0.24816686374503663,0.23946021452301397,23.946021452301398
20,4,ResDyNet,18,0.2625616994658713,0.2534949641632712,25.34949641632712
20,4,ResDyNet,19,0.2773554518787766,0.26793168189191746,26.793168189191746
20,4,ResDyNet,20,0.29255335518600634,0.2827710737633546,28.277107376335458
20,4,ResDyNet,21,0.3081659305668565,0.298030814612555,29.803081461255495
20,4,ResDyNet,22,0.3244319780774862,0.31390477864047667,31.390477864047668
20,4,ResDyNet,23,0.3407837263878963,0.3298730785194527,32.987307851945275
20,4,ResDyNet,24,0.3570965309828935,0.34581612299378073,34.58161229937807
20,4,ResDyNet,25,0.3731270304105029,0.3614819169150929,36.1481916915093
20,4,ResDyNet,26,0.3887211951941582,0.3767335892007495,37.673358920074946
20,4,ResDyNet,27,0.4038421360786259,0.3915275668934397,39.152756689343974
20,4,ResDyNet,28,0.4184862368488232,0.4058507878855105,40.58507878855105
20,4,ResDyNet,29,0.4325985843824747,0.4196572834382125,41.96572834382125
20,4,ResDyNet,30,0.44619841783116215,0.4329508528157909,43.29508528157909
20,4,ResDyNet,31,0.45935993516367235,0.4458173513380793,44.58173513380793
20,4,ResDyNet,32,0.4721289481894571,0.4582786320206152,45.82786320206152
20,4,ResDyNet,33,0.4845412426263458,0.4703858314235376,47.03858314235376
20,4,ResDyNet,34,0.4966987494454936,0.4822286620657958,48.222866206579575
20,4,ResDyNet,35,0.5086321357702126,0.4938206351084911,49.382063510849115
20,4,ResDyNet,36,0.5203657815170479,0.505200698818908,50.5200698818908
20,4,ResDyNet,37,0.5319401041479171,0.5163874444706729,51.63874444706729
20,4,ResDyNet,38,0.5433548144786375,0.5273787315674612,52.737873156746126
20,4,ResDyNet,39,0.5546162158744979,0.5381914710820337,53.81914710820337
20,4,ResDyNet,40,0.5657199543874948,0.5487922991935983,54.87922991935983
20,4,ResDyNet,41,0.5766555113083486,0.5591646806935675,55.91646806935675
20,4,ResDyNet,42,0.587387122239349,0.569250426423377,56.9250426423377
20,4,ResDyNet,43,0.5978870334642639,0.5790507458356845,57.90507458356845
20,4,ResDyNet,44,0.6081373658265729,0.5885391711298705,58.85391711298705
20,4,ResDyNet,45,0.6181274973091728,0.5976935784326877,59.769357843268764
20,4,ResDyNet,46,0.6278607270122132,0.6065240598511064,60.652405985110626
20,4,ResDyNet,47,0.6373238395190193,0.6150149013562833,61.50149013562834
20,4,ResDyNet,48,0.6465230131357211,0.6231958602742712,62.319586027427114
20,4,ResDyNet,49,0.6554796584132493,0.63107609864204,63.107609864203994
20,4,ResDyNet,50,0.6641693981551718,0.6386199337929411,63.86199337929411
20,4,ResDyNet,51,0.672598488507298,0.6458836915450883,64.58836915450883
20,4,ResDyNet,52,0.6807640064530616,0.6528890444128915,65.28890444128915
20,4,ResDyNet,53,0.6886472498554319,0.6596022950628241,65.96022950628242
20,4,ResDyNet,54,0.6962358001144199,0.6660169065895216,66.60169065895217
20,4,ResDyNet,55,0.703522937242162,0.6721382146172592,67.21382146172591
20,4,ResDyNet,56,0.7105305207087711,0.6779766120048135,67.79766120048136
20,4,ResDyNet,57,0.717256480665133,0.6835662057353803,68.35662057353802
20,4,ResDyNet,58,0.7237140824993243,0.6889010119605146,68.89010119605146
20,4,ResDyNet,59,0.7299682145578894,0.6940467345823708,69.40467345823708
20,4,ResDyNet,60,0.7360368465919473,0.6990072934122278,69.90072934122279
20,4,ResDyNet,61,0.7419569497877102,0.703835847319639,70.3835847319639
20,4,ResDyNet,62,0.7477437878203945,0.7085398518801603,70.85398518801603
20,4,ResDyNet,63,0.7534139006558793,0.7131445312087538,71.31445312087538
20,4,ResDyNet,64,0.7589693946448124,0.7176399468397808,71.76399468397808
20,4,ResDyNet,65,0.7643790083985846,0.7220122630065875,72.20122630065873
20,4,ResDyNet,66,0.7696695160209063,0.726287038585428,72.6287038585428
20,4,ResDyNet,67,0.7748388308139429,0.7304659945256923,73.04659945256923
20,4,ResDyNet,68,0.7798696866522895,0.7345517705622989,73.4551770562299
20,4,ResDyNet,69,0.7847766760077063,0.738541443850602,73.8541443850602
20,4,ResDyNet,70,0.789564211945961,0.7424340609671637,74.24340609671636
20,4,ResDyNet,71,0.794249135284853,0.7462318097529104,74.62318097529104
20,4,ResDyNet,72,0.798833391731178,0.7499643981175926,74.99643981175926
20,4,ResDyNet,73,0.8033281956593756,0.7536481789813655,75.36481789813656
20,4,ResDyNet,74,0.807758030162005,0.757306612374868,75.7306612374868
20,4,ResDyNet,75,0.812117280914533,0.7609398302067715,76.09398302067714
20,4,ResDyNet,76,0.8164023387581343,0.7645125749517794,76.45125749517793
20,4,ResDyNet,77,0.8206115898106943,0.7680509946032797,76.80509946032797
20,4,ResDyNet,78,0.8247457808029738,0.7715530471292799,77.15530471292799
20,4,ResDyNet,79,0.8287998252714329,0.7750060010640555,77.50060010640556
20,4,ResDyNet,80,0.832750455489836,0.7783767179743241,77.8376717974324
20,4,ResDyNet,81,0.8365985630816221,0.7816720592922242,78.16720592922242
20,4,ResDyNet,82,0.8403275712032686,0.7848915010508088,78.48915010508088
20,4,ResDyNet,83,0.8439273019404552,0.7880314437535443,78.80314437535442
20,4,ResDyNet,84,0.8473914070908933,0.7910960783664922,79.10960783664922
20,4,ResDyNet,85,0.8507040312956736,0.7940657901100656,79.40657901100657
20,4,ResDyNet,86,0.8538340192324138,0.7968628287010776,79.68628287010776
20,4,ResDyNet,87,0.8567927617270442,0.799541434768491,79.9541434768491
20,4,ResDyNet,88,0.8595483602036106,0.8020151831011681,80.20151831011682
20,4,ResDyNet,89,0.8621395344309909,0.8043644291855081,80.43644291855081
20,4,ResDyNet,90,0.8645902239232398,0.806587040343986,80.6587040343986
20,4,ResDyNet,91,0.8669282775842295,0.8087124648094527,80.87124648094526
20,4,ResDyNet,92,0.8691786375935946,0.8107561760487224,81.07561760487224
20,4,ResDyNet,93,0.871339139067221,0.812702742121198,81.27027421211979
20,4,ResDyNet,94,0.8734363461356905,0.8145985003582715,81.45985003582715
20,4,ResDyNet,95,0.8754562985852159,0.8164148054461858,81.64148054461859
20,4,ResDyNet,96,0.877389532404093,0.8181429121114304,81.81429121114304
20,4,ResDyNet,97,0.8792298608151788,0.8197910861215931,81.97910861215932
20,4,ResDyNet,98,0.8809488908967266,0.8213185198717733,82.13185198717734
20,4,ResDyNet,99,0.8825133411263707,0.8226763239799236,82.26763239799237
20,4,ResDyNet,100,0.8839546061998549,0.823916501657758,82.39165016577579
20,4,Plain,1,0.2596525545355027,0.2489684619718708,24.89684619718708
20,4,Plain,2,0.5017465722871527,0.4811726263532767,48.11726263532766
20,4,Plain,3,0.5285383814471611,0.5069600042969763,50.69600042969763
20,4,Plain,4,0.5395320330545739,0.5176226769250163,51.762267692501624
20,4,Plain,5,0.5437027800783796,0.5217654526717685,52.176545267176856
20,4,Plain,6,0.5470006494250039,0.5250852759866826,52.50852759866826
20,4,Plain,7,0.5518539519353716,0.5299192496694454,52.99192496694454
20,4,Plain,8,0.5586338452925128,0.5366258083029116,53.66258083029116
20,4,Plain,9,0.5687541820211538,0.5465666624717166,54.656666247171664
20,4,Plain,10,0.5811295802994834,0.5587036128258468,55.870361282584675
20,4,Plain,11,0.5954561796525584,0.5727436986768181,57.274369867681806
20,4,Plain,12,0.6114251753561321,0.5883902263409169,58.83902263409169
20,4,Plain,13,0.6284725672916527,0.6051051476801529,60.51051476801529
20,4,Plain,14,0.64672915946463,0.623007631032545,62.300763103254496
20,4,Plain,15,0.6657984957589415,0.6417276292441033,64.17276292441034
20,4,Plain,16,0.6856787768552227,0.6612462290583092,66.12462290583093
20,4,Plain,17,0.7058818880229012,0.681116833178558,68.1116833178558
20,4,Plain,18,0.7263782496129575,0.7012950812292812,70.12950812292812
20,4,Plain,19,0.7471687854303793,0.7217820597411571,72.17820597411571
20,4,Plain,20,0.7682400786781193,0.7425519759215765,74.25519759215764
20,4,Plain,21,0.7895687224482227,0.7636009896064304,76.36009896064304
20,4,Plain,22,0.8113423142241173,0.7850158022565388,78.50158022565388
20,4,Plain,23,0.8332137870446036,0.80653733061303,80.653733061303
20,4,Plain,24,0.8549215269023933,0.8279152056827782,82.79152056827782
20,4,Plain,25,0.8764796755694197,0.8491251703565519,84.9125170356552
20,4,Plain,26,0.8978163892926482,0.8701290152509796,87.01290152509796
20,4,Plain,27,0.9189607220290019,0.8909383727521758,89.09383727521757
20,4,Plain,28,0.939613201458901,0.9112432489804455,91.12432489804455
20,4,Plain,29,0.9599262574977758,0.9312098098924024,93.12098098924025
20,4,Plain,30,0.9796387733988143,0.9505534431431386,95.05534431431386
20,4,Plain,31,0.9981791297861344,0.9687513902222351,96.87513902222351
20,4,Plain,32,1.0153673232377567,0.9855806335880674,98.55806335880673
20,4,Plain,33,1.0310546454152916,1.0009333653374386,100.09333653374387
20,4,Plain,34,1.046414477277646,1.0159297842147135,101.59297842147134
20,4,Plain,35,1.061267642759019,1.0303632517708525,103.03632517708526
20,4,Plain,36,1.0756829448766905,1.0443341871461644,104.43341871461645
20,4,Plain,37,1.089743680910255,1.0578821753150465,105.78821753150464
20,4,Plain,38,1.1033830090417291,1.0709406013083071,107.0940601308307
20,4,Plain,39,1.1165445111307066,1.0834784771420818,108.34784771420819
20,4,Plain,40,1.1293011913259472,1.095509876332437,109.5509876332437
20,4,Plain,41,1.1417359028003733,1.1071053323972802,110.71053323972801
20,4,Plain,42,1.1538046506791142,1.1181787351829726,111.81787351829725
20,4,Plain,43,1.1654025742427823,1.128686845580244,112.8686845580244
20,4,Plain,44,1.1767569888773433,1.138834121652473,113.88341216524732
20,4,Plain,45,1.1877353091585587,1.1484714241837997,114.84714241837997
20,4,Plain,46,1.1983360536983767,1.157612854388573,115.76128543885731
20,4,Plain,47,1.2083297087029925,1.166033232280589,116.60332322805891
20,4,Plain,48,1.2180839578978808,1.174134353465163,117.41343534651628
20,4,Plain,49,1.22755308524207,1.1818511863295167,118.18511863295167
20,4,Plain,50,1.2367541500997505,1.1891783265665017,118.91783265665018
20,4,Plain,51,1.245655980641354,1.1961800344770253,119.61800344770252
20,4,Plain,52,1.2542440200771836,1.2028870092520638,120.28870092520638
20,4,Plain,53,1.2625612124615475,1.2093103886957601,120.93103886957601
20,4,Plain,54,1.27056868962568,1.2154218845611344,121.54218845611344
20,4,Plain,55,1.2783378093532731,1.2213101341437749,122.13101341437748
20,4,Plain,56,1.2857790505020854,1.2268693589356308,122.68693589356307
20,4,Plain,57,1.2928991553574263,1.2321703516803315,123.21703516803316
20,4,Plain,58,1.2996286604182044,1.2371121703795571,123.7112170379557
20,4,Plain,59,1.3060369331572192,1.2417673134586285,124.17673134586285
20,4,Plain,60,1.3119073578404383,1.2459061195886394,124.59061195886393
20,4,Plain,61,1.3174633792048356,1.2497732571688216,124.97732571688216
20,4,Plain,62,1.322620483943691,1.2532759710632648,125.32759710632651
20,4,Plain,63,1.3273449421898138,1.256399418335949,125.63994183359489
20,4,Plain,64,1.3317241855460094,1.2592055496094712,125.92055496094711
20,4,Plain,65,1.335658204923888,1.2616275336508815,126.16275336508815
20,4,Plain,66,1.3392185104553576,1.2637333631269732,126.37333631269732
20,4,Plain,67,1.342420796055503,1.2655441401053351,126.55441401053352
20,4,Plain,68,1.345188730715531,1.2670203507064908,126.70203507064907
20,4,Plain,69,1.3475846814339305,1.2681915336731995,126.81915336731996
20,4,Plain,70,1.3497284005237586,1.2691612948538158,126.91612948538156
20,4,Plain,71,1.3520507787530298,1.2703108567374812,127.03108567374812
20,4,Plain,72,1.354654005391448,1.2717824346442275,127.17824346442275
20,4,Plain,73,1.3576919157321627,1.2737285276902306,127.37285276902305
20,4,Plain,74,1.3604417090400411,1.2754704546854914,127.54704546854914
20,4,Plain,75,1.3629435289470795,1.2770544869215197,127.70544869215196
20,4,Plain,76,1.3653028941139274,1.2785255279350525,127.85255279350525
20,4,Plain,77,1.3674784902356076,1.2798907882428767,127.98907882428769
20,4,Plain,78,1.3695857029259884,1.2812530200135495,128.12530200135495
20,4,Plain,79,1.371747849922809,1.2827136097533824,128.27136097533824
20,4,Plain,80,1.3738516864943686,1.2841472012020156,128.41472012020157
20,4,Plain,81,1.3756429977194087,1.2853257731131766,128.53257731131768
20,4,Plain,82,1.377280188533503,1.2864215712899811,128.6421571289981
20,4,Plain,83,1.3787093073748407,1.2873932191895154,128.73932191895153
20,4,Plain,84,1.3799037737419617,1.2882316893889598,128.82316893889598
20,4,Plain,85,1.3809589000832332,1.2890173077397717,128.90173077397716
20,4,Plain,86,1.381789084216999,1.2895906388308367,128.95906388308367
20,4,Plain,87,1.3824958703033285,1.2901167949595516,129.01167949595515
20,4,Plain,88,1.3831363444535973,1.29055722738865,129.055722738865
20,4,Plain,89,1.3836849445983281,1.2909591848945694,129.09591848945695
20,4,Plain,90,1.384169619772493,1.291309161327594,129.1309161327594
20,4,Plain,91,1.3846933108781976,1.2917086331131573,129.17086331131574
20,4,Plain,92,1.3852629929054663,1.292151553631466,129.2151553631466
20,4,Plain,93,1.3858866285025284,1.2926239769957302,129.262397699573
20,4,Plain,94,1.3865963401162065,1.2931901726533555,129.31901726533553
20,4,Plain,95,1.3874528528290584,1.2938818907794196,129.38818907794195
20,4,Plain,96,1.3883973152055837,1.2946443747938756,129.46443747938756
20,4,Plain,97,1.3893768499868575,1.2954504932611135,129.54504932611135
20,4,Plain,98,1.3904483305491129,1.2963305551611757,129.6330555161176
20,4,Plain,99,1.3915984492325186,1.2972439546461625,129.72439546461624
20,4,Plain,100,1.3927931372204787,1.2981947727892487,129.81947727892486
40,0,ResDyNet,1,0.09655330840539779,0.09258036661719322,9.258036661719323
40,0,ResDyNet,2,0.10539102494103457,0.10106950214683062,10.106950214683062
40,0,ResDyNet,3,0.16474567289541744,0.1580196821473762,15.80196821473762
40,0,ResDyNet,4,0.16571488004455612,0.1589855181152787,15.89855181152787
40,0,ResDyNet,5,0.16053573351000452,0.15405843547970616,15.405843547970616
40,0,ResDyNet,6,0.1592247944831074,0.1528455135162469,15.284551351624689
40,0,ResDyNet,7,0.15871330808813952,0.1524048832841775,15.24048832841775
40,0,ResDyNet,8,0.16052448104747288,0.15420043042576476,15.420043042576475
40,0,ResDyNet,9,0.16324485906552316,0.15687655687741425,15.687655687741424
40,0,ResDyNet,10,0.166641195557943,0.16021046107455214,16.021046107455213
40,0,ResDyNet,11,0.17054580390887444,0.16404067648029894,16.404067648029894
40,0,ResDyNet,12,0.17500024660548433,0.16840725383926491,16.840725383926493
40,0,ResDyNet,13,0.18004105725022335,0.17334689882387527,17.334689882387526
40,0,ResDyNet,14,0.18559629466489286,0.17878876524341533,17.878876524341536
40,0,ResDyNet,15,0.19166857515353894,0.18473910817967473,18.47391081796747
40,0,ResDyNet,16,0.19822732977968077,0.19116396589417553,19.116396589417555
40,0,ResDyNet,17,0.20534427781634243,0.19814000981006546,19.814000981006547
40,0,ResDyNet,18,0.21298141935904935,0.20562678173433527,20.56267817343353
40,0,ResDyNet,19,0.2210448398547676,0.21353434848543307,21.353434848543305
40,0,ResDyNet,20,0.22941915601361929,0.22174793054965022,22.174793054965022
40,0,ResDyNet,21,0.23812486116602655,0.23029329109246177,23.02932910924618
40,0,ResDyNet,22,0.24730984124729422,0.23928510818314597,23.928510818314596
40,0,ResDyNet,23,0.25667509413718587,0.24845729688960605,24.845729688960606
40,0,ResDyNet,24,0.26624485494457023,0.2578343823462778,25.78343823462778
40,0,ResDyNet,25,0.2758709828854983,0.2672611834232144,26.726118342321442
40,0,ResDyNet,26,0.2854884482759874,0.2766843926291303,27.66843926291303
40,0,ResDyNet,27,0.29506907969509055,0.286071384131181,28.6071384131181
40,0,ResDyNet,28,0.304583851912059,0.29538748324564024,29.538748324564025
40,0,ResDyNet,29,0.3139770916101468,0.30458438396194376,30.458438396194374
40,0,ResDyNet,30,0.3232114539658653,0.31361535371311705,31.361535371311707
40,0,ResDyNet,31,0.3323444234467164,0.32254643744714967,32.25464374471497
40,0,ResDyNet,32,0.3413550562114854,0.33134110669093053,33.134110669093054
40,0,ResDyNet,33,0.35026249202988113,0.34002990671530814,34.00299067153081
40,0,ResDyNet,34,0.3591201816955529,0.34865810500470373,34.865810500470374
40,0,ResDyNet,35,0.36791826097542224,0.3572043851058905,35.72043851058905
40,0,ResDyNet,36,0.3766684280537381,0.365691134649548,36.569113464954796
40,0,ResDyNet,37,0.385375074192874,0.3741076263537694,37.41076263537694
40,0,ResDyNet,38,0.39401248437926306,0.38242746488418106,38.242746488418106
40,0,ResDyNet,39,0.4025962439687198,0.39067351186618926,39.06735118661892
40,0,ResDyNet,40,0.4111017360261771,0.3988006171013588,39.880061710135884
40,0,ResDyNet,41,0.41951237813901254,0.4067879355507757,40.67879355507757
40,0,ResDyNet,42,0.42778314515273963,0.41457452602391653,41.457452602391655
40,0,ResDyNet,43,0.4359066085733532,0.42217347539146927,42.21734753914693
40,0,ResDyNet,44,0.4438621531715589,0.42955798870942247,42.95579887094225
40,0,ResDyNet,45,0.45161774942378313,0.4366882720989933,43.66882720989933
40,0,ResDyNet,46,0.4591868540223694,0.4435822515245284,44.35822515245284
40,0,ResDyNet,47,0.4665508443507831,0.4502196587101379,45.02196587101379
40,0,ResDyNet,48,0.4737175483666067,0.45662537772552947,45.66253777255295
40,0,ResDyNet,49,0.4807016057842517,0.46280504680136936,46.28050468013693
40,0,ResDyNet,50,0.4874822261928972,0.46872961609081837,46.872961609081834
40,0,ResDyNet,51,0.49408780835040117,0.47446323929899314,47.446323929899314
40,0,ResDyNet,52,0.5005318753348621,0.4800368037790829,48.00368037790829
40,0,ResDyNet,53,0.5067964632017179,0.48542139727959654,48.54213972795966
40,0,ResDyNet,54,0.512873920366024,0.49061352756707427,49.06135275670743
40,0,ResDyNet,55,0.5187537897297765,0.49561176700467796,49.5611767004678
40,0,ResDyNet,56,0.5244496885441794,0.5004213227202094,50.04213227202094
40,0,ResDyNet,57,0.529965330606868,0.5050723137116766,50.50723137116766
40,0,ResDyNet,58,0.5352876239002528,0.5095384969176245,50.95384969176246
40,0,ResDyNet,59,0.5404641778523136,0.5138681250995709,51.38681250995709
40,0,ResDyNet,60,0.5454855712432728,0.5180425334895927,51.80425334895927
40,0,ResDyNet,61,0.5503849308150358,0.5221066319858578,52.210663198585785
40,0,ResDyNet,62,0.5551706315085023,0.5260632363979374,52.606323639793736
40,0,ResDyNet,63,0.5598594157339687,0.5299353784537746,52.99353784537746
40,0,ResDyNet,64,0.5644521656230036,0.5337150944286237,53.371509442862376
40,0,ResDyNet,65,0.5689318075505964,0.5373979888937973,53.739798889379735
40,0,ResDyNet,66,0.5733215743892776,0.5410062627568234,54.100626275682345
40,0,ResDyNet,67,0.5776124308512808,0.54453419469048,54.453419469048
40,0,ResDyNet,68,0.5818019567285668,0.5479936773361496,54.79936773361496
40,0,ResDyNet,69,0.5858907418929572,0.5513729035087632,55.13729035087633
40,0,ResDyNet,70,0.5898641921121016,0.554654404218204,55.465440421820404
40,0,ResDyNet,71,0.5937234426513384,0.5578291488394724,55.78291488394724
40,0,ResDyNet,72,0.5974668226615845,0.5609165198785435,56.091651987854355
40,0,ResDyNet,73,0.6010996757849476,0.5639260248668054,56.392602486680545
40,0,ResDyNet,74,0.6046303883320111,0.5668660341696401,56.686603416964005
40,0,ResDyNet,75,0.6080572303690714,0.5697390961955591,56.97390961955591
40,0,ResDyNet,76,0.6113647308176522,0.5725069642782767,57.25069642782767
40,0,ResDyNet,77,0.6145648968622036,0.5752016985187431,57.520169851874314
40,0,ResDyNet,78,0.6176721262986515,0.5778347974191027,57.78347974191027
40,0,ResDyNet,79,0.6206893267899858,0.5804030580014988,58.04030580014989
40,0,ResDyNet,80,0.6236062842403456,0.5828884387095818,58.28884387095819
40,0,ResDyNet,81,0.6264289961742425,0.5853010811257006,58.530108112570055
40,0,ResDyNet,82,0.6291595300837578,0.5876541302348992,58.76541302348993
40,0,ResDyNet,83,0.6317916677573575,0.589946194357649,58.99461943576489
40,0,ResDyNet,84,0.6343256630689744,0.5921850755884109,59.21850755884109
40,0,ResDyNet,85,0.6367689997218283,0.5943741422167647,59.43741422167647
40,0,ResDyNet,86,0.6390915386103123,0.596448817668056,59.6448817668056
40,0,ResDyNet,87,0.6413239238551489,0.5984703339427372,59.84703339427372
40,0,ResDyNet,88,0.6434291979979433,0.6003617829283256,60.03617829283257
40,0,ResDyNet,89,0.6454539147275502,0.6021997008036926,60.21997008036925
40,0,ResDyNet,90,0.6474049397454569,0.6039721706357457,60.39721706357457
40,0,ResDyNet,91,0.6492920084187428,0.6056908674989948,60.56908674989948
40,0,ResDyNet,92,0.6511250591016525,0.6073592242307135,60.73592242307136
40,0,ResDyNet,93,0.6528909217182614,0.608954904693582,60.89549046935821
40,0,ResDyNet,94,0.6546257584288909,0.6105277888552944,61.052778885529435
40,0,ResDyNet,95,0.6563336140026674,0.6120699350152904,61.20699350152905
40,0,ResDyNet,96,0.6580383132710433,0.6136036070835095,61.360360708350946
40,0,ResDyNet,97,0.6597747730746252,0.6151718702012685,61.517187020126855
40,0,ResDyNet,98,0.6615335891410675,0.6167551760304081,61.67551760304081
40,0,ResDyNet,99,0.6632886089150783,0.6183156776118095,61.83156776118095
40,0,ResDyNet,100,0.6650749331855182,0.6199031131770455,61.990311317704546
40,0,Plain,1,0.5187904744665387,0.49744346534411116,49.744346534411115
40,0,Plain,2,0.6893634114052417,0.6610963013971103,66.10963013971104
40,0,Plain,3,0.6903878809839137,0.6622017537342749,66.22017537342748
40,0,Plain,4,0.6828771021847284,0.6551467790382395,65.51467790382394
40,0,Plain,5,0.675298629678486,0.648051671084018,64.8051671084018
40,0,Plain,6,0.6681322622675882,0.6413637967288792,64.13637967288793
40,0,Plain,7,0.6620534074914086,0.6357385748685073,63.57385748685073
40,0,Plain,8,0.6576604318009879,0.6317511260336397,63.17511260336397
40,0,Plain,9,0.6545448012249397,0.6290105264323534,62.901052643235346
40,0,Plain,10,0.6533145380145471,0.6281029310403887,62.810293104038884
40,0,Plain,11,0.654046349989212,0.6290990645482412,62.90990645482412
40,0,Plain,12,0.6567283683755604,0.6319866582005333,63.198665820053336
40,0,Plain,13,0.6613037767481771,0.6367156504779448,63.67156504779448
40,0,Plain,14,0.6672580560488546,0.6427835434705077,64.27835434705077
40,0,Plain,15,0.6746315809905221,0.6502413685821773,65.02413685821772
40,0,Plain,16,0.6834458081699357,0.6590928269513878,65.90928269513878
40,0,Plain,17,0.693585764072212,0.669252104606017,66.9252104606017
40,0,Plain,18,0.7051302670732184,0.6807808303563997,68.07808303563998
40,0,Plain,19,0.7178687907421083,0.6934775977121076,69.34775977121076
40,0,Plain,20,0.7313348080827974,0.7068807289207303,70.68807289207302
40,0,Plain,21,0.7454373685418575,0.720921049839969,72.09210498399689
40,0,Plain,22,0.7602867415599587,0.7356168856316253,73.56168856316253
40,0,Plain,23,0.7756578232452096,0.7508240981564739,75.0824098156474
40,0,Plain,24,0.7915433839359025,0.7665391300796598,76.65391300796597
40,0,Plain,25,0.8079252573622933,0.7827103022639146,78.27103022639146
40,0,Plain,26,0.8245172581844297,0.7990903245670237,79.90903245670236
40,0,Plain,27,0.8413485790146166,0.8156928973521256,81.56928973521256
40,0,Plain,28,0.8585059915427814,0.8325849272742912,83.25849272742911
40,0,Plain,29,0.8759039156858178,0.8497010186344353,84.97010186344352
40,0,Plain,30,0.8934217642970301,0.8668962042867498,86.68962042867498
40,0,Plain,31,0.9110570502846869,0.8841977934603367,88.41977934603368
40,0,Plain,32,0.9285189731377207,0.9012800558969053,90.12800558969053
40,0,Plain,33,0.9456518601119676,0.9180255411178834,91.80255411178834
40,0,Plain,34,0.9624050223782326,0.934367736631047,93.43677366310469
40,0,Plain,35,0.9788872805496893,0.950381827228976,95.0381827228976
40,0,Plain,36,0.9951073217447555,0.9661067891121358,96.61067891121358
40,0,Plain,37,1.0108296596758806,0.9812754118084702,98.12754118084702
40,0,Plain,38,1.0261294540059014,0.9959585071439906,99.59585071439906
40,0,Plain,39,1.0409713012359554,1.010143338638214,101.01433386382138
40,0,Plain,40,1.0553349950185387,1.0237569204408654,102.37569204408653
40,0,Plain,41,1.0692975304717593,1.036864125058099,103.68641250580991
40,0,Plain,42,1.0831261120914688,1.0496825310499787,104.96825310499787
40,0,Plain,43,1.0967791498622024,1.062225385730323,106.2225385730323
40,0,Plain,44,1.1102746925454787,1.0744943231518755,107.44943231518754
40,0,Plain,45,1.123567904275943,1.0864252508457986,108.64252508457987
40,0,Plain,46,1.1367611830004096,1.0981304899822841,109.81304899822842
40,0,Plain,47,1.149698385278486,1.1094542447135702,110.94542447135704
40,0,Plain,48,1.1625188218568492,1.1205740593181728,112.05740593181727
40,0,Plain,49,1.1750699960134565,1.1313220466835168,113.13220466835168
40,0,Plain,50,1.1873777366121652,1.141701339520785,114.1701339520785
40,0,Plain,51,1.19942548232299,1.1517857555334294,115.17857555334292
40,0,Plain,52,1.2111110335242237,1.161520171249036,116.15201712490358
40,0,Plain,53,1.2225244411520328,1.1709622412977923,117.09622412977923
40,0,Plain,54,1.2335842271079658,1.1800426677586142,118.00426677586142
40,0,Plain,55,1.2442056253793206,1.1887006142791174,118.87006142791175
40,0,Plain,56,1.254504532488909,1.1970277249077133,119.70277249077134
40,0,Plain,57,1.2644379968971573,1.2050460431185208,120.50460431185209
40,0,Plain,58,1.2740488604655928,1.2127628444520517,121.27628444520516
40,0,Plain,59,1.2834017108628015,1.220245962519394,122.0245962519394
40,0,Plain,60,1.2924145777911324,1.2273940091060795,122.73940091060794
40,0,Plain,61,1.301119895387438,1.2342694873287194,123.42694873287195
40,0,Plain,62,1.3094865340814985,1.2408306294348372,124.08306294348372
40,0,Plain,63,1.3175404383705343,1.2471189573916424,124.71189573916423
40,0,Plain,64,1.3253045156538281,1.2531354608909269,125.31354608909267
40,0,Plain,65,1.3326745270849596,1.2588092302112297,125.88092302112297
40,0,Plain,66,1.339813452877347,1.2642947715767057,126.42947715767056
40,0,Plain,67,1.3465806760425807,1.2694657954883986,126.94657954883986
40,0,Plain,68,1.3530116291040546,1.2743886635933346,127.43886635933345
40,0,Plain,69,1.3589581589240847,1.278894941080657,127.8894941080657
40,0,Plain,70,1.3645183516242947,1.2830684138581256,128.30684138581256
40,0,Plain,71,1.3697766774361593,1.2869651140305212,128.69651140305214
40,0,Plain,72,1.374798678608338,1.2906947483766815,129.06947483766817
40,0,Plain,73,1.3794995208412426,1.294187490748178,129.4187490748178
40,0,Plain,74,1.383983678293689,1.2975420260204586,129.7542026020459
40,0,Plain,75,1.3881316884108321,1.3006553561998895,130.06553561998896
40,0,Plain,76,1.3919963568526765,1.3035223793206367,130.35223793206367
40,0,Plain,77,1.3956323309583447,1.3062413609590005,130.62413609590004
40,0,Plain,78,1.3989773709275088,1.3087490454975557,130.87490454975557
40,0,Plain,79,1.4021128813119894,1.3111077778402376,131.11077778402378
40,0,Plain,80,1.4051000220100407,1.3133552030475892,131.33552030475892
40,0,Plain,81,1.4078684160493586,1.315435446042495,131.54354460424952
40,0,Plain,82,1.4104023935607175,1.3173587178418873,131.73587178418873
40,0,Plain,83,1.4127012669033963,1.3191337884088172,131.91337884088173
40,0,Plain,84,1.414788458688686,1.3207988563739845,132.07988563739846
40,0,Plain,85,1.4166519387770475,1.3223339724423773,132.23339724423772
40,0,Plain,86,1.4184219456330154,1.3237792105132158,132.3779210513216
40,0,Plain,87,1.4199346451576076,1.3250538918867325,132.50538918867323
40,0,Plain,88,1.4210513382828178,1.3259344116473912,132.59344116473912
40,0,Plain,89,1.4219574992598638,1.3266669564957354,132.66669564957354
40,0,Plain,90,1.4226839412404886,1.3272396538362456,132.72396538362455
40,0,Plain,91,1.4232193417955334,1.3276475708869995,132.76475708869995
40,0,Plain,92,1.42359016380849,1.327902536428435,132.79025364284348
40,0,Plain,93,1.4238349936297172,1.3280186230240243,132.8018623024024
40,0,Plain,94,1.423903293831995,1.3279839944175527,132.79839944175527
40,0,Plain,95,1.4238930580883256,1.3278645386114607,132.78645386114607
40,0,Plain,96,1.4237043661782638,1.327567281249923,132.75672812499232
40,0,Plain,97,1.4234461003621297,1.327216552414971,132.7216552414971
40,0,Plain,98,1.4230752034400467,1.3267489542621147,132.6748954262115
40,0,Plain,99,1.4225914029303617,1.326135494330853,132.61354943308532
40,0,Plain,100,1.422045275891935,1.325460109256928,132.5460109256928
40,1,ResDyNet,1,0.15343634202679207,0.14712279705215492,14.71227970521549
40,1,ResDyNet,2,0.11298986693119611,0.10835675623006737,10.835675623006736
40,1,ResDyNet,3,0.1460355176251226,0.14007339720539222,14.007339720539221
40,1,ResDyNet,4,0.1424285368932461,0.13664478848420528,13.664478848420528
40,1,ResDyNet,5,0.15557236805984334,0.14929533196843583,14.929533196843584
40,1,ResDyNet,6,0.14314540387710634,0.13741033759291865,13.741033759291865
40,1,ResDyNet,7,0.14627067205181132,0.1404568083829159,14.045680838291592
40,1,ResDyNet,8,0.14942545626741563,0.14353866477342844,14.353866477342844
40,1,ResDyNet,9,0.15150817115082046,0.14559772580277505,14.559772580277507
40,1,ResDyNet,10,0.1539726264542675,0.1480307759105139,14.80307759105139
40,1,ResDyNet,11,0.15835943824060295,0.15231913527411553,15.231913527411551
40,1,ResDyNet,12,0.1631742000612893,0.15702674403476732,15.702674403476733
40,1,ResDyNet,13,0.16823585032510752,0.16198062469897465,16.198062469897465
40,1,ResDyNet,14,0.17382865415954143,0.16745275274608093,16.745275274608094
40,1,ResDyNet,15,0.17997004397177577,0.17346351844985175,17.346351844985175
40,1,ResDyNet,16,0.18642716048788321,0.1797842678346302,17.97842678346302
40,1,ResDyNet,17,0.19322266215363496,0.18644366710276675,18.644366710276675
40,1,ResDyNet,18,0.20041695593820902,0.19349619219642494,19.349619219642495
40,1,ResDyNet,19,0.20799220644508865,0.20092520740353198,20.092520740353198
40,1,ResDyNet,20,0.21578917119127847,0.20857369967767458,20.85736996776746
40,1,ResDyNet,21,0.22387356299252703,0.21651069677348003,21.651069677348
40,1,ResDyNet,22,0.23257167369990125,0.2250251660869766,22.502516608697658
40,1,ResDyNet,23,0.2413042406459403,0.23357856187965653,23.357856187965655
40,1,ResDyNet,24,0.24999908110116037,0.2421018001503704,24.21018001503704
40,1,ResDyNet,25,0.258558387449914,0.25048890568727705,25.048890568727703
40,1,ResDyNet,26,0.2669105116750005,0.2586793730362626,25.86793730362626
40,1,ResDyNet,27,0.27503280756223253,0.2666460885095636,26.664608850956363
40,1,ResDyNet,28,0.28290296280662874,0.27436121009564435,27.436121009564435
40,1,ResDyNet,29,0.290438613321861,0.2817500654705133,28.175006547051332
40,1,ResDyNet,30,0.2976176193538277,0.288781396264391,28.878139626439097
40,1,ResDyNet,31,0.30446678385725084,0.29549067029822573,29.549067029822574
40,1,ResDyNet,32,0.31102261672111176,0.30189849587707634,30.189849587707638
40,1,ResDyNet,33,0.31731131601553225,0.3080413679443258,30.80413679443258
40,1,ResDyNet,34,0.3234189405328067,0.3139969310451976,31.399693104519763
40,1,ResDyNet,35,0.3293696449304668,0.31977831483007657,31.977831483007662
40,1,ResDyNet,36,0.33517859303403735,0.3254104428932102,32.541044289321015
40,1,ResDyNet,37,0.34086054428053225,0.3308945951045678,33.089459510456784
40,1,ResDyNet,38,0.3464270199044527,0.3362411401713803,33.62411401713803
40,1,ResDyNet,39,0.351879173961087,0.3414584082772329,34.14584082772328
40,1,ResDyNet,40,0.35721326078812754,0.34652461022451836,34.65246102245184
40,1,ResDyNet,41,0.36241652338309427,0.3514238841068142,35.14238841068142
40,1,ResDyNet,42,0.36746567740889197,0.35611947494437923,35.61194749443792
40,1,ResDyNet,43,0.37233616849944506,0.3606058067892376,36.060580678923756
40,1,ResDyNet,44,0.3770208749302163,0.36487077706283644,36.48707770628364
40,1,ResDyNet,45,0.38150669625169986,0.3688949342511754,36.88949342511754
40,1,ResDyNet,46,0.38578704769589767,0.3726767997099724,37.26767997099724
40,1,ResDyNet,47,0.3898676133564992,0.37622065408915484,37.62206540891548
40,1,ResDyNet,48,0.39373837428515424,0.3795319267840496,37.95319267840496
40,1,ResDyNet,49,0.397424472104075,0.3826283274258238,38.262832742582376
40,1,ResDyNet,50,0.40093146973135524,0.38550831966444293,38.55083196644429
40,1,ResDyNet,51,0.40424299745625525,0.3881869554267737,38.818695542677375
40,1,ResDyNet,52,0.4073441115835384,0.39066476082461893,39.06647608246189
40,1,ResDyNet,53,0.410236912334175,0.3929344217259478,39.29344217259477
40,1,ResDyNet,54,0.41291174298046224,0.39499003313121844,39.49900331312185
40,1,ResDyNet,55,0.41535757002275736,0.3968281356074147,39.68281356074147
40,1,ResDyNet,56,0.41758362655745107,0.39845147268226155,39.84514726822616
40,1,ResDyNet,57,0.4195778889451646,0.39986988376980614,39.98698837698061
40,1,ResDyNet,58,0.4213578247811887,0.40108910260083697,40.1089102600837
40,1,ResDyNet,59,0.4229649972835359,0.40215103802166874,40.21510380216687
40,1,ResDyNet,60,0.4244259483037622,0.4030733444275597,40.307334442755966
40,1,ResDyNet,61,0.4257661570882833,0.4038906624164654,40.38906624164653
40,1,ResDyNet,62,0.4269905204244878,0.4046035621073835,40.460356210738354
40,1,ResDyNet,63,0.42810033012098114,0.405218710417561,40.52187104175611
40,1,ResDyNet,64,0.4291049104770684,0.4057381329421925,40.573813294219256
40,1,ResDyNet,65,0.42998901979170345,0.40615629398067465,40.61562939806747
40,1,ResDyNet,66,0.4307601777946511,0.406480349499137,40.6480349499137
40,1,ResDyNet,67,0.4314183281116489,0.4067122162290789,40.67122162290789
40,1,ResDyNet,68,0.43195965439113976,0.40685865135563276,40.685865135563276
40,1,ResDyNet,69,0.4323945066760612,0.40691992134393046,40.69199213439304
40,1,ResDyNet,70,0.43272112747232555,0.40689142070379997,40.68914207038
40,1,ResDyNet,71,0.4329550908374675,0.40678024894733633,40.67802489473363
40,1,ResDyNet,72,0.4331028655976887,0.40660760213974667,40.66076021397467
40,1,ResDyNet,73,0.4331694772156901,0.4063810898931005,40.63810898931005
40,1,ResDyNet,74,0.4331645062443813,0.4061096672219687,40.61096672219687
40,1,ResDyNet,75,0.4330853191568935,0.40579344507135784,40.57934450713578
40,1,ResDyNet,76,0.43293834171991086,0.40542118843892716,40.542118843892716
40,1,ResDyNet,77,0.4327249866269588,0.4050087282403568,40.50087282403568
40,1,ResDyNet,78,0.4324443297280825,0.40455343704897195,40.455343704897196
40,1,ResDyNet,79,0.4320944994188131,0.40404910795761445,40.404910795761445
40,1,ResDyNet,80,0.4316819560609547,0.4034956474083411,40.34956474083411
40,1,ResDyNet,81,0.4311995388461372,0.40288932633850677,40.28893263385068
40,1,ResDyNet,82,0.4306423128865467,0.4022330136014928,40.22330136014927
40,1,ResDyNet,83,0.4300068503622863,0.4015261958414702,40.15261958414702
40,1,ResDyNet,84,0.42929429309516304,0.40077469383197467,40.07746938319747
40,1,ResDyNet,85,0.4284896364037441,0.3999616190447506,39.99616190447506
40,1,ResDyNet,86,0.4276099177326366,0.3990780888906145,39.90780888906145
40,1,ResDyNet,87,0.42663635741530725,0.39812829959563656,39.81282995956366
40,1,ResDyNet,88,0.4255809011682344,0.3970949863646403,39.709498636464026
40,1,ResDyNet,89,0.4244425967325863,0.39599915490263266,39.599915490263264
40,1,ResDyNet,90,0.42323981245219366,0.3948457179315354,39.484571793153535
40,1,ResDyNet,91,0.4219875580833117,0.3936503249927963,39.36503249927963
40,1,ResDyNet,92,0.4207057089138055,0.3924276748737911,39.24276748737911
40,1,ResDyNet,93,0.4194099768586777,0.39118596076256323,39.118596076256324
40,1,ResDyNet,94,0.41813168848285,0.3899648187270272,38.99648187270272
40,1,ResDyNet,95,0.416892199762128,0.3887766467736484,38.87766467736484
40,1,ResDyNet,96,0.41568828385893236,0.38761850982548074,38.76185098254807
40,1,ResDyNet,97,0.41454209525762853,0.3865177124435823,38.65177124435824
40,1,ResDyNet,98,0.41344555708078895,0.3854599245178709,38.54599245178709
40,1,ResDyNet,99,0.412378305560292,0.3844178356266136,38.44178356266136
40,1,ResDyNet,100,0.4113825508414551,0.3834414909488053,38.34414909488053
40,1,Plain,1,0.43477300683853465,0.41688311910936804,41.688311910936804
40,1,Plain,2,0.6024353385134711,0.5777326842895792,57.77326842895793
40,1,Plain,3,0.6278599342442646,0.6022266047942492,60.22266047942492
40,1,Plain,4,0.6301087269099335,0.6045212257933584,60.45212257933584
40,1,Plain,5,0.6323614157744206,0.6068468884895836,60.68468884895836
40,1,Plain,6,0.6358716870652811,0.6103957292295096,61.03957292295097
40,1,Plain,7,0.6414158726559743,0.615921326234758,61.592132623475806
40,1,Plain,8,0.6486706978423903,0.623115553211455,62.3115553211455
40,1,Plain,9,0.6576141881787835,0.6319601743404091,63.19601743404091
40,1,Plain,10,0.6679498654244014,0.6421734767086386,64.21734767086386
40,1,Plain,11,0.6799558979815897,0.6540203448292816,65.40203448292816
40,1,Plain,12,0.6933708497296108,0.6672486637027515,66.72486637027514
40,1,Plain,13,0.7081889950348093,0.6818576159540337,68.18576159540336
40,1,Plain,14,0.7242181901687932,0.6976544236558626,69.76544236558625
40,1,Plain,15,0.7411638133881266,0.7143682358502745,71.43682358502745
40,1,Plain,16,0.7586491919433768,0.731616515318532,73.1616515318532
40,1,Plain,17,0.7763429435688546,0.7491058435642746,74.91058435642746
40,1,Plain,18,0.7943260952925331,0.7668965636258193,76.68965636258193
40,1,Plain,19,0.8123160945253087,0.7847158437295321,78.4715843729532
40,1,Plain,20,0.8303056596242537,0.8025422329354681,80.2542232935468
40,1,Plain,21,0.8484210044845706,0.8205177082223948,82.05177082223948
40,1,Plain,22,0.8668314264592744,0.8387043985421164,83.87043985421164
40,1,Plain,23,0.8851951682714133,0.8568544582315689,85.68544582315688
40,1,Plain,24,0.9033036030278362,0.8747689287980334,87.47689287980333
40,1,Plain,25,0.9211373255044055,0.8923890767148286,89.23890767148285
40,1,Plain,26,0.9386185677495021,0.9096729128498289,90.96729128498289
40,1,Plain,27,0.9558808541347715,0.9267326799859855,92.67326799859856
40,1,Plain,28,0.972945402338261,0.9435690432304802,94.35690432304803
40,1,Plain,29,0.9896859730520118,0.9600792556933224,96.00792556933224
40,1,Plain,30,1.0061491642224711,0.9762767443851551,97.62767443851551
40,1,Plain,31,1.0221209524825492,0.9919873739545091,99.19873739545092
40,1,Plain,32,1.0376350838150499,1.0071951499075147,100.71951499075146
40,1,Plain,33,1.0527195793131132,1.021965378812753,102.19653788127529
40,1,Plain,34,1.0675079455623953,1.036408746564906,103.64087465649058
40,1,Plain,35,1.0821044483795719,1.0505932841686132,105.0593284168613
40,1,Plain,36,1.0963597781943355,1.0644084330179486,106.44084330179486
40,1,Plain,37,1.1103879054226966,1.077922811950509,107.79228119505092
40,1,Plain,38,1.1241967216730178,1.0911423351923273,109.11423351923273
40,1,Plain,39,1.1376953743671572,1.1040029657417014,110.40029657417014
40,1,Plain,40,1.150830768069739,1.1163952381271838,111.63952381271837
40,1,Plain,41,1.1636560236301094,1.1283605829310253,112.83605829310252
40,1,Plain,42,1.1762100590289901,1.1398923338889375,113.98923338889375
40,1,Plain,43,1.1884083152011948,1.1509677961860536,115.09677961860537
40,1,Plain,44,1.20035915008819,1.1616756656464442,116.16756656464443
40,1,Plain,45,1.21205009954013,1.171982421729235,117.1982421729235
40,1,Plain,46,1.2234763657768815,1.1818988201955758,118.18988201955759
40,1,Plain,47,1.2347122998210247,1.191492324923703,119.1492324923703
40,1,Plain,48,1.245689118877746,1.200743494509374,120.0743494509374
40,1,Plain,49,1.2565517760276623,1.2097702535527455,120.97702535527453
40,1,Plain,50,1.2672337935168694,1.2184854700680534,121.84854700680536
40,1,Plain,51,1.2776231073369269,1.226877465635469,122.68774656354691
40,1,Plain,52,1.2877441984485418,1.2350154696835944,123.50154696835945
40,1,Plain,53,1.2976285628996702,1.242898709618575,124.2898709618575
40,1,Plain,54,1.307197811577169,1.2504611837313464,125.04611837313465
40,1,Plain,55,1.3165350102023126,1.2578033272196005,125.78033272196005
40,1,Plain,56,1.3255735499668035,1.2648406200386781,126.4840620038678
40,1,Plain,57,1.3342113203265,1.271542041751973,127.1542041751973
40,1,Plain,58,1.3424830947047912,1.2779051628899005,127.79051628899005
40,1,Plain,59,1.350450744837845,1.2839955370340403,128.39955370340402
40,1,Plain,60,1.3580588463772219,1.2897357556162599,128.97357556162598
40,1,Plain,61,1.3653565441853377,1.2952057130067456,129.52057130067456
40,1,Plain,62,1.3720717606104782,1.3001345352071456,130.01345352071453
40,1,Plain,63,1.3784358657229323,1.304759572934012,130.4759572934012
40,1,Plain,64,1.3845682944541826,1.3091720486214695,130.91720486214695
40,1,Plain,65,1.3904783376170877,1.313409185984666,131.3409185984666
40,1,Plain,66,1.3961296306055135,1.3174366839108427,131.74366839108427
40,1,Plain,67,1.4015578910272297,1.3212946203006872,132.12946203006874
40,1,Plain,68,1.4067745795493918,1.3250274704557985,132.50274704557984
40,1,Plain,69,1.4117386849877551,1.328565894764651,132.85658947646507
40,1,Plain,70,1.4164690768357062,1.3319181303287315,133.19181303287314
40,1,Plain,71,1.4209962108190255,1.335088106417901,133.5088106417901
40,1,Plain,72,1.4253239391275943,1.3381291032587945,133.81291032587944
40,1,Plain,73,1.4293605937085734,1.3409650182538286,134.09650182538286
40,1,Plain,74,1.4331800177264127,1.343665632058232,134.3665632058232
40,1,Plain,75,1.4367679875619175,1.3462267263549934,134.62267263549933
40,1,Plain,76,1.440247063910763,1.3487063168781088,134.87063168781089
40,1,Plain,77,1.4434652946530566,1.351010598679639,135.1010598679639
40,1,Plain,78,1.446471792153049,1.3531802705746092,135.3180270574609
40,1,Plain,79,1.44935108199637,1.355279950533292,135.5279950533292
40,1,Plain,80,1.4519304706619072,1.3571278971153018,135.7127897115302
40,1,Plain,81,1.4543849406705487,1.3588979490831745,135.88979490831747
40,1,Plain,82,1.4564684601438116,1.360385824635656,136.0385824635656
40,1,Plain,83,1.4582725865726482,1.3616867817177702,136.16867817177703
40,1,Plain,84,1.4598409672334205,1.3628583610280003,136.28583610280003
40,1,Plain,85,1.4612199358983766,1.3639347178789192,136.39347178789194
40,1,Plain,86,1.4624031317999986,1.3648257975889542,136.48257975889544
40,1,Plain,87,1.463356362040699,1.3655741476214307,136.55741476214305
40,1,Plain,88,1.4641326997473973,1.3661321568854574,136.61321568854575
40,1,Plain,89,1.4647839910729696,1.3666234893602238,136.66234893602237
40,1,Plain,90,1.4652783860489973,1.3669765444724744,136.69765444724743
40,1,Plain,91,1.4655739214522032,1.3671579633794,136.71579633794002
40,1,Plain,92,1.465765641268421,1.3672431591145977,136.72431591145977
40,1,Plain,93,1.4658442951717734,1.3672009264775036,136.72009264775036
40,1,Plain,94,1.4657570550122039,1.3670183341752145,136.70183341752147
40,1,Plain,95,1.4655015108823868,1.366666883111897,136.66668831118972
40,1,Plain,96,1.4652289483783145,1.3662878738153166,136.62878738153165
40,1,Plain,97,1.464827825119662,1.365800739095243,136.5800739095243
40,1,Plain,98,1.4644031044038048,1.3652794193091957,136.52794193091955
40,1,Plain,99,1.4639472163258356,1.364687261147165,136.4687261147165
40,1,Plain,100,1.4633848646600323,1.3639919174729713,136.39919174729712
40,2,ResDyNet,1,0.10184341676182991,0.09765279944390497,9.765279944390496
40,2,ResDyNet,2,0.15250563432587622,0.14625219314952803,14.625219314952803
40,2,ResDyNet,3,0.15808705611845045,0.15163291345023744,15.163291345023746
40,2,ResDyNet,4,0.18444203500012754,0.17695219939722578,17.695219939722577
40,2,ResDyNet,5,0.16267707538595202,0.15611337846356896,15.611337846356896
40,2,ResDyNet,6,0.17359444198013338,0.16663944653943194,16.663944653943197
40,2,ResDyNet,7,0.1705907449905108,0.16381022418864544,16.381022418864543
40,2,ResDyNet,8,0.1766618503521079,0.16970204909773753,16.970204909773752
40,2,ResDyNet,9,0.1793222279181841,0.1723267357295476,17.23267357295476
40,2,ResDyNet,10,0.18441418407676521,0.17729758455407105,17.729758455407104
40,2,ResDyNet,11,0.18955186406916485,0.18232178861827433,18.232178861827432
40,2,ResDyNet,12,0.1951120329164051,0.18776134486554663,18.776134486554664
40,2,ResDyNet,13,0.20158969631592283,0.19409433173148435,19.409433173148432
40,2,ResDyNet,14,0.20813280909807289,0.20049865765087854,20.049865765087855
40,2,ResDyNet,15,0.21566978142751084,0.2078725897049487,20.78725897049487
40,2,ResDyNet,16,0.22338043008142142,0.21542079472579512,21.542079472579513
40,2,ResDyNet,17,0.23206315746249756,0.22392148826907615,22.392148826907615
40,2,ResDyNet,18,0.24113362420866094,0.2328068395035644,23.280683950356437
40,2,ResDyNet,19,0.25097148401489594,0.24244416817309025,24.244416817309027
40,2,ResDyNet,20,0.2611259560763703,0.25239453138471374,25.239453138471376
40,2,ResDyNet,21,0.27191351624061716,0.26297068790274347,26.297068790274345
40,2,ResDyNet,22,0.28323764514093636,0.27404712330601594,27.404712330601594
40,2,ResDyNet,23,0.29483058111906135,0.28539118480300263,28.539118480300264
40,2,ResDyNet,24,0.3065288911867551,0.2968458765029675,29.684587650296752
40,2,ResDyNet,25,0.3182587016405255,0.3083260020517867,30.832600205178668
40,2,ResDyNet,26,0.32989411873520746,0.3197206556880865,31.97206556880865
40,2,ResDyNet,27,0.341464831928318,0.3310523664587154,33.10523664587154
40,2,ResDyNet,28,0.3529564787162677,0.3422995844616998,34.22995844616998
40,2,ResDyNet,29,0.3643560179271257,0.35345621138804784,35.34562113880478
40,2,ResDyNet,30,0.3755888058132842,0.364437629732826,36.4437629732826
40,2,ResDyNet,31,0.38673072571858585,0.37532935422302804,37.5329354223028
40,2,ResDyNet,32,0.39776360395598254,0.3860948602867474,38.60948602867474
40,2,ResDyNet,33,0.4087206632046861,0.39678027806143756,39.67802780614376
40,2,ResDyNet,34,0.41968133467614865,0.40745495884739596,40.74549588473959
40,2,ResDyNet,35,0.4306554237142749,0.41811462527719057,41.81146252771906
40,2,ResDyNet,36,0.44165369121719433,0.4287825244549961,42.87825244549961
40,2,ResDyNet,37,0.45269452368735474,0.43945881573873236,43.94588157387323
40,2,ResDyNet,38,0.463765694155187,0.4501297439735515,45.012974397355144
40,2,ResDyNet,39,0.47485407158290094,0.46079145185384385,46.079145185384384
40,2,ResDyNet,40,0.4859525743479853,0.4714117444632495,47.14117444632495
40,2,ResDyNet,41,0.4970482422526354,0.48197202006776363,48.19720200677636
40,2,ResDyNet,42,0.5080835176691301,0.4923954716426135,49.239547164261346
40,2,ResDyNet,43,0.5190476427879259,0.50269517125858,50.269517125857995
40,2,ResDyNet,44,0.5299142778220358,0.5128369466582073,51.28369466582073
40,2,ResDyNet,45,0.5406486106925107,0.5227759713103972,52.27759713103971
40,2,ResDyNet,46,0.5512412408670361,0.5325083429872381,53.25083429872382
40,2,ResDyNet,47,0.561676704404304,0.5420157250261255,54.20157250261255
40,2,ResDyNet,48,0.5719433003004455,0.5513070529850078,55.130705298500786
40,2,ResDyNet,49,0.5820656157863839,0.5603952666561085,56.03952666561085
40,2,ResDyNet,50,0.5920235434458944,0.569249407108257,56.9249407108257
40,2,ResDyNet,51,0.6018366330682338,0.5779324112604809,57.793241126048095
40,2,ResDyNet,52,0.6115322561195151,0.5864920979089085,58.64920979089086
40,2,ResDyNet,53,0.6211134471134794,0.5949168537250952,59.491685372509515
40,2,ResDyNet,54,0.6305765711736535,0.6032075012975275,60.32075012975275
40,2,ResDyNet,55,0.6399144096043444,0.611367314426696,61.13673144266961
40,2,ResDyNet,56,0.6491690708973072,0.6194265193087517,61.94265193087517
40,2,ResDyNet,57,0.658343119447386,0.6274200657139076,62.74200657139077
40,2,ResDyNet,58,0.6674059389863213,0.6353014786838329,63.53014786838329
40,2,ResDyNet,59,0.6764029006793493,0.6431173510244894,64.31173510244895
40,2,ResDyNet,60,0.6852970638692876,0.6508201974081146,65.08201974081145
40,2,ResDyNet,61,0.6940911427371758,0.6584293437850464,65.84293437850464
40,2,ResDyNet,62,0.702768835280388,0.665922919810552,66.5922919810552
40,2,ResDyNet,63,0.7113327403298364,0.6733125751918667,67.33125751918668
40,2,ResDyNet,64,0.7197743578320747,0.6805792638489471,68.05792638489471
40,2,ResDyNet,65,0.7280602388359082,0.6877065106070016,68.77065106070016
40,2,ResDyNet,66,0.7362067370587206,0.6947103915578426,69.47103915578427
40,2,ResDyNet,67,0.7442115948614347,0.7015926940663946,70.15926940663945
40,2,ResDyNet,68,0.7520753463267469,0.7083725482548145,70.83725482548147
40,2,ResDyNet,69,0.7597848507500797,0.7150220156176862,71.50220156176862
40,2,ResDyNet,70,0.7673245107502321,0.7215218774821156,72.15218774821156
40,2,ResDyNet,71,0.7747197692028845,0.7278831159397938,72.78831159397937
40,2,ResDyNet,72,0.7819726142029572,0.7341350862715476,73.41350862715476
40,2,ResDyNet,73,0.7890815417521967,0.7402825771865597,74.02825771865595
40,2,ResDyNet,74,0.796054718302424,0.7463342727298281,74.63342727298281
40,2,ResDyNet,75,0.802883771578478,0.7522881918393696,75.22881918393696
40,2,ResDyNet,76,0.8095293596687958,0.7580764359407463,75.80764359407462
40,2,ResDyNet,77,0.8160001943439307,0.7637349613925205,76.37349613925205
40,2,ResDyNet,78,0.8223123951171053,0.7692766048794697,76.92766048794697
40,2,ResDyNet,79,0.828453530425247,0.7746821827236695,77.46821827236695
40,2,ResDyNet,80,0.8344120458667269,0.7799298162112038,77.99298162112039
40,2,ResDyNet,81,0.8401885475410179,0.7850263449305671,78.50263449305672
40,2,ResDyNet,82,0.8457875001060952,0.7899912406512053,78.99912406512053
40,2,ResDyNet,83,0.8512011459784844,0.7948235190967007,79.48235190967007
40,2,ResDyNet,84,0.856447774133443,0.7995507976280484,79.95507976280484
40,2,ResDyNet,85,0.8615250535137177,0.8041663694434945,80.41663694434945
40,2,ResDyNet,86,0.8664046048642555,0.8085946550272571,80.85946550272571
40,2,ResDyNet,87,0.8711287503575948,0.8129194853666202,81.29194853666202
40,2,ResDyNet,88,0.8756638134198761,0.8170519614378052,81.70519614378051
40,2,ResDyNet,89,0.880080270605581,0.8211028913901979,82.1102891390198
40,2,ResDyNet,90,0.8844053555894297,0.8250728246640241,82.5072824664024
40,2,ResDyNet,91,0.8886516824342507,0.8289771034589947,82.89771034589947
40,2,ResDyNet,92,0.8928388537722128,0.8328260539354727,83.28260539354727
40,2,ResDyNet,93,0.8969616082050318,0.8366009580908218,83.66009580908218
40,2,ResDyNet,94,0.901054681791206,0.8403563645768956,84.03563645768955
40,2,ResDyNet,95,0.9051169817984852,0.8440751477774886,84.40751477774886
40,2,ResDyNet,96,0.9091379858611851,0.8477475189674609,84.7747518967461
40,2,ResDyNet,97,0.9131171396648516,0.8513874756119613,85.13874756119611
40,2,ResDyNet,98,0.9170065259238181,0.8549354569455941,85.49354569455942
40,2,ResDyNet,99,0.9207754656336636,0.8583441631733195,85.83441631733196
40,2,ResDyNet,100,0.9244423263387529,0.8616543000729371,86.16543000729371
40,2,Plain,1,0.4155532954770446,0.39845425371355625,39.845425371355624
40,2,Plain,2,0.6241144912037555,0.5985228907668203,59.852289076682034
40,2,Plain,3,0.6690597447594822,0.6417443708619485,64.17443708619484
40,2,Plain,4,0.6942037074776911,0.6660134327177687,66.60134327177687
40,2,Plain,5,0.7145016550383967,0.6856729322261219,68.5672932226122
40,2,Plain,6,0.7305869834065696,0.7013162931663255,70.13162931663256
40,2,Plain,7,0.7425114685337558,0.7129986455591169,71.29986455591168
40,2,Plain,8,0.7525313193771509,0.722884463476371,72.2884463476371
40,2,Plain,9,0.7637246506600955,0.7339311895259888,73.39311895259888
40,2,Plain,10,0.777169339456113,0.7471781379771442,74.71781379771441
40,2,Plain,11,0.7902494136605569,0.7601069356963043,76.01069356963042
40,2,Plain,12,0.8019737038233691,0.7717599930968612,77.17599930968612
40,2,Plain,13,0.8118188226106344,0.7816343530510379,78.16343530510377
40,2,Plain,14,0.8199514609482562,0.7898762716527633,78.98762716527634
40,2,Plain,15,0.826435927073531,0.7965574743429079,79.65574743429079
40,2,Plain,16,0.8318459973274287,0.8022051249898197,80.22051249898196
40,2,Plain,17,0.8364578439518414,0.8071116817511528,80.71116817511528
40,2,Plain,18,0.8401392955753748,0.8111277503812709,81.1127750381271
40,2,Plain,19,0.8433762288275675,0.8147206407040307,81.47206407040306
40,2,Plain,20,0.8461017687201218,0.8178101580887509,81.78101580887508
40,2,Plain,21,0.8484530228244308,0.8205486735270069,82.0548673527007
40,2,Plain,22,0.8505380475787947,0.8229397087569411,82.29397087569411
40,2,Plain,23,0.8523931349245434,0.8251026259580015,82.51026259580016
40,2,Plain,24,0.854131220324112,0.8271498642886026,82.71498642886027
40,2,Plain,25,0.8557760292260119,0.8290676747655368,82.90676747655368
40,2,Plain,26,0.8572850830175938,0.8308476365230476,83.08476365230476
40,2,Plain,27,0.858604815151308,0.8324229300672409,83.24229300672408
40,2,Plain,28,0.8598574332898093,0.8338955646370458,83.38955646370458
40,2,Plain,29,0.8609608658827905,0.8352049941142163,83.52049941142162
40,2,Plain,30,0.8621102047468304,0.8365142803074026,83.65142803074026
40,2,Plain,31,0.8634862256734176,0.8380294243760632,83.80294243760632
40,2,Plain,32,0.8652369738968668,0.8398544895239012,83.98544895239012
40,2,Plain,33,0.8668790596604609,0.841554013053313,84.15540130533131
40,2,Plain,34,0.8684287789668007,0.8431292582236488,84.31292582236487
40,2,Plain,35,0.869883516814493,0.844552281568399,84.4552281568399
40,2,Plain,36,0.8712043888349217,0.8458147743119474,84.58147743119474
40,2,Plain,37,0.8724329288794297,0.8469250712686222,84.69250712686221
40,2,Plain,38,0.8735610375385328,0.8478760096491967,84.78760096491968
40,2,Plain,39,0.8746545994617028,0.848752041681163,84.8752041681163
40,2,Plain,40,0.8756262310902476,0.8494254601899619,84.94254601899618
40,2,Plain,41,0.8764739600690739,0.8498891841097626,84.98891841097625
40,2,Plain,42,0.877309256267175,0.850220662535679,85.0220662535679
40,2,Plain,43,0.8780301185164825,0.8503679901657417,85.03679901657418
40,2,Plain,44,0.8786346293731526,0.8503192297589303,85.03192297589302
40,2,Plain,45,0.8790059853040036,0.8499480044281537,84.99480044281536
40,2,Plain,46,0.8788586024280469,0.8489922440544039,84.89922440544039
40,2,Plain,47,0.8783596383061756,0.8476134624367716,84.76134624367715
40,2,Plain,48,0.8778521557589989,0.8461784318372105,84.61784318372105
40,2,Plain,49,0.8774354649597111,0.8447684728727903,84.47684728727904
40,2,Plain,50,0.8771783622414446,0.8434348062033936,84.34348062033936
40,2,Plain,51,0.8770216148931224,0.8421873790545373,84.21873790545374
40,2,Plain,52,0.8769169410795555,0.8410101860025154,84.10101860025154
40,2,Plain,53,0.8769205566996284,0.8399348315240815,83.99348315240816
40,2,Plain,54,0.8770459317176335,0.838979291618597,83.89792916185971
40,2,Plain,55,0.8772449467182751,0.8381103458838268,83.81103458838268
40,2,Plain,56,0.8774852732472511,0.8372821086515018,83.72821086515017
40,2,Plain,57,0.8778272350332182,0.8365947865488648,83.65947865488647
40,2,Plain,58,0.8782271135925608,0.8359814489109956,83.59814489109955
40,2,Plain,59,0.878692497728581,0.8354523479079308,83.54523479079307
40,2,Plain,60,0.8791890153543821,0.834957566141162,83.4957566141162
40,2,Plain,61,0.8797190129296152,0.8345198155306345,83.45198155306345
40,2,Plain,62,0.8802765984324442,0.8341240152391727,83.41240152391727
40,2,Plain,63,0.8808284138141839,0.8337488407076479,83.3748840707648
40,2,Plain,64,0.8814055014610137,0.8334088326562743,83.34088326562743
40,2,Plain,65,0.882017644779914,0.833130618086274,83.3130618086274
40,2,Plain,66,0.8826333675792162,0.8328836745541315,83.28836745541315
40,2,Plain,67,0.8832194810228382,0.8326399903217188,83.26399903217188
40,2,Plain,68,0.883816333036264,0.8324581188307176,83.24581188307177
40,2,Plain,69,0.8844081016266555,0.832303069519495,83.2303069519495
40,2,Plain,70,0.8850259272152076,0.8321975379104277,83.21975379104278
40,2,Plain,71,0.8857030305040484,0.8321567452756885,83.21567452756885
40,2,Plain,72,0.8863803220705988,0.8321556054440151,83.21556054440151
40,2,Plain,73,0.8870657483539651,0.8322071719827672,83.22071719827672
40,2,Plain,74,0.8877170850374492,0.8322715383989078,83.22715383989079
40,2,Plain,75,0.8884042105384818,0.8324193623374918,83.24193623374919
40,2,Plain,76,0.8891035062416848,0.8325929246962405,83.25929246962404
40,2,Plain,77,0.8897705338237264,0.8327802726130815,83.27802726130815
40,2,Plain,78,0.8903796427181944,0.8329537930733787,83.29537930733787
40,2,Plain,79,0.8907185029161465,0.8329058042365379,83.2905804236538
40,2,Plain,80,0.8909760849520563,0.8328005541475908,83.28005541475909
40,2,Plain,81,0.8912215481653879,0.8327087967662162,83.27087967662162
40,2,Plain,82,0.8914013363941157,0.8325959505996429,83.25959505996428
40,2,Plain,83,0.891535995708134,0.832486869711089,83.2486869711089
40,2,Plain,84,0.8915788363780731,0.8323479741606575,83.23479741606576
40,2,Plain,85,0.8915610059620493,0.832202585842125,83.2202585842125
40,2,Plain,86,0.8914835336114345,0.8320002182305547,83.20002182305547
40,2,Plain,87,0.8913404492170857,0.8317806282556567,83.17806282556566
40,2,Plain,88,0.8911428577778776,0.8314949284304628,83.14949284304627
40,2,Plain,89,0.8908393878721387,0.8311410010847804,83.11410010847804
40,2,Plain,90,0.8905135877898426,0.8307712709290171,83.0771270929017
40,2,Plain,91,0.8901040062965433,0.8303319011288194,83.03319011288193
40,2,Plain,92,0.8896606742600449,0.8298614980241407,82.98614980241406
40,2,Plain,93,0.8894067168406574,0.8295544699291313,82.95544699291314
40,2,Plain,94,0.8891279140517541,0.8292330272465188,82.92330272465189
40,2,Plain,95,0.8888153743781301,0.8288729341752138,82.88729341752138
40,2,Plain,96,0.8884324335979326,0.8284401301738926,82.84401301738927
40,2,Plain,97,0.8880302591944206,0.8279965491832462,82.79965491832462
40,2,Plain,98,0.8876063185326359,0.8275253142370091,82.7525314237009
40,2,Plain,99,0.8871576087522318,0.827005696511727,82.70056965117269
40,2,Plain,100,0.8867081584625285,0.826483032938303,82.64830329383031
40,3,ResDyNet,1,0.22668631615497278,0.21735870684629066,21.735870684629067
40,3,ResDyNet,2,0.20016479256984407,0.19195710397234106,19.195710397234105
40,3,ResDyNet,3,0.21138783844727235,0.20275761089314798,20.2757610893148
40,3,ResDyNet,4,0.21749793549582747,0.2086657634758584,20.86657634758584
40,3,ResDyNet,5,0.2052491406732542,0.19696774546275767,19.696774546275766
40,3,ResDyNet,6,0.20676909808307858,0.19848497263503956,19.848497263503955
40,3,ResDyNet,7,0.2054079036991863,0.19724349499121469,19.72434949912147
40,3,ResDyNet,8,0.20450492050882238,0.19644820877708527,19.644820877708526
40,3,ResDyNet,9,0.2072394870180593,0.199154921989828,19.9154921989828
40,3,ResDyNet,10,0.20807874673829907,0.20004892453598858,20.00489245359886
40,3,ResDyNet,11,0.2138406704760854,0.20568414724903358,20.568414724903356
40,3,ResDyNet,12,0.21647278395650585,0.2083173468848881,20.831734688488808
40,3,ResDyNet,13,0.2250250715242016,0.2166583495015145,21.66583495015145
40,3,ResDyNet,14,0.2294391532936003,0.2210235015193813,22.10235015193813
40,3,ResDyNet,15,0.24018119103875296,0.2314978289919846,23.14978289919846
40,3,ResDyNet,16,0.24616007344321847,0.23738873916380987,23.73887391638099
40,3,ResDyNet,17,0.2584715981596905,0.24940341917289366,24.940341917289363
40,3,ResDyNet,18,0.2658280930047121,0.25664856316402423,25.664856316402425
40,3,ResDyNet,19,0.27927963670570405,0.269790488248372,26.9790488248372
40,3,ResDyNet,20,0.2877124009033693,0.2780919893629373,27.80919893629373
40,3,ResDyNet,21,0.3018866871526715,0.2919580861106154,29.19580861106154
40,3,ResDyNet,22,0.3113316058552075,0.30122948853217524,30.122948853217522
40,3,ResDyNet,23,0.32603265285143707,0.3155942803781355,31.559428037813554
40,3,ResDyNet,24,0.3361041421988396,0.3254868678153612,32.54868678153612
40,3,ResDyNet,25,0.3508855716914918,0.3399346033262307,33.99346033262307
40,3,ResDyNet,26,0.36130944420112526,0.350167177423989,35.016717742398896
40,3,ResDyNet,27,0.37595152182850416,0.36448743571112147,36.448743571112146
40,3,ResDyNet,28,0.3865839863864968,0.3749117692383254,37.49117692383255
40,3,ResDyNet,29,0.4009394519968161,0.3889452423622074,38.89452423622074
40,3,ResDyNet,30,0.41158099381766367,0.3993612149999948,39.93612149999948
40,3,ResDyNet,31,0.4255669080695137,0.4130205907162679,41.302059071626786
40,3,ResDyNet,32,0.43619093713129553,0.4233948939900739,42.33948939900739
40,3,ResDyNet,33,0.449736742572277,0.4365981117106078,43.659811171060774
40,3,ResDyNet,34,0.4602931973595003,0.44688369553669904,44.68836955366991
40,3,ResDyNet,35,0.4734330607936172,0.4596465663901384,45.96465663901384
40,3,ResDyNet,36,0.48390222441463576,0.46979980355662354,46.979980355662356
40,3,ResDyNet,37,0.49664372382526384,0.482123046107485,48.2123046107485
40,3,ResDyNet,38,0.5070247388389922,0.4921168571935859,49.211685719358584
40,3,ResDyNet,39,0.5193932976184885,0.5040116659313427,50.40116659313427
40,3,ResDyNet,40,0.5296919279086965,0.5138423149595888,51.38423149595887
40,3,ResDyNet,41,0.5417589981159407,0.5253266313315149,52.532663133151495
40,3,ResDyNet,42,0.5520097219282071,0.5349653707073242,53.496537070732415
40,3,ResDyNet,43,0.5637941192727621,0.5460319207310236,54.60319207310236
40,3,ResDyNet,44,0.574005262865039,0.5555070295205532,55.550702952055325
40,3,ResDyNet,45,0.585519476032227,0.5661635057414242,56.61635057414242
40,3,ResDyNet,46,0.5956814034278146,0.5754382901190997,57.54382901190998
40,3,ResDyNet,47,0.606955942842228,0.5857100051308892,58.57100051308892
40,3,ResDyNet,48,0.6170513626767857,0.5947875744309283,59.47875744309284
40,3,ResDyNet,49,0.6280974283703868,0.6047133111996353,60.47133111996353
40,3,ResDyNet,50,0.6381101352275594,0.6135631262800534,61.356312628005334
40,3,ResDyNet,51,0.6489303535854736,0.6231556262631972,62.31556262631971
40,3,ResDyNet,52,0.6588782254971858,0.6318994114724537,63.18994114724537
40,3,ResDyNet,53,0.6695127929307267,0.6412748687862132,64.12748687862133
40,3,ResDyNet,54,0.6793876526402305,0.6499000234004073,64.99000234004073
40,3,ResDyNet,55,0.689831093196815,0.6590571747189258,65.90571747189257
40,3,ResDyNet,56,0.699621731334146,0.6675676234452442,66.75676234452442
40,3,ResDyNet,57,0.709898816119896,0.6765541382646236,67.65541382646236
40,3,ResDyNet,58,0.7195944599267472,0.6849795570271757,68.49795570271758
40,3,ResDyNet,59,0.7296796133770929,0.6937723353645229,69.3772335364523
40,3,ResDyNet,60,0.7392278033802719,0.7020377151612611,70.20377151612611
40,3,ResDyNet,61,0.7490585705295849,0.7105725929672541,71.0572592967254
40,3,ResDyNet,62,0.7583874197067711,0.7186254420021764,71.86254420021764
40,3,ResDyNet,63,0.7679005036028315,0.7268568368330832,72.68568368330831
40,3,ResDyNet,64,0.776939403703367,0.7346314045144696,73.46314045144696
40,3,ResDyNet,65,0.7860825806728873,0.7425128852907162,74.25128852907163
40,3,ResDyNet,66,0.7947885734999611,0.7499902585893035,74.99902585893035
40,3,ResDyNet,67,0.8035221806790015,0.7575067297757556,75.75067297757556
40,3,ResDyNet,68,0.8118337867073268,0.7646584495263788,76.4658449526379
40,3,ResDyNet,69,0.8201519534863704,0.77183258170477,77.18325817047699
40,3,ResDyNet,70,0.8280823283045718,0.7786529790947324,77.86529790947324
40,3,ResDyNet,71,0.8359869806388417,0.7854463414281935,78.54463414281935
40,3,ResDyNet,72,0.8435408653618567,0.7919368718522325,79.19368718522324
40,3,ResDyNet,73,0.8510520549247144,0.7984206640299746,79.84206640299746
40,3,ResDyNet,74,0.8582449387043929,0.8046401804111366,80.46401804111366
40,3,ResDyNet,75,0.8653684988645117,0.8108352993679862,81.08352993679863
40,3,ResDyNet,76,0.8721912795223541,0.816755623180138,81.6755623180138
40,3,ResDyNet,77,0.8789207981457038,0.8226254680963547,82.26254680963548
40,3,ResDyNet,78,0.8853827236607111,0.8282791548820734,82.82791548820734
40,3,ResDyNet,79,0.8917431145865231,0.8338639127798669,83.38639127798669
40,3,ResDyNet,80,0.8978296995136479,0.8392066677360545,83.92066677360545
40,3,ResDyNet,81,0.9037902246995795,0.8444522824744278,84.44522824744277
40,3,ResDyNet,82,0.9094860592862194,0.8494876316336781,84.94876316336781
40,3,ResDyNet,83,0.9150239944258387,0.8544191872197601,85.441918721976
40,3,ResDyNet,84,0.9202913779156902,0.8591530359305457,85.91530359305456
40,3,ResDyNet,85,0.9253967849947318,0.8637856436661902,86.37856436661902
40,3,ResDyNet,86,0.9302369684874119,0.8681678703052707,86.81678703052708
40,3,ResDyNet,87,0.9349111434070093,0.8724399065579737,87.24399065579738
40,3,ResDyNet,88,0.9393353409789784,0.8764616865887531,87.64616865887533
40,3,ResDyNet,89,0.9436134062444779,0.8803784405810549,88.03784405810549
40,3,ResDyNet,90,0.9476997892848209,0.8841209939955649,88.41209939955648
40,3,ResDyNet,91,0.9516724636862548,0.8877659244702851,88.77659244702852
40,3,ResDyNet,92,0.9555116031644749,0.891286209813681,89.1286209813681
40,3,ResDyNet,93,0.9592693823391428,0.8947157570524162,89.47157570524162
40,3,ResDyNet,94,0.9629353457920794,0.8980685222164342,89.80685222164341
40,3,ResDyNet,95,0.9665527575068656,0.901367644220143,90.13676442201431
40,3,ResDyNet,96,0.9700938969618034,0.9045873201919149,90.45873201919149
40,3,ResDyNet,97,0.9735996653066994,0.9077811874239514,90.77811874239514
40,3,ResDyNet,98,0.9770259704894666,0.9108922574859822,91.08922574859822
40,3,ResDyNet,99,0.9803752003440255,0.9139028594295364,91.39028594295364
40,3,ResDyNet,100,0.9836279492724475,0.9168200416777041,91.68200416777042
40,3,Plain,1,0.42617435811453597,0.40863828457777623,40.86382845777762
40,3,Plain,2,0.5993409139205866,0.5747651455147289,57.47651455147289
40,3,Plain,3,0.6202377412989768,0.5949155993801952,59.49155993801953
40,3,Plain,4,0.6244904802282735,0.5991311252825112,59.91311252825112
40,3,Plain,5,0.6293276652165047,0.6039355437417859,60.393554374178585
40,3,Plain,6,0.635796432205884,0.6103234894274958,61.032348942749586
40,3,Plain,7,0.6437812821284243,0.6181927170772186,61.81927170772185
40,3,Plain,8,0.653352648570697,0.6276130529873527,62.76130529873527
40,3,Plain,9,0.6647143939294842,0.638783395835207,63.8783395835207
40,3,Plain,10,0.6776641693528245,0.6515129026901921,65.15129026901921
40,3,Plain,11,0.6920887142816834,0.6656903792004703,66.56903792004702
40,3,Plain,12,0.7078406494272788,0.6811733253986975,68.11733253986975
40,3,Plain,13,0.7245589732527066,0.6976189372949934,69.76189372949933
40,3,Plain,14,0.7419242319769871,0.714711021461067,71.4711021461067
40,3,Plain,15,0.7596651915507459,0.7322007266439229,73.22007266439229
40,3,Plain,16,0.7776279946033876,0.7499190530586256,74.99190530586256
40,3,Plain,17,0.7956994543192331,0.7677832533794089,76.77832533794088
40,3,Plain,18,0.8137393913945553,0.7856394831364876,78.56394831364875
40,3,Plain,19,0.8319023938711555,0.8036366548771886,80.36366548771886
40,3,Plain,20,0.8501566440002764,0.8217294480802014,82.17294480802013
40,3,Plain,21,0.8685958037556334,0.8400289885587368,84.00289885587368
40,3,Plain,22,0.8873152349817923,0.8585235465129099,85.85235465129098
40,3,Plain,23,0.9059777247258183,0.8769716332791693,87.69716332791693
40,3,Plain,24,0.9243498194308238,0.8951503112218182,89.51503112218181
40,3,Plain,25,0.9424291295726603,0.9130163739136022,91.30163739136022
40,3,Plain,26,0.9599438850656409,0.9303405878638992,93.03405878638992
40,3,Plain,27,0.9771381518213733,0.9473417677913857,94.73417677913856
40,3,Plain,28,0.9941383938380649,0.9641221499768641,96.4122149976864
40,3,Plain,29,1.0107068056679345,0.98047124454784,98.047124454784
40,3,Plain,30,1.0267994503020486,0.9963139265260074,99.63139265260074
40,3,Plain,31,1.0423879957414446,1.0116569159704354,101.16569159704353
40,3,Plain,32,1.0574500925045356,1.026428867963816,102.6428867963816
40,3,Plain,33,1.0719505097000168,1.040634495872965,104.06344958729649
40,3,Plain,34,1.086183475671322,1.0545402113770304,105.45402113770304
40,3,Plain,35,1.100199820264807,1.068161714097563,106.81617140975631
40,3,Plain,36,1.1139735138462032,1.0815088494484697,108.15088494484698
40,3,Plain,37,1.1275640818124057,1.0945967979171567,109.45967979171566
40,3,Plain,38,1.1408360240968995,1.107292397679386,110.72923976793861
40,3,Plain,39,1.1537647041634305,1.1195964085492152,111.9596408549215
40,3,Plain,40,1.166351622555706,1.131451672592228,113.1451672592228
40,3,Plain,41,1.1786388351266635,1.1428889431774303,114.28889431774301
40,3,Plain,42,1.1906733860266996,1.1539090781266361,115.39090781266363
40,3,Plain,43,1.2023879267360176,1.164506983411488,116.45069834114881
40,3,Plain,44,1.21382701154323,1.174709503826849,117.47095038268489
40,3,Plain,45,1.2249455423681432,1.1844515699274654,118.44515699274655
40,3,Plain,46,1.2357961422303,1.1937999321930461,119.37999321930462
40,3,Plain,47,1.2464480343315731,1.2028172607801673,120.28172607801673
40,3,Plain,48,1.256906940635355,1.2115565668031658,121.15565668031658
40,3,Plain,49,1.2671271878918717,1.2199519419928624,121.99519419928625
40,3,Plain,50,1.277182194641994,1.2280511731635586,122.80511731635586
40,3,Plain,51,1.286969478541125,1.2358526103006249,123.5852610300625
40,3,Plain,52,1.2964145811011576,1.2433308297659444,124.33308297659445
40,3,Plain,53,1.3056579688920273,1.2505894607566383,125.05894607566385
40,3,Plain,54,1.314608077993832,1.257549820533733,125.75498205337331
40,3,Plain,55,1.3232758661826942,1.2642434682069101,126.42434682069104
40,3,Plain,56,1.3316231956362559,1.2706130930785604,127.06130930785604
40,3,Plain,57,1.33964531631647,1.276720797358894,127.67207973588941
40,3,Plain,58,1.347250127088062,1.2824428850543532,128.24428850543532
40,3,Plain,59,1.3545095105471325,1.287854572305421,128.7854572305421
40,3,Plain,60,1.3612669298509708,1.2927824424178906,129.27824424178905
40,3,Plain,61,1.3677419460031681,1.2974685549548273,129.74685549548272
40,3,Plain,62,1.373941273847721,1.3019060305425534,130.19060305425535
40,3,Plain,63,1.3798065745381476,1.306057018461098,130.6057018461098
40,3,Plain,64,1.3854478470641418,1.3100037054612679,131.0003705461268
40,3,Plain,65,1.3909294556662803,1.313835300202877,131.3835300202877
40,3,Plain,66,1.3962060281017732,1.31750877525675,131.750877525675
40,3,Plain,67,1.401182919232998,1.3209411220844134,132.09411220844135
40,3,Plain,68,1.4059200458721564,1.3242225933893326,132.42225933893326
40,3,Plain,69,1.4104281753272219,1.3273325939716227,132.73325939716227
40,3,Plain,70,1.414797840671491,1.330346652501519,133.0346652501519
40,3,Plain,71,1.4189137070984177,1.3331315030661215,133.31315030661213
40,3,Plain,72,1.4228071440214258,1.3357662742302125,133.57662742302128
40,3,Plain,73,1.426481451616891,1.3382639301977273,133.82639301977272
40,3,Plain,74,1.4300001749849858,1.3406843977721281,134.0684397772128
40,3,Plain,75,1.4333441995806924,1.343018696300315,134.30186963003152
40,3,Plain,76,1.436538871357243,1.3452338135511082,134.5233813551108
40,3,Plain,77,1.4395604911551292,1.3473558998579889,134.7355899857989
40,3,Plain,78,1.4423451275635484,1.3493197589931982,134.9319758993198
40,3,Plain,79,1.445003785326804,1.351214818152001,135.12148181520007
40,3,Plain,80,1.4474715094000432,1.3529600799622716,135.29600799622716
40,3,Plain,81,1.4495417760068372,1.3543727602252953,135.43727602252955
40,3,Plain,82,1.4514099456344398,1.355661018283458,135.5661018283458
40,3,Plain,83,1.453077644646014,1.3568359165102477,135.68359165102478
40,3,Plain,84,1.4545072014402423,1.3578789369193769,135.78789369193768
40,3,Plain,85,1.4557026641482367,1.3587847754896087,135.8784775489609
40,3,Plain,86,1.4566917382568862,1.3594954908641401,135.94954908641404
40,3,Plain,87,1.457502105768265,1.360111075722773,136.0111075722773
40,3,Plain,88,1.4581150971773895,1.360517337696143,136.05173376961432
40,3,Plain,89,1.4586033310873983,1.360857017875344,136.08570178753442
40,3,Plain,90,1.458967115313244,1.3610886810168117,136.10886810168117
40,3,Plain,91,1.459112925845345,1.3611308353949427,136.11308353949426
40,3,Plain,92,1.4591699153454996,1.361090769610021,136.1090769610021
40,3,Plain,93,1.4590961315858126,1.3609068776913287,136.09068776913287
40,3,Plain,94,1.4588934970555705,1.360617130420262,136.0617130420262
40,3,Plain,95,1.4586067560195641,1.3602371161903188,136.02371161903187
40,3,Plain,96,1.4582305446995512,1.359762044460838,135.9762044460838
40,3,Plain,97,1.4577841378555556,1.3592332278107775,135.92332278107773
40,3,Plain,98,1.4572908806422709,1.3586486134211562,135.86486134211563
40,3,Plain,99,1.4567177914122271,1.3579480126448982,135.79480126448982
40,3,Plain,100,1.456086269881219,1.357189042489346,135.7189042489346
40,4,ResDyNet,1,0.11323440780963488,0.1085750779733064,10.857507797330639
40,4,ResDyNet,2,0.17423017332493554,0.16708592488553498,16.708592488553496
40,4,ResDyNet,3,0.1938893482099168,0.1859735229303569,18.59735229303569
40,4,ResDyNet,4,0.16625765613889815,0.1595062531184139,15.950625311841392
40,4,ResDyNet,5,0.16552719165979635,0.1588484982059679,15.88484982059679
40,4,ResDyNet,6,0.16063538547831405,0.15419958971853479,15.419958971853479
40,4,ResDyNet,7,0.16456821958032922,0.15802707787740483,15.802707787740484
40,4,ResDyNet,8,0.16098397888501187,0.15464182580587046,15.464182580587046
40,4,ResDyNet,9,0.16672925900279684,0.1602250278067436,16.022502780674362
40,4,ResDyNet,10,0.16967607562443027,0.16312822419506953,16.312822419506954
40,4,ResDyNet,11,0.17540932758870795,0.16871869080977564,16.871869080977564
40,4,ResDyNet,12,0.18129699275991468,0.17446677517457562,17.446677517457562
40,4,ResDyNet,13,0.1883409775910589,0.18133821743499312,18.13382174349931
40,4,ResDyNet,14,0.195910165918083,0.18872433162725344,18.87243316272534
40,4,ResDyNet,15,0.20420291973204166,0.1968202938262754,19.682029382627537
40,4,ResDyNet,16,0.2130886556128244,0.20549574339360946,20.549574339360944
40,4,ResDyNet,17,0.22249916872964182,0.21469304109001103,21.4693041090011
40,4,ResDyNet,18,0.23255219390282356,0.22452174166837682,22.452174166837683
40,4,ResDyNet,19,0.2429995387311894,0.23474308750802592,23.474308750802592
40,4,ResDyNet,20,0.253896701658933,0.24540700586880407,24.54070058688041
40,4,ResDyNet,21,0.2651214483054601,0.25640200091033266,25.640200091033268
40,4,ResDyNet,22,0.2769635035698761,0.2679765656726611,26.79765656726611
40,4,ResDyNet,23,0.28892283643910777,0.27967258448913385,27.96725844891338
40,4,ResDyNet,24,0.30104518238054795,0.29153539388984956,29.153539388984953
40,4,ResDyNet,25,0.313140676299509,0.30336770779726624,30.336770779726624
40,4,ResDyNet,26,0.3251843564340968,0.31515613572386497,31.515613572386496
40,4,ResDyNet,27,0.3371146962346685,0.32683488172488045,32.68348817248805
40,4,ResDyNet,28,0.34894752348119934,0.3384116725126672,33.841167251266725
40,4,ResDyNet,29,0.3605914016088255,0.3498042145615205,34.980421456152044
40,4,ResDyNet,30,0.37201832375200433,0.3609731547557329,36.09731547557329
40,4,ResDyNet,31,0.3832569988220936,0.3719580377330206,37.19580377330206
40,4,ResDyNet,32,0.3942841732521127,0.38271750172973695,38.2717501729737
40,4,ResDyNet,33,0.4051069123954657,0.39327209954243486,39.327209954243486
40,4,ResDyNet,34,0.41578380087633865,0.403670970037807,40.3670970037807
40,4,ResDyNet,35,0.42631924191568205,0.4139047142252975,41.39047142252975
40,4,ResDyNet,36,0.4367404102727913,0.4240124318494263,42.40124318494263
40,4,ResDyNet,37,0.4470592207825452,0.4339882756475803,43.39882756475803
40,4,ResDyNet,38,0.4572796020774558,0.44383436032803103,44.383436032803104
40,4,ResDyNet,39,0.4674019540824758,0.45356002593185546,45.35600259318554
40,4,ResDyNet,40,0.47741475698103947,0.46312939842513917,46.31293984251392
40,4,ResDyNet,41,0.48731571833532034,0.47253469826671,47.25346982667101
40,4,ResDyNet,42,0.49705591661199894,0.4817083687652698,48.170836876526984
40,4,ResDyNet,43,0.5066268931887636,0.49066573439730526,49.06657343973052
40,4,ResDyNet,44,0.5160017936573885,0.4993728144427993,49.93728144427993
40,4,ResDyNet,45,0.525165200529047,0.5078044082150366,50.78044082150365
40,4,ResDyNet,46,0.5341182996375946,0.5159672927443063,51.59672927443062
40,4,ResDyNet,47,0.5428435824632193,0.5238418392954923,52.38418392954924
40,4,ResDyNet,48,0.5513520017764355,0.5314587077024543,53.14587077024543
40,4,ResDyNet,49,0.5596493459037296,0.5388135562825214,53.881355628252145
40,4,ResDyNet,50,0.5677196083955328,0.5458804030019527,54.588040300195274
40,4,ResDyNet,51,0.575576217805378,0.5527150278715853,55.271502787158525
40,4,ResDyNet,52,0.5832190048226106,0.5593381775955075,55.933817759550756
40,4,ResDyNet,53,0.5906428525054391,0.5657314120644894,56.573141206448945
40,4,ResDyNet,54,0.5978501690848291,0.5719015312807292,57.190153128072915
40,4,ResDyNet,55,0.6048349477582471,0.5778527755157149,57.7852775515715
40,4,ResDyNet,56,0.611627057129288,0.5836045432493838,58.36045432493838
40,4,ResDyNet,57,0.6182402629078932,0.589200881610572,58.9200881610572
40,4,ResDyNet,58,0.6246935681379242,0.5946437158846394,59.46437158846393
40,4,ResDyNet,59,0.631054291458101,0.6000003309677712,60.000033096777116
40,4,ResDyNet,60,0.6373351492862998,0.6052712167358071,60.5271216735807
40,4,ResDyNet,61,0.6435669609338507,0.6105010504792832,61.05010504792831
40,4,ResDyNet,62,0.6497440845819648,0.6156782375840946,61.56782375840947
40,4,ResDyNet,63,0.6558611298257275,0.6208058778321429,62.0805877832143
40,4,ResDyNet,64,0.6618963197572462,0.6258529567537199,62.585295675371995
40,4,ResDyNet,65,0.6678031401276349,0.6307892434887955,63.078924348879546
40,4,ResDyNet,66,0.673581898734065,0.6356154067339018,63.56154067339018
40,4,ResDyNet,67,0.6791933139739528,0.6402978268990704,64.02978268990705
40,4,ResDyNet,68,0.6846136918165233,0.6448310635507927,64.48310635507926
40,4,ResDyNet,69,0.6898371451784104,0.6491952893065309,64.91952893065309
40,4,ResDyNet,70,0.6948434350996678,0.6533672948346948,65.33672948346948
40,4,ResDyNet,71,0.6996469048239463,0.6573488755358203,65.73488755358203
40,4,ResDyNet,72,0.7042413272250414,0.6611590458897553,66.11590458897552
40,4,ResDyNet,73,0.7086309812838408,0.6648072998060115,66.48072998060114
40,4,ResDyNet,74,0.7128229986981787,0.6683010879616319,66.83010879616319
40,4,ResDyNet,75,0.716828331771982,0.6716557348117552,67.16557348117553
40,4,ResDyNet,76,0.720645568977592,0.6748420152797604,67.48420152797604
40,4,ResDyNet,77,0.7242671500398906,0.6778774658483033,67.78774658483033
40,4,ResDyNet,78,0.7277153629244456,0.6807806948227085,68.07806948227086
40,4,ResDyNet,79,0.7309861384674816,0.6835409790553507,68.35409790553507
40,4,ResDyNet,80,0.7340713139485601,0.6861407476196256,68.61407476196257
40,4,ResDyNet,81,0.7369782636356801,0.6885922859677508,68.85922859677508
40,4,ResDyNet,82,0.7397123747986992,0.6909138484772726,69.09138484772726
40,4,ResDyNet,83,0.7422640475295914,0.6931016542256195,69.31016542256195
40,4,ResDyNet,84,0.744637589612606,0.6951685750143839,69.5168575014384
40,4,ResDyNet,85,0.7468429452341474,0.6971195757615516,69.71195757615516
40,4,ResDyNet,86,0.7488573989556104,0.6988906646773784,69.88906646773783
40,4,ResDyNet,87,0.7507018030419539,0.7005395277588412,70.05395277588413
40,4,ResDyNet,88,0.7523519446219339,0.7019938732470468,70.19938732470467
40,4,ResDyNet,89,0.7538397569225991,0.7033222135841216,70.33222135841217
40,4,ResDyNet,90,0.7551779139995756,0.7045149271085692,70.45149271085693
40,4,ResDyNet,91,0.7563782133215305,0.7055860387066377,70.55860387066377
40,4,ResDyNet,92,0.7574603048000187,0.7065470706097904,70.65470706097904
40,4,ResDyNet,93,0.7584325834500789,0.7073941851662785,70.73941851662785
40,4,ResDyNet,94,0.7593289517658334,0.7081777946655006,70.81777946655006
40,4,ResDyNet,95,0.7601592255709336,0.7088934619072914,70.88934619072914
40,4,ResDyNet,96,0.7609426510347448,0.7095592248080641,70.95592248080642
40,4,ResDyNet,97,0.7617068269853973,0.710212988468841,71.0212988468841
40,4,ResDyNet,98,0.7624520630050384,0.7108425997597281,71.08425997597281
40,4,ResDyNet,99,0.7631688348314604,0.7114237285227445,71.14237285227446
40,4,ResDyNet,100,0.7638915740030866,0.7120081380696637,71.20081380696637
40,4,Plain,1,0.3709423133478139,0.3556789086851269,35.56789086851269
40,4,Plain,2,0.5872442370308482,0.5631644887077477,56.31644887077477
40,4,Plain,3,0.6038280453921298,0.5791758540760429,57.91758540760429
40,4,Plain,4,0.6041330406301048,0.5796003620755793,57.960036207557934
40,4,Plain,5,0.6067580186197684,0.582276537562913,58.2276537562913
40,4,Plain,6,0.6098914789480332,0.5854564082912683,58.54564082912683
40,4,Plain,7,0.615447045739515,0.590984689963324,59.0984689963324
40,4,Plain,8,0.623312694526291,0.5987565582434283,59.87565582434283
40,4,Plain,9,0.6340242242031602,0.6092904722343683,60.929047223436825
40,4,Plain,10,0.6470563619368739,0.6220862598833391,62.2086259883339
40,4,Plain,11,0.6626215779809926,0.6373472076775563,63.734720767755626
40,4,Plain,12,0.6801221103307262,0.6544990598463172,65.44990598463171
40,4,Plain,13,0.6994394662784416,0.6734334059474311,67.3433405947431
40,4,Plain,14,0.7197423327548093,0.6933427372512572,69.33427372512571
40,4,Plain,15,0.7408587906494023,0.7140742407147583,71.40742407147583
40,4,Plain,16,0.7628197768514069,0.7356384912590017,73.56384912590018
40,4,Plain,17,0.7852036530967947,0.7576556852811227,75.76556852811227
40,4,Plain,18,0.8078764527272102,0.7799790024555904,77.99790024555904
40,4,Plain,19,0.8307071602875941,0.8024820320200281,80.24820320200281
40,4,Plain,20,0.8537081192105213,0.8251621704908071,82.51621704908071
40,4,Plain,21,0.876808290882959,0.8479713792832719,84.79713792832719
40,4,Plain,22,0.8998833597946023,0.8706838596259062,87.06838596259063
40,4,Plain,23,0.9227855516174471,0.8932413350596256,89.32413350596256
40,4,Plain,24,0.9453550650421204,0.9154920170900801,91.54920170900802
40,4,Plain,25,0.9674815324529699,0.9372869034609802,93.72869034609802
40,4,Plain,26,0.9890749968659278,0.9585733378183975,95.85733378183976
40,4,Plain,27,1.010051466421154,0.979251439498207,97.92514394982071
40,4,Plain,28,1.0302555356087195,0.9991487987722176,99.91487987722176
40,4,Plain,29,1.0493957932994018,1.018002840892689,101.80028408926891
40,4,Plain,30,1.0674599626225714,1.0357672342509991,103.57672342509991
40,4,Plain,31,1.084414853903982,1.0524447626171127,105.24447626171128
40,4,Plain,32,1.1004403456371508,1.0681579643714545,106.81579643714545
40,4,Plain,33,1.1157204509539862,1.0831257399547092,108.31257399547093
40,4,Plain,34,1.1300083621559196,1.0970883683801356,109.70883683801355
40,4,Plain,35,1.1435528499802765,1.1102522922627664,111.02522922627665
40,4,Plain,36,1.156104254489682,1.122411768838734,112.2411768838734
40,4,Plain,37,1.1678896487718473,1.1337433414972335,113.37433414972334
40,4,Plain,38,1.178826869126975,1.1441662103874997,114.41662103874997
40,4,Plain,39,1.1893516523811807,1.1541294630550811,115.41294630550811
40,4,Plain,40,1.199342619216312,1.1634555019951782,116.34555019951783
40,4,Plain,41,1.2089394554381845,1.1722705000151814,117.22705000151814
40,4,Plain,42,1.2181860357098473,1.1805722223652446,118.05722223652445
40,4,Plain,43,1.2269549615581847,1.18830003969224,118.83000396922402
40,4,Plain,44,1.2353424100314077,1.1955315343487691,119.5531534348769
40,4,Plain,45,1.2432433682842696,1.202144510456655,120.2144510456655
40,4,Plain,46,1.2507380810673752,1.2082340973121737,120.82340973121737
40,4,Plain,47,1.257900246543387,1.2138685987766802,121.38685987766802
40,4,Plain,48,1.264579233230401,1.2189520359309474,121.89520359309473
40,4,Plain,49,1.2706854363474462,1.2233777165756754,122.33777165756754
40,4,Plain,50,1.2764515280688082,1.2273486140876833,122.73486140876832
40,4,Plain,51,1.2819748500579988,1.2310563624087554,123.10563624087554
40,4,Plain,52,1.2871347731819425,1.2344309983011779,123.44309983011777
40,4,Plain,53,1.2921295245462354,1.2376316032454273,123.76316032454275
40,4,Plain,54,1.2967957770057459,1.240510631222616,124.05106312226158
40,4,Plain,55,1.3011930982830058,1.2431458302989156,124.31458302989157
40,4,Plain,56,1.3052721218147518,1.2454693290438068,124.54693290438068
40,4,Plain,57,1.3090109097832576,1.2475253204223256,124.75253204223254
40,4,Plain,58,1.312421078090735,1.2492892299299165,124.92892299299164
40,4,Plain,59,1.3153790064067215,1.2506496665580347,125.06496665580347
40,4,Plain,60,1.3177982588421555,1.2515006530471697,125.15006530471696
40,4,Plain,61,1.3198899634931431,1.2520751656678821,125.20751656678821
40,4,Plain,62,1.3215432107751102,1.252255178936692,125.2255178936692
40,4,Plain,63,1.3228697769511748,1.252163447094361,125.2163447094361
40,4,Plain,64,1.3238108673326328,1.2517231487352811,125.17231487352812
40,4,Plain,65,1.3245065149491826,1.2510939412490525,125.10939412490522
40,4,Plain,66,1.3249180300308605,1.2502389303065693,125.02389303065695
40,4,Plain,67,1.3250036932523577,1.249124465697057,124.9124465697057
40,4,Plain,68,1.3249578223207112,1.2479650523203074,124.79650523203075
40,4,Plain,69,1.3247000207248352,1.2466551260825636,124.66551260825635
40,4,Plain,70,1.324215372183013,1.245171173528653,124.51711735286528
40,4,Plain,71,1.3237071096082953,1.2436807395849745,124.36807395849745
40,4,Plain,72,1.323372106547792,1.2424142200939865,124.24142200939865
40,4,Plain,73,1.3233326057095405,1.2414940915413153,124.14940915413155
40,4,Plain,74,1.3236479891350161,1.2409748181984661,124.09748181984659
40,4,Plain,75,1.3242998873290897,1.2408460638496073,124.08460638496072
40,4,Plain,76,1.3252256922390735,1.2409955952687475,124.09955952687473
40,4,Plain,77,1.3263749117404948,1.241419915131996,124.1419915131996
40,4,Plain,78,1.3278035621227524,1.2421656566069308,124.21656566069308
40,4,Plain,79,1.3296287350176106,1.2433282650468427,124.33282650468428
40,4,Plain,80,1.3318242716874276,1.244863930941743,124.4863930941743
40,4,Plain,81,1.3344420159896149,1.2468298233771895,124.68298233771895
40,4,Plain,82,1.3370966904848693,1.2488889623626045,124.88889623626046
40,4,Plain,83,1.3398172161120745,1.2510770687842347,125.10770687842349
40,4,Plain,84,1.3425540163671483,1.2533632138062407,125.33632138062406
40,4,Plain,85,1.345332126916264,1.2557624967324532,125.57624967324534
40,4,Plain,86,1.34818510257384,1.2582288480557868,125.82288480557868
40,4,Plain,87,1.3510428073231258,1.260765441602686,126.07654416026863
40,4,Plain,88,1.3539526203121506,1.2633268923143885,126.33268923143883
40,4,Plain,89,1.3569389717532374,1.2660055569476139,126.60055569476138
40,4,Plain,90,1.359941940223127,1.268706855863797,126.8706855863797
40,4,Plain,91,1.362846729430256,1.2713290893985865,127.13290893985867
40,4,Plain,92,1.3657317013175416,1.273933071726573,127.39330717265732
40,4,Plain,93,1.36853906677682,1.276443812061681,127.6443812061681
40,4,Plain,94,1.3712531829975698,1.2788805863453212,127.8880586345321
40,4,Plain,95,1.373728543800986,1.281083160445142,128.1083160445142
40,4,Plain,96,1.3758224588742993,1.2829186484222945,128.29186484222947
40,4,Plain,97,1.3774496034906074,1.2843295671013317,128.43295671013317
40,4,Plain,98,1.3786231690205561,1.285305824595941,128.53058245959411
40,4,Plain,99,1.3794504901908737,1.285919663190711,128.5919663190711
40,4,Plain,100,1.3799594039364345,1.2862327053296356,128.62327053296357
80,0,ResDyNet,1,0.10752300299617568,0.10309868404893524,10.309868404893525
80,0,ResDyNet,2,0.15843380189608613,0.1519372782438169,15.19372782438169
80,0,ResDyNet,3,0.20354376850458145,0.19523378694499086,19.523378694499083
80,0,ResDyNet,4,0.1977262393778998,0.18969695783522192,18.96969578352219
80,0,ResDyNet,5,0.19381593218503965,0.18599584423119875,18.599584423119875
80,0,ResDyNet,6,0.19980831207699423,0.19180306787874518,19.18030678787452
80,0,ResDyNet,7,0.19698163629689003,0.18915214893184665,18.915214893184665
80,0,ResDyNet,8,0.19936738649458988,0.19151307395433276,19.151307395433275
80,0,ResDyNet,9,0.20318608320863085,0.19525964444848934,19.52596444484893
80,0,ResDyNet,10,0.20558166857088925,0.19764820937548783,19.764820937548784
80,0,ResDyNet,11,0.20786875420446613,0.19994001773879616,19.994001773879614
80,0,ResDyNet,12,0.21029891115980875,0.20237606975292707,20.237606975292707
80,0,ResDyNet,13,0.21257145966168436,0.2046677789700203,20.466777897002032
80,0,ResDyNet,14,0.21480572020127026,0.20692681150423997,20.692681150423997
80,0,ResDyNet,15,0.21709831587145478,0.20924947779923722,20.924947779923723
80,0,ResDyNet,16,0.21937314455696957,0.21155629938009302,21.1556299380093
80,0,ResDyNet,17,0.2217945147055637,0.21401310904258178,21.401310904258178
80,0,ResDyNet,18,0.22442496227474612,0.21667515820057792,21.667515820057794
80,0,ResDyNet,19,0.22726249593791586,0.2195407458376349,21.954074583763486
80,0,ResDyNet,20,0.2302767304920854,0.22257682979763094,22.257682979763096
80,0,ResDyNet,21,0.23352036438311208,0.2258402293131514,22.58402293131514
80,0,ResDyNet,22,0.2371636666900999,0.22946815765534367,22.946815765534367
80,0,ResDyNet,23,0.24087463125982442,0.23316270701398847,23.31627070139885
80,0,ResDyNet,24,0.2446643002561103,0.2369355409773148,23.69355409773148
80,0,ResDyNet,25,0.2483940616008509,0.24064180351398584,24.064180351398587
80,0,ResDyNet,26,0.2520108809596478,0.24423922563355438,24.42392256335544
80,0,ResDyNet,27,0.2555053887391704,0.2477141294679887,24.771412946798872
80,0,ResDyNet,28,0.25889034642486664,0.25107361203480005,25.107361203480007
80,0,ResDyNet,29,0.26212238906710633,0.25428092854548046,25.428092854548048
80,0,ResDyNet,30,0.265197014492909,0.2573233543655292,25.73233543655292
80,0,ResDyNet,31,0.26819782784382273,0.26029097466098516,26.029097466098516
80,0,ResDyNet,32,0.27111711985896253,0.26316366171319006,26.316366171319004
80,0,ResDyNet,33,0.2739804450897464,0.26597636716904705,26.597636716904702
80,0,ResDyNet,34,0.27686744437602784,0.26880159738690756,26.880159738690754
80,0,ResDyNet,35,0.27978854572140827,0.27164103018187313,27.164103018187316
80,0,ResDyNet,36,0.2827677184090486,0.2745269847052758,27.452698470527583
80,0,ResDyNet,37,0.285834038696001,0.2774769332750211,27.74769332750211
80,0,ResDyNet,38,0.2889703439172089,0.2804738439317947,28.04738439317947
80,0,ResDyNet,39,0.2921869409602455,0.2835339376768925,28.353393767689248
80,0,ResDyNet,40,0.2954689795752489,0.28662786133653045,28.662786133653047
80,0,ResDyNet,41,0.29880022733467154,0.28973716618034184,28.973716618034185
80,0,ResDyNet,42,0.3021287905582478,0.2927999888802131,29.279998888021307
80,0,ResDyNet,43,0.30544382019118826,0.29582088587505684,29.582088587505684
80,0,ResDyNet,44,0.3087185445418934,0.2987695980005292,29.876959800052923
80,0,ResDyNet,45,0.31190889378035547,0.3015978801786193,30.15978801786193
80,0,ResDyNet,46,0.31502357277423293,0.3043180885306615,30.43180885306615
80,0,ResDyNet,47,0.3180339610122278,0.3069014730525333,30.69014730525333
80,0,ResDyNet,48,0.3209411991516314,0.30936134157496764,30.936134157496767
80,0,ResDyNet,49,0.3237482460932165,0.31169507316412,31.169507316412
80,0,ResDyNet,50,0.32642312365618953,0.313866182628754,31.386618262875402
80,0,ResDyNet,51,0.32899706520017685,0.3159297004228767,31.59297004228767
80,0,ResDyNet,52,0.3314920310851526,0.3179185640752533,31.791856407525337
80,0,ResDyNet,53,0.3338895841237166,0.3198071814442144,31.98071814442144
80,0,ResDyNet,54,0.336186849173695,0.32159524874467177,32.159524874467174
80,0,ResDyNet,55,0.33838012458407707,0.32328471576417134,32.32847157641714
80,0,ResDyNet,56,0.3404937142374793,0.3248935380810753,32.48935380810752
80,0,ResDyNet,57,0.34254648523131614,0.32645672435113327,32.645672435113326
80,0,ResDyNet,58,0.3445167040306883,0.32794429704117833,32.79442970411783
80,0,ResDyNet,59,0.3464507165456966,0.32940199821973803,32.940199821973806
80,0,ResDyNet,60,0.348311502255451,0.3307881685316073,33.07881685316073
80,0,ResDyNet,61,0.3501175170057775,0.3321287836359199,33.21287836359199
80,0,ResDyNet,62,0.3518601786149836,0.3334122769044922,33.341227690449216
80,0,ResDyNet,63,0.35354663587706864,0.33464985140769793,33.46498514076979
80,0,ResDyNet,64,0.35516893220635637,0.33582831590593104,33.5828315905931
80,0,ResDyNet,65,0.3567070729903839,0.33693609867677776,33.69360986767778
80,0,ResDyNet,66,0.3581916855053738,0.33800218547898747,33.800218547898744
80,0,ResDyNet,67,0.3596142556276346,0.33902016062709917,33.90201606270992
80,0,ResDyNet,68,0.3609795990947898,0.3400032187302715,34.00032187302715
80,0,ResDyNet,69,0.3623018056147233,0.3409567419734967,34.095674197349666
80,0,ResDyNet,70,0.3635784970288074,0.3418760069737177,34.18760069737177
80,0,ResDyNet,71,0.3648311067951351,0.3427747856222098,34.27747856222098
80,0,ResDyNet,72,0.36606474970379504,0.3436705732702522,34.367057327025215
80,0,ResDyNet,73,0.3672906164813494,0.344576358409662,34.457635840966205
80,0,ResDyNet,74,0.3685208612081827,0.34550357231987466,34.55035723198746
80,0,ResDyNet,75,0.36975096662768164,0.346450253401353,34.6450253401353
80,0,ResDyNet,76,0.3709597828598641,0.3473819284118531,34.73819284118531
80,0,ResDyNet,77,0.3721391932094233,0.34830348611246825,34.830348611246826
80,0,ResDyNet,78,0.3732975329734307,0.3492213670630454,34.92213670630454
80,0,ResDyNet,79,0.3744271699270564,0.35012471625445163,35.012471625445166
80,0,ResDyNet,80,0.3755083573174947,0.35098985634153007,35.09898563415301
80,0,ResDyNet,81,0.37653843048153973,0.35181696855060357,35.18169685506036
80,0,ResDyNet,82,0.3775066222271988,0.3526026629737389,35.26026629737389
80,0,ResDyNet,83,0.37839468891382005,0.3533324639785975,35.33324639785975
80,0,ResDyNet,84,0.379189613270625,0.35399865222320115,35.399865222320116
80,0,ResDyNet,85,0.37990636966063723,0.35461293292916213,35.46129329291622
80,0,ResDyNet,86,0.3805258556439747,0.3551356620751101,35.51356620751101
80,0,ResDyNet,87,0.3810660926059445,0.3556030629969811,35.560306299698105
80,0,ResDyNet,88,0.3815169726361715,0.3559804413942702,35.598044139427024
80,0,ResDyNet,89,0.38191659060077854,0.3563229710812666,35.63229710812666
80,0,ResDyNet,90,0.38230964524527156,0.35666145269845223,35.66614526984522
80,0,ResDyNet,91,0.3827107884213646,0.35701106194836263,35.70110619483627
80,0,ResDyNet,92,0.3831587614833842,0.3574044722726885,35.74044722726885
80,0,ResDyNet,93,0.3836561314675577,0.35783815519761786,35.78381551976179
80,0,ResDyNet,94,0.3842350407961581,0.35835157238696447,35.835157238696446
80,0,ResDyNet,95,0.38489424491543867,0.35893666033108945,35.89366603310894
80,0,ResDyNet,96,0.38564728726811404,0.3596060620747113,35.96060620747113
80,0,ResDyNet,97,0.3865035635100236,0.3603746758850735,36.037467588507354
80,0,ResDyNet,98,0.3874272918455101,0.36120280436766744,36.12028043676674
80,0,ResDyNet,99,0.38836558728353093,0.36203325073696424,36.20332507369642
80,0,ResDyNet,100,0.3893407863436967,0.3628968007939227,36.28968007939228
80,0,Plain,1,0.37888179043523934,0.3632916949442621,36.32916949442621
80,0,Plain,2,0.5373637964245543,0.5153293784432514,51.53293784432514
80,0,Plain,3,0.5725218607423735,0.5491477916653115,54.91477916653115
80,0,Plain,4,0.5824425936013283,0.5587907223009566,55.87907223009566
80,0,Plain,5,0.5873112765783347,0.5636144329424859,56.361443294248595
80,0,Plain,6,0.5938745316193053,0.5700811738790058,57.00811738790058
80,0,Plain,7,0.6023454291492881,0.5784038272031659,57.84038272031658
80,0,Plain,8,0.6121572661011043,0.588040611033863,58.80406110338629
80,0,Plain,9,0.6252404702400935,0.6008493789829652,60.08493789829652
80,0,Plain,10,0.6423124979737899,0.617525463075227,61.75254630752271
80,0,Plain,11,0.6593294437481141,0.6341806452981388,63.41806452981388
80,0,Plain,12,0.6764810078405995,0.650995132947906,65.0995132947906
80,0,Plain,13,0.6943518545836528,0.6685349582090021,66.8534958209002
80,0,Plain,14,0.7119657305590379,0.6858513748461962,68.58513748461961
80,0,Plain,15,0.7297599192005382,0.7033766309911951,70.33766309911951
80,0,Plain,16,0.7471288207514397,0.7205066454127455,72.05066454127454
80,0,Plain,17,0.764442167464992,0.7376225925136868,73.76225925136868
80,0,Plain,18,0.7813035545592066,0.7543237150221394,75.43237150221393
80,0,Plain,19,0.7981799597211967,0.7710600156293077,77.10600156293077
80,0,Plain,20,0.814743350732291,0.7875002902689093,78.75002902689093
80,0,Plain,21,0.8312123904293827,0.8038750597122667,80.38750597122667
80,0,Plain,22,0.8476849864701769,0.8201792240443813,82.01792240443814
80,0,Plain,23,0.8638336169512641,0.8361768256150744,83.61768256150744
80,0,Plain,24,0.8796454121342909,0.8518580821725181,85.1858082172518
80,0,Plain,25,0.8950403177793118,0.8671065439327991,86.7106543932799
80,0,Plain,26,0.9098026153866549,0.8817456032662314,88.17456032662315
80,0,Plain,27,0.9241230876910523,0.8959433197017515,89.59433197017515
80,0,Plain,28,0.9377775967512758,0.9094630670981315,90.94630670981316
80,0,Plain,29,0.9506876516325399,0.9222475793624628,92.22475793624628
80,0,Plain,30,0.9625255840520481,0.933948341856374,93.3948341856374
80,0,Plain,31,0.973208454317042,0.9445168857594394,94.45168857594395
80,0,Plain,32,0.9828620335138518,0.9540289150051874,95.40289150051873
80,0,Plain,33,0.9917217087164225,0.962749502945988,96.2749502945988
80,0,Plain,34,1.0002391865166673,0.9710996961401522,97.10996961401523
80,0,Plain,35,1.0083006179740996,0.9789386405840501,97.89386405840501
80,0,Plain,36,1.016023436799679,0.9864133433046848,98.64133433046848
80,0,Plain,37,1.0235598610196561,0.9936334124334455,99.36334124334455
80,0,Plain,38,1.030752376797575,1.000445503657211,100.04455036572111
80,0,Plain,39,1.0379000321718275,1.0071630240199234,100.71630240199232
80,0,Plain,40,1.0451120969851513,1.0138399152642694,101.38399152642694
80,0,Plain,41,1.0524892854568555,1.0205656994426846,102.05656994426845
80,0,Plain,42,1.0600156585423044,1.0272856567576976,102.72856567576976
80,0,Plain,43,1.0670984419638445,1.0334797614174946,103.34797614174947
80,0,Plain,44,1.073812700258384,1.0392073766094223,103.92073766094224
80,0,Plain,45,1.0803229656966062,1.0446098936563781,104.46098936563783
80,0,Plain,46,1.0863313509115236,1.04941442098763,104.94144209876299
80,0,Plain,47,1.0916296927810007,1.0534181936925047,105.34181936925047
80,0,Plain,48,1.0966299705232991,1.0570625391479302,105.70625391479302
80,0,Plain,49,1.1015750497729477,1.060563323131907,106.0563323131907
80,0,Plain,50,1.106400837904593,1.06383948404381,106.383948404381
80,0,Plain,51,1.1111907192154737,1.0670555703006825,106.70555703006825
80,0,Plain,52,1.1158770856879432,1.070185728462535,107.01857284625348
80,0,Plain,53,1.120588541206015,1.0733256740018322,107.33256740018322
80,0,Plain,54,1.1252561976240438,1.0764164263588423,107.64164263588424
80,0,Plain,55,1.1297303437151556,1.079332166766688,107.93321667666878
80,0,Plain,56,1.1341569638871776,1.0821940415604758,108.21940415604759
80,0,Plain,57,1.1384692599110893,1.0849941873263025,108.49941873263026
80,0,Plain,58,1.1426711131439709,1.0877048066612192,108.77048066612191
80,0,Plain,59,1.1468130083738741,1.0903787422039195,109.03787422039196
80,0,Plain,60,1.1507609706289266,1.092866906280986,109.2866906280986
80,0,Plain,61,1.1545422973234025,1.0952229187090763,109.52229187090764
80,0,Plain,62,1.1581551615367267,1.0974335059358336,109.74335059358336
80,0,Plain,63,1.1615533281028794,1.0994692332100278,109.94692332100277
80,0,Plain,64,1.1647432875925425,1.1013175457240645,110.13175457240645
80,0,Plain,65,1.1677408596802838,1.103017235480352,110.30172354803521
80,0,Plain,66,1.1706335451436545,1.1046507014681501,110.46507014681501
80,0,Plain,67,1.1735377976644563,1.1063325951075091,110.63325951075092
80,0,Plain,68,1.176320696975297,1.107965170978024,110.7965170978024
80,0,Plain,69,1.1789186220649774,1.109462459755469,110.94624597554692
80,0,Plain,70,1.1813469142841377,1.1108307262576742,111.08307262576743
80,0,Plain,71,1.1835681967921121,1.112014100136736,111.20141001367362
80,0,Plain,72,1.1856195708159554,1.1130887579655024,111.30887579655024
80,0,Plain,73,1.1874648858619803,1.114028803756394,111.40288037563938
80,0,Plain,74,1.189156518988917,1.114883494006702,111.48834940067022
80,0,Plain,75,1.190685555041062,1.1156517480607,111.56517480606999
80,0,Plain,76,1.192039984489084,1.1162750456759991,111.62750456759991
80,0,Plain,77,1.1932213226641,1.1167948820530533,111.67948820530533
80,0,Plain,78,1.1942297742147299,1.1172068323536,111.72068323535999
80,0,Plain,79,1.194895355880159,1.1173398487957096,111.73398487957097
80,0,Plain,80,1.1954255374953202,1.1173712368742819,111.73712368742818
80,0,Plain,81,1.1958112148985443,1.1173007654129632,111.73007654129631
80,0,Plain,82,1.1960150579066866,1.1171144280504335,111.71144280504335
80,0,Plain,83,1.196129501325701,1.116906226020408,111.69062260204079
80,0,Plain,84,1.1960535188019885,1.1165952832693826,111.65952832693826
80,0,Plain,85,1.19585356845947,1.11623593372237,111.623593372237
80,0,Plain,86,1.1955465427443512,1.1157749380277808,111.57749380277808
80,0,Plain,87,1.1951090899606738,1.1152512943339232,111.52512943339231
80,0,Plain,88,1.1944839309710702,1.11453211123832,111.45321112383199
80,0,Plain,89,1.1936332201939663,1.1136435176376094,111.36435176376095
80,0,Plain,90,1.1926707711338862,1.1126574888025433,111.26574888025435
80,0,Plain,91,1.1914922933299408,1.1114814157699502,111.14814157699502
80,0,Plain,92,1.1901275414069277,1.110132270568426,111.0132270568426
80,0,Plain,93,1.188696417983759,1.1087035978657196,110.87035978657197
80,0,Plain,94,1.1870791189217937,1.1071131563948984,110.71131563948984
80,0,Plain,95,1.1853680374350164,1.1054258416194789,110.54258416194789
80,0,Plain,96,1.1834896685278684,1.1035733253052256,110.35733253052256
80,0,Plain,97,1.1815122528001956,1.1016382133461782,110.16382133461782
80,0,Plain,98,1.1795384762509975,1.0996969352673214,109.96969352673214
80,0,Plain,99,1.1775280740306309,1.0976881846231072,109.76881846231073
80,0,Plain,100,1.1755367774573469,1.095694442293241,109.56944422932412
80,1,ResDyNet,1,0.3238985140442212,0.31057085119313954,31.057085119313953
80,1,ResDyNet,2,0.2593428733945323,0.2487086079102003,24.87086079102003
80,1,ResDyNet,3,0.341091432043895,0.32716585951841964,32.716585951841964
80,1,ResDyNet,4,0.2810357356026657,0.2696234159641241,26.96234159641241
80,1,ResDyNet,5,0.250874313060943,0.24075203275416734,24.075203275416737
80,1,ResDyNet,6,0.2626878442716526,0.252163355478134,25.216335547813397
80,1,ResDyNet,7,0.2769684694377196,0.26595972175572935,26.59597217557294
80,1,ResDyNet,8,0.26257945972878227,0.25223483325991053,25.22348332599105
80,1,ResDyNet,9,0.26328079430427037,0.2530100166022788,25.30100166022788
80,1,ResDyNet,10,0.2699134712720285,0.2594974282195936,25.94974282195936
80,1,ResDyNet,11,0.2712583864497419,0.26091177967618445,26.09117796761845
80,1,ResDyNet,12,0.2724705859722894,0.2622054769957711,26.220547699577114
80,1,ResDyNet,13,0.2775871251918661,0.2672660783066198,26.726607830661983
80,1,ResDyNet,14,0.2826472000201918,0.27227991799276846,27.22799179927685
80,1,ResDyNet,15,0.28743320404185135,0.2770415219781408,27.704152197814082
80,1,ResDyNet,16,0.29341681024013777,0.2829615934788879,28.296159347888786
80,1,ResDyNet,17,0.3002041580669056,0.2896718401746726,28.96718401746726
80,1,ResDyNet,18,0.3070905125351887,0.29648611594284313,29.64861159428431
80,1,ResDyNet,19,0.31439056913245417,0.30370844844770595,30.37084484477059
80,1,ResDyNet,20,0.32211250479075565,0.3113418364126233,31.134183641262332
80,1,ResDyNet,21,0.3300863717492979,0.3192303253120425,31.92303253120425
80,1,ResDyNet,22,0.3384698899680248,0.32748718704141916,32.748718704141915
80,1,ResDyNet,23,0.34698049336416575,0.33587144769334615,33.587144769334614
80,1,ResDyNet,24,0.35554589562999367,0.3443144710330603,34.431447103306034
80,1,ResDyNet,25,0.3640940620472721,0.35273086310968593,35.273086310968594
80,1,ResDyNet,26,0.3726387309389123,0.36114708515369004,36.114708515369
80,1,ResDyNet,27,0.3811827878060695,0.36955918196290394,36.95591819629039
80,1,ResDyNet,28,0.3897291210663273,0.37796194216020423,37.796194216020425
80,1,ResDyNet,29,0.3982193551791271,0.38630651795946863,38.630651795946854
80,1,ResDyNet,30,0.4066258458831809,0.3945531846746284,39.45531846746284
80,1,ResDyNet,31,0.4149646390950768,0.40273089170132614,40.273089170132614
80,1,ResDyNet,32,0.4232077307585641,0.4107925613465159,41.07925613465159
80,1,ResDyNet,33,0.43135642198882707,0.4187547546980768,41.87547546980768
80,1,ResDyNet,34,0.43943876161320156,0.42663680210420746,42.66368021042074
80,1,ResDyNet,35,0.4474334322879472,0.43440405385834036,43.44040538583404
80,1,ResDyNet,36,0.45534621050993096,0.4420760010074225,44.20760010074225
80,1,ResDyNet,37,0.4631697257595734,0.4496277478914446,44.96277478914446
80,1,ResDyNet,38,0.47091506964124363,0.45706890872348355,45.70689087234836
80,1,ResDyNet,39,0.47856230324645105,0.4643898656704543,46.43898656704543
80,1,ResDyNet,40,0.48611265984303337,0.47156703982840964,47.156703982840966
80,1,ResDyNet,41,0.49358229988400987,0.47861120495397463,47.861120495397465
80,1,ResDyNet,42,0.5009388806998184,0.4854714389435043,48.54714389435043
80,1,ResDyNet,43,0.5081968833600192,0.492186262404666,49.2186262404666
80,1,ResDyNet,44,0.5153390206509976,0.49873140035159574,49.87314003515957
80,1,ResDyNet,45,0.5223600566372467,0.5050919961349927,50.509199613499256
80,1,ResDyNet,46,0.5292465449849612,0.5112610955203218,51.12610955203218
80,1,ResDyNet,47,0.5359924297166881,0.5172305048853993,51.72305048853994
80,1,ResDyNet,48,0.5426069937890425,0.5230292277534324,52.30292277534325
80,1,ResDyNet,49,0.5490842608514599,0.528641810186315,52.8641810186315
80,1,ResDyNet,50,0.5554158671593593,0.5340499657137011,53.404996571370106
80,1,ResDyNet,51,0.5616207849324379,0.5393138878822759,53.93138878822759
80,1,ResDyNet,52,0.56771005712234,0.5444642683583902,54.44642683583903
80,1,ResDyNet,53,0.5736911944771711,0.549494721156462,54.94947211564621
80,1,ResDyNet,54,0.5795694383677882,0.5544142436112948,55.44142436112948
80,1,ResDyNet,55,0.5853397166415372,0.5592272422989837,55.92272422989837
80,1,ResDyNet,56,0.5910109752815951,0.5639330148399213,56.39330148399213
80,1,ResDyNet,57,0.5965942654852172,0.5685716189598459,56.85716189598459
80,1,ResDyNet,58,0.6020810873134724,0.5731189710999237,57.31189710999238
80,1,ResDyNet,59,0.6074966618515717,0.5776019640569391,57.760196405693904
80,1,ResDyNet,60,0.6128272016928563,0.5819962486500326,58.199624865003265
80,1,ResDyNet,61,0.6180888081316497,0.586331942998307,58.6331942998307
80,1,ResDyNet,62,0.6232700894321241,0.5905922644102864,59.05922644102864
80,1,ResDyNet,63,0.6283709380692558,0.5947850148032803,59.47850148032803
80,1,ResDyNet,64,0.6333854228887692,0.5988946121124006,59.88946121124007
80,1,ResDyNet,65,0.6383027532126194,0.6029239556119029,60.2923955611903
80,1,ResDyNet,66,0.6431270804866074,0.6068771764997676,60.68771764997676
80,1,ResDyNet,67,0.6478339592516672,0.6107343340487763,61.073433404877626
80,1,ResDyNet,68,0.6524154554924271,0.6145038538827583,61.450385388275826
80,1,ResDyNet,69,0.6568534324504169,0.6181548168174549,61.81548168174549
80,1,ResDyNet,70,0.6611259838566662,0.6216624836577701,62.16624836577701
80,1,ResDyNet,71,0.6652402471285391,0.6250223153937254,62.50223153937255
80,1,ResDyNet,72,0.6692078495967075,0.6282687570817717,62.82687570817717
80,1,ResDyNet,73,0.6730329210918982,0.6314107211923282,63.14107211923282
80,1,ResDyNet,74,0.676724556198922,0.6344573028424197,63.445730284241975
80,1,ResDyNet,75,0.6803085055475089,0.6374372899891829,63.743728998918286
80,1,ResDyNet,76,0.6837897125040256,0.640328682334732,64.0328682334732
80,1,ResDyNet,77,0.6871799298546671,0.6431657012278416,64.31657012278416
80,1,ResDyNet,78,0.6905082745754795,0.6459733116767121,64.59733116767121
80,1,ResDyNet,79,0.693771284856133,0.6487415811813589,64.87415811813588
80,1,ResDyNet,80,0.6969629433900044,0.6514553367689604,65.14553367689604
80,1,ResDyNet,81,0.7000811221694608,0.6541176097913322,65.41176097913322
80,1,ResDyNet,82,0.7031264560501487,0.6567414879979486,65.67414879979486
80,1,ResDyNet,83,0.7060776659022977,0.6593120061215639,65.9312006121564
80,1,ResDyNet,84,0.708933018540308,0.6618359899554668,66.18359899554667
80,1,ResDyNet,85,0.7116783904654421,0.6642962095389274,66.42962095389275
80,1,ResDyNet,86,0.714275553838704,0.6666162573559952,66.66162573559951
80,1,ResDyNet,87,0.7167403402077784,0.6688473870986661,66.88473870986661
80,1,ResDyNet,88,0.7190407759779549,0.6709123608432698,67.09123608432698
80,1,ResDyNet,89,0.7212039696746096,0.6728734691148469,67.28734691148469
80,1,ResDyNet,90,0.7232327060683102,0.674712842831544,67.4712842831544
80,1,ResDyNet,91,0.7251373179614058,0.6764430263689349,67.64430263689349
80,1,ResDyNet,92,0.726936990945525,0.6780754030484262,67.80754030484262
80,1,ResDyNet,93,0.7286474941554325,0.6796134707936897,67.96134707936896
80,1,ResDyNet,94,0.730313062773931,0.6811165213810318,68.11165213810318
80,1,ResDyNet,95,0.7319488643473989,0.6825856306573495,68.25856306573493
80,1,ResDyNet,96,0.733572423796488,0.6840371999937246,68.40371999937246
80,1,ResDyNet,97,0.7352139573311248,0.6855111222603646,68.55111222603647
80,1,ResDyNet,98,0.7368681574345032,0.6869904379909082,68.69904379909083
80,1,ResDyNet,99,0.7385201183089567,0.6884462679512415,68.84462679512414
80,1,ResDyNet,100,0.7402053171150106,0.6899306492758802,68.99306492758802
80,1,Plain,1,0.3049905393268526,0.292440895210971,29.244089521097102
80,1,Plain,2,0.4634522195206502,0.4444485203745088,44.444852037450886
80,1,Plain,3,0.5203068170301584,0.4990645059212699,49.90645059212699
80,1,Plain,4,0.5405064313095322,0.5185575067446048,51.85575067446048
80,1,Plain,5,0.5527835057645646,0.5304797891104335,53.04797891104335
80,1,Plain,6,0.5771396502729181,0.5540167692030534,55.40167692030534
80,1,Plain,7,0.595233055692791,0.5715741513582835,57.15741513582835
80,1,Plain,8,0.606951127189469,0.5830395740842834,58.30395740842834
80,1,Plain,9,0.6184180519640369,0.5942931082688245,59.42931082688245
80,1,Plain,10,0.630233083745958,0.6059121971209598,60.59121971209598
80,1,Plain,11,0.6441491200582321,0.619579344590625,61.95793445906251
80,1,Plain,12,0.6589252733422182,0.6341007965492338,63.410079654923386
80,1,Plain,13,0.6744535360198801,0.6493764847612171,64.93764847612171
80,1,Plain,14,0.6908521961164349,0.6655122686170923,66.55122686170924
80,1,Plain,15,0.7074964798701477,0.6819180902595499,68.19180902595498
80,1,Plain,16,0.7247520051106141,0.6989271748789022,69.89271748789024
80,1,Plain,17,0.741886083652145,0.7158578629800426,71.58578629800427
80,1,Plain,18,0.7591210625466274,0.7329072249962901,73.29072249962901
80,1,Plain,19,0.7766793577016727,0.7502899445102528,75.02899445102528
80,1,Plain,20,0.793645391693669,0.7671077962987982,76.71077962987981
80,1,Plain,21,0.8097542277071167,0.7831226238266968,78.31226238266969
80,1,Plain,22,0.8261198065467117,0.7993137931138933,79.93137931138934
80,1,Plain,23,0.842267967920391,0.8153016297496863,81.53016297496863
80,1,Plain,24,0.8581052403205376,0.8309983480139443,83.09983480139444
80,1,Plain,25,0.8733065831122767,0.8460511085747106,84.60511085747105
80,1,Plain,26,0.8877919611358769,0.8604137261289156,86.04137261289156
80,1,Plain,27,0.9020084696687964,0.8745030542774771,87.45030542774771
80,1,Plain,28,0.9159432611886362,0.8882879805342809,88.82879805342809
80,1,Plain,29,0.9297990670032455,0.9019838822611138,90.19838822611138
80,1,Plain,30,0.9433431523406222,0.9153354337046353,91.53354337046353
80,1,Plain,31,0.9566464346033827,0.928443137928293,92.8443137928293
80,1,Plain,32,0.969288323586449,0.9408534017458762,94.08534017458761
80,1,Plain,33,0.9811569646064083,0.9524933977793155,95.24933977793155
80,1,Plain,34,0.9927630425233174,0.9638413510781823,96.38413510781822
80,1,Plain,35,1.0039637702995812,0.9747280830467123,97.47280830467123
80,1,Plain,36,1.0149223957057036,0.9853443899840358,98.53443899840359
80,1,Plain,37,1.025606804509188,0.9956205081784231,99.5620508178423
80,1,Plain,38,1.0357634061775445,1.0053091953883522,100.53091953883524
80,1,Plain,39,1.0453660303285641,1.0144079195279534,101.44079195279535
80,1,Plain,40,1.0531723423963177,1.0216589794089095,102.16589794089096
80,1,Plain,41,1.0602871815283725,1.0281270735757757,102.81270735757758
80,1,Plain,42,1.067238975203232,1.0342859397631337,103.42859397631337
80,1,Plain,43,1.074032762479689,1.0401956178281915,104.01956178281914
80,1,Plain,44,1.0806128673522184,1.0457883974935942,104.57883974935943
80,1,Plain,45,1.0870101388469635,1.05107600375055,105.10760037505501
80,1,Plain,46,1.0932186756911824,1.0560676929747956,105.60676929747956
80,1,Plain,47,1.099215403922392,1.0607383739526075,106.07383739526075
80,1,Plain,48,1.104923430050452,1.0650567629259924,106.50567629259923
80,1,Plain,49,1.110410665046686,1.069069987746871,106.90699877468711
80,1,Plain,50,1.1156892710476183,1.0727706070002656,107.27706070002655
80,1,Plain,51,1.1206044795129084,1.0760954274459482,107.60954274459483
80,1,Plain,52,1.1252251681089678,1.0791510388213406,107.91510388213405
80,1,Plain,53,1.1296075465678934,1.081964286349631,108.19642863496311
80,1,Plain,54,1.1337173867710506,1.0845103724340546,108.45103724340545
80,1,Plain,55,1.1375588265448435,1.0868114146970183,108.68114146970181
80,1,Plain,56,1.141035135809438,1.088757080811751,108.8757080811751
80,1,Plain,57,1.1442968725312987,1.0905480709853224,109.05480709853224
80,1,Plain,58,1.1472230746938497,1.0920378036194756,109.20378036194754
80,1,Plain,59,1.1499734007480615,1.0933836127771297,109.33836127771296
80,1,Plain,60,1.1524249125147068,1.094447136291698,109.4447136291698
80,1,Plain,61,1.154624076131177,1.0953004957928671,109.53004957928671
80,1,Plain,62,1.156533102071721,1.0958964904610196,109.58964904610197
80,1,Plain,63,1.1582677810053115,1.096359295972847,109.6359295972847
80,1,Plain,64,1.1597015204394776,1.0965503264695948,109.65503264695947
80,1,Plain,65,1.160806725898774,1.0964674354877184,109.64674354877184
80,1,Plain,66,1.1617292043115492,1.0962482544452523,109.62482544452523
80,1,Plain,67,1.1623119364118955,1.0957496072935848,109.5749607293585
80,1,Plain,68,1.1626137519207553,1.095054731027429,109.5054731027429
80,1,Plain,69,1.1626999004932266,1.094199266527114,109.41992665271141
80,1,Plain,70,1.162582080063811,1.0931859902592722,109.31859902592723
80,1,Plain,71,1.1622677946689426,1.0920014404828646,109.20014404828646
80,1,Plain,72,1.1617264407055397,1.090657300883356,109.06573008833561
80,1,Plain,73,1.1610078164223805,1.089207911981306,108.9207911981306
80,1,Plain,74,1.1598224532932704,1.0873815923361034,108.73815923361035
80,1,Plain,75,1.1583762768625805,1.0853785138505483,108.53785138505484
80,1,Plain,76,1.1567896848062087,1.0832652218440748,108.32652218440748
80,1,Plain,77,1.1550164360026813,1.0810370380701562,108.1037038070156
80,1,Plain,78,1.1531199597010005,1.0787484329373502,107.87484329373503
80,1,Plain,79,1.151315546714311,1.0765886171968164,107.65886171968164
80,1,Plain,80,1.1498045732821003,1.0747290549805204,107.47290549805204
80,1,Plain,81,1.1481836963178553,1.0728002102233727,107.28002102233728
80,1,Plain,82,1.1464190727210797,1.070790269957317,107.07902699573171
80,1,Plain,83,1.144489802279562,1.068686780458261,106.86867804582609
80,1,Plain,84,1.1423941096475225,1.0665006660779106,106.65006660779106
80,1,Plain,85,1.1402585969815946,1.0643423687118827,106.43423687118826
80,1,Plain,86,1.137974839721725,1.0620446472565241,106.20446472565243
80,1,Plain,87,1.1355216787714513,1.059645544186901,105.96455441869011
80,1,Plain,88,1.1330849436023607,1.057242815630709,105.7242815630709
80,1,Plain,89,1.1304918827501456,1.0547335108200602,105.47335108200602
80,1,Plain,90,1.1278699798496814,1.05220401962416,105.220401962416
80,1,Plain,91,1.1251547797647692,1.0495985870610804,104.95985870610804
80,1,Plain,92,1.122331362583453,1.0468930602194293,104.68930602194293
80,1,Plain,93,1.119532303062702,1.044193852655718,104.41938526557179
80,1,Plain,94,1.1166662842255541,1.0414435860784133,104.14435860784133
80,1,Plain,95,1.1138208855108074,1.038703888493059,103.87038884930591
80,1,Plain,96,1.1109817176433856,1.0359615475292605,103.59615475292605
80,1,Plain,97,1.1081849514085096,1.0332680740580042,103.32680740580042
80,1,Plain,98,1.1053533668646538,1.0305333267227932,103.05333267227934
80,1,Plain,99,1.1025868753021537,1.0278282210265182,102.7828221026518
80,1,Plain,100,1.0999528981019864,1.025244212130505,102.52442121305049
80,2,ResDyNet,1,0.11550029843925103,0.11074773252723981,11.07477325272398
80,2,ResDyNet,2,0.1723286837185484,0.16526240520762647,16.526240520762645
80,2,ResDyNet,3,0.18145194000090759,0.17404389068336956,17.404389068336954
80,2,ResDyNet,4,0.22233719829936158,0.21330851314268978,21.330851314268976
80,2,ResDyNet,5,0.18642655478114992,0.17890461353058093,17.890461353058093
80,2,ResDyNet,6,0.20886800249373813,0.2004997852369978,20.049978523699778
80,2,ResDyNet,7,0.1994048314248168,0.19147902860624283,19.14790286062428
80,2,ResDyNet,8,0.2103161953271466,0.20203054159299383,20.203054159299384
80,2,ResDyNet,9,0.20716453375407182,0.19908289270787455,19.908289270787456
80,2,ResDyNet,10,0.21325709321743486,0.20502743704754614,20.502743704754614
80,2,ResDyNet,11,0.21322875635321284,0.2050955733623521,20.50955733623521
80,2,ResDyNet,12,0.2169022322242035,0.2087306160363998,20.873061603639982
80,2,ResDyNet,13,0.21811750088823476,0.21000761123969933,21.000761123969934
80,2,ResDyNet,14,0.22074082393775463,0.21264422019795107,21.264422019795106
80,2,ResDyNet,15,0.22254503569101403,0.2144992802833632,21.44992802833632
80,2,ResDyNet,16,0.2248537001099042,0.21684156824774498,21.684156824774497
80,2,ResDyNet,17,0.2271284119438497,0.21915987262595815,21.915987262595817
80,2,ResDyNet,18,0.22966550028128782,0.2217347308528993,22.17347308528993
80,2,ResDyNet,19,0.23242742739998887,0.22453018723536353,22.45301872353635
80,2,ResDyNet,20,0.23526565493516768,0.22739893659178367,22.739893659178367
80,2,ResDyNet,21,0.2384527185561437,0.23061036574400948,23.06103657440095
80,2,ResDyNet,22,0.24200105344513773,0.23414858042851389,23.41485804285139
80,2,ResDyNet,23,0.24570465578229359,0.23783809182604898,23.7838091826049
80,2,ResDyNet,24,0.24937931987293893,0.24150161670827566,24.15016167082757
80,2,ResDyNet,25,0.25310199127266986,0.24520280098607533,24.520280098607536
80,2,ResDyNet,26,0.25667939450025806,0.2487637688900854,24.876376889008537
80,2,ResDyNet,27,0.26023544454850306,0.2522999492149842,25.22999492149842
80,2,ResDyNet,28,0.2636977446885943,0.2557358594427552,25.573585944275514
80,2,ResDyNet,29,0.2671130299009221,0.25912227304022634,25.912227304022633
80,2,ResDyNet,30,0.2703781149420921,0.26235062870886156,26.235062870886157
80,2,ResDyNet,31,0.2736123255753105,0.2655458453031491,26.554584530314912
80,2,ResDyNet,32,0.27677100152216577,0.2686516818063352,26.865168180633518
80,2,ResDyNet,33,0.27990647446049155,0.27172927323229384,27.172927323229388
80,2,ResDyNet,34,0.28307053305680036,0.27482397444854473,27.482397444854474
80,2,ResDyNet,35,0.2862958386520871,0.2779588290425345,27.795882904253453
80,2,ResDyNet,36,0.2895824902585352,0.2811431528372676,28.114315283726757
80,2,ResDyNet,37,0.29296740360532614,0.2844017356113738,28.440173561137378
80,2,ResDyNet,38,0.2964432273170752,0.28772700459874223,28.772700459874223
80,2,ResDyNet,39,0.30000649276741476,0.2911219164806982,29.112191648069818
80,2,ResDyNet,40,0.3036519896891444,0.29456601677881344,29.456601677881345
80,2,ResDyNet,41,0.3073716552959947,0.29804860981539344,29.804860981539342
80,2,ResDyNet,42,0.3111154964579638,0.30150921312410156,30.150921312410155
80,2,ResDyNet,43,0.31488248159901455,0.30496218451842166,30.496218451842164
80,2,ResDyNet,44,0.318652154401082,0.3083830814688705,30.83830814688705
80,2,ResDyNet,45,0.3223877135175521,0.31173029346510256,31.173029346510255
80,2,ResDyNet,46,0.32607764502817804,0.31499650890782877,31.499650890782874
80,2,ResDyNet,47,0.329707797102731,0.3181666771865393,31.816667718653928
80,2,ResDyNet,48,0.33326000635593345,0.3212356747344376,32.12356747344376
80,2,ResDyNet,49,0.33674410165176666,0.324207091987494,32.4207091987494
80,2,ResDyNet,50,0.3401256225899837,0.3270415697908301,32.70415697908302
80,2,ResDyNet,51,0.34341726751875545,0.3297771497786145,32.97771497786145
80,2,ResDyNet,52,0.34663688169238743,0.33244328475232293,33.244328475232294
80,2,ResDyNet,53,0.3497760542888609,0.3350236107315978,33.50236107315978
80,2,ResDyNet,54,0.3528229678579351,0.33750930588151085,33.750930588151085
80,2,ResDyNet,55,0.3557696742506926,0.3398985036695597,33.98985036695598
80,2,ResDyNet,56,0.35864692758086925,0.34221503760973043,34.22150376097304
80,2,ResDyNet,57,0.3614773247161859,0.34449836282619845,34.44983628261985
80,2,ResDyNet,58,0.3642267785199967,0.34670625095343255,34.670625095343254
80,2,ResDyNet,59,0.36694381938226706,0.34888664264880653,34.88866426488065
80,2,ResDyNet,60,0.36959944274719786,0.35100512605806405,35.10051260580641
80,2,ResDyNet,61,0.372206670302346,0.3530830154569334,35.30830154569334
80,2,ResDyNet,62,0.37474695302148314,0.35509910601913397,35.50991060191339
80,2,ResDyNet,63,0.377230550700238,0.35706787995622036,35.70678799562204
80,2,ResDyNet,64,0.3796589740939668,0.3589847600028022,35.898476000280226
80,2,ResDyNet,65,0.38200743177666974,0.3608341506921458,36.08341506921458
80,2,ResDyNet,66,0.38429766311035246,0.362636697785153,36.2636697785153
80,2,ResDyNet,67,0.3865321980831984,0.3643965883749623,36.43965883749623
80,2,ResDyNet,68,0.3887205761675321,0.36613217870226783,36.613217870226784
80,2,ResDyNet,69,0.3908517133211051,0.36782462770952173,36.78246277095217
80,2,ResDyNet,70,0.39291363756469916,0.3694600934705297,36.946009347052964
80,2,ResDyNet,71,0.39494030948319503,0.3710636987779918,37.10636987779918
80,2,ResDyNet,72,0.39694431795293517,0.3726610699818503,37.26610699818503
80,2,ResDyNet,73,0.3989232900514957,0.3742527807750998,37.42527807750999
80,2,ResDyNet,74,0.40088982989958555,0.37585082126129093,37.585082126129095
80,2,ResDyNet,75,0.40284428717432835,0.37745812173458915,37.745812173458916
80,2,ResDyNet,76,0.40475062881820567,0.3790250600235376,37.90250600235376
80,2,ResDyNet,77,0.4066092157110392,0.38056568590965967,38.056568590965966
80,2,ResDyNet,78,0.4084310253811211,0.3820888927350836,38.208889273508355
80,2,ResDyNet,79,0.41019611744155104,0.38357205556391627,38.35720555639163
80,2,ResDyNet,80,0.4118874906637683,0.38499364490765753,38.49936449076576
80,2,ResDyNet,81,0.4135023264047994,0.38635401645009754,38.63540164500975
80,2,ResDyNet,82,0.4150338125778568,0.3876541997481077,38.765419974810776
80,2,ResDyNet,83,0.4164656058549037,0.3888818289216696,38.88818289216696
80,2,ResDyNet,84,0.41780758492431674,0.3900510899444949,39.005108994449486
80,2,ResDyNet,85,0.41906100057616125,0.39116072368906907,39.116072368906906
80,2,ResDyNet,86,0.42020444762335313,0.3921667411037812,39.21667411037812
80,2,ResDyNet,87,0.42127369262382836,0.39312397078580996,39.312397078581
80,2,ResDyNet,88,0.4222497358895355,0.3939867899505339,39.39867899505339
80,2,ResDyNet,89,0.4231849249410516,0.3948257642711867,39.482576427118666
80,2,ResDyNet,90,0.4241192841545696,0.3956661880893713,39.566618808937136
80,2,ResDyNet,91,0.42506162353253574,0.3965179613483148,39.65179613483148
80,2,ResDyNet,92,0.4260441401085484,0.39740727961135336,39.740727961135335
80,2,ResDyNet,93,0.42707304406872876,0.3983333451223826,39.83333451223826
80,2,ResDyNet,94,0.42819332357242545,0.3993486655195066,39.934866551950655
80,2,ResDyNet,95,0.42940812429471653,0.40044848705712754,40.04484870571275
80,2,ResDyNet,96,0.43072066439635526,0.40163581358240547,40.16358135824055
80,2,ResDyNet,97,0.4321473527124277,0.4029327977057444,40.29327977057444
80,2,ResDyNet,98,0.4336467641231784,0.40429373614886094,40.429373614886096
80,2,ResDyNet,99,0.4351730306934354,0.4056670109135648,40.56670109135648
80,2,ResDyNet,100,0.4367569725662475,0.4070924845998897,40.70924845998897
80,2,Plain,1,0.46141400566074037,0.4424279034232542,44.24279034232542
80,2,Plain,2,0.5927680458061332,0.5684617956006707,56.84617956006706
80,2,Plain,3,0.6200508960638427,0.5947363823837927,59.473638238379266
80,2,Plain,4,0.623736870559915,0.5984081182505027,59.840811825050274
80,2,Plain,5,0.6221476327200988,0.5970452112973845,59.70452112973845
80,2,Plain,6,0.6188684105093356,0.5940736824962166,59.40736824962166
80,2,Plain,7,0.6155550792882865,0.5910884294706761,59.10884294706761
80,2,Plain,8,0.6132949681449005,0.5891334919683152,58.913349196831525
80,2,Plain,9,0.6131385190436855,0.5892195338162701,58.92195338162701
80,2,Plain,10,0.614954802346571,0.5912235092534304,59.122350925343035
80,2,Plain,11,0.6189317703623546,0.5953238600912099,59.532386009120984
80,2,Plain,12,0.6251176543979622,0.6015668523081059,60.156685230810595
80,2,Plain,13,0.6324373988737111,0.6089225617167389,60.892256171673885
80,2,Plain,14,0.6409923016651399,0.6174811967672497,61.74811967672497
80,2,Plain,15,0.6506018121574876,0.6270803571309134,62.708035713091334
80,2,Plain,16,0.6613975481701012,0.6378302047523255,63.783020475232554
80,2,Plain,17,0.6730801609823917,0.6494659170356374,64.94659170356374
80,2,Plain,18,0.6857175863752921,0.6620385049987993,66.20385049987993
80,2,Plain,19,0.6990228137048068,0.6752719547716269,67.52719547716269
80,2,Plain,20,0.7130376605565873,0.689195394054195,68.91953940541951
80,2,Plain,21,0.7275819290247334,0.7036528489886772,70.36528489886771
80,2,Plain,22,0.7428011687003747,0.7186986862900712,71.86986862900713
80,2,Plain,23,0.7584031951320573,0.7341219000946008,73.41219000946008
80,2,Plain,24,0.7742007500217687,0.7497443367889528,74.97443367889528
80,2,Plain,25,0.7900946925300546,0.7654362207047593,76.54362207047592
80,2,Plain,26,0.8060862604702572,0.7812277124757462,78.12277124757462
80,2,Plain,27,0.82211695450481,0.7970477128133167,79.70477128133166
80,2,Plain,28,0.8381278108475089,0.8128220295667679,81.28220295667678
80,2,Plain,29,0.8541255193711681,0.8285741287993863,82.85741287993862
80,2,Plain,30,0.8700145996796096,0.8441839949239939,84.41839949239939
80,2,Plain,31,0.8858215639314251,0.8597062851146408,85.97062851146408
80,2,Plain,32,0.9015116272792081,0.875064994181223,87.50649941812229
80,2,Plain,33,0.916943221051125,0.8901555976214814,89.01555976214814
80,2,Plain,34,0.9321678850582368,0.9050114833874068,90.50114833874066
80,2,Plain,35,0.9469912775163348,0.9194146441360278,91.94146441360279
80,2,Plain,36,0.9611626314381463,0.9331513530069879,93.3151353006988
80,2,Plain,37,0.9745588734950098,0.9460650968898684,94.60650968898683
80,2,Plain,38,0.9871691450585761,0.9581437353473479,95.8143735347348
80,2,Plain,39,0.9993808919106475,0.9697846132042707,96.97846132042707
80,2,Plain,40,1.011340664186677,0.9810790021856366,98.10790021856366
80,2,Plain,41,1.0229626257616748,0.9919346278295061,99.1934627829506
80,2,Plain,42,1.0343288517419158,1.0023919790263396,100.23919790263396
80,2,Plain,43,1.0454194936291248,1.0124838031519052,101.24838031519052
80,2,Plain,44,1.05630618874291,1.0222650402958355,102.22650402958355
80,2,Plain,45,1.0668360756166062,1.0315688501355273,103.15688501355274
80,2,Plain,46,1.0770570410373335,1.0404552811096208,104.04552811096208
80,2,Plain,47,1.086983927404483,1.0489350490843887,104.89350490843887
80,2,Plain,48,1.0965434041709712,1.0569790961902725,105.69790961902726
80,2,Plain,49,1.1058168950351275,1.0646472441578922,106.46472441578923
80,2,Plain,50,1.1147939292920885,1.0719097075155457,107.19097075155457
80,2,Plain,51,1.1234015755435838,1.0787814262115836,107.87814262115835
80,2,Plain,52,1.1316204821587241,1.0852844865933824,108.52844865933824
80,2,Plain,53,1.139514402729914,1.0914533027694278,109.14533027694279
80,2,Plain,54,1.147100228656857,1.0973123555448003,109.73123555448004
80,2,Plain,55,1.1542990992091584,1.1028048903680547,110.28048903680548
80,2,Plain,56,1.160878821251262,1.107691601192546,110.76916011925461
80,2,Plain,57,1.1670890556949713,1.1122696818534037,111.22696818534037
80,2,Plain,58,1.1730145523353495,1.1165886248302854,111.65886248302854
80,2,Plain,59,1.1786899571085923,1.1206870374646665,112.06870374646664
80,2,Plain,60,1.1840752054924333,1.1245051228347682,112.45051228347683
80,2,Plain,61,1.1891650672481613,1.1280668008420194,112.80668008420194
80,2,Plain,62,1.1940041852377028,1.1314029783097572,113.14029783097573
80,2,Plain,63,1.1985322471391142,1.1344716586467563,113.44716586467563
80,2,Plain,64,1.2027639498346123,1.1372678043546927,113.72678043546927
80,2,Plain,65,1.2066405860439202,1.1397608916424802,113.97608916424802
80,2,Plain,66,1.2102033493062456,1.1419901507830077,114.19901507830077
80,2,Plain,67,1.213228322485024,1.1437501554224032,114.37501554224032
80,2,Plain,68,1.2160096303905847,1.1453477963203103,114.53477963203103
80,2,Plain,69,1.2185570321880042,1.1467655671734003,114.67655671734003
80,2,Plain,70,1.2209187040184615,1.1480404225783625,114.80404225783624
80,2,Plain,71,1.2234842246150848,1.1495169545399728,114.95169545399727
80,2,Plain,72,1.2258983317480694,1.1509034475015911,115.09034475015912
80,2,Plain,73,1.228104441136335,1.152155097583278,115.2155097583278
80,2,Plain,74,1.2301521026265374,1.1533185517933888,115.33185517933887
80,2,Plain,75,1.2320241501206168,1.1543852958623178,115.43852958623177
80,2,Plain,76,1.2338154170212314,1.155395271058325,115.53952710583252
80,2,Plain,77,1.2354338025272134,1.156303630827872,115.6303630827872
80,2,Plain,78,1.236879959081861,1.1571062545280595,115.71062545280596
80,2,Plain,79,1.2382914059232542,1.1579192482844345,115.79192482844346
80,2,Plain,80,1.2398554162315867,1.158900104211124,115.8900104211124
80,2,Plain,81,1.2415464879452633,1.1600333096012243,116.00333096012243
80,2,Plain,82,1.24335323543346,1.161329725143204,116.1329725143204
80,2,Plain,83,1.24507612785455,1.1626109694049465,116.26109694049464
80,2,Plain,84,1.2465477305889527,1.1637349787992308,116.3734978799231
80,2,Plain,85,1.24790508975349,1.1648219646593754,116.48219646593755
80,2,Plain,86,1.2492212351729979,1.1658682422004145,116.58682422004145
80,2,Plain,87,1.2504619840425106,1.1669054799546923,116.69054799546923
80,2,Plain,88,1.2516691211859896,1.1678896568103103,116.78896568103103
80,2,Plain,89,1.2528198102148924,1.168863799037928,116.8863799037928
80,2,Plain,90,1.2538915995673872,1.1697711658338588,116.97711658338588
80,2,Plain,91,1.2549170986130103,1.1706471298627716,117.06471298627717
80,2,Plain,92,1.2558784532021634,1.1714636879700437,117.14636879700437
80,2,Plain,93,1.256753196337633,1.172180524252084,117.2180524252084
80,2,Plain,94,1.257437171447465,1.1727316348668677,117.27316348668677
80,2,Plain,95,1.2577947479319445,1.1729680351647356,117.29680351647357
80,2,Plain,96,1.25784363557665,1.1729064651269923,117.29064651269923
80,2,Plain,97,1.2576264114531415,1.1726068093552784,117.26068093552784
80,2,Plain,98,1.2572752553172715,1.1721718052422652,117.21718052422652
80,2,Plain,99,1.2568730655503955,1.1716533508226188,117.16533508226186
80,2,Plain,100,1.256411493748267,1.1710761562993937,117.10761562993937
80,3,ResDyNet,1,0.45216936521776746,0.4335636582141619,43.35636582141618
80,3,ResDyNet,2,0.3666242774845699,0.3515909748580458,35.15909748580459
80,3,ResDyNet,3,0.34178641645185553,0.32783247013897915,32.783247013897906
80,3,ResDyNet,4,0.34104095357437736,0.32719193767012766,32.71919376701277
80,3,ResDyNet,5,0.3331916654187994,0.31974804342298674,31.974804342298672
80,3,ResDyNet,6,0.3386936646142409,0.32512403147209173,32.51240314720917
80,3,ResDyNet,7,0.3330994805206065,0.3198596769375566,31.985967693755658
80,3,ResDyNet,8,0.34007892752174523,0.3266811184212898,32.66811184212897
80,3,ResDyNet,9,0.3365859641653521,0.32345549779507204,32.3455497795072
80,3,ResDyNet,10,0.3442828941790851,0.3309969124491399,33.09969124491399
80,3,ResDyNet,11,0.34315997762203154,0.3300708289496245,33.00708289496245
80,3,ResDyNet,12,0.35107645366451795,0.33784993219213283,33.784993219213284
80,3,ResDyNet,13,0.3520332222656491,0.3389441735943292,33.89441735943292
80,3,ResDyNet,14,0.35945893454781375,0.3462742571426668,34.62742571426668
80,3,ResDyNet,15,0.3624459221059877,0.349342276685588,34.9342276685588
80,3,ResDyNet,16,0.3686170588279796,0.35548225837538533,35.54822583753853
80,3,ResDyNet,17,0.3737042635387031,0.3605932789120504,36.059327891205044
80,3,ResDyNet,18,0.3781902014761191,0.3651306026930655,36.51306026930655
80,3,ResDyNet,19,0.3855117201069937,0.37241309971602127,37.24130997160213
80,3,ResDyNet,20,0.3880913122298458,0.37511447102594025,37.511447102594026
80,3,ResDyNet,21,0.39754545336949604,0.38447077876288477,38.447077876288475
80,3,ResDyNet,22,0.3984320619964664,0.38550370085404545,38.55037008540455
80,3,ResDyNet,23,0.4097561632439341,0.39663727034236906,39.663727034236906
80,3,ResDyNet,24,0.4091346773604001,0.39621042388077043,39.62104238807704
80,3,ResDyNet,25,0.42201457119676944,0.4088437012844598,40.88437012844598
80,3,ResDyNet,26,0.4201584822736922,0.40720139528549776,40.72013952854977
80,3,ResDyNet,27,0.4345121817587706,0.4212623748514676,42.12623748514676
80,3,ResDyNet,28,0.4318492235981373,0.41881030297386923,41.88103029738692
80,3,ResDyNet,29,0.44749877786527437,0.43411173369634604,43.411173369634604
80,3,ResDyNet,30,0.4443036985724967,0.4311123874916128,43.111238749161274
80,3,ResDyNet,31,0.4610310621816985,0.44743921115626406,44.74392111562641
80,3,ResDyNet,32,0.45749592472351147,0.44407488111312343,44.40748811131235
80,3,ResDyNet,33,0.4750100304748287,0.46113306456294073,46.11330645629407
80,3,ResDyNet,34,0.471211250067365,0.4574836778309069,45.74836778309069
80,3,ResDyNet,35,0.4892168111460406,0.47497068980916846,47.49706898091685
80,3,ResDyNet,36,0.48512630375204624,0.4709882094023475,47.098820940234745
80,3,ResDyNet,37,0.5033488682377456,0.48863214809278194,48.8632148092782
80,3,ResDyNet,38,0.4990112709040348,0.4843390066208446,48.43390066208446
80,3,ResDyNet,39,0.5172248196013873,0.5019074065522826,50.19074065522826
80,3,ResDyNet,40,0.5128190017027469,0.4974742659012653,49.74742659012653
80,3,ResDyNet,41,0.5307214331617635,0.5146238523548012,51.46238523548013
80,3,ResDyNet,42,0.526553110778841,0.5102947808979584,51.02947808979585
80,3,ResDyNet,43,0.5438775198846734,0.5267427890310757,52.67427890310757
80,3,ResDyNet,44,0.5403417120545608,0.5229283402233441,52.29283402233442
80,3,ResDyNet,45,0.5567217080333094,0.5383177278378759,53.83177278378759
80,3,ResDyNet,46,0.5539875430640981,0.5351613172639804,53.51613172639804
80,3,ResDyNet,47,0.5690959786981137,0.549175294408288,54.9175294408288
80,3,ResDyNet,48,0.5674099690238934,0.5469372885258948,54.69372885258949
80,3,ResDyNet,49,0.5809595370050579,0.5593303672757071,55.93303672757071
80,3,ResDyNet,50,0.5803354898371892,0.5580109729941701,55.80109729941701
80,3,ResDyNet,51,0.5921839776619829,0.5686631476306471,56.8663147630647
80,3,ResDyNet,52,0.5927878416252171,0.5685152031975911,56.85152031975911
80,3,ResDyNet,53,0.6030097255685473,0.577576689682151,57.7576689682151
80,3,ResDyNet,54,0.6048725860784515,0.5786191525838932,57.86191525838931
80,3,ResDyNet,55,0.6135596126397279,0.5861882260975542,58.61882260975542
80,3,ResDyNet,56,0.6167273390532588,0.5884711489169825,58.847114891698254
80,3,ResDyNet,57,0.6240164550389937,0.5947057600537663,59.470576005376635
80,3,ResDyNet,58,0.6284952696028261,0.5982625427800592,59.82625427800592
80,3,ResDyNet,59,0.6344768802736815,0.6032544953873966,60.32544953873966
80,3,ResDyNet,60,0.6400701990027242,0.6078686678124454,60.78686678124455
80,3,ResDyNet,61,0.644789387644425,0.6116606699691597,61.166066996915966
80,3,ResDyNet,62,0.6513386690751514,0.6171892185899097,61.718921858990974
80,3,ResDyNet,63,0.6547874411413294,0.619789576947818,61.9789576947818
80,3,ResDyNet,64,0.6620839509105024,0.6260303705095293,62.60303705095293
80,3,ResDyNet,65,0.6642982202237837,0.6274785885340786,62.74785885340786
80,3,ResDyNet,66,0.6722363619836478,0.6343457112588613,63.43457112588612
80,3,ResDyNet,67,0.6732678122425584,0.6347116619533361,63.47116619533361
80,3,ResDyNet,68,0.6816083485604694,0.6420003595913167,64.20003595913167
80,3,ResDyNet,69,0.6816361972700852,0.641477501438561,64.1477501438561
80,3,ResDyNet,70,0.6904842409558987,0.64926830685913,64.926830685913
80,3,ResDyNet,71,0.6897101912550182,0.6480128984221931,64.80128984221932
80,3,ResDyNet,72,0.6990559194936693,0.6562908578188672,65.62908578188673
80,3,ResDyNet,73,0.6977626982357636,0.6546111411599,65.46111411599001
80,3,ResDyNet,74,0.7078056256500801,0.6635970928985133,66.35970928985134
80,3,ResDyNet,75,0.706092386443913,0.6615963399348843,66.15963399348843
80,3,ResDyNet,76,0.7167743013289963,0.6712168017571517,67.12168017571517
80,3,ResDyNet,77,0.7146830957903811,0.6689072752123587,66.89072752123587
80,3,ResDyNet,78,0.7258454963644371,0.6790314270171853,67.90314270171854
80,3,ResDyNet,79,0.7233344598718575,0.6763859379356449,67.6385937935645
80,3,ResDyNet,80,0.7348307223361771,0.6868505710780923,68.68505710780923
80,3,ResDyNet,81,0.7319147148993553,0.6838611822547944,68.38611822547944
80,3,ResDyNet,82,0.7436059933557636,0.6945506065922032,69.45506065922034
80,3,ResDyNet,83,0.7402323832029835,0.6912045531733865,69.12045531733864
80,3,ResDyNet,84,0.751951511049054,0.7019966057419058,70.19966057419059
80,3,ResDyNet,85,0.7481340049584949,0.6983246792080838,69.83246792080838
80,3,ResDyNet,86,0.759869768082878,0.7091682448812495,70.91682448812494
80,3,ResDyNet,87,0.7556264622282329,0.7051351187201919,70.51351187201918
80,3,ResDyNet,88,0.7674947269224411,0.7161230856121609,71.61230856121608
80,3,ResDyNet,89,0.7629064954739434,0.7117813570152829,71.17813570152829
80,3,ResDyNet,90,0.7751045177785145,0.7231047051576772,72.31047051576773
80,3,ResDyNet,91,0.7702910159868193,0.7185645713335885,71.85645713335886
80,3,ResDyNet,92,0.7830174360588901,0.7303863610778406,73.03863610778404
80,3,ResDyNet,93,0.7781165032585204,0.7257534839590991,72.57534839590991
80,3,ResDyNet,94,0.791546788041423,0.7382253204308257,73.82253204308256
80,3,ResDyNet,95,0.78682942098767,0.7337649973997591,73.37649973997591
80,3,ResDyNet,96,0.8009317327806266,0.7468480031487312,74.68480031487312
80,3,ResDyNet,97,0.7965111958510805,0.7426644697319105,74.26644697319105
80,3,ResDyNet,98,0.8109587922715744,0.7560659668547921,75.60659668547922
80,3,ResDyNet,99,0.8067448151038328,0.7520451283290548,75.20451283290548
80,3,ResDyNet,100,0.8210696091930616,0.765302647080613,76.53026470806131
80,3,Plain,1,0.4331355288165809,0.41531301946075155,41.53130194607515
80,3,Plain,2,0.755537715198758,0.7245571505829477,72.45571505829476
80,3,Plain,3,0.7671336474299181,0.7358142584320643,73.58142584320643
80,3,Plain,4,0.7701067378106424,0.7388341872617141,73.88341872617141
80,3,Plain,5,0.7714894418156282,0.7403613749821034,74.03613749821034
80,3,Plain,6,0.7721408607775059,0.741205330209647,74.1205330209647
80,3,Plain,7,0.7722176655153318,0.7415241015421756,74.15241015421756
80,3,Plain,8,0.7737599589232624,0.7432767758140494,74.32767758140494
80,3,Plain,9,0.776006959214225,0.7457343561770406,74.57343561770406
80,3,Plain,10,0.7787471677344754,0.7486950773817526,74.86950773817526
80,3,Plain,11,0.7817824418244088,0.7519629195088201,75.196291950882
80,3,Plain,12,0.7852112436509475,0.7556290450554479,75.5629045055448
80,3,Plain,13,0.7891895380503529,0.7598464544403561,75.9846454440356
80,3,Plain,14,0.7934940178533435,0.7643892672328838,76.43892672328839
80,3,Plain,15,0.7983305989446645,0.7694682488427722,76.94682488427723
80,3,Plain,16,0.803445598419388,0.7748167073873031,77.48167073873032
80,3,Plain,17,0.8088670132548924,0.7804888436419223,78.04888436419223
80,3,Plain,18,0.8146820691625077,0.7865496085184102,78.65496085184103
80,3,Plain,19,0.8209023231232773,0.7930103360633899,79.30103360633899
80,3,Plain,20,0.827880633138828,0.8001982935102907,80.01982935102907
80,3,Plain,21,0.8358119696926528,0.8083233657017895,80.83233657017895
80,3,Plain,22,0.8448382320319315,0.8174248413627587,81.74248413627586
80,3,Plain,23,0.8549912640659,0.8276175725117431,82.7617572511743
80,3,Plain,24,0.8659020806557233,0.8385488920892229,83.85488920892229
80,3,Plain,25,0.8770082224230811,0.8496372215194782,84.96372215194782
80,3,Plain,26,0.8878754533684059,0.8604946435803433,86.04946435803434
80,3,Plain,27,0.8981285635686866,0.8707414601805816,87.07414601805817
80,3,Plain,28,0.9077629040775538,0.8803546147831942,88.03546147831942
80,3,Plain,29,0.9169293792729271,0.8894991946394167,88.94991946394167
80,3,Plain,30,0.9256009242411066,0.8981199697326314,89.81199697326313
80,3,Plain,31,0.9340106960336385,0.9064747331061594,90.64747331061595
80,3,Plain,32,0.9421177078827946,0.9144798598489452,91.44798598489452
80,3,Plain,33,0.9499704673143168,0.9222179843213926,92.22179843213927
80,3,Plain,34,0.9577150523700434,0.929814397278567,92.9814397278567
80,3,Plain,35,0.9652036442054505,0.9370966619496072,93.70966619496072
80,3,Plain,36,0.9725359610877452,0.9441932283396128,94.41932283396129
80,3,Plain,37,0.9796565151890085,0.9510136957013976,95.10136957013977
80,3,Plain,38,0.9866036794209354,0.95759489590988,95.759489590988
80,3,Plain,39,0.9932788776923818,0.9638633077777539,96.38633077777538
80,3,Plain,40,0.9997977135084923,0.9698814434058376,96.98814434058376
80,3,Plain,41,1.006157331196266,0.9756390631720073,97.56390631720075
80,3,Plain,42,1.0124785449474056,0.9812163420582752,98.12163420582752
80,3,Plain,43,1.0186769428309972,0.9865837700043725,98.65837700043726
80,3,Plain,44,1.024732518779776,0.9917088821088212,99.17088821088213
80,3,Plain,45,1.0306687494401061,0.996597135240336,99.65971352403359
80,3,Plain,46,1.0363186299829856,1.0011012884142223,100.11012884142222
80,3,Plain,47,1.041509587687509,1.005052497042426,100.50524970424257
80,3,Plain,48,1.0460356754257523,1.0082937333704518,100.82937333704518
80,3,Plain,49,1.0498243651637014,1.0107393206230935,101.07393206230935
80,3,Plain,50,1.0528185183225094,1.0123183849401325,101.23183849401325
80,3,Plain,51,1.055003699321129,1.0131002307535835,101.31002307535836
80,3,Plain,52,1.056565340582353,1.0133025968378022,101.33025968378023
80,3,Plain,53,1.0578333567088243,1.0132173039616879,101.32173039616879
80,3,Plain,54,1.059154562551402,1.0131838167970313,101.31838167970311
80,3,Plain,55,1.0608157508990033,1.0134919092221353,101.34919092221354
80,3,Plain,56,1.063055667151513,1.0143503460892256,101.43503460892255
80,3,Plain,57,1.0659650994655463,1.015895621901241,101.5895621901241
80,3,Plain,58,1.069477172820287,1.0180317399382008,101.80317399382008
80,3,Plain,59,1.0733971181165463,1.0205756221729785,102.05756221729784
80,3,Plain,60,1.077550763805183,1.0233398591515301,102.33398591515302
80,3,Plain,61,1.0817502465285016,1.0261708601441928,102.61708601441929
80,3,Plain,62,1.085915434419469,1.0289812815439414,102.89812815439413
80,3,Plain,63,1.0900933724670419,1.0318287549579626,103.18287549579625
80,3,Plain,64,1.0942418822584978,1.034655272998652,103.46552729986522
80,3,Plain,65,1.09843525893574,1.0375529918488653,103.75529918488654
80,3,Plain,66,1.1026251485005831,1.0404756029762698,104.04756029762699
80,3,Plain,67,1.1068103928613684,1.0434264807347897,104.34264807347898
80,3,Plain,68,1.1110040156697565,1.0464440159422472,104.64440159422472
80,3,Plain,69,1.1151215818935905,1.0494240314967929,104.9424031496793
80,3,Plain,70,1.1192089950374833,1.052401903081098,105.2401903081098
80,3,Plain,71,1.1232928818111516,1.0553828047617184,105.53828047617185
80,3,Plain,72,1.1273169446656424,1.0583528213082516,105.83528213082516
80,3,Plain,73,1.1313175607339732,1.0613537830537225,106.13537830537224
80,3,Plain,74,1.1352718953536458,1.0643644273300914,106.43644273300914
80,3,Plain,75,1.139175982268889,1.0673881702740753,106.73881702740752
80,3,Plain,76,1.143132359167165,1.0704759429608923,107.04759429608923
80,3,Plain,77,1.147137247292499,1.0736625154571882,107.36625154571882
80,3,Plain,78,1.1511040866671813,1.0768625754791228,107.68625754791228
80,3,Plain,79,1.1549593319552616,1.0799959000439145,107.99959000439145
80,3,Plain,80,1.1585987411876513,1.0829490151216548,108.29490151216548
80,3,Plain,81,1.1617139273510069,1.085442120000776,108.54421200007761
80,3,Plain,82,1.1643538840438847,1.0875419290276755,108.75419290276756
80,3,Plain,83,1.1664744030764163,1.0892152746383352,108.92152746383351
80,3,Plain,84,1.1680884557987952,1.0904880422849041,109.04880422849043
80,3,Plain,85,1.169172430490882,1.0913311746961383,109.13311746961384
80,3,Plain,86,1.1698555017852565,1.0917981051658814,109.17981051658813
80,3,Plain,87,1.1701661098385308,1.0919750167962126,109.19750167962125
80,3,Plain,88,1.1702853901542665,1.0919532802585568,109.19532802585567
80,3,Plain,89,1.1702947762673783,1.0918690677053513,109.18690677053513
80,3,Plain,90,1.1702301178708856,1.091722322526136,109.17223225261361
80,3,Plain,91,1.1701428923406338,1.091565665940703,109.15656659407028
80,3,Plain,92,1.17017211559171,1.0915181629205861,109.15181629205863
80,3,Plain,93,1.1702133077727714,1.091464300698972,109.1464300698972
80,3,Plain,94,1.1703126673109205,1.0914761538829545,109.14761538829546
80,3,Plain,95,1.170389589476041,1.0914575525157568,109.14575525157568
80,3,Plain,96,1.1703951051747903,1.091362985656928,109.1362985656928
80,3,Plain,97,1.1704237290127506,1.0912993095346464,109.12993095346464
80,3,Plain,98,1.1703973731054826,1.0911745824009398,109.11745824009397
80,3,Plain,99,1.1703494665692382,1.0909963079993548,109.09963079993547
80,3,Plain,100,1.1702774010604262,1.090792282191965,109.07922821919648
80,4,ResDyNet,1,0.21472091504098567,0.20588565387535002,20.588565387535002
80,4,ResDyNet,2,0.23085268074960086,0.22138664583324386,22.138664583324385
80,4,ResDyNet,3,0.2516367390276933,0.24136328935935536,24.136328935935538
80,4,ResDyNet,4,0.2128094264598806,0.2041676457566303,20.416764575663027
80,4,ResDyNet,5,0.22844689761902537,0.21922951898548104,21.922951898548103
80,4,ResDyNet,6,0.21297194518748616,0.20443930502412314,20.44393050241231
80,4,ResDyNet,7,0.21647904027634565,0.20787458382800048,20.787458382800043
80,4,ResDyNet,8,0.20729871254944987,0.1991319360962686,19.913193609626862
80,4,ResDyNet,9,0.21047378529621108,0.20226304790996708,20.226304790996704
80,4,ResDyNet,10,0.20652275576017454,0.19855297972355176,19.855297972355174
80,4,ResDyNet,11,0.20791970819181044,0.19998902818855072,19.998902818855072
80,4,ResDyNet,12,0.2065037284646139,0.1987238674965673,19.87238674965673
80,4,ResDyNet,13,0.20814906870807465,0.20040981820871703,20.040981820871707
80,4,ResDyNet,14,0.2082361879567909,0.20059824465252554,20.059824465252557
80,4,ResDyNet,15,0.21037047170744252,0.20276486794686152,20.27648679468615
80,4,ResDyNet,16,0.21177051620919268,0.20422457278217215,20.422457278217216
80,4,ResDyNet,17,0.21457363757411252,0.2070455680870814,20.70455680870814
80,4,ResDyNet,18,0.2171717869785378,0.2096724483022089,20.967244830220892
80,4,ResDyNet,19,0.22076634575910134,0.21326531684771552,21.326531684771552
80,4,ResDyNet,20,0.22432540897962577,0.2168245061802204,21.682450618022038
80,4,ResDyNet,21,0.2286098622817027,0.22109122627200506,22.109122627200506
80,4,ResDyNet,22,0.23331982034298596,0.22574903679719377,22.574903679719377
80,4,ResDyNet,23,0.23844231426459134,0.2308082639082181,23.080826390821812
80,4,ResDyNet,24,0.24365173954736546,0.2359549662917244,23.59549662917244
80,4,ResDyNet,25,0.2490925091732452,0.24131845287668688,24.131845287668686
80,4,ResDyNet,26,0.2545219537845662,0.24667286056206264,24.667286056206265
80,4,ResDyNet,27,0.26005796716815954,0.25212788374509726,25.212788374509724
80,4,ResDyNet,28,0.26560039205041536,0.25758105974534556,25.758105974534555
80,4,ResDyNet,29,0.27114215495435756,0.26303086575319423,26.303086575319423
80,4,ResDyNet,30,0.27659367685249053,0.26838165150566273,26.838165150566272
80,4,ResDyNet,31,0.28203112691878546,0.2737164484164837,27.37164484164837
80,4,ResDyNet,32,0.2873773396648708,0.27894687373097105,27.894687373097103
80,4,ResDyNet,33,0.29264903943409587,0.2840995762989402,28.40995762989402
80,4,ResDyNet,34,0.2978764354479462,0.2891985435585532,28.919854355855318
80,4,ResDyNet,35,0.3030735359954641,0.29424795545649657,29.424795545649655
80,4,ResDyNet,36,0.3082583167462366,0.2992747074623641,29.927470746236413
80,4,ResDyNet,37,0.31346713557748745,0.30430210432374016,30.430210432374018
80,4,ResDyNet,38,0.3187047142998597,0.3093339444011465,30.933394440114647
80,4,ResDyNet,39,0.3239775343130284,0.31438306489926815,31.438306489926816
80,4,ResDyNet,40,0.32928357767130473,0.3194306481067688,31.943064810676876
80,4,ResDyNet,41,0.3346236285541742,0.3244739896589086,32.44739896589087
80,4,ResDyNet,42,0.3399456737947266,0.3294492038413757,32.944920384137575
80,4,ResDyNet,43,0.3452389857708238,0.33436231430514807,33.43623143051481
80,4,ResDyNet,44,0.35046623643081104,0.33917190406092623,33.91719040609262
80,4,ResDyNet,45,0.3555868326809555,0.34383192366270376,34.38319236627038
80,4,ResDyNet,46,0.3605895133317737,0.34833555620921597,34.8335556209216
80,4,ResDyNet,47,0.36543876792839225,0.3526469180548122,35.26469180548122
80,4,ResDyNet,48,0.37012754117202434,0.35677299453450206,35.6772994534502
80,4,ResDyNet,49,0.37465132130019513,0.36070302283606837,36.070302283606836
80,4,ResDyNet,50,0.37899126483392426,0.3644121170421604,36.441211704216045
80,4,ResDyNet,51,0.3831605590622311,0.36794188593973987,36.794188593973985
80,4,ResDyNet,52,0.38717232099036286,0.37131893619282946,37.13189361928295
80,4,ResDyNet,53,0.39103594630066174,0.3745432914835959,37.45432914835959
80,4,ResDyNet,54,0.39476008193228146,0.37762621308808925,37.762621308808924
80,4,ResDyNet,55,0.3983476026489114,0.3805769965241992,38.05769965241992
80,4,ResDyNet,56,0.4018434618626142,0.3834324647421688,38.343246474216876
80,4,ResDyNet,57,0.40526154946466875,0.3862259974857433,38.62259974857433
80,4,ResDyNet,58,0.40860571321385175,0.3889504102970569,38.89504102970569
80,4,ResDyNet,59,0.41192233310955734,0.3916517794811014,39.16517794811015
80,4,ResDyNet,60,0.41518533740354063,0.39429762287945036,39.42976228794504
80,4,ResDyNet,61,0.41840243642688946,0.3969052833151304,39.69052833151304
80,4,ResDyNet,62,0.4215628325532596,0.3994604459451727,39.94604459451727
80,4,ResDyNet,63,0.4246629758768296,0.4019650800041722,40.19650800041722
80,4,ResDyNet,64,0.42769160177528787,0.4044017855363941,40.44017855363941
80,4,ResDyNet,65,0.4306213111592108,0.406753539739804,40.6753539739804
80,4,ResDyNet,66,0.43347728186546364,0.4090443038042536,40.90443038042536
80,4,ResDyNet,67,0.43623235648630565,0.41125055876500294,41.12505587650029
80,4,ResDyNet,68,0.43888525498556213,0.4133818080649003,41.33818080649003
80,4,ResDyNet,69,0.44144923358910865,0.4154411877022202,41.54411877022202
80,4,ResDyNet,70,0.4439175777064938,0.41741953974719354,41.74195397471936
80,4,ResDyNet,71,0.446324039168984,0.41934096077529787,41.93409607752979
80,4,ResDyNet,72,0.4486674911588305,0.42122005470083784,42.122005470083785
80,4,ResDyNet,73,0.45096171535277013,0.4230730072743981,42.30730072743981
80,4,ResDyNet,74,0.45321845285962153,0.4249110728519295,42.49110728519295
80,4,ResDyNet,75,0.45544962557734975,0.4267484129438678,42.67484129438678
80,4,ResDyNet,76,0.45765399782058025,0.428565940713753,42.8565940713753
80,4,ResDyNet,77,0.45981506946372397,0.43036367731128394,43.0363677311284
80,4,ResDyNet,78,0.46195325261421066,0.43215915495652946,43.21591549565294
80,4,ResDyNet,79,0.46405956994173364,0.4339394635348323,43.39394635348323
80,4,ResDyNet,80,0.4661146241154586,0.4356800634896256,43.56800634896256
80,4,ResDyNet,81,0.4681110137744337,0.4373773949199727,43.737739491997274
80,4,ResDyNet,82,0.47003431741079127,0.43902634351230635,43.90263435123064
80,4,ResDyNet,83,0.4718521920641032,0.44059999397529315,44.05999939752932
80,4,ResDyNet,84,0.4735419998901861,0.44208286267737634,44.208286267737634
80,4,ResDyNet,85,0.4751066577794357,0.44347496863460417,44.347496863460414
80,4,ResDyNet,86,0.47652801115159843,0.4447321731955956,44.473217319559566
80,4,ResDyNet,87,0.47780145891236225,0.44587452305645453,44.58745230564545
80,4,ResDyNet,88,0.47892519602874817,0.4468687238188345,44.68687238188345
80,4,ResDyNet,89,0.47990825800556614,0.4477478605210134,44.77478605210134
80,4,ResDyNet,90,0.4807817443470572,0.448527306340143,44.85273063401429
80,4,ResDyNet,91,0.48155054153809485,0.4492135456266304,44.92135456266305
80,4,ResDyNet,92,0.4822472858690107,0.4498326908764279,44.98326908764279
80,4,ResDyNet,93,0.4828849821195934,0.450389442528489,45.0389442528489
80,4,ResDyNet,94,0.4834909870637532,0.45092127748218075,45.092127748218076
80,4,ResDyNet,95,0.4840822178273827,0.4514353147337958,45.143531473379575
80,4,ResDyNet,96,0.48467880385679946,0.4519503748119219,45.19503748119219
80,4,ResDyNet,97,0.48529293502416354,0.45248556722327204,45.2485567223272
80,4,ResDyNet,98,0.4859120204213505,0.4530212201006693,45.30212201006693
80,4,ResDyNet,99,0.4865096583539744,0.45352286324027846,45.35228632402785
80,4,ResDyNet,100,0.48709582672898394,0.45401232904475786,45.40123290447578
80,4,Plain,1,0.33105092309373985,0.3174289554149059,31.74289554149059
80,4,Plain,2,0.5765951666837087,0.5529520798340876,55.29520798340876
80,4,Plain,3,0.617092000450403,0.5918982881496587,59.18982881496587
80,4,Plain,4,0.6217060906355512,0.596459804385349,59.645980438534906
80,4,Plain,5,0.6239586688865529,0.5987831757511596,59.87831757511596
80,4,Plain,6,0.6261396226401404,0.601053576272348,60.105357627234795
80,4,Plain,7,0.6283928579131559,0.603415941111129,60.3415941111129
80,4,Plain,8,0.6311605262599046,0.6062952154210479,60.62952154210479
80,4,Plain,9,0.6348099491991305,0.6100455455195298,61.00455455195298
80,4,Plain,10,0.6399745069453691,0.6152776958325753,61.52776958325753
80,4,Plain,11,0.6470203055493382,0.6223410144732399,62.23410144732399
80,4,Plain,12,0.6561744285775692,0.6314535876364543,63.14535876364543
80,4,Plain,13,0.666341880936098,0.6415664314623838,64.15664314623838
80,4,Plain,14,0.6778910239246738,0.6530265022581447,65.30265022581447
80,4,Plain,15,0.6905826539224433,0.6656157563011422,66.56157563011422
80,4,Plain,16,0.7041354613158773,0.6790452530510029,67.9045253051003
80,4,Plain,17,0.7184023778381566,0.6931980559971473,69.31980559971474
80,4,Plain,18,0.7331966537975565,0.70787803345705,70.787803345705
80,4,Plain,19,0.74834136334704,0.7229147967082226,72.29147967082224
80,4,Plain,20,0.7634533028971761,0.7379252584239046,73.79252584239046
80,4,Plain,21,0.7786276943185927,0.7530197955069577,75.30197955069578
80,4,Plain,22,0.7937989299265852,0.7680416673480299,76.80416673480299
80,4,Plain,23,0.8088185012518138,0.7829230926001808,78.29230926001809
80,4,Plain,24,0.8237287870262063,0.7977078207500659,79.7707820750066
80,4,Plain,25,0.8384087082352589,0.8122423794324426,81.22423794324426
80,4,Plain,26,0.8527322000476039,0.8264351579556298,82.64351579556298
80,4,Plain,27,0.8667283489266923,0.8402987486842305,84.02987486842305
80,4,Plain,28,0.8801887701047317,0.8536130328320221,85.3613032832022
80,4,Plain,29,0.8932492796632348,0.866527491465826,86.6527491465826
80,4,Plain,30,0.9059659274390242,0.8790679330808259,87.9067933080826
80,4,Plain,31,0.9181576692634608,0.891089076098754,89.10890760987539
80,4,Plain,32,0.9299427414251803,0.9026620566947667,90.26620566947666
80,4,Plain,33,0.9412984391443675,0.9137993012001384,91.37993012001384
80,4,Plain,34,0.9522969742436057,0.9245541614338083,92.45541614338082
80,4,Plain,35,0.9627706722229549,0.9347345387467981,93.4734538746798
80,4,Plain,36,0.9727818344726239,0.9444319362067973,94.44319362067974
80,4,Plain,37,0.9823251771291466,0.9536043323326241,95.36043323326241
80,4,Plain,38,0.9915653272988114,0.9624106580869932,96.24106580869932
80,4,Plain,39,1.0004395194534927,0.9708118899017497,97.08118899017498
80,4,Plain,40,1.008915249714918,0.9787261617490728,97.87261617490728
80,4,Plain,41,1.0170498107701977,0.9862011574266862,98.62011574266862
80,4,Plain,42,1.0246802860204316,0.9930413311428969,99.3041331142897
80,4,Plain,43,1.0318696965889584,0.9993608892185335,99.93608892185335
80,4,Plain,44,1.038417885261495,1.004953215870178,100.49532158701778
80,4,Plain,45,1.0447071856521093,1.0101714920060154,101.01714920060154
80,4,Plain,46,1.0507440870476845,1.0150365234236238,101.50365234236239
80,4,Plain,47,1.0564433253768302,1.019463492900999,101.9463492900999
80,4,Plain,48,1.0618697737345488,1.0235565226551797,102.35565226551797
80,4,Plain,49,1.0669932901108103,1.0272690451300721,102.72690451300723
80,4,Plain,50,1.0718223540671703,1.0305911755245487,103.05911755245486
80,4,Plain,51,1.0763968601812142,1.0336436811868355,103.36436811868353
80,4,Plain,52,1.080629168734132,1.0363810933769908,103.63810933769908
80,4,Plain,53,1.0846669213295075,1.0389191140135468,103.89191140135468
80,4,Plain,54,1.0883448241411695,1.0411071262898222,104.11071262898221
80,4,Plain,55,1.0917750279725074,1.0430700681086074,104.30700681086073
80,4,Plain,56,1.0949964529322216,1.0448277219333693,104.48277219333691
80,4,Plain,57,1.0979270264444037,1.0463562642821485,104.63562642821483
80,4,Plain,58,1.1007313167662072,1.0477824549138544,104.77824549138545
80,4,Plain,59,1.1033376359223261,1.0490427775920572,104.90427775920573
80,4,Plain,60,1.1058097519092212,1.050177155247011,105.01771552470109
80,4,Plain,61,1.1080962829292884,1.0511632601196463,105.11632601196462
80,4,Plain,62,1.1103024428892554,1.0520896879933617,105.20896879933616
80,4,Plain,63,1.1123362793252891,1.0528827962629288,105.28827962629289
80,4,Plain,64,1.114254688460725,1.053578287919171,105.35782879191711
80,4,Plain,65,1.115987043850315,1.0541319452302866,105.41319452302866
80,4,Plain,66,1.117568647757852,1.0545768108268487,105.45768108268489
80,4,Plain,67,1.1190767141058058,1.0549903443289481,105.49903443289482
80,4,Plain,68,1.1204298824827617,1.0553221493984901,105.532214939849
80,4,Plain,69,1.121619686043514,1.0555392988943793,105.55392988943791
80,4,Plain,70,1.122730188285262,1.055712911562543,105.5712911562543
80,4,Plain,71,1.1236832920718023,1.0557496122814358,105.57496122814358
80,4,Plain,72,1.124563201658749,1.0557675397738133,105.57675397738133
80,4,Plain,73,1.125343807913181,1.0557494634749987,105.57494634749986
80,4,Plain,74,1.126110427786607,1.05577517199804,105.577517199804
80,4,Plain,75,1.1268397793800318,1.0558293617715984,105.58293617715984
80,4,Plain,76,1.127599529423146,1.0559303652473948,105.59303652473947
80,4,Plain,77,1.128432066986312,1.0561554115888223,105.61554115888224
80,4,Plain,78,1.12917160001906,1.056344644622896,105.63446446228959
80,4,Plain,79,1.129926578709528,1.056587914910417,105.65879149104168
80,4,Plain,80,1.1306447995391251,1.0568203024786496,105.68203024786496
80,4,Plain,81,1.1313391173981782,1.0570615545848143,105.70615545848143
80,4,Plain,82,1.1319400422524886,1.057266415275291,105.72664152752911
80,4,Plain,83,1.1322030682385729,1.0572138339816228,105.72138339816227
80,4,Plain,84,1.1323337073181197,1.0571086132874508,105.71086132874507
80,4,Plain,85,1.132349864747768,1.0569601846866612,105.69601846866611
80,4,Plain,86,1.132283246056398,1.056732819283159,105.6732819283159
80,4,Plain,87,1.1320358014452856,1.0563925949519293,105.63925949519292
80,4,Plain,88,1.1316334417001224,1.0558884688390757,105.58884688390758
80,4,Plain,89,1.1311432723623196,1.0553412484456401,105.53412484456402
80,4,Plain,90,1.1305541583564358,1.0547081233459137,105.47081233459137
80,4,Plain,91,1.1298265113517947,1.0539566033634202,105.39566033634203
80,4,Plain,92,1.1290029373035992,1.0531162002902719,105.31162002902718
80,4,Plain,93,1.1281475037499564,1.0522292970751566,105.22292970751565
80,4,Plain,94,1.1272312772931075,1.0512968828265972,105.12968828265971
80,4,Plain,95,1.1262717398956952,1.0503150470131408,105.03150470131408
80,4,Plain,96,1.1252298384344839,1.0492475494766553,104.92475494766553
80,4,Plain,97,1.1241523689836224,1.0481560426994723,104.81560426994723
80,4,Plain,98,1.1230088216606984,1.0469937050155564,104.69937050155565
80,4,Plain,99,1.121846693505302,1.0457821665381688,104.57821665381688
80,4,Plain,100,1.1206308266061542,1.0445176978900568,104.45176978900568
