prediction_step,resdynet_H5_seed0,resdynet_H5_seed1,resdynet_H5_seed2,resdynet_H5_seed3,resdynet_H5_seed4,resdynet_H5_mean,resdynet_H5_std,plain_H5_seed0,plain_H5_seed1,plain_H5_seed2,plain_H5_seed3,plain_H5_seed4,plain_H5_mean,plain_H5_std,resdynet_H10_seed0,resdynet_H10_seed1,resdynet_H10_seed2,resdynet_H10_seed3,resdynet_H10_seed4,resdynet_H10_mean,resdynet_H10_std,plain_H10_seed0,plain_H10_seed1,plain_H10_seed2,plain_H10_seed3,plain_H10_seed4,plain_H10_mean,plain_H10_std,resdynet_H20_seed0,resdynet_H20_seed1,resdynet_H20_seed2,resdynet_H20_seed3,resdynet_H20_seed4,resdynet_H20_mean,resdynet_H20_std,plain_H20_seed0,plain_H20_seed1,plain_H20_seed2,plain_H20_seed3,plain_H20_seed4,plain_H20_mean,plain_H20_std,resdynet_H40_seed0,resdynet_H40_seed1,resdynet_H40_seed2,resdynet_H40_seed3,resdynet_H40_seed4,resdynet_H40_mean,resdynet_H40_std,plain_H40_seed0,plain_H40_seed1,plain_H40_seed2,plain_H40_seed3,plain_H40_seed4,plain_H40_mean,plain_H40_std,resdynet_H80_seed0,resdynet_H80_seed1,resdynet_H80_seed2,resdynet_H80_seed3,resdynet_H80_seed4,resdynet_H80_mean,resdynet_H80_std,plain_H80_seed0,plain_H80_seed1,plain_H80_seed2,plain_H80_seed3,plain_H80_seed4,plain_H80_mean,plain_H80_std
1,4.65571278434108,4.0625838272010615,4.779615680148654,5.343218900076194,5.114410210290936,4.791108280411585,0.4895309421662806,5.08230112588863,4.848879896371749,5.591519953499223,4.916767593629291,5.8423174566281775,5.256357205203414,0.4379891164010715,5.907659117100075,6.679717421841592,4.831791563847588,6.419831307558402,6.518465991987614,6.071493080467055,0.750793342303316,8.200370083538118,9.65572743754194,13.927011007479605,9.514939845788827,8.573523192184794,9.974314313306657,2.2937647847090545,8.077835053182179,9.295541180079457,6.104027964919417,10.114827013364124,8.622444339500634,8.442935110209161,1.513123251386362,17.94180516257362,33.52804215366812,27.820860100054503,18.81046983457401,24.89684619718708,24.599604689611468,6.4811690958256065,9.258036661719323,14.71227970521549,9.765279944390496,21.735870684629067,10.857507797330639,13.265794958657002,5.194951393153621,49.744346534411115,41.688311910936804,39.845425371355624,40.86382845777762,35.56789086851269,41.54196062859877,5.155777290192469,10.309868404893525,31.057085119313953,11.07477325272398,43.35636582141618,20.588565387535002,23.27733159717653,14.035483388242193,36.32916949442621,29.244089521097102,44.24279034232542,41.53130194607515,31.74289554149059,36.6180493690829,6.334480761253062
2,5.956484654506803,4.877665308856899,6.1445398589958895,5.332511227931838,5.724451753283544,5.607130560714995,0.5079755482698521,6.504513975150863,7.4744040872011945,6.829211501172946,6.342532641206186,8.497571893828619,7.1296468197119625,0.8790161781593124,7.344239203304906,6.93163303578932,6.244108257658801,7.406558483254138,7.987759005000097,7.1828595970014515,0.6458166319114919,12.887699514504563,12.0483217398435,14.90304089033916,13.922278226508359,13.585879160140317,13.469443906267179,1.076084470652869,9.410641211096312,8.53655210551124,7.271756059517216,9.255530732427221,11.287226712160717,9.15234136414254,1.4620960813900394,24.63321008570665,46.797527954404295,44.20592912434814,32.57763131338258,48.11726263532766,39.26631222263386,10.226491079515723,10.106950214683062,10.835675623006736,14.625219314952803,19.195710397234105,16.708592488553496,14.294429607686041,3.855454591132683,66.10963013971104,57.77326842895793,59.852289076682034,57.47651455147289,56.31644887077477,59.50563021351972,3.9058370662391417,15.19372782438169,24.87086079102003,16.526240520762645,35.15909748580459,22.138664583324385,22.77771824105867,7.97944345869048,51.53293784432514,44.444852037450886,56.84617956006706,72.45571505829476,55.29520798340876,56.11497849670932,10.312774822760515
3,6.912909151054726,6.197674078444623,7.347935640032044,5.9220516814933735,6.311680285017969,6.538450167208547,0.5794364237406289,6.806449359753156,8.958445224201709,7.711479898720695,7.018372036764488,9.424326512163551,7.9838146063207205,1.1637669294242359,8.477460493585008,7.979661650744555,6.884050509849273,7.102815813334115,8.055153834639352,7.699828460430462,0.6766077298541519,12.374888375134626,11.76077150850858,14.613753632037513,14.457871022678537,13.784758059315807,13.398408519535014,1.2726192449842046,11.460666796321206,9.982032128801103,8.119627812496136,8.761642172147091,12.130264582728495,10.090846698498805,1.7102603301032904,26.95413770236053,49.931857883121964,47.5113869253293,35.76314554661674,50.69600042969763,42.17130569742523,10.416810648351056,15.80196821473762,14.007339720539221,15.163291345023746,20.2757610893148,18.59735229303569,16.769142532530214,2.587492202931651,66.22017537342748,60.22266047942492,64.17443708619484,59.49155993801953,57.91758540760429,61.60528365693422,3.4596375564153834,19.523378694499083,32.716585951841964,17.404389068336954,32.783247013897906,24.136328935935538,25.31278593290229,7.212282434991985,54.91477916653115,49.90645059212699,59.473638238379266,73.58142584320643,59.18982881496587,59.41322453104194,8.823353179306835
4,7.822049186712266,7.086965426507181,8.506944164126052,7.814093793031207,7.853296122557977,7.816669738586937,0.5025744302045169,8.170781845948799,11.897848887353453,9.51512165508748,8.809594666859216,11.348834519016556,9.948436314853101,1.612924503226618,9.374631907597013,7.7035425131454085,7.8589453215818335,7.78892398122997,8.277275688124563,8.200663882335757,0.6923693504470824,12.691705516521964,12.32698056233137,15.006800233004268,15.988590802809286,15.049079270265066,14.212631276986391,1.6088253168109037,11.254940945914479,10.166988898315656,9.196054887059104,9.283920178103818,11.430889480557777,10.266558877990168,1.055229436453969,29.141732456959215,50.71651001392567,48.95310823651992,38.28130036974683,51.762267692501624,43.77098375393065,9.786559473797702,15.89855181152787,13.664478848420528,17.695219939722577,20.86657634758584,15.950625311841392,16.81509045181964,2.6787526207139476,65.51467790382394,60.45212257933584,66.60134327177687,59.91311252825112,57.960036207557934,62.08825849814914,3.7602760581260526,18.96969578352219,26.96234159641241,21.330851314268976,32.71919376701277,20.416764575663027,24.079769407375874,5.701663862677751,55.87907223009566,51.85575067446048,59.840811825050274,73.88341872617141,59.645980438534906,60.221006778862545,8.306121372682838
5,8.947527416998929,8.374631653098318,9.933860643099917,9.52907800954167,9.834867788465122,9.323993102240792,0.6553634020342262,10.107932538153642,15.325620406042493,11.755353276137527,11.06350739613144,13.815905224612116,12.413663768215443,2.122408066381421,10.105680757745583,8.516036096433002,8.676453842314238,8.713167108486452,10.57650352596367,9.317568266188589,0.9519482090347203,13.623699199154744,13.541645437343819,15.934651877289294,18.049682564499626,17.0277597850542,15.635487772668336,2.017902747940857,12.215887023684472,11.051864895310048,10.288123472197654,9.780680871767013,10.596674470716785,10.786646146735194,0.9232619750235393,31.181676698429953,50.729766943561565,49.86101257465165,40.40619318129082,52.176545267176856,44.87103893302217,8.943271767376904,15.405843547970616,14.929533196843584,15.611337846356896,19.696774546275766,15.88484982059679,16.30566779160873,1.9275772975095415,64.8051671084018,60.68468884895836,68.5672932226122,60.393554374178585,58.2276537562913,62.53567146208845,4.126284356310949,18.599584423119875,24.075203275416737,17.890461353058093,31.974804342298672,21.922951898548103,22.892601058488296,5.662962507590531,56.361443294248595,53.04797891104335,59.70452112973845,74.03613749821034,59.87831757511596,60.60567968167133,8.013281521672036
6,10.199372709919002,9.976442614290189,11.73079988758051,12.013895536652024,12.22031978642068,11.228166106972482,1.058254214930072,12.324214590448022,18.891238415833765,14.195413064100652,13.493756717714676,16.567517542176763,15.094428066054775,2.628222825238517,11.19727206775551,9.588155048222692,9.476129066105036,9.982558378957739,11.482467730702803,10.345316458348755,0.9326460910494194,14.985784036008306,15.200392691704387,17.261109816511112,20.379893795906312,19.455081237757582,17.456452315577543,2.4378880780074392,12.836091687227341,11.093608877105984,11.07493394691162,11.086445018622403,11.535472621976973,11.525310430368865,0.7582972423525711,33.100275389676256,50.77593717192637,50.89871187642809,42.36353302654245,52.50852759866826,45.92939701264828,8.197099312915464,15.284551351624689,13.741033759291865,16.663944653943197,19.848497263503955,15.419958971853479,16.191597200043436,2.2923486370330504,64.13637967288793,61.03957292295097,70.13162931663256,61.032348942749586,58.54564082912683,62.97711433686957,4.463886124600089,19.18030678787452,25.216335547813397,20.049978523699778,32.51240314720917,20.44393050241231,23.480590901801836,5.569319820295628,57.00811738790058,55.40167692030534,59.40736824962166,74.1205330209647,60.105357627234795,61.20861064120542,7.458954412600135
7,11.557535312551552,11.69331244251826,13.795578959987097,14.333435733618593,14.458394452208493,13.167651380176801,1.4305167717065597,14.655179148005034,22.46337013771341,16.711983780748504,15.971028980842727,19.458254187463343,17.851963246954604,3.118578986084866,12.05810401192524,10.816430998756356,10.33981946604924,11.774772347235482,13.50162001722546,11.698149368238354,1.2258091424079032,16.620381785077186,17.134115330475943,18.858341782135845,22.833605133455784,22.144066285840815,19.518102063397116,2.8462127418722343,13.563247443635337,11.657263146094671,11.829013448945947,11.954100057474557,11.876003700787134,12.175925559387528,0.7831315975639007,34.932280529950305,51.034379882600696,52.23616498314109,44.30089703081798,52.99192496694454,47.09912947869093,7.6233635351404345,15.24048832841775,14.045680838291592,16.381022418864543,19.72434949912147,15.802707787740484,16.238849774487168,2.1310711381561998,63.57385748685073,61.592132623475806,71.29986455591168,61.81927170772185,59.0984689963324,63.476719074058494,4.655075528562464,18.915214893184665,26.59597217557294,19.14790286062428,31.985967693755658,20.787458382800043,23.486503201187517,5.677029738445436,57.84038272031658,57.15741513582835,59.10884294706761,74.15241015421756,60.3415941111129,61.72012901370861,7.056053730461753
8,13.030513394882243,13.48565258481799,16.037228649086266,16.767301525782322,16.974570763803694,15.259053383674503,1.8664612210294382,17.03141190901033,25.99263027614916,19.249827530791265,18.4480330405875,22.416584984498567,20.627697548207365,3.5904510505098215,13.212221959045705,12.166799288273197,11.18866638490295,13.328092531910373,15.289868612171896,13.037129755260825,1.5300687017239256,18.43205466116446,19.24461905988152,20.64301000858931,25.35432517752046,24.987397025687095,21.73228118656857,3.23965474523063,14.383912919021807,12.42396921878227,12.33468494215528,13.538548866326302,12.809423427408044,13.09810787473874,0.8613795752387808,36.72189123341775,51.69173939482925,53.850568917007834,46.29941805421862,53.66258083029116,48.44523968595293,7.228752355818621,15.420043042576475,14.353866477342844,16.970204909773752,19.644820877708526,15.464182580587046,16.37062357759773,2.0538021794952837,63.17511260336397,62.3115553211455,72.2884463476371,62.76130529873527,59.87565582434283,64.08241507904492,4.762883730585089,19.151307395433275,25.22348332599105,20.203054159299384,32.66811184212897,19.913193609626862,23.43183006649591,5.693144850456839,58.80406110338629,58.30395740842834,58.913349196831525,74.32767758140494,60.62952154210479,62.19571336643118,6.8385030634622535
9,14.542957273203092,15.28292403137417,18.424460897593256,19.13568401513207,19.315601232393337,17.340325489939186,2.256022261445494,19.407736939893155,29.451742365437656,21.77964839438824,20.89805045106429,25.40232662201395,23.38790095455946,4.045232404840227,14.350955317928197,13.553336644480243,12.10524991044321,15.177496292049616,17.21455537823485,14.48031870862722,1.902569918456631,20.35595700525987,21.458307955473945,22.55858710804017,27.905025221310225,27.925471432492277,24.040669744515295,3.6217121892696307,15.295271362233404,13.254131869294282,12.793840578127387,14.540011096486564,13.828006726803565,13.942252326589042,0.9991730859350703,38.50911298069343,52.7998803936625,55.7840698856363,48.39294694802096,54.656666247171664,50.02853529103697,7.028484329612942,15.687655687741424,14.559772580277507,17.23267357295476,19.9154921989828,16.022502780674362,16.683619364126173,2.042437666599261,62.901052643235346,63.19601743404091,73.39311895259888,63.8783395835207,60.929047223436825,64.85951516736654,4.894805346362915,19.52596444484893,25.30100166022788,19.908289270787456,32.3455497795072,20.226304790996704,23.461421989273635,5.497507195191335,60.08493789829652,59.42931082688245,58.92195338162701,74.57343561770406,61.00455455195298,62.802838455292616,6.62589095158428
10,16.068847149615117,17.022077908644132,20.903387101108255,21.537070934082415,21.786084412814944,19.463493501252973,2.7042364652446627,21.75153921572554,32.82730014854614,24.275175818988888,23.30038371981254,28.37957656411704,26.10679509343803,4.486918528736979,15.623377429069633,14.931145009194484,13.012322565759614,16.793783948918826,19.024979891236637,15.877121768835838,2.2313456144695674,22.339746482501237,23.72679558255616,24.56108635910743,30.465473330381773,30.909471966376692,26.400514744184658,3.99614480947694,16.255710519828053,14.116330831953432,13.085845210234634,16.18212349350867,14.93100068506114,14.914202148117187,1.3589554048765997,40.32249499275769,54.314725672116985,57.85530596359472,50.55969858241016,55.870361282584675,51.78451729869285,6.943138460326556,16.021046107455213,14.80307759105139,17.729758455407104,20.00489245359886,16.312822419506954,16.974319405403904,1.9884453989260635,62.810293104038884,64.21734767086386,74.71781379771441,65.15129026901921,62.2086259883339,65.82107416599405,5.106053017100419,19.764820937548784,25.94974282195936,20.502743704754614,33.09969124491399,19.855297972355174,23.834459336306384,5.783920760424705,61.75254630752271,60.59121971209598,59.122350925343035,74.86950773817526,61.52776958325753,63.5726788532789,6.399363181951742
11,17.57672768093539,18.710142114098325,23.465887656408846,23.870019999730985,24.13738451847981,21.55203239393067,3.1464004051470496,24.066014675018625,36.12469376264063,26.740806911709356,25.66157904881505,31.343568408917893,28.78733256142031,4.9147903298653155,16.89243981086642,16.29193452372866,13.952085301555975,18.695880767748328,20.973109240787963,17.361089928937467,2.6368726199665944,24.373809576564668,26.03912864932069,26.642942024949367,33.03806767942675,33.92929093055673,28.80464777216364,4.362831835058646,17.256285904594154,15.068001461852283,13.329853214516781,17.011767977503066,16.12559392537331,15.75830049676792,1.6065424387715335,42.195840735090506,56.02775905056229,60.073252279829724,52.778844902567364,57.274369867681806,53.67001336714634,6.9282508233680575,16.404067648029894,15.231913527411551,18.232178861827432,20.568414724903356,16.871869080977564,17.461688768629962,2.0422872273587407,62.90990645482412,65.40203448292816,76.01069356963042,66.56903792004702,63.734720767755626,66.92527863903706,5.2748179584176675,19.994001773879614,26.09117796761845,20.50955733623521,33.00708289496245,19.998902818855072,23.92014455831016,5.694485787602241,63.41806452981388,61.95793445906251,59.532386009120984,75.196291950882,62.23410144732399,64.46775567924067,6.161364086118872
12,19.066075709871875,20.348124561644468,26.107575960338142,26.229087619390906,26.550231364955128,23.660219043240104,3.6406364719446835,26.352182520875992,39.34551148908713,29.17974891166543,27.985394799440744,34.28908791238493,31.430385126690844,5.327824846561944,18.20869691883671,17.638313922290134,14.901676202587215,20.252440798135584,22.82445269287936,18.7651161069458,2.9663024806041163,26.44600795473431,28.379411280740605,28.794978390012748,35.620418932757474,36.97301483340539,31.242766278330105,4.722259762792513,18.292947433549436,16.089047324785078,13.489924088875885,18.81017542058611,17.37362868002373,16.811144589564048,2.124863663734264,44.14786140424504,57.93204408677128,62.3843571486256,55.018002804653065,58.83902263409169,55.66425761567733,6.953897344525942,16.840725383926493,15.702674403476733,18.776134486554664,20.831734688488808,17.446677517457562,17.919589295980852,1.9695535650374105,63.198665820053336,66.72486637027514,77.17599930968612,68.11733253986975,65.44990598463171,68.13335400490321,5.369021534962175,20.237606975292707,26.220547699577114,20.873061603639982,33.784993219213284,19.87238674965673,24.197719249475963,5.9466796624142795,65.0995132947906,63.410079654923386,60.156685230810595,75.5629045055448,63.14535876364543,65.47490828994296,5.91359458879579
13,20.523240384078807,21.929057105011413,28.818969157853076,28.563481467609048,28.882576916099826,25.743465006130428,4.15528864684448,28.613419666029507,42.494684688594546,31.59233506648015,30.27753738782157,37.21168699486604,34.03793276075836,5.725736478074799,19.520761047013018,18.96643618076741,15.875547638348255,22.174911762767092,24.716961141101304,20.250923553999417,3.353139642884906,28.55007570042281,30.744720566083554,31.012677554526,38.21894257447631,40.030905904866536,33.71146446007504,5.0738952775042065,19.36392333229852,17.135285300416577,13.631445478403661,19.32579191062661,18.632485137949427,17.617786231938958,2.4041428718857647,46.193039751286506,59.99117918702913,64.82176893152302,57.270309073327454,60.51051476801529,57.757362342236284,7.007966971752885,17.334689882387526,16.198062469897465,19.409433173148432,21.66583495015145,18.13382174349931,18.548368443816837,2.0993351730056937,63.67156504779448,68.18576159540336,78.16343530510377,69.76189372949933,67.3433405947431,69.42519925450881,5.372261633151585,20.466777897002032,26.726607830661983,21.000761123969934,33.89441735943292,20.040981820871707,24.42590920638772,5.94936570341153,66.8534958209002,64.93764847612171,60.892256171673885,75.9846454440356,64.15664314623838,66.56493781179395,5.688616447999952
14,21.951164976143264,23.461423067828974,31.598957758455963,30.90934205987535,31.231936227861976,27.830564818033103,4.7144916019679926,30.853460665360195,45.57647460059125,33.983002428522596,32.54267964851669,40.11369925430606,36.613863319459355,6.108507526288242,20.842714999630303,20.281178628489346,16.861714112735342,23.715770380891833,26.58523781500717,21.6573231873508,3.676845596737302,30.686826313348167,33.13057731257504,33.29403300854398,40.83369974918935,43.10103545510184,36.20923436775168,5.416551514551772,20.465968870421925,18.20217786141214,13.743353945157574,21.358586123899624,19.93514766490735,18.741046893159723,3.0215914160041493,48.33527473519274,62.22263443101202,67.3230615944192,59.537597733972405,62.300763103254496,59.94386631957017,7.073272265994399,17.878876524341536,16.745275274608094,20.049865765087855,22.10235015193813,18.87243316272534,19.129760175740195,2.061527395332875,64.27835434705077,69.76544236558625,78.98762716527634,71.4711021461067,69.33427372512571,70.76735994982916,5.320545433931481,20.692681150423997,27.22799179927685,21.264422019795106,34.62742571426668,20.059824465252557,24.774469029803036,6.211075290982228,68.58513748461961,66.55122686170924,61.74811967672497,76.43892672328839,65.30265022581447,67.72521219443135,5.469025859638459
15,23.345943309429916,24.937487308814912,34.44369762548167,33.252942020231764,33.519364460819155,29.899886944955483,5.304936348641628,33.06557719824062,48.58759756306994,36.34718066709968,34.778024191239936,42.99074958280872,39.15382584049178,6.477069195455306,22.15099570978087,21.575438067374797,17.869831615232442,25.62760919664276,28.455270190443635,23.1358289558949,4.050952605730254,32.84795705136793,35.52699075333041,35.63023210231824,43.46354316889094,46.174916824465896,38.72872798007468,5.7510752878939435,21.59588203665943,19.295856270653086,13.866871966354175,21.50943326007203,21.249318740333127,19.503472454814368,3.288784175402896,50.56930524809252,64.5713820127664,69.8428394682623,61.82421380081856,64.17276292441034,62.196100690870026,7.129909554133786,18.47391081796747,17.346351844985175,20.78725897049487,23.14978289919846,19.682029382627537,19.8878667830547,2.2332678826462864,65.02413685821772,71.43682358502745,79.65574743429079,73.22007266439229,71.40742407147583,72.14884092268082,5.227792518383096,20.924947779923723,27.704152197814082,21.44992802833632,34.9342276685588,20.27648679468615,25.05794849386381,6.275053126092069,70.33766309911951,68.19180902595498,62.708035713091334,76.94682488427723,66.56157563011422,68.94918167051146,5.2705871693998345
16,24.721249888228773,26.36480172685949,37.35632846576612,35.61969169351798,35.79700521587667,31.971815398049806,5.935936364782184,35.258696883002315,51.53614500518679,38.68920903893775,36.99028372264905,45.84852876280889,41.66457268251696,6.8317354942612525,23.456638845511463,22.856788880741615,18.907984279039617,27.176388686820623,30.314027002286302,24.542365538879924,4.35936856942754,35.04089123470792,37.939182289224505,38.01920458103505,46.11381558834579,49.25581884208031,41.273782507078714,6.076586088912206,22.75292681824677,20.41436110053052,14.018274501052353,23.815260707474888,22.58252117048733,20.71666885955837,3.942996947872556,52.88749292225811,66.96830173537218,72.39677051881965,64.1482527646093,66.12462290583093,64.50508816937804,7.177478926662959,19.116396589417555,17.97842678346302,21.542079472579513,23.73887391638099,20.549574339360944,20.585070220240404,2.2257131812511837,65.90928269513878,73.1616515318532,80.22051249898196,74.99190530586256,73.56384912590018,73.56944023154733,5.126024423491901,21.1556299380093,28.296159347888786,21.684156824774497,35.54822583753853,20.422457278217216,25.42132584528567,6.480163036776701,72.05066454127454,69.89271748789024,63.783020475232554,77.48167073873032,67.9045253051003,70.2225197096456,5.074110886240505
17,26.087233796627473,27.748817289555422,40.3406899625296,38.01074093377328,38.03092096635248,34.043680589767646,6.599589573881313,37.4367803593185,54.42026846683923,41.01359968146539,39.1818219596509,48.69176118235817,44.148846329926435,7.171002724628152,24.758287193937967,24.13324743018259,19.993812266528995,29.104056888746243,32.186660478375494,26.035212851554256,4.717113637014942,37.270953576823,40.366649318615515,40.46173923262286,48.790311252285456,52.34446916357274,43.84682450878391,6.392584103028898,23.942399485327414,21.554396494862324,14.238808383551918,23.620368444475716,23.946021452301398,21.460398852103754,4.1582544398530485,55.28178954496151,69.42996960529439,74.97042081549186,66.50800312686877,68.1116833178558,66.86037328209447,7.213342483687058,19.814000981006547,18.644366710276675,22.392148826907615,24.940341917289363,21.4693041090011,21.45203250889626,2.4299461954611314,66.9252104606017,74.91058435642746,80.71116817511528,76.77832533794088,75.76556852811227,75.01817137163953,5.039209967157635,21.401310904258178,28.96718401746726,21.915987262595817,36.059327891205044,20.70455680870814,25.809673376846888,6.627253532377839,73.76225925136868,71.58578629800427,64.94659170356374,78.04888436419223,69.31980559971474,71.53266544336873,4.891526739980381
18,27.46212984026782,29.10068158959627,43.39128381946572,40.447131720642645,40.25277384985679,36.13080016396585,7.295622325010751,39.60918958462121,57.249909198080175,43.3280541344597,41.363091788762986,51.52597127649393,46.615243196483604,7.494779262805496,26.067952777190982,25.414640986290483,21.12892328384793,30.720755868669894,34.075551132850116,27.481564809769885,5.014966145763437,39.54043418953428,42.81659274643426,42.95330045292486,51.49602578543684,55.44040369261727,46.4493513733895,6.698141316101686,25.166893385822906,22.72491030856989,14.540535283820008,26.255411437922795,25.34949641632712,22.807449366492545,4.8027623009139315,57.73275033536923,71.92678511204599,77.58580711799561,68.91058017402456,70.12950812292812,69.25708617247271,7.248903157880079,20.56267817343353,19.349619219642495,23.280683950356437,25.664856316402425,22.452174166837683,22.262002365334514,2.4506616858788925,68.07808303563998,76.68965636258193,81.1127750381271,78.56394831364875,77.99790024555904,76.48847259911136,4.968532777013112,21.667515820057794,29.64861159428431,22.17347308528993,36.51306026930655,20.967244830220892,26.193981119831896,6.752592306202671,75.43237150221393,73.29072249962901,66.20385049987993,78.65496085184103,70.787803345705,72.87394173985379,4.7165013933245135
19,28.847251530465204,30.43913174569418,46.494219303311944,42.91958266717275,42.445764671469774,38.22918998362277,8.012424286203405,41.778660080239185,60.02697244132205,45.63585135037873,43.53825421594281,54.35013741542764,49.06597510066208,7.802118965371589,27.382433032800783,26.721644725349105,22.30772638135431,32.69297272298349,35.99520257383942,29.019995887265416,5.36569797980507,41.84350132642407,45.291108295435656,45.487906905520624,54.2314424045607,58.53519985818013,49.07783175802424,6.992207911315611,26.422234719412,23.935317856765778,14.922883511358869,25.791221065772003,26.793168189191746,23.57296506850008,4.958929215060228,60.22434242544255,74.52691813166886,80.21151892398812,71.34764126488432,72.17820597411571,71.69772534401991,7.28836314007914,21.353434848543305,20.092520740353198,24.244416817309027,26.9790488248372,23.474308750802592,23.228745996369064,2.6697078653722253,69.34775977121076,78.4715843729532,81.47206407040306,80.36366548771886,80.24820320200281,77.98065538085773,4.944146610143063,21.954074583763486,30.37084484477059,22.45301872353635,37.24130997160213,21.326531684771552,26.66915596168882,6.964631734200976,77.10600156293077,75.02899445102528,67.52719547716269,79.30103360633899,72.29147967082224,74.250940953656,4.563672202286018
20,30.237751671478886,31.763227425260947,49.636598325759834,45.41812107172508,44.620889085775076,40.33531751599996,8.748662824625665,43.939009132357235,62.74696459895813,47.9385735074955,45.704352220829264,57.15807127435681,51.49739414679939,8.09243202050319,28.69784540835834,28.056643976865065,23.526283711856482,34.39825361566022,37.94252133468292,30.524309609484607,5.666458748176304,44.163513404385746,47.77734740255534,48.05778340915353,56.98970789972112,61.610728147169226,51.71981605259699,7.2741520810420175,27.70139625835135,25.17741289499054,15.368370729766506,28.75294454079159,28.277107376335458,25.05544636004709,5.588066603648338,62.72522924252921,77.16388706016873,82.84820858037547,73.80586209455086,74.25519759215764,74.15967691395637,7.3382007978450305,22.174793054965022,20.85736996776746,25.239453138471376,27.80919893629373,24.54070058688041,24.1243031368756,2.71426073295699,70.68807289207302,80.2542232935468,81.78101580887508,82.17294480802013,82.51621704908071,79.48249477031916,4.991558181591219,22.257682979763096,31.134183641262332,22.739893659178367,37.511447102594026,21.682450618022038,27.065131600163976,7.008480436744569,78.75002902689093,76.71077962987981,68.91953940541951,80.01982935102907,73.79252584239046,75.63854065112196,4.432253812279196
21,31.62276627408858,33.071685593905045,52.821908666029486,47.9226414296048,46.76609204997661,42.441018802720905,9.504424129358322,46.09717989429685,65.40919758254593,50.24369385141675,47.86795169497798,59.944438563897215,53.91249231742695,8.36113433191166,30.014441686948253,29.427577774617184,24.806187201453508,36.38022362421508,39.92004310083691,32.109694677614186,6.0034160610119605,46.493257491670626,50.276642729475,50.66325195142784,59.77842282070139,64.6470997795593,54.37173495456683,7.540033647445496,29.00416143511209,26.459997096998013,15.894282881151627,28.077462669836258,29.803081461255495,25.847797108870697,5.701437382117211,65.22371629462981,79.83731584682077,85.48533633358826,76.26549177948964,76.36009896064304,76.63439184303431,7.399540202979996,23.02932910924618,21.651069677348,26.297068790274345,29.19580861106154,25.640200091033268,25.162695255792666,2.9437893453114214,72.09210498399689,82.05177082223948,82.0548673527007,84.00289885587368,84.79713792832719,80.99975598862758,5.123602694834996,22.58402293131514,31.92303253120425,23.06103657440095,38.447077876288475,22.109122627200506,27.624858508081864,7.284513852149238,80.38750597122667,78.31226238266969,70.36528489886771,80.83233657017895,75.30197955069578,77.03987387472776,4.323736842802079
22,33.01498077537848,34.377280639498,56.05580857498304,50.42284569370387,48.89959501844211,44.5541021404011,10.275379894349486,48.26739905100601,68.03513609586959,52.567506122748085,50.04550428802086,62.71170999736607,56.325451111002124,8.608035644737956,31.36046628514537,30.84892501392508,26.167331994914516,38.16007160573884,41.93682494567148,33.69472396907906,6.28650376969275,48.841966299581976,52.8071524654093,53.30697844052439,62.5964712005634,67.63927476788007,57.03836863479182,7.782660041218832,30.35173087864649,27.816363868386716,16.498538589812384,31.331477550141287,31.390477864047668,27.47771775020691,6.306309618070939,67.7111224312819,82.49291556121823,88.13331463950702,78.72210585583107,78.50158022565388,79.11220774269842,7.4719366084495755,23.928510818314596,22.502516608697658,27.404712330601594,30.122948853217522,26.79765656726611,26.1512690356195,3.0007176589061046,73.56168856316253,83.87043985421164,82.29397087569411,85.85235465129098,87.06838596259063,82.52936798138998,5.336620755579931,22.946815765534367,32.748718704141915,23.41485804285139,38.55037008540455,22.574903679719377,28.04713325553032,7.242917200792804,82.01792240443814,79.93137931138934,71.86986862900713,81.74248413627586,76.80416673480299,78.4731642431827,4.235835803636474
23,34.35981872865458,35.63094371736218,59.29409779593445,52.88053684138091,50.9904923633332,46.63117788933306,11.067961172279349,50.430061081739,70.59453631831575,54.88383404624328,52.20711534112,65.41953883127911,58.70701712373943,8.828144108822809,32.68760226161492,32.26834622281526,27.546717701562944,40.10765872982578,43.944637809116905,35.310992544987165,6.594916112062239,51.16836797099574,55.32831339975558,55.96631220980599,65.43312225632354,70.52376656765053,59.68397648090628,7.997845695480326,31.700676549620297,29.193427398679976,17.141086478677583,30.57631222539437,32.987307851945275,28.3197621008635,6.403800903202659,70.16622413918859,85.19738156571911,90.75281612400724,81.15339803646937,80.653733061303,81.58471058533746,7.5587719433555005,24.845729688960606,23.357856187965655,28.539118480300264,31.559428037813554,27.96725844891338,27.253878168790692,3.2278739184260172,75.0824098156474,85.68544582315688,82.51026259580016,87.69716332791693,89.32413350596256,84.05988301369678,5.625409857030218,23.31627070139885,33.587144769334614,23.7838091826049,39.663727034236906,23.080826390821812,28.686355615679417,7.563318534137568,83.61768256150744,81.53016297496863,73.41219000946008,82.7617572511743,78.29230926001809,79.9228204114257,4.163592008429405
24,35.64308764828779,36.81889962380037,62.52145636317449,55.28077851492816,53.040248922942034,48.660894214626566,11.882896559468925,52.57789914831994,73.08242662940104,57.18532009354144,54.34421596499187,68.05203361006068,61.048379089262994,9.02063655287382,33.990671879696585,33.665788913700844,28.905365427949512,41.84369407135396,45.9276814007219,36.86664033868456,6.869717454379374,53.4561360522338,57.82661060683637,58.634934211039436,68.28245470213542,73.27561517703624,62.29515014985625,8.1840030638914,33.04808736391126,30.57987758183459,17.806022635811768,33.987897206141255,34.58161229937807,30.000699417415387,6.985962200887628,72.57852083150377,87.88832415335797,93.33350782491341,83.54926702592539,82.79152056827782,84.02822808079567,7.654136431756801,25.78343823462778,24.21018001503704,29.684587650296752,32.54868678153612,29.153539388984953,28.27608641409653,3.3073328811855633,76.65391300796597,87.47689287980333,82.71498642886027,89.51503112218181,91.54920170900802,85.58200502956387,5.970706683975282,23.69355409773148,34.431447103306034,24.15016167082757,39.62104238807704,23.59549662917244,29.098340377822915,7.469048826890341,85.1858082172518,83.09983480139444,74.97443367889528,83.85488920892229,79.7707820750066,81.37714959629409,4.098411464433918
25,36.85002199723966,37.93351553591682,65.71722978318346,57.60951048172198,55.04165885150064,50.63038732991251,12.717009413283957,54.69490701958615,75.49603355997803,59.458431848347,56.44203535681739,70.5910005050111,63.336481657947935,9.188746085781434,35.25451709082584,35.0209845838253,30.19164191390886,43.66565810309252,47.86646179382243,38.39985269709499,7.1768726550675215,55.68132253961262,60.27763623354395,61.29575892032684,71.11692540535448,75.87719572258895,64.84976776428536,8.343817856783941,34.37878278612379,31.95805442551738,18.465630888438813,33.34619498818732,36.1481916915093,30.85937095595532,7.094964348005829,74.92850682454153,90.54499317389288,95.8873045427277,85.90659217723878,84.9125170356552,86.43598275081122,7.765865287102089,26.726118342321442,25.048890568727703,30.832600205178668,33.99346033262307,30.336770779726624,29.3875680457155,3.539448555345492,78.27103022639146,89.23890767148285,82.90676747655368,91.30163739136022,93.72869034609802,87.08940662237725,6.358096485206707,24.064180351398587,35.273086310968594,24.520280098607536,40.88437012844598,24.131845287668686,29.774752435417874,7.837694093856243,86.7106543932799,84.60511085747105,76.54362207047592,84.96372215194782,81.22423794324426,82.80946948328379,4.026728791564181
26,37.96856955763186,38.96980283169091,68.87555210221066,59.868188090220414,56.99207469073696,52.53483745449817,13.572493095280661,56.770590712416556,77.8332862169654,61.69320201229241,58.49371676880727,73.02599072780679,65.56335728765768,9.334247649920439,36.46567413623733,36.32034825088432,31.37138775512332,45.272898942079124,49.749200145644885,39.835901845993796,7.469939278383522,57.82712820771611,62.672231859156106,63.93904764468253,73.92945746320116,78.32419289872298,67.33841161469577,8.48414251349395,35.68457111901715,33.31301608165863,19.104590575046473,36.751722869358474,37.673358920074946,32.50545191303114,7.666161413644606,77.21674435121058,93.19001063359593,98.40689295113573,88.20251215778902,87.01290152509796,88.80581232376585,7.894411642547026,27.66843926291303,25.86793730362626,31.97206556880865,35.016717742398896,31.515613572386496,30.408154690026663,3.6411107631435,79.90903245670236,90.96729128498289,83.08476365230476,93.03405878638992,95.85733378183976,88.57049599244394,6.78012233199801,24.42392256335544,36.114708515369,24.876376889008537,40.72013952854977,24.667286056206265,30.160486710497803,7.713045170157246,88.17456032662315,86.04137261289156,78.12277124757462,86.04946435803434,82.64351579556298,84.20633686813733,3.935843394673878
27,39.00157279783601,39.94079122603835,71.9991209840166,62.06268894586173,58.89135635099247,54.37910606094904,14.446420309618171,58.80514764473683,80.09801100990116,63.89111284413778,60.49940681508664,75.36090349762577,67.73091636229762,9.458724838699457,37.624423574708,37.568710250945024,32.44021230997593,46.951566815787494,51.574262569687455,41.23183510422078,7.800731852220267,59.893448500347894,65.00867935531497,66.56409168082841,76.71512283533394,80.62985112612395,69.76223869958983,8.611984214573464,36.96472664806423,34.63899491475341,19.72369728668942,36.42533484999611,39.152756689343974,33.38110207776943,7.80270330084997,79.44292013524735,95.79130823468901,100.87882629219894,90.46083646258614,89.09383727521757,91.1335456799878,8.030394136057714,28.6071384131181,26.664608850956363,33.10523664587154,36.448743571112146,32.68348817248805,31.50184313070924,3.8799848780550734,81.56928973521256,92.67326799859856,83.24229300672408,94.73417677913856,97.92514394982071,90.0288342938989,7.230249312559785,24.771412946798872,36.95591819629039,25.22999492149842,42.12623748514676,25.212788374509724,30.859270384848834,8.135526591704643,89.59433197017515,87.45030542774771,79.70477128133166,87.07414601805817,84.02987486842305,85.57068591314714,3.8329539047011143
28,39.95420865709962,40.84685801870651,75.09470222364472,64.1994785669628,60.73862189560723,56.16677387240418,15.339815052273492,60.791711844188896,82.29301254368738,66.04732043029777,62.45649608094652,77.59969501992904,69.83764718380992,9.566378984868477,38.73306375770706,38.759579289800044,33.40643755877014,48.416837918869284,53.340314004737245,42.53124650597676,8.114646181044066,61.87616126559475,67.28147781303817,69.16316863345625,79.46594540858013,82.80524021238699,72.11839866661126,8.735382650767345,38.219996493114394,35.92564113005837,20.318856919744206,39.63552082917218,40.58507878855105,34.93701883212803,8.357967401748267,81.60455510904647,98.34180555282111,103.30475950359647,92.67127320272536,91.12432489804455,93.4093436532468,8.17568844986381,29.538748324564025,27.436121009564435,34.22995844616998,37.49117692383255,33.841167251266725,32.50743439107954,4.0035902159979235,83.25849272742911,94.35690432304803,83.38955646370458,96.4122149976864,99.91487987722176,91.46640967781798,7.694122054743657,25.107361203480007,37.796194216020425,25.573585944275514,41.88103029738692,25.758105974534555,31.223255527139486,7.999726174488054,90.94630670981316,88.82879805342809,81.28220295667678,88.03546147831942,85.3613032832022,86.89081449628793,3.7184990933304474
29,40.82893676020976,41.68734611786997,78.1654311944385,66.28466578047865,62.52923010349419,57.899121991298216,16.25339530130639,62.72760356399757,84.41956259292999,68.15436657498444,64.36142126852047,79.74795672140121,71.88218214436674,9.66075929034412,39.78870878541322,39.88998663898414,34.28117072877806,49.97390315760391,55.04602016988772,43.79595789613341,8.464288814693615,63.77549080353375,69.48923354102445,71.72958919428743,82.17774314914905,84.85893133380631,74.4061976043602,8.860153184899982,39.4463394724374,37.16211631310651,20.882322279524978,39.701444866976885,41.96572834382125,35.8315902551734,8.528199536088994,83.71136341627096,100.84682716805165,105.68053646139194,94.83103796113375,93.12098098924025,95.63814919921772,8.324897170036976,30.458438396194374,28.175006547051332,35.34562113880478,38.89452423622074,34.980421456152044,33.570802354884655,4.250895323558795,84.97010186344352,96.00792556933224,83.52049941142162,98.047124454784,101.80028408926891,92.86918707765005,8.158135769488384,25.428092854548048,38.630651795946854,25.912227304022633,43.411173369634604,26.303086575319423,31.93704637989431,8.468564925862069,92.22475793624628,90.19838822611138,82.85741287993862,88.94991946394167,86.6527491465826,88.17664553056412,3.5947568183630305
30,41.63421586838306,42.46573878127079,81.21079093822645,68.32394021622294,64.2628766249052,59.579512485801686,17.18448460512685,64.60613183251753,86.48099629213604,70.20624871292908,66.209561835114,81.81156290566622,73.86290031567258,9.747179548892408,40.79557563853554,40.960950255189346,35.0784576345747,51.31110090539596,56.69501150528497,44.9682191877961,8.789572637619758,65.59288934152211,71.6270882836971,74.25333350439419,84.83271159022374,86.80077284540744,76.62135911304892,8.989218616495178,40.64381360682142,38.345436144714554,21.394855954413522,42.5800972225665,43.29508528157909,37.25185764201901,9.069957539325854,85.76161250715599,103.29190293067559,107.99769433682854,96.9183720254486,95.05534431431386,97.80498522288451,8.476246508205387,31.361535371311707,28.878139626439097,36.4437629732826,39.93612149999948,36.09731547557329,34.54337498932124,4.396786199157736,86.68962042867498,97.62767443851551,83.65142803074026,99.63139265260074,103.57672342509991,94.23536779512628,8.614578310709167,25.73233543655292,39.45531846746284,26.235062870886157,43.111238749161274,26.838165150566272,32.274424134925894,8.334079360648667,93.3948341856374,91.53354337046353,84.41839949239939,89.81199697326313,87.9067933080826,89.4131134659692,3.454185830898832
31,42.37884949684152,43.18506335894407,84.24269653742718,70.3265948710037,65.94266305633282,61.21517346410987,18.13508993495091,66.42825889010268,88.47960858944457,72.20409984742727,68.00439320829348,83.80153023241301,75.7835781535362,9.827603042523165,41.76019388702502,41.979476474441576,35.81947889576488,52.77332249427997,58.29653335929689,46.12580102216167,9.148593826797933,67.33618163615675,73.70112511146326,76.73278178989426,87.42854793949006,88.64186249641925,78.76809979468473,9.12414457036027,41.818688833695255,39.480522993321024,21.865940589709176,42.996278406600055,44.58173513380793,38.14863319142669,9.29050297288885,87.7573789336947,105.68569798764868,110.23502682856062,98.92837594835599,96.87513902222351,99.89632374409669,8.62879042464168,32.25464374471497,29.549067029822574,37.5329354223028,41.302059071626786,37.19580377330206,35.56690180835384,4.652849329145072,88.41977934603368,99.19873739545092,83.80294243760632,101.16569159704353,105.24447626171128,95.56632540756914,9.050748892173617,26.029097466098516,40.273089170132614,26.554584530314912,44.74392111562641,27.37164484164837,32.99446742476417,8.840709823062367,94.45168857594395,92.8443137928293,85.97062851146408,90.64747331061595,89.10890760987539,90.60460236014572,3.298826836472475
32,43.0717865730851,43.851796453872915,87.2636992885086,72.29448535712086,67.57012929668421,62.810379393854326,19.102409877856566,68.19406212418691,90.42067038679635,74.14534847071731,69.74607383806665,85.7223084289761,77.64569264974867,9.904815558108835,42.68850099528079,42.95308853941897,36.52056626233916,54.015977400535206,59.855529196368494,47.206732478788524,9.47443831731035,69.01057048774048,75.7136258196313,79.1607724442708,89.95205759832886,90.38887870139682,80.84518101027365,9.263442447620417,42.97041749399479,40.573248603379774,22.298792226184197,45.54604065784376,45.82786320206152,39.443272436692816,9.819083196553702,89.69969753954682,108.02284957845016,112.37796242395054,100.8318711048656,98.55806335880673,101.89808880112398,8.781141515081512,33.134110669093054,30.189849587707638,38.60948602867474,42.33948939900739,38.2717501729737,36.508937171491304,4.817558413507336,90.12800558969053,100.71951499075146,83.98544895239012,102.6428867963816,106.81579643714545,96.85833055327184,9.46743521029015,26.316366171319004,41.07925613465159,26.865168180633518,44.40748811131235,27.894687373097103,33.31259319420271,8.707581923242858,95.40289150051873,94.08534017458761,87.50649941812229,91.44798598489452,90.26620566947666,91.74178454951996,3.126389604898987
33,43.71606649444461,44.468001387765234,90.27779177338336,74.23166659165435,69.1470537430163,64.36811599805277,20.087066020623748,69.90385546358058,92.30469487254034,76.03044238848442,71.43574602882659,87.57998732733222,79.45094521615283,9.979859545913994,43.58033543193951,43.88773613673108,37.19113926036849,55.40251620715042,61.376044846829906,48.28755437660388,9.830793505715517,70.62206685146327,77.66746161042889,81.53455782619471,92.40152951888614,92.04771072201119,82.85466530579683,9.406658960646563,44.099497664394185,41.62847238430732,22.704889748198898,46.22577856251274,47.03858314235376,40.33944430035338,10.078498167197807,91.58762605027009,110.2595238019721,114.41975679384909,102.6207365894338,100.09333653374387,103.7961959538538,8.927159451451123,34.00299067153081,30.80413679443258,39.67802780614376,43.659811171060774,39.327209954243486,37.49443527948229,5.076644523818044,91.80255411178834,102.19653788127529,84.15540130533131,104.06344958729649,108.31257399547093,98.10610337623248,9.883704928064953,26.597636716904702,41.87547546980768,27.172927323229388,46.11330645629407,28.40995762989402,34.03386071922597,9.238534132189356,96.2749502945988,95.24933977793155,89.01555976214814,92.22179843213927,91.37993012001384,92.82831567736632,2.947178287818673
34,44.319600201440814,45.041077403562916,93.28829698866667,76.14340029569775,70.67726165756987,65.89392730938759,21.087178648791227,71.56513870100122,94.13671721875156,77.8644676604919,73.08006098673658,89.38161758123587,81.20560042964343,10.052202490467403,44.44425312908947,44.792214907012806,37.845714468141274,56.57389953402184,62.86480260075271,49.304176927803624,10.149045003829972,72.180277846817,79.57310740418689,83.85505320153963,94.77721948475116,93.62796396801399,84.80272438106174,9.551813142537581,45.21207054068775,42.65628659888236,23.099615334929986,48.48691407239239,48.222866206579575,41.53555055069441,10.57943998161802,93.43746559440977,112.40911206870412,116.39014527750383,104.33350893617244,101.59297842147134,105.63264205965231,9.060537780207007,34.865810500470374,31.399693104519763,40.74549588473959,44.68836955366991,40.3670970037807,38.41329320943606,5.253768212282116,93.43677366310469,103.64087465649058,84.31292582236487,105.45402113770304,109.70883683801355,99.31068642353536,10.29621651084036,26.880159738690754,42.66368021042074,27.482397444854474,45.74836778309069,28.919854355855318,34.3388919065824,9.10341158457347,97.10996961401523,96.38413510781822,90.50114833874066,92.9814397278567,92.45541614338082,93.88642178636232,2.7819363052098387
35,44.88574537281635,45.57428565595965,96.28843593478389,78.02889035182731,72.16133193804602,67.38773785068665,22.098857656773337,73.17786866665031,95.91852859372962,79.64681290676162,74.67961966246926,91.12629030707413,82.909824027337,10.122143711000975,45.28126709218055,45.667852829988945,38.48621829631899,57.90066504303828,64.32192967274324,50.331586586854,10.495112408025646,73.68776974654247,81.42970111337611,86.11537908931595,97.0706033384365,95.13456301325864,86.68760326018594,9.696990081522516,46.30715041306815,43.658475253785696,23.48355437654498,49.329584536914936,49.382063510849115,42.43216561823258,10.85638842949924,95.24252331850248,114.45906429740079,118.27252954660398,105.97902991340624,103.03632517708526,107.39789445059974,9.17751761831888,35.72043851058905,31.977831483007662,41.81146252771906,45.96465663901384,41.39047142252975,39.37297211657187,5.511260076226321,95.0381827228976,105.0593284168613,84.4552281568399,106.81617140975631,111.02522922627665,100.47882798652634,10.708943194272662,27.164103018187316,43.44040538583404,27.795882904253453,47.49706898091685,29.424795545649655,35.06445116696826,9.640797370718477,97.89386405840501,97.47280830467123,91.94146441360279,93.70966619496072,93.4734538746798,94.89825136926392,2.635688264728561
36,45.4133892304499,46.06739149974658,99.27793114833912,79.89128300778943,73.59924003991888,68.84984698524877,23.122749510520357,74.74535545826896,97.65012167700313,81.37804809605572,76.23579441995949,92.81870070607386,84.56560407147222,10.18947655404204,46.088209024525966,46.51556494431567,39.11489030781799,59.013662826696596,65.74882211642884,51.29622984395701,10.80277124017702,75.14707821966631,83.24010883526128,88.31520473228548,99.28783297679232,96.57167105556248,88.51237916391358,9.842885402328077,47.38447856307101,44.63692269506534,23.859511243531486,51.346553357025144,50.5200698818908,43.54950714811675,11.324399448283986,96.99328647665236,116.43066746046065,120.05836634165514,107.51702530807133,104.43341871461645,109.08655286029118,9.28276462416683,36.569113464954796,32.541044289321015,42.87825244549961,46.979980355662356,42.40124318494263,40.27392674807608,5.69653963236362,96.61067891121358,106.44084330179486,84.58147743119474,108.15088494484698,112.2411768838734,101.60501229458471,11.114245505695543,27.452698470527583,44.20760010074225,28.114315283726757,47.098820940234745,29.927470746236413,35.36018110829355,9.494968180886344,98.64133433046848,98.53443899840359,93.3151353006988,94.41932283396129,94.44319362067974,95.87068501684237,2.5222559900353714
37,45.90654465996368,46.52446138242731,102.2499280831689,81.72983242265946,74.99122551018759,70.28039841168139,24.154510703944563,76.27185346453122,99.3327919921764,83.0637599415543,77.75244853784038,94.46089650617725,86.1763500884559,10.2527442795056,46.86806646372254,47.33648660206238,39.73078119090589,60.28487341359232,67.14626097722046,52.27329372950072,11.138825465184153,76.5629349607031,85.00644381004949,90.45461960656384,101.4259571586531,97.94620040893815,90.27923118898154,9.98751404160521,48.44568699311782,45.59299514232562,24.22576139155363,52.30823774212878,51.63874444706729,44.44228514323863,11.615952708190873,98.71069122237583,118.32375806291785,121.7487976159738,109.00432083006127,105.78821753150464,110.71515705256668,9.366708692356125,37.41076263537694,33.089459510456784,43.94588157387323,48.2123046107485,43.39882756475803,41.21144717904269,5.951589197005203,98.12754118084702,107.79228119505092,84.69250712686221,109.45967979171566,113.37433414972334,102.68926868883982,11.518925857254555,27.74769332750211,44.96277478914446,28.440173561137378,48.8632148092782,30.430210432374018,36.088813383887235,10.025321504758399,99.36334124334455,99.5620508178423,94.60650968898683,95.10136957013977,95.36043323326241,96.79874091071517,2.447893619078273
38,46.36270104079322,46.94506913487591,105.20021645280576,83.54357158680284,76.33524082548159,71.67735980815186,25.193267481713406,77.75720572212431,100.96668956626944,84.70205876534679,79.22981406973706,96.05081233496018,87.74131609168755,10.311685640526232,47.6157258351137,48.129798886834145,40.33404934984956,61.34345948401926,68.51222866821463,53.18705244480626,11.43681756836557,77.93455221033004,86.72766563079875,92.52793519281155,103.48825196736163,99.26149822937192,91.98798064613479,10.131900293982671,49.487024923405414,46.5271565256434,24.58133768462925,54.091540441736406,52.737873156746126,45.48498654643212,12.049295615395307,100.3806087340561,120.11290957863184,123.3385113075159,110.40760847429615,107.0940601308307,112.26673964506615,9.429204638682469,38.242746488418106,33.62411401713803,45.012974397355144,49.211685719358584,44.383436032803104,42.09499133101459,6.1439908882529455,99.59585071439906,109.11423351923273,84.78760096491968,110.72923976793861,114.41662103874997,103.72870920104802,11.917307375552719,28.04738439317947,45.70689087234836,28.772700459874223,48.43390066208446,30.933394440114647,36.37885416552023,9.86479104214343,100.04455036572111,100.53091953883524,95.8143735347348,95.759489590988,96.24106580869932,97.6780797677957,2.3957397687562643
39,46.78294253195977,47.3307642741096,108.12639378425337,85.33487613234078,77.63273787313061,73.04154291915883,26.237902477384477,79.20761738384037,102.55304856165088,86.29652513861227,80.67033305550014,97.59093208002896,89.26369124392652,10.364898202481713,48.32914262644004,48.89736587794732,40.926548684980524,62.55901873631225,69.84811926840021,54.11203903881608,11.762945527841529,79.26333137099016,88.40739673722439,94.53800088769475,105.48150915662872,100.52005752112218,93.64205913473204,10.276571081452202,50.50810526873953,47.44058883239884,24.92650452776748,55.165647607647635,53.81914710820337,46.37199866895137,12.35866865033475,102.01766235780859,121.81418914643139,124.82377488006128,111.76394145314251,108.34784771420819,113.7534831103304,9.46618984127488,39.06735118661892,34.14584082772328,46.079145185384384,50.40116659313427,45.35600259318554,43.00990127720928,6.3966890144833375,101.01433386382138,110.40029657417014,84.8752041681163,111.9596408549215,115.41294630550811,104.73248435330747,12.31426381678823,28.353393767689248,46.43898656704543,29.112191648069818,50.19074065522826,31.438306489926816,37.106723825591914,10.379630427007214,100.71630240199232,101.44079195279535,96.97846132042707,96.38633077777538,97.08118899017498,98.52061508863304,2.3639919074165063
40,47.16838444492057,47.68524513111468,111.0215796492408,87.1002119113749,78.88234496082212,74.37155321949463,27.284436325014095,80.6253559359455,104.0917085329385,87.85106627997023,82.07540537053833,99.0801920890575,90.74474564169,10.41097947961044,49.008471321007725,49.63892622011805,41.50509809673674,63.56560556332346,71.15069320455807,54.97375888114881,12.051586534932094,80.54916894036766,90.04206288539709,96.48386456910676,107.4052924798535,101.72462937995273,95.24100365093554,10.421504459715186,51.5063239187995,48.33233120594136,25.257394680687156,56.694110380729086,54.87922991935983,47.33387802110339,12.750721698259827,103.60275416959642,123.41680155041462,126.20999061750531,113.06624303173909,109.5509876332437,115.16935540049981,9.482765894363828,39.880061710135884,34.65246102245184,47.14117444632495,51.38423149595887,46.31293984251392,43.8741737034771,6.595732665288812,102.37569204408653,111.63952381271837,84.94254601899618,113.1451672592228,116.34555019951783,105.68969586690835,12.707857667340637,28.662786133653047,47.156703982840966,29.456601677881345,49.74742659012653,31.943064810676876,37.39331663903575,10.208655853996836,101.38399152642694,102.16589794089096,98.10790021856366,96.98814434058376,97.87261617490728,99.30371004027452,2.3108183577923174
41,47.516045127535826,48.0064876236569,113.88131792965747,88.83783400537665,80.08182469245834,75.66470187573705,28.33229526105207,82.0125265052804,105.58221147444745,89.36695517770487,83.44757015690764,100.51625326112392,92.18510331509286,10.448185608311165,49.65075050476247,50.35127371428426,42.064134072956264,64.72310182274532,72.41715279510775,55.841282581971214,12.368497202108033,81.78966590815422,91.63490239841781,98.36513291581277,109.26206364173729,102.87656344647753,96.78566566211991,10.567220897549452,52.47938320248373,49.19982892035972,25.56937688027651,57.855103591352496,55.91646806935675,48.204032132765846,13.078825489941059,105.14620448223998,124.91055224535563,127.52932640924382,114.34284966642473,110.71053323972801,116.52789320859843,9.47970774268801,40.67879355507757,35.14238841068142,48.19720200677636,52.532663133151495,47.25346982667101,44.76090338647157,6.848370905585766,103.68641250580991,112.83605829310252,84.98891841097625,114.28889431774301,117.22705000151814,106.60546670582997,13.100280538108136,28.973716618034185,47.861120495397465,29.804860981539342,51.46238523548013,32.44739896589087,38.1098964592684,10.6990957674219,102.05656994426845,102.81270735757758,99.1934627829506,97.56390631720075,98.62011574266862,100.0493524289332,2.270339158656837
42,47.826444876029974,48.29695774155451,116.69423313414075,90.5436738592618,81.22878772871843,76.9180194679411,29.37632227147984,83.37025382314904,107.02519787900982,90.84489101035,84.7863243637096,101.89459474445025,93.58425236413375,10.475617055028795,50.25364544955871,51.03266264540881,42.59802402664739,65.67162122006991,73.64351868520436,56.63989440537783,12.650046199258599,82.9812887018937,93.18141071773941,100.18025765094987,111.0488802483256,103.9753257318653,98.27343261015479,10.713752628363476,53.42136527612106,50.03917235716522,25.856116281608955,59.126092835346284,56.9250426423377,49.07355787851584,13.431164384079429,106.61724676813728,126.30765483355002,128.7651356746345,115.57459335815282,111.81787351829725,117.81650083055438,9.465797266373386,41.457452602391655,35.61194749443792,49.239547164261346,53.496537070732415,48.170836876526984,45.59526424167006,7.055717241611707,104.96825310499787,113.98923338889375,85.0220662535679,115.39090781266363,118.05722223652445,107.48553655932952,13.486082820157783,29.279998888021307,48.54714389435043,30.150921312410155,51.02947808979585,32.944920384137575,38.39049251374306,10.52909548778706,102.72856567576976,103.42859397631337,100.23919790263396,98.12163420582752,99.3041331142897,100.76442497496686,2.2554547216473666
43,48.09827457480593,48.556244255908815,119.46563404413999,92.2206478367106,82.32486419783433,78.13313298187992,30.419111573462626,84.69938324739896,108.42114550687083,92.28814080925396,86.0919197369188,103.21826278313775,94.94377041671606,10.493592816416841,50.81365708261092,51.68186895379812,43.10744816850263,66.76305012422725,74.83048926534921,57.43930271889762,12.95988921328709,84.12243331852304,94.68112275201945,101.9353670839444,112.77377112453146,105.0242545285729,99.70738976151824,10.864132307792985,54.33118216598486,50.84823820222215,26.12101488216633,60.359019276592356,57.90507458356845,49.91290582210683,13.77902513628825,108.03493417125276,127.63372794966656,129.94046837776074,116.77377825618267,112.8686845580244,119.05031866257744,9.447277487787584,42.21734753914693,36.060580678923756,50.269517125857995,54.60319207310236,49.06657343973052,46.44344217135232,7.310350098987394,106.2225385730323,115.09677961860537,85.03679901657418,116.45069834114881,118.83000396922402,108.32736390371693,13.865421939881946,29.582088587505684,49.2186262404666,30.496218451842164,52.67427890310757,33.43623143051481,39.08148872268737,10.99249630873114,103.34797614174947,104.01956178281914,101.24838031519052,98.65837700043726,99.93608892185335,101.44207683240995,2.2544613286202697
44,48.335288000977314,48.786455645280626,122.19450752961265,93.86884493866354,83.36954684569777,79.31092859204638,31.45886366226287,86.00548897780948,109.77191794784798,93.70165256198446,87.36867503740302,104.48873805304727,96.26729451561843,10.50047127553785,51.33287174025222,52.29801227124376,43.58782816890298,67.65451765271487,75.97716978277388,58.170079923177546,13.237424870266514,85.21127055778463,96.13391197553781,103.63585628585214,114.44311270212506,106.02447073361988,101.08972445098391,11.020808288307125,55.20698863641487,51.625171957060516,26.36219766158778,61.37108587110699,58.85391711298705,50.683872247831445,14.087713173316843,109.38885875367598,128.8855632454872,131.04859668373268,117.92204957180385,113.88341216524732,120.22569608398939,9.422007118037866,42.95579887094225,36.48707770628364,51.28369466582073,55.550702952055325,49.93728144427993,47.242911127876376,7.527852484157406,107.44943231518754,116.16756656464443,85.03192297589302,117.47095038268489,119.5531534348769,109.13460513465733,14.24151011947031,29.876959800052923,49.87314003515957,30.83830814688705,52.29283402233442,33.91719040609262,39.35968648210532,10.83923162066173,103.92073766094224,104.57883974935943,102.22650402958355,99.17088821088213,100.49532158701778,102.07845824755702,2.270908620421982
45,48.53643874052411,48.98792169913143,124.87660461693477,95.48462908641304,84.36161599576411,80.44944202775349,32.493852383833406,87.28709834859364,111.07772937494154,95.08290366486008,88.61393730792456,105.70136206511313,97.55260615228659,10.496559706257042,51.810573163465996,52.87839020422631,44.03701157678812,68.67887538559333,77.08161286591802,58.89729263919835,13.542761865990656,86.2432676183533,97.53496598622196,105.28295248687006,116.0585388355317,106.97642421345232,102.41922982808588,11.18612382620403,56.04521384973341,52.36686305801149,26.57743337265964,62.65185368534264,59.769357843268764,51.48214436180319,14.450685740092203,110.68090026035257,130.05773363314205,132.04928051811052,119.01751961174391,114.84714241837997,121.33051528834581,9.378894405845612,43.66882720989933,36.88949342511754,52.27759713103971,56.61635057414242,50.78044082150365,48.04654183234053,7.785591964830199,108.64252508457987,117.1982421729235,84.99480044281536,118.44515699274655,120.2144510456655,109.89903514774616,14.616105420991563,30.15978801786193,50.509199613499256,31.173029346510255,53.83177278378759,34.38319236627038,40.011396425585886,11.27002968309562,104.46098936563783,105.10760037505501,103.15688501355274,99.65971352403359,101.01714920060154,102.68046749577616,2.301075189060413
46,48.7069456329901,49.162699588310595,127.51654757820714,97.07191721644311,85.30333540370897,81.55228908393198,33.52441035610577,88.54666636022793,112.34050282783221,96.43409460087172,89.83018683684749,106.85825140117169,98.8019404053902,10.481728398946451,52.25114950091992,53.42371149935807,44.45630194752773,69.51547940634983,78.14623010281235,59.55857449139357,13.818054643525603,87.21940028421405,98.88564231743189,106.88198310271812,117.62758071611786,107.88376743666937,103.69967477143027,11.362159097118111,56.848078572180036,53.07256754114041,26.769265413453617,63.43743270336849,60.652405985110626,52.15595004305063,14.720747508573663,111.89728474538772,131.1259247150514,132.9756214442774,120.05984265836791,115.76128543885731,122.36399180038833,9.325166797980033,44.35822515245284,37.26767997099724,53.25083429872382,57.54382901190998,51.59672927443062,48.8034595417029,8.01264431358601,109.81304899822842,118.18988201955759,84.89922440544039,119.37999321930462,120.82340973121737,110.62111167474968,15.002996584526331,30.43180885306615,51.12610955203218,31.499650890782874,53.51613172639804,34.8335556209216,40.281451328640166,11.14201979761907,104.94144209876299,105.60676929747956,104.04552811096208,100.11012884142222,101.50365234236239,103.24150413819784,2.3428808658256113
47,48.850231333791896,49.315704555487144,130.11639560519797,98.63004776346136,86.19582439458235,82.62164073050414,34.54920079516783,89.78459317765551,113.56225745148826,97.75529501337836,91.01781781443934,107.95892699247355,100.015778089887,10.456468514141621,52.656827655504614,53.93711124653595,44.84564047497388,70.4759199200906,79.17139873844208,60.217379607109436,14.11901706054769,88.13680328982932,100.18128360152302,108.43543685199536,119.15138831920916,108.75059437773349,104.93110128805806,11.550916324730578,57.614382824169894,53.74290768388171,26.93915100407684,64.74986358607325,61.50149013562834,52.909559046766006,15.09392280067114,113.04842848981592,132.11583372345842,133.8411684656406,121.0428135884803,116.60332322805891,123.33031349909083,9.271807415927187,45.02196587101379,37.62206540891548,54.20157250261255,58.57100051308892,52.38418392954924,49.560157645036,8.273850015929979,110.94542447135704,119.1492324923703,84.76134624367715,120.28172607801673,121.38685987766802,111.30491783261785,15.398476729287458,30.69014730525333,51.72305048853994,31.816667718653928,54.9175294408288,35.26469180548122,40.88241735175144,11.534001079237092,105.34181936925047,106.07383739526075,104.89350490843887,100.50524970424257,101.9463492900999,103.75215213345852,2.3991274365019652
48,48.96830917120124,49.449710044205986,132.68419889868136,100.16346231115664,87.04194996986712,83.66152607902248,35.57046271588197,90.99671095019735,114.74493282326101,99.04490610852801,92.17592529404611,109.00600434406209,101.19369590401891,10.423341255465521,53.02962526508877,54.4220754929221,45.207258510046636,71.26479794359204,80.16053447999543,60.816858338329,14.392108098232944,88.99339062574255,101.4220236580033,109.94748166137981,120.63386870638242,109.58156806906909,106.11566654411544,11.754532005414642,58.34643309470272,54.378856162548956,27.089216280848913,65.34488850877372,62.319586027427114,53.49579601486029,15.328700137884068,114.1298936446889,133.0340149391356,134.64552534313015,121.96879137621589,117.41343534651628,124.23833212993736,9.213906155968237,45.66253777255295,37.95319267840496,55.130705298500786,59.47875744309284,53.14587077024543,50.274212792559396,8.509269421758342,112.05740593181727,120.0743494509374,84.61784318372105,121.15565668031658,121.89520359309473,111.9600917679774,15.785389340065844,30.936134157496767,52.30292277534325,32.12356747344376,54.69372885258949,35.6772994534502,41.146730542464695,11.440828369220098,105.70625391479302,106.50567629259923,105.69790961902726,100.82937333704518,102.35565226551797,104.21897308579653,2.4793960971194946
49,49.06760853549755,49.5701667700358,135.2239998864191,101.67399203582967,87.84325769596776,84.67580498474999,36.587021661886396,92.18491201237282,115.89057134832844,100.30543705210286,93.3069864475964,110.00203863869937,102.33798909981996,10.382502010736342,53.37600172998909,54.8845473224454,45.550635329405985,72.1700456352846,81.11569990751775,61.41938598492857,14.686208318005495,89.78999735643349,102.60736376037718,111.41900208226667,122.07270557142179,110.38155297544616,107.25412434918906,11.971899195329824,59.04626789013675,54.98397719741151,27.22669373068024,66.65993147253567,63.107609864203994,54.20489603099363,15.702352289904754,115.13060285394128,133.88120791280562,135.39420590949123,122.82996496050885,118.18511863295167,125.08422005393973,9.157463698237486,46.28050468013693,38.262832742582376,56.03952666561085,60.47133111996353,53.881355628252145,50.98711016730916,8.773730499801093,113.13220466835168,120.97702535527453,84.47684728727904,121.99519419928625,122.33777165756754,112.5838086335518,16.15906923534306,31.169507316412,52.8641810186315,32.4207091987494,55.93303672757071,36.070302283606836,41.69154730899409,11.788849873677874,106.0563323131907,106.90699877468711,106.46472441578923,101.07393206230935,102.72690451300723,104.64577841579674,2.590922026399582
50,49.15002447191885,49.67858799156301,137.7392322365741,103.15912898876374,88.5985190305456,85.66509854387307,37.59900608066495,93.34413565484718,117.00123680533096,101.53267112051728,94.4084969911992,110.9445005324982,103.44620822087856,10.336306232773765,53.69720058489482,55.32514196206322,45.87765786114245,72.91844414965233,82.03388230476563,61.97046537250369,14.949787836083441,90.52656923655138,103.7364067031637,112.84656368996342,123.4643942870846,111.15431979862706,108.34565074307802,12.20131183443204,59.71230661965205,55.55812937265345,27.35099900822024,67.11940082057615,63.86199337929411,54.72056584007919,15.906044319483195,116.05830522619105,134.6593280879484,136.0894270496694,123.5989107154084,118.91783265665018,125.86476074717348,9.102865920345899,46.872961609081834,38.55083196644429,56.9249407108257,61.356312628005334,54.588040300195274,51.65861744291048,9.01495303369485,114.1701339520785,121.84854700680536,84.34348062033936,122.80511731635586,122.73486140876832,113.18042806086949,16.519739566379364,31.386618262875402,53.404996571370106,32.70415697908302,55.80109729941701,36.441211704216045,41.94761616339232,11.731231923950446,106.383948404381,107.27706070002655,107.19097075155457,101.23183849401325,103.05911755245486,105.02858718048606,2.7323365059830294
51,49.22001977744361,49.77777315430553,140.2393278310518,104.62761935608165,89.31458906105709,86.63586583598794,38.609177740236724,94.48169245765655,118.08115733717676,102.73285679968069,95.48615968619744,111.84428715485434,104.52523068711317,10.284962369867845,53.99804789963361,55.75121685379284,46.1937593286235,73.77290455104227,82.92145375245795,62.52747647711003,15.230176656075136,91.21079111995407,104.81779650163476,114.2355806036015,124.81703840909118,111.90896763993818,109.39803485484394,12.441932335583688,60.351397820495386,56.10585849263971,27.466990706035883,68.40194008927698,64.58836915450883,55.38291125259136,16.269163304264918,116.93559064574286,135.38283517517567,136.74048305632192,124.31521030504678,119.61800344770252,126.59842452599796,9.046227471885373,47.446323929899314,38.818695542677375,57.793241126048095,62.31556262631971,55.271502787158525,52.32906520242061,9.28192516317689,115.17857555334292,122.68774656354691,84.21873790545374,123.5852610300625,123.10563624087554,113.75519145865633,16.869200758241508,31.59297004228767,53.93138878822759,32.97771497786145,56.8663147630647,36.794188593973985,42.43251543308308,12.033685813245473,106.70555703006825,107.60954274459483,107.87814262115835,101.31002307535836,103.36436811868353,105.37352671797267,2.8981008167755524
52,49.28129823592769,49.87007610667654,142.7297445273148,106.08348145741252,89.99474068406604,87.59186820227953,39.618595168893414,95.59728037735816,119.13263824120408,103.90749835565481,96.5397191344854,112.7073113968508,105.57688950111064,10.2304832927215,54.28220516499554,56.16569029251237,46.50659796740301,74.4929690401432,83.78112734936634,63.0457179628841,15.481224008291342,91.84710132464318,105.85197310680344,115.58840216423309,126.13176336392718,112.65179271428917,110.41420653477921,12.692242263836695,60.96806703610228,56.628747225740675,27.578570621988835,68.76581330615456,65.28890444128915,55.846020526255096,16.446776642656147,117.75924781831236,136.05852662478767,137.34814070724698,124.98121053984558,120.28870092520638,127.2871653230798,8.989398591315673,48.00368037790829,39.06647608246189,58.64920979089086,63.18994114724537,55.933817759550756,52.96862503161144,9.532275896599604,116.15201712490358,123.50154696835945,84.10101860025154,124.33308297659445,123.44309983011777,114.30615310004536,17.207089751318666,31.791856407525337,54.44642683583903,33.244328475232294,56.85152031975911,37.13189361928295,42.69320513152774,12.017122879504242,107.01857284625348,107.91510388213405,108.52844865933824,101.33025968378023,103.63810933769908,105.686098881841,3.081821649085345
53,49.33275684166579,49.95385675800058,145.19742115965119,107.52390556432191,90.63472318349626,88.52853270142714,40.62307723765772,96.68567379421759,120.15595712704872,105.05307286540815,97.5670039411296,113.53305330773786,106.5989522071084,10.17488405072678,54.54898370920232,56.565379931194954,46.81361325321174,75.30466622813023,84.60802821650599,63.56813426764904,15.744212741150484,92.43576495853388,106.83930074558472,116.89966886012931,127.40099395283973,113.38477105837248,111.39209991509203,12.948545840600502,61.56095493682826,57.125152705920534,27.686704027456273,69.99557656531353,65.96022950628242,56.46572354836021,16.791595817147797,118.53746979275448,136.68895528042933,137.9202443858645,125.60542206685214,120.93103886957601,127.93662607909528,8.932144257339894,48.54213972795966,39.29344217259477,59.491685372509515,64.12748687862133,56.573141206448945,53.605579071626835,9.8061064764748,117.09622412977923,124.2898709618575,83.99348315240816,125.05894607566385,123.76316032454275,114.84033692885029,17.53530623239538,31.98071814442144,54.94947211564621,33.50236107315978,57.7576689682151,37.45432914835959,43.128909889960426,12.276805075134822,107.33256740018322,108.19642863496311,109.14533027694279,101.32173039616879,103.89191140135468,105.97759362192251,3.2718829048632943
54,49.37396594926791,50.029465436821205,147.63868645194987,108.94911257527086,91.23381377450252,89.44500883756248,41.621471441229176,97.74426366386673,121.15251534934643,106.16874617901381,98.56734078531476,114.3238302678364,107.59133924907562,10.119945027494147,54.798348561155244,56.94926180694524,47.11375046184818,75.98951722839367,85.40061285045493,64.05029818175944,15.978507642637434,92.98168046597544,107.7844286514245,118.16728604772732,128.6230543864889,114.1105376964262,112.33339744960847,13.20726574744806,62.130915588576066,57.594685795363986,27.791643138416134,70.3000644664703,66.60169065895217,56.883799929555735,16.947158482814697,119.25618560394014,137.28125060667918,138.45065254943572,126.1738365340556,121.54218845611344,128.5408227500448,8.879580486031251,49.06135275670743,39.49900331312185,60.32075012975275,64.99000234004073,57.190153128072915,54.21225233353914,10.066690082376779,118.00426677586142,125.04611837313465,83.89792916185971,125.75498205337331,124.05106312226158,115.35087189729813,17.84842255507649,32.159524874467174,55.44142436112948,33.750930588151085,57.86191525838931,37.762621308808924,43.3952832781892,12.302191292800327,107.64164263588424,108.45103724340545,109.73123555448004,101.31838167970311,104.11071262898221,106.25060194849102,3.456791975944562
55,49.40680554751744,50.09835080811541,150.0489874775088,110.36309730488347,91.7924590638307,90.34194004037116,42.611952453363685,98.77275579203149,122.1249066657834,107.25546803685857,99.54042619929821,115.08513879032635,108.55573909685961,10.067630092076481,55.0315530108367,57.31588147975273,47.40686656783715,76.75360997714905,86.15913297838085,64.5334088027913,16.222682237657487,93.48882082387382,108.68972035881337,119.39076526108687,129.7961325353656,114.83123044814798,113.23933388545751,13.465544675268358,62.67933843052241,58.03757987180917,27.89473635938813,71.443992916411,67.21382146172591,57.453893807971326,17.265346875063692,119.93384382822303,137.83978322855975,138.9391773238706,126.7050602286929,122.13101341437748,129.10977560474475,8.82487497056932,49.5611767004678,39.68281356074147,61.13673144266961,65.90571747189257,57.7852775515715,54.81434334546859,10.348630039130319,118.87006142791175,125.78033272196005,83.81103458838268,126.42434682069104,124.31458302989157,115.84007171776742,18.150021124948093,32.32847157641714,55.92272422989837,33.98985036695598,58.61882260975542,38.05769965241992,43.78351368708937,12.523633665779654,107.93321667666878,108.68114146970181,110.28048903680548,101.34919092221354,104.30700681086073,106.51020898325007,3.6208810280532746
56,49.43092012590651,50.15907093889979,152.42591568653094,111.76368948754993,92.30797166719282,91.217513581216,43.59391596401066,99.77498608612706,123.07250282369426,108.31656706855127,100.4901499886003,115.8198590727766,109.49481300794989,10.016325716432794,55.24916046221767,57.66258803311967,47.69515820579613,77.4026714567489,86.88177952346392,64.97827153626926,16.43935985168356,93.96286710157534,109.5617893853695,120.56966800027926,130.9199492554856,115.54627707880422,114.11211016430279,13.720037883063467,63.20789984801025,58.45347063115166,28.002111055454183,71.72264068186347,67.79766120048136,57.83675668339218,17.40239199040173,120.55860424703154,138.35710801256386,139.3930483789927,127.2009194320758,122.68693589356307,129.6393231928454,8.773196193554801,50.04213227202094,39.84514726822616,61.94265193087517,66.75676234452442,58.36045432493838,55.38942962811702,10.620808190558307,119.70277249077134,126.4840620038678,83.72821086515017,127.06130930785604,124.54693290438068,116.30465751440519,18.439312614995973,32.48935380810752,56.39330148399213,34.22150376097304,58.847114891698254,38.343246474216876,44.058904083797565,12.590931446164163,108.21940415604759,108.8757080811751,110.76916011925461,101.43503460892255,104.48277219333691,106.75641583174733,3.7490133603910416
57,49.445508913448464,50.213697795505105,154.7754833876726,113.15472592596046,92.7809859467279,92.07408039386291,44.569737509448174,100.75104520173412,123.997710937533,109.35318964692152,101.4174387736136,116.53174568823535,110.41022604960752,9.967197096796012,55.45050475595409,57.99160412803989,47.977856314571795,78.11982432915113,87.57039752910113,65.42203741136362,16.663777369852355,94.41289729824389,110.40828610900266,121.70809749431471,132.00202892567813,116.26055508979843,114.95837298340757,13.969256680154135,63.71968099808465,58.84362228969564,28.116051206559767,72.78226112022693,68.35662057353802,58.36364723762101,17.688912358735745,121.14703887186842,138.8554544363282,139.79169014660744,127.67283419045593,123.21703516803316,130.13681056265864,8.717825372531236,50.50723137116766,39.98698837698061,62.74200657139077,67.65541382646236,58.9200881610572,55.962345661411725,10.913411452725024,120.50460431185209,127.1542041751973,83.65947865488647,127.67207973588941,124.75253204223254,116.74857978401155,18.71269258891009,32.645672435113326,56.85716189598459,34.44983628261985,59.470576005376635,38.62259974857433,44.40916927353375,12.775475054075436,108.49941873263026,109.05480709853224,111.22696818534037,101.5895621901241,104.63562642821483,107.00127652696835,3.8471041161406725
58,49.449230651118185,50.25936952973378,157.09054335377738,114.5316330305714,93.20440745097363,92.90703680323487,45.537453112375566,101.69682745199913,124.90019811925293,110.3614620913951,102.31790186806043,117.21804002518313,111.29888591117815,9.92179978205806,55.63314953542417,58.29982202236108,48.24779032213627,78.72986563280976,88.22220189224075,65.82656588099441,16.864390123050356,94.83905824230008,111.22861960288789,122.80151416873476,133.03832481639125,116.97042668715213,115.77558870349321,14.210969005562262,64.21210832432914,59.20664912171028,28.233674376909594,73.06170619462753,68.89010119605146,58.720847842725604,17.81103325559528,121.68310746830498,139.31335511829656,140.15251905586476,128.1027561073325,123.7112170379557,130.5925909575509,8.665671258478325,50.95384969176246,40.1089102600837,63.53014786838329,68.49795570271758,59.46437158846393,56.5110470222822,11.198084824315337,121.27628444520516,127.79051628899005,83.59814489109955,128.24428850543532,124.92892299299164,117.16763142474436,18.970813882808834,32.79442970411783,57.31189710999238,34.670625095343254,59.82625427800592,38.89504102970569,44.69964944343302,12.883051174669644,108.77048066612191,109.20378036194754,111.65886248302854,101.80317399382008,104.77824549138545,107.2429085992607,3.9161339355821005
59,49.442092660369674,50.29885390157772,159.37348607241844,115.8917426440556,93.58196155282971,93.71762736625024,46.49708173283255,102.61661123402466,125.77959111033753,111.3464067690205,103.19529705126497,117.883482636912,112.16427776031193,9.878708494215608,55.79855726099927,58.592122852340545,48.50738682734112,79.39174005741951,88.84161393828863,66.22628418727781,17.07161093602813,95.2477924625325,112.02954349271795,123.85436298803715,134.0327514248604,117.67564484860203,116.56801904335002,14.443721317094838,64.68877382100396,59.54693600199488,28.358284449011244,74.02630239088828,69.40467345823708,59.204994024227084,18.06524909217721,122.18366745947414,139.71493262806675,140.4867665220287,128.50905290343056,124.17673134586285,131.01423017177257,8.608677443368652,51.38681250995709,40.21510380216687,64.31173510244895,69.3772335364523,60.000033096777116,57.05818360956046,11.49870934403424,122.0245962519394,128.39955370340402,83.54523479079307,128.7854572305421,125.06496665580347,117.56396172649643,19.21437048462916,32.940199821973806,57.760196405693904,34.88866426488065,60.32544953873966,39.16517794811015,45.015937595879635,13.032783517930556,109.03787422039196,109.33836127771296,112.06870374646664,102.05756221729784,104.90427775920573,107.48135584421502,3.9678031760450345
60,49.42396909235253,50.33264848986909,161.61976867505183,117.23143190041023,93.91942749370115,94.50544913027697,47.446606203742526,103.50541128335101,126.63683259978909,112.30380460642421,104.04540754348282,118.52439339380325,113.00316988537006,9.839953054638649,55.945492729647164,58.86865375971027,48.750664648385154,79.95536065800644,89.42923869885449,66.5898820989207,17.258550767451055,95.63921192020281,112.8093898896524,124.86339402859224,134.9784984311184,118.37343347755828,117.33278554942483,14.664893797615173,65.1463702663575,59.86605898468085,28.486412814864934,74.32602949948621,69.90072934122279,59.54512018132245,18.178519114948834,122.64092688882587,140.094725435852,140.7834242017315,128.87814810863426,124.59061195886393,131.3975673187815,8.560019491631548,51.80425334895927,40.307334442755966,65.08201974081145,70.20377151612611,60.5271216735807,57.58490014444669,11.79013929534025,122.73940091060794,128.97357556162598,83.4957566141162,129.27824424178905,125.15006530471696,117.92740852657123,19.44042163032726,33.07881685316073,58.199624865003265,35.10051260580641,60.78686678124455,39.42976228794504,45.319116678632,13.17277579451035,109.2866906280986,109.4447136291698,112.45051228347683,102.33398591515302,105.01771552470109,107.70672359611986,4.003670531026897
61,49.3959127743274,50.36216960038034,163.83349666121862,118.55520468261614,94.22538245850299,95.27443323540909,48.387472730692416,104.37019466451527,127.47399579212346,113.23900721788267,104.87369917576568,119.14522402233919,113.82042417452526,9.803854892450817,56.075656208518225,59.13336254910711,48.97893816086454,80.5631515072044,89.99059534894423,66.9483407549277,17.45348927712229,96.0214818537741,113.57673039516035,125.83330389217441,135.8823667885699,119.06407051633485,118.07559068920273,14.873331352049581,65.58720540436862,60.16895592758317,28.618912853293136,75.23859769112259,70.3835847319639,59.999451321666285,18.412303840216488,123.05166875769766,140.4409621861287,141.04549835875855,129.207872358915,124.97732571688216,131.7446654756764,8.51368703121979,52.210663198585785,40.38906624164653,65.84293437850464,71.0572592967254,61.05010504792831,58.11000563267813,12.092432375829809,123.42694873287195,129.52057130067456,83.45198155306345,129.74685549548272,125.20751656678821,118.27077472977616,19.655223406094038,33.21287836359199,58.6331942998307,35.30830154569334,61.166066996915966,39.69052833151304,45.602193907509005,13.289547267059746,109.52229187090764,109.53004957928671,112.80668008420194,102.61708601441929,105.11632601196462,107.91848671215605,4.031771144674732
62,49.35930648487625,50.389707482779144,166.01296899056962,119.86006225742,94.50360349220249,96.0251297415695,49.31786572295473,105.2129024980765,128.29165030892162,114.15428205417918,105.68132318152469,119.74671380870278,114.61737437028096,9.76994756967797,56.18965931644251,59.38703806454005,49.18832853950593,81.08985057935044,90.52665183891673,67.27630566775113,17.633220120909485,96.39764086791759,114.33069256120561,126.7645030391863,136.74760905870886,119.74459954378959,118.79700901416159,15.06886365008043,66.01042974805252,60.456678940436696,28.749902381978604,75.58535612475995,70.85398518801603,60.331270476648754,18.527452886868637,123.42219103463066,140.7549309899655,141.26846681169363,129.509138846657,125.32759710632651,132.05646495785464,8.468197986116984,52.606323639793736,40.460356210738354,66.5922919810552,71.86254420021764,61.56782375840947,58.61786795804288,12.38496088434191,124.08306294348372,130.01345352071453,83.41240152391727,130.19060305425535,125.2255178936692,118.58500778720801,19.854070298770964,33.341227690449216,59.05922644102864,35.50991060191339,61.718921858990974,39.94604459451727,45.9150662373799,13.458535385986789,109.74335059358336,109.58964904610197,113.14029783097573,102.89812815439413,105.20896879933616,108.11607888487826,4.054025688360462
63,49.31586447909284,50.416648838597695,168.1615611180212,121.14666920782638,94.75886657859905,96.75992204442744,50.238305336360575,106.03586873745589,129.09078324186945,115.05266227533467,106.47116178382619,120.33030004800021,115.39615521729729,9.737518679252066,56.28903905451735,59.63126986923774,49.38282422261637,81.65012785694013,91.04016311654307,67.59868482397094,17.81959119753674,96.77218844561159,115.07192833791748,127.66338953588199,137.58117069882607,120.41417858487493,119.50057112062241,15.252595025971102,66.41709845595227,60.730676617308674,28.881141859326583,76.45708015388958,71.31445312087538,60.76009004147049,18.74873345823754,123.74426942404142,141.02463925437425,141.45649455118803,129.7788882618148,125.63994183359489,132.3288466650027,8.424213120511647,52.99353784537746,40.52187104175611,67.33125751918668,72.68568368330831,62.0805877832143,59.12258757456857,12.68504542429664,124.71189573916423,130.4759572934012,83.3748840707648,130.6057018461098,125.2163447094361,118.87695673177522,20.04202954022217,33.46498514076979,59.47850148032803,35.70678799562204,61.9789576947818,40.19650800041722,46.16514806238378,13.54269223632897,109.94692332100277,109.6359295972847,113.44716586467563,103.18287549579625,105.28827962629289,108.30023478101046,4.069576245690709
64,49.266040742538245,50.4419549539218,170.27509382761636,122.41063054097346,94.99190894800584,97.47712580261114,51.14688682939806,106.83603627824185,129.87122149306106,115.93184360328907,107.24231920101056,120.89372658381289,116.15502943188308,9.707201248661049,56.37346141093917,59.86481904171853,49.560959301559166,82.14322076228757,91.53002811923851,67.89449772714859,17.99300595954395,97.1472341712076,115.80181297498682,128.53085333673832,138.3808240796902,121.0708751482746,120.1863199421795,15.423010656183443,66.80540699588909,60.991406081006645,29.012439871198428,76.85197719388835,71.76399468397808,61.08504496519212,18.868090964103917,124.0248027035059,141.26546272467067,141.61745168544263,129.99620367640216,125.92055496094711,132.5648951501937,8.386406670586917,53.371509442862376,40.573813294219256,68.05792638489471,73.46314045144696,62.585295675371995,59.61033704975906,12.975212070413626,125.31354608909267,130.91720486214695,83.34088326562743,131.0003705461268,125.17231487352812,119.14886392730439,20.220341268257243,33.5828315905931,59.88946121124007,35.898476000280226,62.60303705095293,40.44017855363941,46.482796881341145,13.734545686430556,110.13175457240645,109.65503264695947,113.72678043546927,103.46552729986522,105.35782879191711,108.46738474932349,4.078289887230305
65,49.210451929647974,50.46800847572321,172.35064260450892,123.65092347520702,95.20400238070259,98.17680577315795,52.04171271991215,107.61375459796649,130.63465652107342,116.79437487913636,107.99665201161295,121.43715722478,116.89531904691384,9.67912175268101,56.442082508962066,60.09025465090162,49.71972457997246,82.65433959646454,91.99617101466788,68.18051447019371,18.170862408353354,97.52097242036274,116.51774870080345,129.36949660845664,139.15775911080985,121.7147343915296,120.85614224639247,15.584570672493289,67.17462617102576,61.23937868854787,29.137894882020987,77.7086859583261,72.20122630065873,61.492362400115894,19.084107304802632,124.25639215047268,141.4708664162188,141.73896060392633,130.17908534159795,126.16275336508815,132.7616115754608,8.351602306691591,53.739798889379735,40.61562939806747,68.77065106070016,74.25128852907163,63.078924348879546,60.09125844521971,13.270320464978328,125.88092302112297,131.3409185984666,83.3130618086274,131.3835300202877,125.10939412490522,119.40556551468198,20.39029809955426,33.69360986767778,60.2923955611903,36.08341506921458,62.74785885340786,40.6753539739804,46.698526665094185,13.788232298075512,110.30172354803521,109.64674354877184,113.97608916424802,103.75529918488654,105.41319452302866,108.61860999379405,4.077958842038762
66,49.1510528365662,50.495463377462116,174.38634861346043,124.86894708743415,95.39744522919837,98.85985142882426,52.92162077005768,108.36891564979189,131.3806365518997,117.64256809004186,108.73631397388512,121.96608981628125,117.61890481637997,9.653322710231285,56.497334994508684,60.30938865681264,49.86082021448426,83.1143852302964,92.44091182268045,68.44456818375649,18.33917429722219,97.89682284735838,117.22095199113784,130.18278522707507,139.91142710503846,122.34444409725096,121.51128625357214,15.736137390101264,67.52677066350623,61.476418996976044,29.25813472345977,78.13901213797884,72.6287038585428,61.80580807609274,19.210007670526245,124.43857718515547,141.63716621518756,141.8246420214632,130.32292878572153,126.37333631269732,132.919330104045,8.318950525767352,54.100626275682345,40.6480349499137,69.47103915578427,74.99902585893035,63.56154067339018,60.556053382740174,13.556466318625588,126.42947715767056,131.74366839108427,83.28836745541315,131.750877525675,125.02389303065695,119.64725671209999,20.55295825763674,33.800218547898744,60.68771764997676,36.2636697785153,63.43457112588612,40.90443038042536,47.01812149654046,14.000947169827423,110.46507014681501,109.62482544452523,114.19901507830077,104.04756029762699,105.45768108268489,108.75883040999058,4.07278969557403
67,49.09149968162424,50.52803039650973,176.38156050433713,126.06402826133957,95.57387595345416,99.52779895945297,53.784531327237325,109.09995481316258,132.1108471883937,118.47683820491892,109.46284496109725,122.4841998650465,118.3269370065238,9.630820485976114,56.54244333708554,60.52653179295026,49.99236860511078,83.58187863464735,92.86621186209955,68.7018868463787,18.50718325819722,98.28517626960466,117.91502980357019,130.97079877784347,140.64094212875858,122.96118732679577,122.15462686131454,15.873280489361035,67.86268116828857,61.704718280883824,29.375094727700496,78.98864507675833,73.04659945256923,62.19554774124009,19.424809472779987,124.58814076410137,141.7645292070757,141.89254907075147,130.43765671135125,126.55441401053352,133.04745795276267,8.287847995590694,54.453419469048,40.67122162290789,70.15926940663945,75.75067297757556,64.02978268990705,61.0128732332156,13.845308509160603,126.94657954883986,132.12946203006874,83.26399903217188,132.09411220844135,124.9124465697057,119.86931987784551,20.70764882002819,33.90201606270992,61.073433404877626,36.43965883749623,63.47116619533361,41.12505587650029,47.202266075383534,14.024525330236626,110.63325951075092,109.5749607293585,114.37501554224032,104.34264807347898,105.49903443289482,108.88498365774471,4.054949186601602
68,49.032837606521625,50.56311503337243,178.33409476068707,127.2363817985537,95.73597531695972,100.1804809032189,54.629953260128026,109.81111300126136,132.82663971143634,119.30097737243699,110.18098899195584,122.99622419172329,119.02318865376279,9.610466582668831,56.57850995687545,60.74171159451292,50.117090203714675,84.013836847314,93.27339384196773,68.94490848887696,18.665843101547438,98.69420337254664,118.60861348485784,131.73348939200727,141.35372984732467,123.56575689658489,122.79115859866427,15.994462078332376,68.1843896517731,61.92546242137784,29.48827239312196,79.44947761683922,73.4551770562299,62.5005558278684,19.555799862224404,124.70686989928369,141.85725997679367,141.93635541412397,130.53131876472042,126.70203507064907,133.14676782511415,8.257368748151142,54.79936773361496,40.685865135563276,70.83725482548147,76.4658449526379,64.48310635507926,61.45428780047537,14.126004400098797,127.43886635933345,132.50274704557984,83.24581188307177,132.42225933893326,124.79650523203075,120.08123797178982,20.855525359102305,34.00032187302715,61.450385388275826,36.613217870226784,64.20003595913167,41.33818080649003,47.52042837943029,14.249857169203542,110.7965170978024,109.5054731027429,114.53477963203103,104.64440159422472,105.532214939849,109.00267727333001,4.034646737084756
69,48.978171821037954,50.60072639670167,180.23409232979316,128.38438941432796,95.88381431071441,100.81623885451503,55.45338148606814,110.50280914947581,133.52754352597282,120.11268527245643,110.89184704544355,123.50251320545775,119.70747963976127,9.59168877285471,56.60816845625133,60.95497872005713,50.23388438962948,84.44222064505081,93.66255877422616,69.18036219704298,18.821452405680283,99.12999710354943,119.30448297203955,132.46806800574637,142.04489346586467,124.15705098011948,123.4208985054639,16.095334358744804,68.49206375426796,62.13929764661682,29.594681102751185,80.31552353360767,73.8541443850602,62.87914208446076,19.776157841229324,124.79369958005502,141.9204592120445,141.97381681592609,130.6016410494651,126.81915336731996,133.22175400496212,8.233414600587597,55.13729035087633,40.69199213439304,71.50220156176862,77.18325817047699,64.91952893065309,61.886854229633606,14.408424492904652,127.8894941080657,132.85658947646507,83.2303069519495,132.73325939716227,124.66551260825635,120.27503250837978,20.994469661468596,34.095674197349666,61.81548168174549,36.78246277095217,64.1477501438561,41.54411877022202,47.677097512825085,14.24726165522916,110.94624597554692,109.41992665271141,114.67655671734003,104.9424031496793,105.55392988943791,109.10781247694312,4.014625814191377
70,48.93058406638703,50.64353148516291,182.0778275086541,129.50793475849633,96.01861450698355,101.43569846513678,56.25206549616321,111.17015506579949,134.21428854630878,120.90918391074001,111.59335734395074,124.00590234499983,120.37857744235978,9.576547730891383,56.633723035089226,61.17055562435635,50.347132489509406,84.84936428414794,94.0353370954163,69.40722250570384,18.969025887055253,99.59207982979052,120.00099482604834,133.1736137390355,142.7083456871371,124.73625924896135,124.04225866619456,16.17427854269234,68.78587626602011,62.34720310099496,29.69449083042675,80.77802166017634,74.24340609671636,63.1697995908669,19.909090413060422,124.85211941252338,141.97311421203665,142.01973015052897,130.64115271921466,126.91612948538156,133.28044919593705,8.222600727470555,55.465440421820404,40.68914207038,72.15218774821156,77.86529790947324,65.33672948346948,62.301759526670935,14.682525310676894,128.30684138581256,133.19181303287314,83.21975379104278,133.0346652501519,124.51711735286528,120.45403816254911,21.125163609973896,34.18760069737177,62.16624836577701,36.946009347052964,64.926830685913,41.74195397471936,47.99372861416682,14.485649942997558,111.08307262576743,109.31859902592723,114.80404225783624,105.2401903081098,105.5712911562543,109.203439074779,3.9941482008986897
71,48.89109914389958,50.6876522318721,183.85806205460156,130.60380456078659,96.14002499804272,102.0361285978405,57.023602838984,111.80740707847431,134.88548118239171,121.68732586423494,112.28335287450604,124.50852405804325,121.03441821153005,9.566432514800264,56.65578718303986,61.385259632973835,50.46299534989682,85.24174061699425,94.39151712480601,69.62745998154216,19.108500414425652,100.07369511083978,120.70094325459762,133.84603892510955,143.3326559117038,125.30222120272782,124.6511108809957,16.229787131518577,69.06543132859001,62.54838833565301,29.790216509522107,81.67992048311277,74.62318097529104,63.54142752643379,20.13985585964753,124.89200546201279,142.0196443237641,142.0823211658762,130.65777633486417,127.03108567374812,133.3365665920531,8.217811166797848,55.78291488394724,40.67802489473363,72.78831159397937,78.54463414281935,65.73488755358203,62.70575461381232,14.957024209896264,128.69651140305214,133.5088106417901,83.21567452756885,133.31315030661213,124.36807395849745,120.62044416750413,21.246171198414228,34.27747856222098,62.50223153937255,37.10636987779918,64.80128984221932,41.93409607752979,48.12429317982836,14.459380849965015,111.20141001367362,109.20014404828646,114.95169545399727,105.53828047617185,105.57496122814358,109.29329824405457,3.9872677304152817
72,48.85907306551877,50.73601755002224,185.58120603735887,131.67840100325574,96.25098853243313,102.62113723771775,57.770454335176396,112.41531605975591,135.54260526103198,122.45043729055006,112.96747366635105,125.01891341708597,121.678949138955,9.561069751265503,56.67567923928265,61.6068459293951,50.58740430751619,85.62893002429198,94.73580455026011,69.8469328101492,19.240827445415878,100.57971881580222,121.41603433993832,134.48148847540622,143.93264753572575,125.85921270700062,125.25382037477462,16.263108804528166,69.33339655588856,62.747296722212106,29.880591245958275,82.13639272489112,74.99643981175926,63.81882341214187,20.272115965502415,124.92905909249826,142.07621239660259,142.13661023006014,130.65256654234716,127.17824346442275,133.39453834518616,8.210060224584229,56.091651987854355,40.66076021397467,73.41350862715476,79.19368718522324,66.11590458897552,63.09510252063651,15.224217648335705,129.06947483766817,133.81291032587944,83.21556054440151,133.57662742302128,124.24142200939865,120.7831990280738,21.3623168267275,34.367057327025215,62.82687570817717,37.26610699818503,65.62908578188673,42.122005470083785,48.44222625707158,14.707714753245927,111.30887579655024,109.06573008833561,115.09034475015912,105.83528213082516,105.57675397738133,109.3753973486503,3.982993966232549
73,48.83512901782262,50.78663579508364,187.249527566198,132.7340707576889,96.35325956269206,103.19172453989704,58.493935318131314,112.99576995590078,136.18629802617235,123.1999203702643,113.64737124870888,125.54575461580099,122.31502284336946,9.560460307466398,56.69507952296537,61.83634670368764,50.72529061890061,85.998099215765,95.07031025593474,70.06502526345068,19.362457612544315,101.10485165780902,122.15387044332454,135.079808955071,144.505741926905,126.40857498385749,125.8505695933934,16.275148422960424,69.5914439147761,62.94525841835829,29.964970989119735,83.10005372934675,75.36481789813656,64.1933089899475,20.521599725175893,124.96329337850929,142.12599015456487,142.1901950721809,130.64595429015236,127.37285276902305,133.4596571328861,8.192709088725534,56.392602486680545,40.63810898931005,74.02825771865595,79.84206640299746,66.48072998060114,63.47635311564903,15.491695035154962,129.4187490748178,134.09650182538286,83.22071719827672,133.82639301977272,124.14940915413155,120.94235405447634,21.471413703469853,34.457635840966205,63.14107211923282,37.42527807750999,65.46111411599001,42.30730072743981,48.55848017622777,14.664670694537598,111.40288037563938,108.9207911981306,115.2155097583278,106.13537830537224,105.57494634749986,109.44990119699398,3.979248177430883
74,48.82023495449157,50.840757836764226,188.86181127875892,133.77167641689726,96.44786099890187,103.74846829716277,59.1931366176338,113.55093173405061,136.81675276824484,123.93698023022468,114.32707248167249,126.09194913065136,122.9447372689688,9.56334187696302,56.71632560166373,62.07796557691119,50.88407203239793,86.37613835848346,95.39814967375949,70.29053024864315,19.477263746764898,101.63866958328552,122.90855367546642,135.63707360503298,145.0423185787185,126.95158318554894,126.43563972561046,16.26707676011897,69.84112370850447,63.14385159049344,30.04693278800095,83.54654780568015,75.7306612374868,64.46182342603315,20.653522878578897,124.98727535060918,142.1677548950602,142.25553112807015,130.67805400859135,127.54704546854914,133.527132170176,8.180054206275893,56.686603416964005,40.61096672219687,74.63342727298281,80.46401804111366,66.83010879616319,63.84502484988411,15.752426338434569,129.7542026020459,134.3665632058232,83.22715383989079,134.0684397772128,124.09748181984659,121.10276824896387,21.5778514189791,34.55035723198746,63.445730284241975,37.585082126129095,66.35970928985134,42.49110728519295,48.886397243480566,14.928431872646867,111.48834940067022,108.73815923361035,115.33185517933887,106.43644273300914,105.577517199804,109.51446474928653,3.978526040708
75,48.81000854545072,50.894769427438725,190.42041297585644,134.7903983018989,96.53497574072858,104.29011299827468,59.87057465244915,114.08287706992958,137.43300350397672,124.65603765267535,114.99858530023137,126.64696747807247,123.5634942009771,9.569541689835361,56.736495053319594,62.330322976249136,51.065459093191514,86.7289271381951,95.71922650710373,70.51608615361181,19.578465460805848,102.16927149667465,123.6697650411029,136.16274420346355,145.54957302376377,127.48920128232487,127.00811100946594,16.24759268739233,70.08166227499203,63.3411453842417,30.128065440733184,84.58437395027296,76.09398302067714,64.84584601418341,20.923266087358197,125.00625572698485,142.21188705302973,142.33394031975175,130.72842542370583,127.70544869215196,133.5971914431248,8.174508991083508,56.97390961955591,40.57934450713578,75.22881918393696,81.08352993679863,67.16557348117553,64.20623534572056,16.012765341222646,130.06553561998896,134.62267263549933,83.24193623374919,134.30186963003152,124.08460638496072,121.26332410084595,21.676833022155225,34.6450253401353,63.743728998918286,37.745812173458916,66.15963399348843,42.67484129438678,48.99380836007754,14.870777263425245,111.56517480606999,108.53785138505484,115.43852958623177,106.73881702740752,105.58293617715984,109.57266179638478,3.98114092630761
76,48.8040102955137,50.94435693742383,191.91759660556855,135.7834089222111,96.61078239641608,104.81203103142666,60.5237370390129,114.58135280365732,138.03439582972825,125.34905442332067,115.65107959911266,127.20575408916937,124.16432734899766,9.583076788070006,56.753627724824554,62.58770849537699,51.2650093486675,87.09483163234016,96.02917288153218,70.74607001654826,19.67470664072495,102.68221909927735,124.42756654318082,136.65268364462483,146.00719507247985,128.0198253494851,127.5578979418096,16.216530463295005,70.30887704780744,63.53296323248315,30.204392615254285,84.99475886737713,76.45125749517793,65.09844985161999,21.047231909317425,125.01794460344523,142.2615680578616,142.4316521752598,130.8112851879071,127.85255279350525,133.6750005635958,8.177017648067157,57.25069642782767,40.542118843892716,75.80764359407462,81.6755623180138,67.48420152797604,64.55204454235698,16.265662697457888,130.35223793206367,134.87063168781089,83.25929246962404,134.5233813551108,124.09955952687473,121.42102059429683,21.770522521763798,34.73819284118531,64.0328682334732,37.90250600235376,67.12168017571517,42.8565940713753,49.33036826482054,15.150343697675199,111.62750456759991,108.32652218440748,115.53952710583252,107.04759429608923,105.59303652473947,109.62683693573372,3.9867729062236004
77,48.80077538188919,50.99264664807018,193.36181553738155,136.75687947050068,96.67932036877461,105.31828748132325,61.15591565303573,115.05186042194465,138.6228712072544,126.02201524353708,116.28821907212725,127.77074625804521,124.75114244058173,9.602800730636549,56.76879446257481,62.85774871159011,51.485401563316465,87.42771592476495,96.33364234373053,70.97466060119538,19.75666402581822,103.17216072675181,125.18025917043134,137.1134019481574,146.40238775834808,128.5475293416039,128.0831477890585,16.173587513344486,70.52614589335448,63.72278624866353,30.279046010119767,86.10833013653496,76.80509946032797,65.48828154980015,21.33918982430232,125.02877519849501,142.32692911275674,142.5385539933526,130.90537668744676,127.98907882428769,133.75774276326774,8.187520246828257,57.520169851874314,40.50087282403568,76.37349613925205,82.26254680963548,67.78774658483033,64.88896644192558,16.5167862868315,130.62413609590004,135.1010598679639,83.27802726130815,134.7355899857989,124.1419915131996,121.5761609448341,21.859150532706867,34.830348611246826,64.31657012278416,38.056568590965966,66.89072752123587,43.0363677311284,49.426116515472245,15.082027354295194,111.67948820530533,108.1037038070156,115.6303630827872,107.36625154571882,105.61554115888224,109.67906955994185,3.992578641692746
78,48.798082361602034,51.03572881002869,194.75441265986757,137.71082598782922,96.73945326953613,105.80770061777272,61.76897597270879,115.49910303570044,139.1971115332975,126.67570429046884,116.90954583972729,128.33747176573343,125.32378729298549,9.62682423148034,56.78026542149205,63.135477494034454,51.71999765020784,87.78367180312716,96.63158137631167,71.21019874903463,19.838212758544675,103.6335337609094,125.9238075858797,137.5445305379468,146.7597791395091,129.07188839870125,128.58670788458926,16.128317042582488,70.73378434878121,63.90845123818663,30.35339449780174,86.45656062765488,77.15530471292799,65.72149908507049,21.447538649378103,125.04355849460606,142.40251305659058,142.64152389427466,131.0191708554103,128.12530200135495,133.8464136604473,8.197186719647659,57.78347974191027,40.455343704897196,76.92766048794697,82.82791548820734,68.07806948227086,65.21449378104651,16.76205869275678,130.87490454975557,135.3180270574609,83.29537930733787,134.9319758993198,124.21656566069308,121.72737049491343,21.9428745164969,34.92213670630454,64.59733116767121,38.208889273508355,67.90314270171854,43.21591549565294,49.76948306897112,15.376402064276816,111.72068323535999,107.87484329373503,115.71062545280596,107.68625754791228,105.63446446228959,109.72537479842057,4.003826124588825
79,48.79595052315052,51.0749682935525,196.09275222664164,138.64239813992643,96.79046853339308,106.27930754333283,62.3612819602761,115.92501046417303,139.75718346617404,127.31224160049908,117.51566742143554,128.90320499243205,125.88266158894275,9.654417979677767,56.788307224476014,63.4217575608499,51.957037352332335,88.09889588076703,96.92305038257982,71.43780968020101,19.908884896645876,104.0652230521378,126.65119482289074,137.94293356076525,147.08052691999498,129.59315535342571,129.06660674184292,16.08159781053785,70.93180390788177,64.08865719288731,30.425943019588537,87.64396910901455,77.50060010640556,66.11819466715555,21.76088694688461,125.04639488892118,142.4827477260292,142.7320317029148,131.13655765960274,128.27136097533824,133.93381859056123,8.206204030277648,58.04030580014989,40.404910795761445,77.46821827236695,83.38639127798669,68.35409790553507,65.53078481036002,17.005241233365815,131.11077778402378,135.5279950533292,83.2905804236538,135.12148181520007,124.33282650468428,121.87673231617823,22.03390271745217,35.012471625445166,64.87415811813588,38.35720555639163,67.6385937935645,43.39394635348323,49.85527508940408,15.297683307071422,111.73398487957097,107.65886171968164,115.79192482844346,107.99959000439145,105.65879149104168,109.76863058462584,4.019144736925454
80,48.79438359863833,51.10980688405756,197.37376534938338,139.5501603607995,96.82998526479557,106.73162029153487,62.93172278651219,116.32785052749075,140.30291234830722,127.92763024838509,118.10357092470784,129.46130725819515,126.4246542614172,9.685970773552643,56.79207715538608,63.71392972668617,52.18495325300538,88.43786624062861,97.20573723686368,71.66691272251398,19.984705751737415,104.46465711315446,127.35285893671323,138.3086565412143,147.3552063085131,130.11194854023904,129.5186654879668,16.032406007847968,71.11855575638894,64.26160925581524,30.49536108723807,87.89769369687751,77.8376717974324,66.32217831875043,21.84560292265339,125.04253669995332,142.55222430593966,142.80841593631976,131.26861688140994,128.41472012020157,134.01730278876485,8.21004246033029,58.28884387095819,40.34956474083411,77.99298162112039,83.92066677360545,68.61407476196257,65.83322635369613,17.241541282770225,131.33552030475892,135.7127897115302,83.28005541475909,135.29600799622716,124.4863930941743,122.02215330428994,22.121201228275222,35.09898563415301,65.14553367689604,38.49936449076576,68.68505710780923,43.56800634896256,50.19938945171732,15.604447741647471,111.73712368742818,107.47290549805204,115.8900104211124,108.29490151216548,105.68203024786496,109.81539427332461,4.04591940570911
81,48.79203376621151,51.14064534230197,198.5964333186525,140.44031554419385,96.85886546991175,107.16565868825433,63.48090565633562,116.71046577788849,140.8336012513495,128.52410189762216,118.67582231054678,130.00010789650634,126.94881982678264,9.719123021514028,56.79087918369454,64.01179743363859,52.39597931303164,88.73126119688153,97.48187055289556,71.88235753602837,20.05391478432226,104.83143813676075,128.0238930575113,138.64075174286825,147.59190987580078,130.62984785661803,129.9435681339118,15.983430281208147,71.29485674749323,64.42672597343078,30.56414528223985,89.14645224221594,78.16720592922242,66.71987723492045,22.177795957194785,124.99403938612623,142.58706952937857,142.8871503288071,131.40632900109551,128.53257731131768,134.081433111345,8.222122809788898,58.530108112570055,40.28893263385068,78.50263449305672,84.44522824744277,68.85922859677508,66.12522641673907,17.47496326301691,131.54354460424952,135.88979490831747,83.27087967662162,135.43727602252955,124.68298233771895,122.16489550988743,22.20120061908475,35.18169685506036,65.41176097913322,38.63540164500975,68.38611822547944,43.737739491997274,50.27054343933601,15.517392352229058,111.73007654129631,107.28002102233728,116.00333096012243,108.54421200007761,105.70615545848143,109.85275919646301,4.088992952755945
82,48.78637740346562,51.168897717323986,199.76094815445072,141.31280552430198,96.87849746158398,107.58150525222524,64.00908926710129,117.07769298070392,141.34845351025461,129.1041288208095,119.23343915636525,130.5267435008026,127.45809159378719,9.752766278504179,56.783820451125514,64.31825685081728,52.586487664344986,89.05341579696973,97.75289266449637,72.09897468555077,20.133350752369434,105.16592770970682,128.65309901554664,138.94531600642958,147.7963420272825,131.1474712148841,130.34163119476995,15.937431471312458,71.46165657422098,64.58547827810767,30.63293300852599,89.28624542399231,78.48915010508088,66.89109267798557,22.23127221565207,124.93703817381687,142.61144467151888,142.95827659344698,131.55381604848424,128.6421571289981,134.14054652325302,8.233111584437415,58.76541302348993,40.22330136014927,78.99912406512053,84.94876316336781,69.09138484772726,66.40559729197096,17.70271453642533,131.73587178418873,136.0385824635656,83.25959505996428,135.5661018283458,124.88889623626046,122.29780947446497,22.274589557205985,35.26026629737389,65.67414879979486,38.765419974810776,69.45506065922034,43.90263435123064,50.6115060164861,15.83478791800324,111.71144280504335,107.07902699573171,116.1329725143204,108.75419290276756,105.72664152752911,109.88085534907843,4.147804309105771
83,48.77731437816196,51.19678812474289,200.86025867160834,142.17407251020123,96.88952541404686,107.97959181975224,64.51408142249822,117.42953869887127,141.84698256214745,129.67022941390738,119.77699268564605,131.0479685667088,127.95434238545617,9.78724658773972,56.77134787853078,64.63515073989437,52.75645737228178,89.32833511006923,98.02066035164654,72.30239029048454,20.207396828323333,105.46016508936214,129.24475875447465,139.22064017656086,147.96654990535777,131.66711621698494,130.71184602854808,15.89682877327078,71.61964700519455,64.73854965281271,30.70175940103882,90.61314598378134,78.80314437535442,67.29524928363637,22.58581737731037,124.88656347536923,142.6340423182567,143.02946056015608,131.70872529056786,128.73932191895153,134.19962271266027,8.244058429845,58.99461943576489,40.15261958414702,79.48235190967007,85.441918721976,69.31016542256195,66.67633501482399,17.927593938416752,131.91337884088173,136.16867817177703,83.2486869711089,135.68359165102478,125.10770687842349,122.4244085026432,22.342161333843436,35.33324639785975,65.9312006121564,38.88818289216696,69.12045531733864,44.05999939752932,50.66661692341022,15.740416304019792,111.69062260204079,106.86867804582609,116.26109694049464,108.92152746383351,105.72138339816227,109.89266169007146,4.221278607672954
84,48.762796077682914,51.226157186612625,201.91643069766226,143.02686532637827,96.89249765735647,108.36494938913852,65.0042373117382,117.76785053302753,142.3277972408433,130.2224940750033,120.30940328436523,131.5663339028822,128.43877580722432,9.821195582857507,56.752751336401175,64.96773731053668,52.911092254797204,89.63713321490023,98.28716522353842,72.51117586803474,20.29220742635912,105.73017174575774,129.81201965636745,139.46971942688532,148.10605466027303,132.19053457952313,131.06170001376134,15.856600428786072,71.76916034171725,64.88842460076934,30.774437522464392,90.63339582630188,79.10960783664922,67.43500522558043,22.603809802520946,124.82902166562582,142.64576887722242,143.10362717479063,131.82286802416795,128.82316893889598,134.24489093614056,8.260929373379817,59.21850755884109,40.07746938319747,79.95507976280484,85.91530359305456,69.5168575014384,66.93664355986726,18.147393632368786,132.07988563739846,136.28583610280003,83.23479741606576,135.78789369193768,125.33632138062406,122.54494684576521,22.40637385033551,35.399865222320116,66.18359899554667,39.005108994449486,70.19966057419059,44.208286267737634,50.9993040108489,16.066561805015294,111.65952832693826,106.65006660779106,116.3734978799231,109.04880422849043,105.71086132874507,109.88855167437757,4.296421287423498
85,48.742615338103036,51.25612493231556,202.9312047102591,143.86812041227003,96.88676898702185,108.7369668759939,65.4800522811747,118.09277870002033,142.78880829951834,130.76126040940113,120.82947537035375,132.07494541619837,128.9094536390984,9.853584599730858,56.72774894702054,65.31244139130646,53.0510025050468,89.89613654701368,98.55011621383035,72.70748912084358,20.36975250481938,105.99105150946278,130.35839129762766,139.68977951433217,148.223680613506,132.71707290118755,131.39599516722325,15.81289732069004,71.91058299514626,65.0323158772168,30.850807396313808,92.04147408015818,79.40657901100657,67.84835187196832,22.979065768802997,124.77557895539044,142.65806046619252,143.18595622673303,131.92801015683855,128.90173077397716,134.28986731582637,8.280989103832807,59.43741422167647,39.99616190447506,80.41663694434945,86.37856436661902,69.71195757615516,67.18814700265503,18.365134064126302,132.23339724423772,136.39347178789194,83.2202585842125,135.8784775489609,125.57624967324534,122.66037096770967,22.46655316948946,35.46129329291622,66.42962095389275,39.116072368906906,69.83246792080838,44.347496863460414,51.037390279996934,15.966081240049085,111.623593372237,106.43423687118826,116.48219646593755,109.13311746961384,105.69601846866611,109.87383252952854,4.37509269452387
86,48.72009254888379,51.285408108114254,203.89196885289283,144.69056838951246,96.8678124569004,109.09117007126073,65.93574940610439,118.40203054051469,143.22858454061162,131.28154566888077,121.330573404358,132.56690190491616,129.36192721185625,9.885127241271721,56.696644383237526,65.66432012641998,53.17491844824991,90.18239664849341,98.80242773370257,72.90414146802068,20.454825526976173,106.24357962213682,130.8787076110737,139.87213283164348,148.30495525922126,133.24219690947726,131.70831444671052,15.760632756006672,72.03832899426561,65.1661595058444,30.924651554877265,91.92555237588911,79.68628287010776,67.94819506019682,22.95597994201159,124.70869242330403,142.65668129867066,143.2989382200528,132.00552161535717,128.95906388308367,134.32577948809367,8.315574231512928,59.6448817668056,39.90780888906145,80.85946550272571,86.81678703052708,69.88906646773783,67.42360193137154,18.576355453398925,132.3779210513216,136.48257975889544,83.20002182305547,135.94954908641404,125.82288480557868,122.76659130505304,22.523047779761562,35.51356620751101,66.66162573559951,39.21667411037812,70.91682448812494,44.473217319559566,51.35638157223464,16.298824129638156,111.57749380277808,106.20446472565243,116.58682422004145,109.17981051658813,105.6732819283159,109.84437503867521,4.459622529989087
87,48.69277869161422,51.318350090009545,204.81517934518035,145.5013939166831,96.83934019293095,109.43340844728364,66.37766277449751,118.6999818520224,143.64609134742278,131.78913116080912,121.81882700597376,133.04958602807122,129.80072347885988,9.913881938458958,56.65969329966623,66.03213555405381,53.29362248237309,90.41712497689343,99.05003549053484,73.09052236070428,20.52935515849924,106.4975873216532,131.38412498482327,140.02948135661734,148.3573456116918,133.76943317036555,132.00759448903025,15.699667879693292,72.15810652063817,65.29435316839094,31.00268541844418,93.41942812403913,79.9541434768491,68.3657433416723,23.35482654784322,124.64875339739615,142.66929796081965,143.41901078198785,132.08808907987486,129.01167949595515,134.36736614320674,8.35440392351663,59.84703339427372,39.81282995956366,81.29194853666202,87.24399065579738,70.05395277588413,67.64995106443618,18.785636416843612,132.50538918867323,136.55741476214305,83.17806282556566,136.0111075722773,126.07654416026863,122.86570370178556,22.57546492175964,35.560306299698105,66.88473870986661,39.312397078581,70.51351187201918,44.58745230564545,51.371681253162066,16.19040075346101,111.52512943339231,105.96455441869011,116.69054799546923,109.19750167962125,105.63925949519292,109.80339860447316,4.55085360314004
88,48.66439706521204,51.35225876725637,205.6854315956989,146.28827108688043,96.79542669222128,109.7571570414538,66.79861538597721,118.97789230685217,144.03988710615516,132.27474514782557,122.28703962507791,133.51490232612426,130.21889330240703,9.942138579785102,56.61627120367666,66.40615964559781,53.407269239005345,90.6764985512527,99.28311820863948,73.27786336963439,20.60737284386632,106.74981256051421,131.8733141649587,140.14799755039004,148.3815022964558,134.29114624248137,132.28875456296004,15.629810873105601,72.26314381878636,65.41007518758632,31.075583086043153,93.17429935182724,80.20151831011682,68.42492395087197,23.29170595564394,124.57847659637171,142.67880280007887,143.5483370636351,132.15264890694016,129.055722738865,134.40279762117817,8.40096446913139,60.03617829283257,39.709498636464026,81.70519614378051,87.64616865887533,70.19938732470467,67.85928581133142,18.988928156203695,132.59344116473912,136.61321568854575,83.14949284304627,136.05173376961432,126.33268923143883,122.94811453947686,22.621106222020675,35.598044139427024,67.09123608432698,39.39867899505339,71.61230856121608,44.68687238188345,51.677428032381385,16.531538592660755,111.45321112383199,105.7242815630709,116.78896568103103,109.19532802585567,105.58884688390758,109.75012665553943,4.644276883939178
89,48.63640075473572,51.39220782808006,206.5185941142352,147.063666906845,96.74189924706694,110.07055377019257,67.20429929768794,119.23931753304163,144.41002763197739,132.74719234067655,122.74472261343627,133.9765944952377,130.6235709228739,9.968655871304788,56.57007101309725,66.79676743016907,53.5346585100899,90.88533554989385,99.51028444846555,73.45942339034312,20.6697075460792,107.01153126942916,132.36206008253004,140.23728789585596,148.3861564074089,134.81110293257228,132.56162771755925,15.550232007282265,72.36181007325631,65.52067320054132,31.151294657499623,94.75463719761377,80.43644291855081,68.84497160949238,23.716583717149067,124.50875178617288,142.69927138726462,143.68052478871323,132.21680742055398,129.09591848945695,134.44025477443233,8.451839229067804,60.21997008036925,39.599915490263264,82.1102891390198,88.03784405810549,70.33222135841217,68.06004802523401,19.190690108957735,132.66669564957354,136.66234893602237,83.11410010847804,136.08570178753442,126.60055569476138,123.02588043527393,22.667079857065495,35.63229710812666,67.28734691148469,39.482576427118666,71.17813570152829,44.77478605210134,51.67102844007193,16.41458239336734,111.36435176376095,105.47335108200602,116.8863799037928,109.18690677053513,105.53412484456402,109.68902287293179,4.740671418094672
90,48.61419698678993,51.437687487879984,207.30961762025592,147.82604048179235,96.67675243498384,110.37285900234042,67.59168973471337,119.48504571343534,144.75567520638236,133.20602046749113,123.19285109696442,134.43143284465265,131.0142050657852,9.992554670230817,56.52491879805063,67.201728028425,53.68291075730609,91.12819242166985,99.73011376445594,73.65357275398149,20.731574656134352,107.28090222363268,132.8578133690131,140.29554116524685,148.37168628612892,135.32477335405127,132.82614327961454,15.461721346545959,72.45516719700797,65.62592603605695,31.22770713361395,94.36554970762707,80.6587040343986,68.8666108217409,23.607817519970453,124.4552306520977,142.72069248209064,143.81967328689962,132.27902105629224,129.1309161327594,134.48110672202793,8.501345637225663,60.39721706357457,39.484571793153535,82.5072824664024,88.41209939955648,70.45149271085693,68.2505326867088,19.38906253555993,132.72396538362455,136.69765444724743,83.0771270929017,136.10886810168117,126.8706855863797,123.09566012236692,22.70900645567345,35.66614526984522,67.4712842831544,39.566618808937136,72.31047051576773,44.85273063401429,51.97344990234376,16.765586501682968,111.26574888025435,105.220401962416,116.97711658338588,109.17223225261361,105.47081233459137,109.62126240265225,4.837570747823208
91,48.59980050722536,51.490282180214734,208.06200233872863,148.58211602554798,96.60144491792173,110.66712919392769,67.96212829266315,119.7118900763652,145.07737844979704,133.65156647243597,123.63185901851217,134.87892396440128,131.39032359630232,10.014971349436731,56.48296368418948,67.62378881162064,53.85159514260207,91.32596949210638,99.94616149164854,73.84609572443343,20.777000090651764,107.55280800494133,133.36653870571465,140.32519795808696,148.34144772547558,135.83123031596978,133.08344454203765,15.367933535766229,72.5455999724244,65.7291866482969,31.305722271311563,96.04848582086397,80.87124648094526,69.30004823876843,24.063587669539878,124.39410045135517,142.74987026229573,143.96915660002009,132.3389693864695,129.17086331131574,134.52459200229126,8.55747069925057,60.56908674989948,39.36503249927963,82.89771034589947,88.77659244702852,70.55860387066377,68.43340518255418,19.585681353119462,132.76475708869995,136.71579633794002,83.03319011288193,136.11308353949426,127.13290893985867,123.15194720377494,22.747186085280127,35.70110619483627,67.64430263689349,39.65179613483148,71.85645713335886,44.92135456266305,51.955003332516625,16.6377001909707,111.14814157699502,104.95985870610804,117.06471298627717,109.15656659407028,105.39566033634203,109.5449880399585,4.93729599961763
92,48.59560636245057,51.5502469765221,208.77751043833874,149.33057097643288,96.51611758150545,110.95401046704994,68.3154959973369,119.92170163137146,145.37520859701152,134.08540209663846,124.06427009022552,135.31741529680403,131.7527995424102,10.03501259990546,56.44645746427199,68.06411565222317,54.03698250564605,91.56521628029601,100.1598267998946,74.05451974046636,20.825117917956874,107.81554646041683,133.88382736152928,140.32270241836915,148.29515034109392,136.3283197852854,133.32910927333893,15.273650460688826,72.63541805934219,65.8326340729121,31.384781289034727,95.51210335300642,81.07561760487224,69.28811087583354,23.90842045918,124.32492524788586,142.8197316713136,144.12135277019422,132.38830817532195,129.2151553631466,134.57389464557247,8.626732196016667,60.73592242307136,39.24276748737911,83.28260539354727,89.1286209813681,70.65470706097904,68.60892466926899,19.77950593627882,132.79025364284348,136.72431591145977,82.98614980241406,136.1090769610021,127.39330717265732,123.20062069807537,22.783008606327233,35.74044722726885,67.80754030484262,39.740727961135335,73.03863610778404,44.98326908764279,52.26212413773474,17.000414071689622,111.0132270568426,104.68930602194293,117.14636879700437,109.15181629205863,105.31162002902718,109.46246763937515,5.038757380077176
93,48.600145342769444,51.61528138826357,209.45261439383748,150.0672435413502,96.41918134925683,111.2308932030955,68.65090527245275,120.11326431913835,145.6492828994328,134.5054698795277,124.48906870227118,135.73793121537085,132.09900340314817,10.05251210510972,56.41421383189364,68.52148378387331,54.23124960365595,91.75673857510574,100.36953637586595,74.25864443407892,20.859034230400283,108.05018517789837,134.40364316719155,140.28813387002242,148.23575939729437,136.81469441829563,133.55848320614047,15.187997807190127,72.72318408011124,65.9365579519219,31.46224348123672,97.31386692921355,81.27027421211979,69.74122533092063,24.401934124717013,124.24257712640991,142.89631423469277,144.27170763155806,132.42853873297906,129.262397699573,134.62030708504258,8.701295125391571,60.89549046935821,39.118596076256324,83.66009580908218,89.47157570524162,70.73941851662785,68.77703531531323,19.970992756345364,132.8018623024024,136.72009264775036,82.95544699291314,136.09068776913287,127.6443812061681,123.2424941836734,22.806391857914832,35.78381551976179,67.96134707936896,39.83333451223826,72.57534839590991,45.0389442528489,52.23855795202555,16.861744408734346,110.87035978657197,104.41938526557179,117.2180524252084,109.1464300698972,105.22292970751565,109.37543145095302,5.138083802057791
94,48.61131689306406,51.68837093865672,210.09581257702808,150.7969644922244,96.31439404996149,111.50137179018694,68.97174372267372,120.28908182042693,145.9013655764246,134.91772737990087,124.91085946014434,136.13617588815788,132.43104202501092,10.066548328454711,56.38688104569634,69.0031717324082,54.430439428061035,91.99429455237212,100.58055368330973,74.47906808836949,20.9005436077355,108.25190249410895,134.92242845603167,140.2318468136907,148.15836634216012,137.29215875033714,133.77134057126574,15.113632382580683,72.81320608768132,66.0472924649653,31.543063943785963,96.63259727059894,81.45985003582715,69.69920196057174,24.200438834347427,124.15242144710031,142.988527350425,144.43575880340526,132.4595787280492,129.31901726533553,134.67106071886306,8.785020968999147,61.052778885529435,38.99648187270272,84.03563645768955,89.80685222164341,70.81777946655006,68.94190578082302,20.1596895686414,132.79839944175527,136.70183341752147,82.92330272465189,136.0617130420262,127.8880586345321,123.27466145209739,22.82550550021901,35.835157238696446,68.11165213810318,39.934866551950655,73.82253204308256,45.092127748218076,52.559267144010185,17.239726117042935,110.71131563948984,104.14435860784133,117.27316348668677,109.14761538829546,105.12968828265971,109.28122828099463,5.233467898696368
95,48.62598414959588,51.765423076499516,210.70491856948803,151.51352994243342,96.19852119769482,111.76167538714233,69.27815831796383,120.45071106929943,146.1320764406541,135.31966154288617,125.32753945060493,136.50452698400127,132.74690309748917,10.07651953846472,56.362732966081104,69.5048689976918,54.62485044172263,92.18415028444367,100.78829969346658,74.69298047668116,20.931740395200055,108.41989620986618,135.4300024646361,140.14759735704652,148.06631158676635,137.7579692919623,133.9643553820555,15.051218159908485,72.90322144206414,66.16390772854047,31.624407699973382,98.56245598413075,81.64148054461859,70.17909467986547,24.733620689402887,124.05443588693014,143.09481882786133,144.60292953098448,132.47959298990264,129.38818907794195,134.72399326272412,8.874284420625765,61.20699350152905,38.87766467736484,84.40751477774886,90.13676442201431,70.88934619072914,69.10365671387724,20.345492516092644,132.78645386114607,136.66668831118972,82.88729341752138,136.02371161903187,128.1083160445142,123.29449265068065,22.841084724041657,35.89366603310894,68.25856306573493,40.04484870571275,73.37649973997591,45.143531473379575,52.54342180358242,17.09656306682347,110.54258416194789,103.87038884930591,117.29680351647357,109.14575525157568,105.03150470131408,109.17740729612342,5.318417476807619
96,48.639911567652234,51.84379744072086,211.2804134390323,152.21125594166259,96.07105256225151,112.00928619026391,69.57108962213925,120.59921860209215,146.34186108557697,135.71261639294315,125.74052259927417,136.83130271441772,133.04510427886083,10.081066967862206,56.3394879250142,70.0227863148055,54.80932332897437,92.41529264200038,100.98993980282471,74.91536600272384,20.972507990200928,108.5563676928023,135.91629949358082,140.03902709216018,147.99461494163805,138.21180210785496,134.14362226560723,15.008379863740933,72.99303774929506,66.28392905368955,31.704903050639384,97.72985194921223,81.81429121114304,70.10520260279586,24.483406302107927,123.94242691927155,143.21571133578692,144.77507806352912,132.49125445907293,129.46443747938756,134.7777816514096,8.972309317745289,61.360360708350946,38.76185098254807,84.7747518967461,90.45873201919149,70.95592248080642,69.26232361752861,20.527489411353155,132.75672812499232,136.62878738153165,82.84401301738927,135.9762044460838,128.29186484222947,123.29951956244531,22.854857444519137,35.96060620747113,68.40371999937246,40.16358135824055,74.68480031487312,45.19503748119219,52.88154907222988,17.489046755661928,110.35733253052256,103.59615475292605,117.29064651269923,109.1362985656928,104.92475494766553,109.06103746190124,5.394123801139533
97,48.649936826288986,51.92426448197704,211.82845885026074,152.88832663107166,95.93278526107399,112.24475441013449,69.85298279084508,120.73565618571453,146.53255168162235,136.0978356455073,126.14905214287889,137.11161670635613,133.32534247241583,10.080331216737731,56.31484271492027,70.5567816695069,54.98592394457282,92.59398680680613,101.18462381101008,75.12723178936324,21.003228849953544,108.67265133558298,136.37035622245435,139.9070172066198,147.93232723415332,138.65476530043074,134.30742345984822,14.977400204248365,73.08237839022394,66.40754588952534,31.788852919780833,99.77997065717342,81.97910861215932,70.60757129377257,25.054932275709035,123.8216038896122,143.34404595357427,144.9477052739865,132.48766449150108,129.54504932611135,134.82921378695707,9.07550218449626,61.517187020126855,38.65177124435824,85.13874756119611,90.77811874239514,71.0212988468841,69.4214246829921,20.70598200224778,132.7216552414971,136.5800739095243,82.79965491832462,135.92332278107773,128.43295671013317,123.29153271211139,22.864279271471695,36.037467588507354,68.55111222603647,40.29327977057444,74.26644697319105,45.2485567223272,52.879372656127295,17.34430181094564,110.16382133461782,103.32680740580042,117.26068093552784,109.12993095346464,104.81560426994723,108.9393689798716,5.460909102515092
98,48.65219400040657,52.003752500723785,212.3434779187896,153.53631532734695,95.78125009386244,112.46339796822588,70.12229932571557,120.85825976731465,146.70449020691794,136.47089857307157,126.54302945393728,137.3425179603,133.5838391923083,10.076304313461653,56.283797826195745,71.09811689013124,55.15328046945171,92.80539654324738,101.36595145549633,75.34130863690447,21.041781507430567,108.76858641306401,136.78900509364667,139.7580157591121,147.8541649321359,139.08638499668905,134.45123143892954,14.95283146876841,73.16563330222684,66.52819636596867,31.87238105782567,98.79009004689418,82.13185198717734,70.49763055201853,24.75178234790696,123.69442628808156,143.47667153931746,145.11958449087408,132.44851270942593,129.6330555161176,134.8744501087633,9.183018488222219,61.67551760304081,38.54599245178709,85.49354569455942,91.08922574859822,71.08425997597281,69.57770829479166,20.879062282338705,132.6748954262115,136.52794193091955,82.7525314237009,135.86486134211563,128.53058245959411,123.27016251650835,22.87025689603335,36.12028043676674,68.69904379909083,40.429373614886096,75.60659668547922,45.30212201006693,53.23148330925797,17.744387655599617,109.96969352673214,103.05333267227934,117.21718052422652,109.11745824009397,104.69937050155565,108.81140709297752,5.526223568320729
99,48.64340867437121,52.07827283430679,212.82492449453375,154.14449803710517,95.61139697332496,112.66050020272837,70.37915204737023,120.97072225672612,146.85730953617553,136.83215277773778,126.91901026612938,137.5304253507311,133.82192403749997,10.069003673440271,56.24122928526565,71.6390914626679,55.31166853888877,92.95115703996184,101.52645007888265,75.53391928113336,21.06708822140511,108.84566563970348,137.17120515296585,139.58271366964914,147.76216292750752,139.50296859412026,134.57294319678925,14.933203301757457,73.23634652242937,66.63984543136425,31.94931656073025,100.94670069640573,82.26763239799237,71.00796832178439,25.36105368320916,123.54227953936947,143.60371944633792,145.29339083066938,132.36102322773368,129.72439546461624,134.90496170174532,9.300648922061841,61.83156776118095,38.44178356266136,85.83441631733196,91.39028594295364,71.14237285227446,69.72808528728046,21.04669041949734,132.61354943308532,136.4687261147165,82.70056965117269,135.79480126448982,128.5919663190711,123.23392255650711,22.872332796387468,36.20332507369642,68.84462679512414,40.56670109135648,75.20451283290548,45.35228632402785,53.23429042342207,17.59986408478867,109.76881846231073,102.7828221026518,117.16533508226186,109.09963079993547,104.57821665381688,108.67896462019534,5.589361670225135
100,48.62772793651894,52.15420477645971,213.28477249368686,154.72084163881132,95.42941670431833,112.84339270995902,70.62624723906677,121.07095489325843,146.99353158901528,137.18490649252604,127.27759002782965,137.68744619915236,134.04288584035635,10.061244446166857,56.189985405913895,72.18511551102668,55.47066191614687,93.12609896672213,101.67123726724542,75.728619813411,21.097341044928278,108.9112285284901,137.52449447158114,139.3813375197798,147.66253648731944,139.90938341606315,134.67779608464673,14.917405829225217,73.29731891840346,66.74699107308925,32.02637161752011,99.79077545923428,82.39165016577579,70.85062144680458,25.004381334695985,123.38389003843456,143.73974521920186,145.4461000952132,132.237126790946,129.81947727892486,134.9252678845441,9.419149695201217,61.990311317704546,38.34414909488053,86.16543000729371,91.68200416777042,71.20081380696637,69.87654167892312,21.20757049605256,132.5460109256928,136.39919174729712,82.64830329383031,135.7189042489346,128.62327053296357,123.18713614974368,22.869962222469596,36.28968007939228,68.99306492758802,40.70924845998897,76.53026470806131,45.40123290447578,53.58469821590127,17.99847736358867,109.56944422932412,102.52442121305049,117.10761562993937,109.07922821919648,104.45176978900568,108.54649581610325,5.649229228354904
