training_horizon,seed,model,epoch,train_loss,val_loss,val_rmse,val_nrmse,val_nrmse_percent,wall_time_sec
5,0,ResDyNet,0,1.185746437363673,2.3775046287022965,1.541915895469755,1.3494291446401174,134.94291446401175,0.001540166005725041
5,0,Plain,0,1.0242060202215315,2.3472250970975264,1.5320656308061762,1.340808548498327,134.0808548498327,0.00543283301522024
5,0,ResDyNet,1,1.0500522173095934,1.668758070325156,1.2918041919444123,1.1305404081374941,113.05404081374941,0.04055500001413748
5,0,Plain,1,0.9953697822199665,2.131189217979015,1.4598593144474623,1.2776161863157787,127.76161863157786,0.04304250000859611
5,0,ResDyNet,2,0.5781220330745495,0.9808116676742789,0.9903593628952466,0.8667267727666268,86.67267727666268,0.06903300000703894
5,0,Plain,2,0.9080720771114026,2.1168014622611904,1.4549231808797296,1.2732962603602158,127.32962603602158,0.07134312501875684
5,0,ResDyNet,3,0.2707169272728797,0.33866124979676065,0.581946088393728,0.5092982143806003,50.92982143806003,0.0971349160245154
5,0,Plain,3,0.8526500516642691,2.093394008383539,1.4468565956526374,1.2662366760890222,126.62366760890222,0.09960970800602809
5,0,ResDyNet,4,0.09945574229326999,0.23173354396753432,0.4813871040727351,0.4212926204329386,42.129262043293856,0.12486500001978129
5,0,Plain,4,0.8031613646492085,1.924856702771577,1.3873920508535347,1.2141954525304437,121.41954525304438,0.12721379101276398
5,0,ResDyNet,5,0.08911712802153515,0.13036215449099714,0.36105699618065445,0.315984052667124,31.598405266712398,0.15207770801498555
5,0,Plain,5,0.7621492229899186,1.6679274659440149,1.2914826618828512,1.130259016631496,113.02590166314961,0.15442058301414363
5,0,ResDyNet,6,0.05674814593163388,0.12250103866004446,0.3500014837969183,0.3063086672175186,30.630866721751858,0.17908670802717097
5,0,Plain,6,0.7246560080323685,1.4552932177884055,1.206355344742338,1.0557586608780236,105.57586608780237,0.18140166602097452
5,0,ResDyNet,7,0.04390847382333021,0.18058438709546282,0.42495221742622175,0.37190284435045945,37.190284435045946,0.20617237500846386
5,0,Plain,7,0.5727498814733862,0.96754117409659,0.9836367083921737,0.8608433481632187,86.08433481632187,0.20762920801644213
5,0,ResDyNet,8,0.04496517103073195,0.11054812368614783,0.3324877797546067,0.2909813055016602,29.09813055016602,0.23274583302554674
5,0,Plain,8,0.2380315108365585,0.5047103540507452,0.7104296967686142,0.621742431512675,62.174243151267504,0.23509900001226924
5,0,ResDyNet,9,0.03610892244777955,0.08364772621896921,0.28921916641012785,0.25311417664803626,25.311417664803628,0.26026012501097284
5,0,Plain,9,0.27945163868745687,0.72308214234299,0.8503423677219606,0.7441889517435132,74.41889517435132,0.2625807080185041
5,0,ResDyNet,10,0.029703233026143656,0.0562600729395104,0.23719205918308142,0.20758193003862965,20.758193003862964,0.28690741601167247
5,0,Plain,10,0.21431205776444232,0.8027280625152552,0.8959509263990161,0.7841039163045974,78.41039163045974,0.28914420801447704
5,0,ResDyNet,11,0.026403563688573294,0.05725835873427985,0.23928718882188374,0.2094155118861907,20.94155118861907,0.31342179101193324
5,0,Plain,11,0.2133160436476965,0.5277099698166976,0.726436487118246,0.6357509967485608,63.575099674856084,0.31489520802279003
5,0,ResDyNet,12,0.02225727520446077,0.07072224738108474,0.2659365476595587,0.23273806897713722,23.273806897713722,0.3408096250204835
5,0,Plain,12,0.16403408010830642,0.35603309677118006,0.5966850901197214,0.5221972567670186,52.219725676701856,0.3422944160120096
5,0,ResDyNet,13,0.022222369562113937,0.06526426145598226,0.25546870934809657,0.22357699466668401,22.3576994666684,0.36783200001809746
5,0,Plain,13,0.13664210138626426,0.4438264411084806,0.6662030029266459,0.5830368251843574,58.30368251843574,0.36933412501821294
5,0,ResDyNet,14,0.019110501097491104,0.03652152911042353,0.19110606769651123,0.167249133513001,16.7249133513001,0.3939513750083279
5,0,Plain,14,0.1330107347483788,0.30363446870133987,0.5510303700353909,0.4822418934082325,48.22418934082325,0.396225291013252
5,0,ResDyNet,15,0.018103159624426643,0.03307546637378876,0.18186661698560502,0.15916309969857934,15.916309969857934,0.4209869160258677
5,0,Plain,15,0.10762138262304045,0.22912506807792954,0.4786701035973832,0.4189147996722778,41.89147996722778,0.4232932500017341
5,0,ResDyNet,16,0.01799776373963683,0.03507515317617294,0.18728361694545773,0.16390386256626646,16.390386256626645,0.4481122500146739
5,0,Plain,16,0.09973779025395231,0.23076563727709642,0.48038072117550307,0.4204118704412028,42.041187044120285,0.44962020800448954
5,0,ResDyNet,17,0.015801811701704603,0.050437020062912064,0.22458187830480014,0.19654595482990916,19.654595482990917,0.4741364580113441
5,0,Plain,17,0.07903469517909616,0.18681889120655684,0.4322255096666055,0.3782681672292852,37.82681672292852,0.47559870802797377
5,0,ResDyNet,18,0.015821243864069173,0.032923723142699195,0.18144895464757904,0.15879757669359137,15.879757669359137,0.5016212500049733
5,0,Plain,18,0.06833947368203429,0.1776420099701443,0.4214759897908115,0.36886057537949407,36.886057537949405,0.5045073330111336
5,0,ResDyNet,19,0.014882418955670223,0.039823161592477264,0.1995574142758852,0.17464544703384147,17.464544703384146,0.533562916010851
5,0,Plain,19,0.05824855776144178,0.08719320783617064,0.295284960396175,0.25842274063275417,25.84227406327542,0.535039250011323
5,0,ResDyNet,20,0.013669101670706554,0.03822395815031658,0.19550948353038167,0.17110284413343935,17.110284413343933,0.564211333025014
5,0,Plain,20,0.06464837356056212,0.12646153062403423,0.3556143003649238,0.31122080171372474,31.122080171372474,0.5660376250161789
5,0,ResDyNet,21,0.013417683811091534,0.0331256972012622,0.18200466258110587,0.15928391222175609,15.928391222175609,0.5916514160053339
5,0,Plain,21,0.05243440554151844,0.09217453442685747,0.30360259291853464,0.265702032436578,26.570203243657797,0.5931685000250582
5,0,ResDyNet,22,0.012678165513222893,0.03404346000163679,0.18450869898635347,0.1614753545140424,16.14753545140424,0.6179602080082987
5,0,Plain,22,0.039358334030571665,0.08405100874303295,0.2899155200106282,0.25372360018809514,25.372360018809516,0.6194322500086855
5,0,ResDyNet,23,0.012480441526632604,0.038186256757595655,0.19541304142148663,0.17101844148028825,17.101844148028825,0.6449562080088072
5,0,Plain,23,0.040925180978015466,0.06932235908881074,0.2632913957743601,0.23042312750959415,23.042312750959415,0.6464411660272162
5,0,ResDyNet,24,0.011475865903210447,0.028135237449781296,0.16773561771365464,0.14679615911739496,14.679615911739496,0.6713777080003638
5,0,Plain,24,0.03203606853393348,0.07952652342985414,0.2820044741309154,0.24680013834038056,24.680013834038057,0.6737539160239976
5,0,ResDyNet,25,0.011342881801988725,0.03563355868994338,0.18876853204372646,0.16520340667033026,16.520340667033025,0.6984112909995019
5,0,Plain,25,0.030718870823327343,0.043734867189222364,0.2091288291681048,0.18302200391930545,18.302200391930544,0.6999292500258889
5,0,ResDyNet,26,0.010588758863819148,0.03417193932763933,0.18485653715148764,0.16177976992283954,16.177976992283956,0.7253170410112944
5,0,Plain,26,0.027735188957928803,0.06858076991592665,0.26187930410005034,0.2291873158380135,22.91873158380135,0.7268509160203394
5,0,ResDyNet,27,0.010527551094461485,0.023736886890796397,0.1540677996558541,0.1348345780188257,13.48345780188257,0.7534091250272468
5,0,Plain,27,0.023421873708872155,0.04027269206379378,0.2006805722131412,0.17562839432624575,17.562839432624575,0.756415708019631
5,0,ResDyNet,28,0.010213250024100456,0.043502382402232045,0.20857224744014255,0.18253490367778574,18.253490367778575,0.7903404580138158
5,0,Plain,28,0.01952478331757625,0.06006636790829594,0.24508440976181237,0.21448903043363024,21.448903043363025,0.7918834580050316
5,0,ResDyNet,29,0.010890600817113093,0.0376425569631555,0.19401689865358507,0.16979658771600695,16.979658771600693,0.8229725830024108
5,0,Plain,29,0.018755122189327997,0.03858249914807387,0.1964242834989449,0.17190344405119232,17.19034440511923,0.8245004160271492
5,0,ResDyNet,30,0.009721143486834867,0.022435544239237427,0.14978499337129011,0.13108642052319408,13.108642052319407,0.856969458021922
5,0,Plain,30,0.016882492982944627,0.04879841460596236,0.22090363194380114,0.19332688636107653,19.332688636107655,0.8596874580252916
5,0,ResDyNet,31,0.009282641836474528,0.044354198416848165,0.2106043646671364,0.18431333933662258,18.43133393366226,0.8902091660129372
5,0,Plain,31,0.01658228254233328,0.03866762046761924,0.19664084130113774,0.17209296762419446,17.209296762419445,0.8917420000070706
5,0,ResDyNet,32,0.008902740839092899,0.026270204774719474,0.16208085875488035,0.14184731815447066,14.184731815447066,0.923033541010227
5,0,Plain,32,0.014172784786545167,0.04663393469865274,0.2159489168730715,0.18899069854468903,18.8990698544689,0.9245885830023326
5,0,ResDyNet,33,0.008460416894403194,0.02662953953139119,0.1631855984190737,0.142814146438998,14.2814146438998,0.9560637079994194
5,0,Plain,33,0.015128200759232538,0.03540570851286422,0.18816404681252,0.16467438301158785,16.467438301158786,0.9575970830046572
5,0,ResDyNet,34,0.00786202894064936,0.033129801205564365,0.18201593668018293,0.159293778906391,15.929377890639099,0.9854953330068383
5,0,Plain,34,0.01325371815085302,0.03255103816608315,0.18041906264606064,0.15789625238221752,15.789625238221753,0.986990166013129
5,0,ResDyNet,35,0.007335655467321608,0.02227342278603584,0.1492428316068676,0.1306119401133541,13.061194011335411,1.0143162910244428
5,0,Plain,35,0.012493666486242727,0.04103952866435652,0.20258215287718837,0.17729258909619952,17.72925890961995,1.017917541001225
5,0,ResDyNet,36,0.007058114097395021,0.026129722660785625,0.16164690736536108,0.14146753955948058,14.146753955948057,1.0452322500059381
5,0,Plain,36,0.010581362118734063,0.03546220594840675,0.18831411510666626,0.16480571736672509,16.48057173667251,1.0467392910213675
5,0,ResDyNet,37,0.006678978341411824,0.028752506037129883,0.1695656393174333,0.14839772798033715,14.839772798033716,1.0722596250125207
5,0,Plain,37,0.01178889628896675,0.0462600801178126,0.2150815661971351,0.18823162453541867,18.823162453541865,1.0737329160037916
5,0,ResDyNet,38,0.006766366721923779,0.020968755408030566,0.14480592324912184,0.1267289180447507,12.67289180447507,1.0988005830149632
5,0,Plain,38,0.011356894052672246,0.028964777488398426,0.17019041538347107,0.14894450944543652,14.894450944543653,1.101429916016059
5,0,ResDyNet,39,0.007530201745232921,0.0366079760930166,0.19133210941453763,0.16744695706687027,16.744695706687025,1.1270416250044946
5,0,Plain,39,0.010815866808426451,0.028418410474726565,0.16857760964827614,0.14753304007145246,14.753304007145246,1.1285780830075964
5,0,ResDyNet,40,0.00722585654133384,0.021041747474936742,0.14505773841797184,0.12694929759262816,12.694929759262816,1.1547200830245856
5,0,Plain,40,0.012648152204189715,0.02887851678718086,0.1699368023330463,0.14872255645648963,14.872255645648963,1.156246666010702
5,0,ResDyNet,41,0.006434696864206694,0.020226469920775297,0.14221979440561464,0.12446563141318001,12.446563141318002,1.1812506660062354
5,0,Plain,41,0.014315769421488149,0.030134582393382257,0.17359315191960267,0.15192246165857512,15.192246165857512,1.183643333002692
5,0,ResDyNet,42,0.0061880548901091705,0.029746969761434927,0.17247309866015317,0.15094223146814062,15.094223146814063,1.2082136660174
5,0,Plain,42,0.014113185690348827,0.02587248009205668,0.16084924647649637,0.14076945553678125,14.076945553678124,1.2096971660212148
5,0,ResDyNet,43,0.005922078963166548,0.020750453838383087,0.14405017819629065,0.1260675172490236,12.60675172490236,1.2348911250010133
5,0,Plain,43,0.011612863075598829,0.026399942376305437,0.16248059076796045,0.14219714918616363,14.219714918616363,1.2363398330053315
5,0,ResDyNet,44,0.006072589746176398,0.022731814384535316,0.15077073450950393,0.13194910559238923,13.194910559238924,1.2610344160057139
5,0,Plain,44,0.010308930006280045,0.024774490714346203,0.15739914457946144,0.13775005086917536,13.775005086917535,1.262479125027312
5,0,ResDyNet,45,0.005730540110781712,0.025128337362325722,0.15851920187259877,0.13873028458974787,13.873028458974787,1.2880607080005575
5,0,Plain,45,0.010961651121728613,0.028366738366745105,0.16842428081112623,0.14739885220675,14.739885220675001,1.2895456660189666
5,0,ResDyNet,46,0.005880556361257036,0.02072382091016125,0.14395770528235455,0.125986588292054,12.5986588292054,1.3141969580028672
5,0,Plain,46,0.012083067063961552,0.02690121822882616,0.16401590846264322,0.14354080382360118,14.354080382360118,1.315649583004415
5,0,ResDyNet,47,0.005320705438359371,0.016350232370821446,0.12786802716403128,0.11190548267239302,11.190548267239302,1.3428592500276864
5,0,Plain,47,0.009278905228375357,0.025699548694209557,0.16031078782854746,0.1402982159608351,14.029821596083512,1.3453942910127807
5,0,ResDyNet,48,0.005160435763812217,0.023566422761306778,0.15351359145465515,0.13434955500226967,13.434955500226966,1.3704377910180483
5,0,Plain,48,0.012895037195767152,0.023470961606629766,0.15320235509491936,0.13407717217261397,13.407717217261398,1.3718443750112783
5,0,ResDyNet,49,0.0049569368077964,0.01715155576307895,0.13096394833342095,0.11461492114939242,11.461492114939242,1.3971560830250382
5,0,Plain,49,0.0079867143391308,0.0273303497864973,0.16531893353907562,0.1446811643448857,14.46811643448857,1.3986077080189716
5,0,ResDyNet,50,0.0047478271428774465,0.016084388820342445,0.12682424381932048,0.11099200115878971,11.099200115878972,1.4233660000027157
5,0,Plain,50,0.020483666041836223,0.06982572376099147,0.26424557472357313,0.2312581904900415,23.12581904900415,1.4257872080197558
5,0,ResDyNet,51,0.004154569231076162,0.018683744210300317,0.13668849333539498,0.11962483633877714,11.962483633877714,1.4504625830159057
5,0,Plain,51,0.02658325561855431,0.023508462607333996,0.15332469666473825,0.13418424109926533,13.418424109926534,1.4519370410125703
5,0,ResDyNet,52,0.003938256179939642,0.018412505536855153,0.13569268785330754,0.11875334331904158,11.875334331904158,1.476563291013008
5,0,Plain,52,0.013963907160608389,0.02252276611069466,0.15007586784921373,0.13134098336873926,13.134098336873926,1.4780612500035204
5,0,ResDyNet,53,0.0037824591037986716,0.015482978949266266,0.12443061901825557,0.10889718711777722,10.889718711777723,1.5034692080225796
5,0,Plain,53,0.010258237946368941,0.03516183116077047,0.18751488250475074,0.1641062578374861,16.41062578374861,1.505800208018627
5,0,ResDyNet,54,0.003651646878922869,0.017615921787130537,0.13272498554202422,0.11615611735929396,11.615611735929395,1.5304493750154506
5,0,Plain,54,0.012131217835659656,0.02284538746568477,0.15114690690081875,0.13227831809336973,13.227831809336973,1.5319975830207113
5,0,ResDyNet,55,0.0036259150610615325,0.015714539675863094,0.12535764705778063,0.10970848860193022,10.970848860193023,1.5569250410189852
5,0,Plain,55,0.00955545840860527,0.025021702432277793,0.15818249723745606,0.13843561284459505,13.843561284459504,1.5584635000268463
5,0,ResDyNet,56,0.0034419760043199843,0.01576452400231001,0.125556855656352,0.10988282877804807,10.988282877804807,1.5863967910117935
5,0,Plain,56,0.01073427311373518,0.023663757416543228,0.15383028770870588,0.1346267161343846,13.46267161343846,1.5885211250279099
5,0,ResDyNet,57,0.0033269747892943624,0.015330005185847286,0.12381439813627206,0.10835789284100926,10.835789284100926,1.6142540410219226
5,0,Plain,57,0.00756881773383091,0.02706479512505862,0.16451381438973026,0.1439765531217791,14.397655312177909,1.6167120410245843
5,0,ResDyNet,58,0.003227424560368425,0.01498989051237434,0.12243320837246054,0.10714912540626015,10.714912540626015,1.6631020000204444
5,0,Plain,58,0.010459930571173975,0.021413455474775054,0.14633337102238522,0.12806568521098405,12.806568521098406,1.6655155000044033
5,0,ResDyNet,59,0.0031844904675700975,0.01614334913911734,0.127056480114622,0.11119524598313058,11.119524598313058,1.6907908330031205
5,0,Plain,59,0.005911333445988841,0.022484957373741215,0.1499498495289049,0.1312306966827514,13.12306966827514,1.6922814580029808
5,0,ResDyNet,60,0.003211633030134074,0.01784502127578154,0.13358525845235147,0.11690899716353666,11.690899716353666,1.718939541024156
5,0,Plain,60,0.006467864971992259,0.02716872293435938,0.16482937521679616,0.14425272056917396,14.425272056917397,1.7204318750009406
5,0,ResDyNet,61,0.0035553915157831902,0.01693254332471153,0.13012510643496716,0.11388079699330547,11.388079699330547,1.7455998330260627
5,0,Plain,61,0.0053528859418495835,0.02550389936736858,0.15969940315282516,0.13976315415725038,13.976315415725038,1.7470950000279117
5,0,ResDyNet,62,0.0030551925869755007,0.012864097593646418,0.11342000526206308,0.09926109532662611,9.926109532662611,1.7729800830129534
5,0,Plain,62,0.005221662639240403,0.022297264332402297,0.149322685257138,0.1306818251461872,13.06818251461872,1.7755005409999285
5,0,ResDyNet,63,0.003129347508965045,0.015289923344947436,0.12365242959581278,0.10821614381977358,10.821614381977358,1.8003492910065688
5,0,Plain,63,0.005874945589507921,0.028736166891847895,0.1695174530597009,0.14835555710659087,14.835555710659087,1.801858416001778
5,0,ResDyNet,64,0.0032293023980255807,0.013734487025959816,0.11719422778430606,0.10256415866804149,10.256415866804149,1.8266808750049677
5,0,Plain,64,0.0109523632013263,0.04235818736866788,0.20581104773230197,0.18011840134398194,18.011840134398195,1.8281497910211328
5,0,ResDyNet,65,0.0031411925406109255,0.018232107883152493,0.13502632292687414,0.11817016478424786,11.817016478424785,1.8527453330170829
5,0,Plain,65,0.010522013154846428,0.022734778843175714,0.15078056520379446,0.13195770906124682,13.195770906124682,1.854188666009577
5,0,ResDyNet,66,0.003241373566550468,0.012448891041006601,0.1115745985473692,0.0976460619698529,9.764606196985289,1.8788616660167463
5,0,Plain,66,0.011313764049121926,0.029000514568888285,0.1702953744788398,0.14903636585777508,14.903636585777507,1.8813000000081956
5,0,ResDyNet,67,0.0032030762891794144,0.013219867586718226,0.11497768299421511,0.10062431866189271,10.062431866189272,1.905748333025258
5,0,Plain,67,0.00916607979468401,0.021234587547185615,0.145720923505122,0.1275296932468402,12.752969324684019,1.9072534580191132
5,0,ResDyNet,68,0.0027000904787335724,0.012673947954350053,0.11257863009625785,0.0985247541463777,9.85247541463777,1.9359076250111684
5,0,Plain,68,0.008659281740290906,0.049600427321680615,0.22271153387662843,0.1949090968862914,19.49090968862914,1.9373650830239058
5,0,ResDyNet,69,0.0027183965068112693,0.01436186583520402,0.11984100231224712,0.10488052021395228,10.488052021395228,1.9630056250025518
5,0,Plain,69,0.01293908994392549,0.02599377621313064,0.16122585466708075,0.14109904943355467,14.109904943355467,1.9644660000049043
5,0,ResDyNet,70,0.0026253567543097684,0.013322302992120323,0.11542228117707742,0.10101341494617848,10.101341494617849,1.9894224580202717
5,0,Plain,70,0.007599621140815915,0.022877030650187476,0.151251547596008,0.13236989585336215,13.236989585336215,1.9908895830158144
5,0,ResDyNet,71,0.0025474403842812715,0.012882019737118002,0.11349898562153761,0.09933021608687134,9.933021608687135,2.015596750017721
5,0,Plain,71,0.009333043053138458,0.024095112935703145,0.15522600599030803,0.13584819840357618,13.584819840357618,2.0170915000198875
5,0,ResDyNet,72,0.0025086676723253603,0.012907370475286527,0.11361060899091478,0.09942790483131132,9.942790483131132,2.041596000024583
5,0,Plain,72,0.01118340994223095,0.03615896893379929,0.19015511808468183,0.1664168967320864,16.64168967320864,2.0430758750007953
5,0,ResDyNet,73,0.002434947837068696,0.011573454970407923,0.10757999335567893,0.09415012766965207,9.415012766965207,2.06790033300058
5,0,Plain,73,0.010863174523681492,0.02078189151803801,0.1441592574829588,0.12616297950409147,12.616297950409146,2.0704034160007723
5,0,ResDyNet,74,0.0026508154122377244,0.015506716500232274,0.12452596717244269,0.10898063238124832,10.898063238124832,2.095305000024382
5,0,Plain,74,0.005699619902986708,0.02068463799574893,0.1438215491355483,0.1258674293461854,12.586742934618538,2.0968060410232283
5,0,ResDyNet,75,0.0027746016082833623,0.014263261172919239,0.11942889588754993,0.10451985954379918,10.451985954379918,2.1217861250042915
5,0,Plain,75,0.004086367199819576,0.026116878655013446,0.16160717389711834,0.14143276626203816,14.143276626203816,2.1232230410096236
5,0,ResDyNet,76,0.002899080544493228,0.015930571559987675,0.12621636803516284,0.110460010210468,11.0460010210468,2.1478195410163607
5,0,Plain,76,0.004994712054952056,0.022174109371199808,0.148909735649486,0.13032042655274217,13.032042655274218,2.149274375027744
5,0,ResDyNet,77,0.002774796679174818,0.013818085776137587,0.11755035421527911,0.10287582766798087,10.287582766798087,2.173692333017243
5,0,Plain,77,0.0049405606252495545,0.019933663428644582,0.14118662623862283,0.12356143992001921,12.35614399200192,2.175167125009466
5,0,ResDyNet,78,0.002873977140283018,0.012057180386056065,0.10980519289203068,0.09609754199738227,9.609754199738227,2.2004970830166712
5,0,Plain,78,0.00426974054209794,0.022985439522425013,0.15160949680816507,0.1326831600856104,13.26831600856104,2.2019482080067974
5,0,ResDyNet,79,0.0027609071424363036,0.01388650834593296,0.11784102997654493,0.10313021660387872,10.313021660387871,2.2263730830163695
5,0,Plain,79,0.004187243582161656,0.03143001547102712,0.17728512478780367,0.15515354307112725,15.515354307112725,2.2278062500117812
5,0,ResDyNet,80,0.00279858876992424,0.011533066922801167,0.10739211760087966,0.09398570558940615,9.398570558940616,2.2528711250051856
5,0,Plain,80,0.009878446628954894,0.025757662964154146,0.16049194049594562,0.14045675423762088,14.045675423762088,2.255411958001787
5,0,ResDyNet,81,0.003040535319281378,0.013169535772590793,0.11475859781554841,0.10043258322021256,10.043258322021256,2.2811246250057593
5,0,Plain,81,0.007562626530436689,0.028661516030974582,0.16929712351653994,0.14816273264201393,14.816273264201394,2.283021583018126
5,0,ResDyNet,82,0.0026926841366409853,0.012456947930308987,0.11161069809972961,0.09767765499526156,9.767765499526156,2.3107229160086717
5,0,Plain,82,0.013960447318765938,0.0359661905125158,0.18964754285915703,0.16597268521287653,16.597268521287653,2.3122445000044536
5,0,ResDyNet,83,0.0028654390790018858,0.014469995325922531,0.1202912936414042,0.10527459893441204,10.527459893441204,2.3398241250251886
5,0,Plain,83,0.024849098324728588,0.04229581971300475,0.20565947513548882,0.17998575047744025,17.998575047744026,2.3413042910106014
5,0,ResDyNet,84,0.0025229734847054706,0.01285909813914244,0.11339796355818053,0.09924180522286362,9.924180522286361,2.370128166017821
5,0,Plain,84,0.016503235674218072,0.02073580970773239,0.14399933926144382,0.1260230248480007,12.60230248480007,2.3716204580268823
5,0,ResDyNet,85,0.0024963425347754877,0.01310307290400003,0.11446865467891211,0.10017883545095035,10.017883545095035,2.3979289580020122
5,0,Plain,85,0.018602106102073777,0.029196514157670515,0.17086987492729816,0.14953914791679415,14.953914791679415,2.399438916007057
5,0,ResDyNet,86,0.0024022456156274495,0.011569492707541977,0.10756157635299873,0.09413400977356799,9.4134009773568,2.42758537500049
5,0,Plain,86,0.009122192121697783,0.028047804039966127,0.16747478628129706,0.14656788886108874,14.656788886108874,2.429099375003716
5,0,ResDyNet,87,0.002247414724924504,0.01197582506992574,0.10943411291697731,0.0957727861953307,9.57727861953307,2.4554756249999627
5,0,Plain,87,0.016048177109903448,0.04146304562615464,0.2036247667307556,0.1782050471133604,17.820504711336042,2.4569535000191536
5,0,ResDyNet,88,0.0021277087053232784,0.012286306590612157,0.11084361321525096,0.09700632998812618,9.700632998812617,2.4824803750088904
5,0,Plain,88,0.013459944778968096,0.03071968984062418,0.17527033360105235,0.1533902705374214,15.339027053742141,2.483953916002065
5,0,ResDyNet,89,0.002186310780615754,0.011521479597863205,0.10733815536827156,0.09393847979090107,9.393847979090108,2.5088421250111423
5,0,Plain,89,0.01662525038649027,0.02907851411382477,0.17052423321576546,0.14923665476491998,14.923665476491998,2.511363166006049
5,0,ResDyNet,90,0.0025278841444164846,0.013125452044512499,0.11456636524090523,0.10026434820847498,10.026434820847498,2.5361937080160715
5,0,Plain,90,0.014604129780190638,0.028404518012937443,0.16853639966766065,0.1474969745836681,14.749697458366809,2.5376850410248153
5,0,ResDyNet,91,0.0025477249767221427,0.010320376821385908,0.10158925544262006,0.08890725005127245,8.890725005127246,2.562307458021678
5,0,Plain,91,0.014968139940452735,0.0250775199630289,0.15835883291761435,0.13858993546799145,13.858993546799145,2.5650334160018247
5,0,ResDyNet,92,0.0026656995347745733,0.015170029721249383,0.12316667455626698,0.10779102853985152,10.779102853985153,2.5896760000032373
5,0,Plain,92,0.010947710853382794,0.032748918784969924,0.1809666234004766,0.15837545779325254,15.837545779325254,2.5911207080062013
5,0,ResDyNet,93,0.002737474250188025,0.01115336475744883,0.10560949179618671,0.09242561581932998,9.242561581932998,2.6157128750055563
5,0,Plain,93,0.015297027479415286,0.041809086341522035,0.2044727031696946,0.178947130483062,17.894713048306198,2.617348250001669
5,0,ResDyNet,94,0.0026489202817115234,0.014654816636741912,0.12105708007688733,0.10594478758584701,10.594478758584701,2.6428240410168655
5,0,Plain,94,0.013511114975635556,0.023902893646021033,0.154605606774208,0.13530524739958372,13.530524739958372,2.6442847910220735
5,0,ResDyNet,95,0.0023399608706967815,0.012006995570124733,0.10957643711183866,0.09589734319425497,9.589734319425498,2.6733737500035204
5,0,Plain,95,0.01066606394400377,0.023588061448699585,0.1535840533672021,0.13441122072519093,13.441122072519093,2.6748946250008885
5,0,ResDyNet,96,0.002713383310342902,0.014003463120976249,0.11833622911423301,0.10356359701766152,10.356359701766152,2.6999344160140026
5,0,Plain,96,0.007308652320949722,0.02382884697417245,0.15436595147302545,0.13509550972904447,13.509550972904446,2.7014200830017217
5,0,ResDyNet,97,0.002473878337627247,0.012694002772857973,0.11266766516111876,0.09860267442190714,9.860267442190713,2.726089875010075
5,0,Plain,97,0.006854956741275795,0.02074461577217839,0.14402991276876617,0.12604978167822464,12.604978167822464,2.7275967910245527
5,0,ResDyNet,98,0.0020455991394545993,0.0112843021215728,0.10622759585706908,0.09296655818630711,9.296655818630711,2.7521177500020713
5,0,Plain,98,0.005345873175532643,0.028714659060336028,0.16945400278640818,0.1483000277172979,14.830002771729788,2.7536024160217494
5,0,ResDyNet,99,0.0020230187166353037,0.013390425188834956,0.1157170047522617,0.10127134638273391,10.127134638273391,2.7781084580055904
5,0,Plain,99,0.004517671988619734,0.024561093635900873,0.15671979337627034,0.1371555072136324,13.71555072136324,2.7795950830040965
5,0,ResDyNet,100,0.0019368117470380843,0.011232950388315888,0.10598561406302219,0.09275478445317513,9.275478445317512,2.804064208001364
5,0,Plain,100,0.0037719373935509184,0.023413031438133534,0.15301317406724668,0.13391160776465597,13.391160776465597,2.8055102080106735
5,1,ResDyNet,0,0.9904941123867287,2.3451644626865633,1.5313929811405573,1.3402198697866117,134.02198697866118,0.0015725420089438558
5,1,Plain,0,1.0098021917341704,2.356864461178491,1.535208279413087,1.343558881142272,134.3558881142272,0.00398104201303795
5,1,ResDyNet,1,0.9253057565980237,1.8047118699649527,1.3433956490792103,1.1756913895085874,117.56913895085874,0.029676834004931152
5,1,Plain,1,0.9746805742711335,2.154604736052902,1.4678571919818706,1.2846156400939661,128.46156400939662,0.03208550001727417
5,1,ResDyNet,2,0.6662971563938772,1.0169172078019393,1.0084231293469716,0.8825355292516904,88.25355292516905,0.05722650000825524
5,1,Plain,2,0.9109766524636446,2.0243225850583393,1.4227869078180118,1.2451717539607383,124.51717539607384,0.05952958401758224
5,1,ResDyNet,3,0.25953844987360547,0.26702879821338704,0.5167482928983772,0.45223945672319327,45.223945672319324,0.08710441700532101
5,1,Plain,3,0.8625597483528923,1.9694254701050506,1.4033622020366128,1.2281719524900534,122.81719524900534,0.0894204170035664
5,1,ResDyNet,4,0.19368072850017085,0.17589974811360543,0.41940403921946845,0.36704727901525086,36.70472790152509,0.11449779200484045
5,1,Plain,4,0.8098040655712788,1.8706343735133921,1.367711363378031,1.1969716251193465,119.69716251193465,0.11676587502006441
5,1,ResDyNet,5,0.16901807317989903,0.21887063712740043,0.4678361220848604,0.40943329004620543,40.943329004620544,0.1416750840144232
5,1,Plain,5,0.7753204365143379,1.725489315594841,1.3135788197115699,1.1495967765224508,114.95967765224509,0.1431376250111498
5,1,ResDyNet,6,0.08454693537207832,0.34997790899137865,0.5915893077054205,0.5177376119025967,51.77376119025967,0.16840062499977648
5,1,Plain,6,0.7537266305999415,1.5541348402221347,1.2466494456029469,1.0910226037546282,109.10226037546282,0.16990108400932513
5,1,ResDyNet,7,0.08333308187279315,0.18171893516394183,0.4262850398078049,0.37306928239784015,37.306928239784014,0.19499729201197624
5,1,Plain,7,0.6758146582965249,1.260155321665533,1.1225663996688717,0.982429600056364,98.2429600056364,0.19644425000296906
5,1,ResDyNet,8,0.06780421534674005,0.10965924022414122,0.3311483658787119,0.2898090988163421,28.980909881634208,0.22176220899564214
5,1,Plain,8,0.4102600189981248,0.5756122279094306,0.7586911281341245,0.6639790945096716,66.39790945096716,0.22412299999268726
5,1,ResDyNet,9,0.0617944319944117,0.1813506792878101,0.42585288455969167,0.37269107572098664,37.26910757209866,0.24935729199205525
5,1,Plain,9,0.24940575017972025,0.5333826503967652,0.730330507644837,0.6391589029799236,63.91589029799236,0.2508457090007141
5,1,ResDyNet,10,0.051665733143902826,0.1938792928770489,0.44031726388713044,0.38534977849519303,38.5349778495193,0.2762099590036087
5,1,Plain,10,0.23102503865655782,0.7615623888353299,0.872675420093479,0.7637340331889053,76.37340331889052,0.27772837501834147
5,1,ResDyNet,11,0.04317910564483293,0.09886594127645854,0.31442954898746167,0.2751773936479605,27.51773936479605,0.30250354201416485
5,1,Plain,11,0.2067428009951792,0.7550509202891549,0.8689366606888875,0.76046200588821,76.046200588821,0.3048547499929555
5,1,ResDyNet,12,0.039974582438891494,0.10332632283607364,0.3214441208609572,0.2813162937987913,28.13162937987913,0.3296015840023756
5,1,Plain,12,0.20156548066665908,0.5378067057352204,0.7333530566754464,0.641804128809031,64.1804128809031,0.33109970900113694
5,1,ResDyNet,13,0.032786615059764185,0.1366369618527389,0.36964437213724616,0.32349941418966427,32.349941418966424,0.3556566670013126
5,1,Plain,13,0.179696013996339,0.4798633228105691,0.6927216777397465,0.6062450123333261,60.62450123333261,0.3570972500019707
5,1,ResDyNet,14,0.030104180407417,0.0817944666483345,0.28599731930270694,0.25029453233468435,25.029453233468434,0.3829560420126654
5,1,Plain,14,0.15572642533678996,0.521434997616181,0.7221045614148833,0.631959851710295,63.1959851710295,0.38519020899548195
5,1,ResDyNet,15,0.02404537160188126,0.07394965737018167,0.2719368628380155,0.23798932827255373,23.798932827255374,0.4101454170013312
5,1,Plain,15,0.14048798985354535,0.360803946589154,0.6006695818743896,0.5256843401521272,52.568434015212716,0.4124259169911966
5,1,ResDyNet,16,0.020654524601969856,0.08322271588087443,0.2884834759234477,0.25247032688484394,25.247032688484396,0.4372483339975588
5,1,Plain,16,0.1256787269674098,0.34643450183418034,0.5885868685539801,0.515109985513981,51.5109985513981,0.43872658401960507
5,1,ResDyNet,17,0.018936458302473102,0.049231857146132776,0.22188253006068948,0.1941835826649693,19.41835826649693,0.4639008750091307
5,1,Plain,17,0.10157017592870232,0.26780147368549073,0.5174953851827964,0.4528932849282808,45.289328492828076,0.46627962501952425
5,1,ResDyNet,18,0.01841738645783478,0.06018265890464857,0.24532154186831734,0.21469655989524866,21.469655989524867,0.49145637499168515
5,1,Plain,18,0.08152304021788981,0.24031750695985954,0.49022189563488444,0.4290245111643412,42.90245111643412,0.49295416701352224
5,1,ResDyNet,19,0.014617087459685686,0.056071186714532345,0.23679355294123264,0.2072331717576808,20.72331717576808,0.5184673340118024
5,1,Plain,19,0.07123505458507667,0.1909964860471157,0.43703144743498235,0.38247415051996175,38.24741505199618,0.5199425000173505
5,1,ResDyNet,20,0.013072528966014747,0.04363916639333799,0.2088998956278772,0.1828216495470103,18.28216495470103,0.5451885420188773
5,1,Plain,20,0.060869643109504455,0.1469122188545718,0.3832912976504578,0.33544271088721217,33.54427108872122,0.5475295000069309
5,1,ResDyNet,21,0.012286498706795714,0.05065521475912605,0.22506713389370303,0.1969706330086535,19.69706330086535,0.572858166997321
5,1,Plain,21,0.05156771818782338,0.15382349911864965,0.3922033899887272,0.3432422524681236,34.32422524681236,0.5746674170077313
5,1,ResDyNet,22,0.012809995512815349,0.03317153633778293,0.18213054751409202,0.159394082171973,15.9394082171973,0.6031785420200322
5,1,Plain,22,0.04357697828563953,0.12088236876597623,0.3476814184939659,0.30427822979452385,30.427822979452383,0.6055669170164037
5,1,ResDyNet,23,0.009541810742802229,0.044316965361788065,0.21051595037380913,0.18423596233793602,18.423596233793603,0.6307982089929283
5,1,Plain,23,0.03754661844502797,0.06395162514884457,0.25288658554546656,0.22131721310234884,22.131721310234884,0.6323120000015479
5,1,ResDyNet,24,0.008973302366673265,0.029128923171163192,0.1706719753537856,0.1493659533521656,14.936595335216559,0.6578107500099577
5,1,Plain,24,0.036008654685532146,0.13381451540308453,0.36580666396757255,0.32014079050078703,32.014079050078706,0.6602469999925233
5,1,ResDyNet,25,0.008163747702931198,0.03136034175414921,0.17708851389672117,0.15498147631485354,15.498147631485354,0.6844724169932306
5,1,Plain,25,0.033537338712655504,0.06487700390263489,0.2547096462693058,0.2229126900543832,22.29126900543832,0.6859467920148745
5,1,ResDyNet,26,0.00769876848143529,0.03173886657477269,0.17815405292828085,0.15591399762043368,15.591399762043368,0.7107795840129256
5,1,Plain,26,0.03327533053500267,0.1136231496868172,0.3370803312072913,0.2950005407898624,29.50005407898624,0.7122686250077095
5,1,ResDyNet,27,0.0065472883177991985,0.02352450565288178,0.1533770049677649,0.13423001943829033,13.423001943829032,0.7368940839951392
5,1,Plain,27,0.032373549712780184,0.05683124452944152,0.23839304631100613,0.2086329906298855,20.86329906298855,0.7393511669943109
5,1,ResDyNet,28,0.005965913623406096,0.03033021213950445,0.17415571233670302,0.15241479423306023,15.241479423306023,0.7644575840095058
5,1,Plain,28,0.04176203370554747,0.11500060611917957,0.33911739282906084,0.2967833036045658,29.678330360456577,0.7659525420167483
5,1,ResDyNet,29,0.006432964572313421,0.020431196696368815,0.1429377371318324,0.1250939489769246,12.509394897692461,0.7905084590020124
5,1,Plain,29,0.042011316009897166,0.037015187409723774,0.19239331435817558,0.16837568533511665,16.837568533511664,0.7929093340062536
5,1,ResDyNet,30,0.005288873761817269,0.026274329479089285,0.16209358247348749,0.14185845349380216,14.185845349380216,0.8181951250007842
5,1,Plain,30,0.02841822149521462,0.09617757419503055,0.3101250944297003,0.27141029036490333,27.141029036490334,0.8196651250182185
5,1,ResDyNet,31,0.004810694129694922,0.023637749745361234,0.15374573081995233,0.1345527149969689,13.455271499696888,0.8442769999965094
5,1,Plain,31,0.01991452250857493,0.03978709656847281,0.19946703128204624,0.1745663470995166,17.45663470995166,0.8457353750127368
5,1,ResDyNet,32,0.005827315729823848,0.022803853688299194,0.1510094490033627,0.13215801990231202,13.215801990231203,0.8702941249939613
5,1,Plain,32,0.02173103974156542,0.06324061130093633,0.2514768603687749,0.22008347250407773,22.008347250407773,0.8717669589968864
5,1,ResDyNet,33,0.006521952548451475,0.02353147530319217,0.15339972393453702,0.13424990225809164,13.424990225809164,0.8962956670147832
5,1,Plain,33,0.020782633644261566,0.0423598996714962,0.20581520758072325,0.1801220418931931,18.012204189319313,0.8977579589991365
5,1,ResDyNet,34,0.005733770082401003,0.020531497074785927,0.14328816097216798,0.1254006272753421,12.54006272753421,0.9223515000194311
5,1,Plain,34,0.017385802823820875,0.06673164752887015,0.25832469399743835,0.2260764493605423,22.607644936054232,0.9238481670035981
5,1,ResDyNet,35,0.004438074282009945,0.023739345878247567,0.1540757796613328,0.1348415618316257,13.484156183162572,0.9484980000124779
5,1,Plain,35,0.01508291633800871,0.05638521112154353,0.23745570349339587,0.2078126620242082,20.78126620242082,0.95001475000754
5,1,ResDyNet,36,0.004299675531738121,0.017647547236970523,0.1328440711397032,0.1162603367766351,11.626033677663509,0.9745402919943444
5,1,Plain,36,0.014915165739534672,0.0567100951173708,0.23813881480634527,0.2084104963921109,20.84104963921109,0.9770007920160424
5,1,ResDyNet,37,0.004328728003764727,0.023313161007527856,0.152686479452268,0.13362569642789338,13.362569642789337,1.001552667003125
5,1,Plain,37,0.013721486690193989,0.057492650056084046,0.23977624998336272,0.20984352056471217,20.984352056471216,1.0030240420019254
5,1,ResDyNet,38,0.0037829845897644184,0.018336277165457597,0.13541151046147296,0.1185072670132779,11.85072670132779,1.0274942500109319
5,1,Plain,38,0.01657780391699596,0.05166156360954419,0.22729180277683617,0.19891758292783782,19.89175829278378,1.0289602919947356
5,1,ResDyNet,39,0.003465698798241536,0.01699241850908194,0.13035497117134406,0.11408196631486402,11.408196631486401,1.053534042002866
5,1,Plain,39,0.012472620939089003,0.03835022312303794,0.19583212995583216,0.17138521264082426,17.138521264082428,1.0559240420116112
5,1,ResDyNet,40,0.0038757085812331717,0.020842509070753808,0.14436934948510993,0.12634684444224503,12.634684444224503,1.080392625008244
5,1,Plain,40,0.010966935010256243,0.04171943254818293,0.2042533538235858,0.1787551638515702,17.87551638515702,1.0818525420036167
5,1,ResDyNet,41,0.004707239394387332,0.020806492166032572,0.14424455679862783,0.12623763038674973,12.623763038674973,1.1064324170001782
5,1,Plain,41,0.012642492143831714,0.06178020644999112,0.2485562440374233,0.21752745449465374,21.752745449465376,1.1079186249990016
5,1,ResDyNet,42,0.003666303643938312,0.015474482311202187,0.12439647226188605,0.10886730310894423,10.886730310894423,1.1327274170180317
5,1,Plain,42,0.011149823108083117,0.03851277130071636,0.19624671029272406,0.17174803838964775,17.174803838964774,1.1351242090167943
5,1,ResDyNet,43,0.0032103589543881032,0.021586455403189448,0.14692329768688644,0.1285819677375584,12.85819677375584,1.1596457500127144
5,1,Plain,43,0.009617971713514323,0.03742227367156128,0.19344837469351164,0.16929903606393348,16.92990360639335,1.1611363750125747
5,1,ResDyNet,44,0.0031445319133294796,0.015805760495976862,0.12572096283427384,0.11002644945760849,11.00264494576085,1.1859942500013858
5,1,Plain,44,0.012517578289525861,0.044963891376669486,0.21204690843459495,0.18557580158112424,18.557580158112426,1.1874789170105942
5,1,ResDyNet,45,0.0028521771144822228,0.015001343233235659,0.12247997074312053,0.10719005014542812,10.719005014542812,1.212191750004422
5,1,Plain,45,0.009256179796582902,0.0384380635726602,0.19605627654492522,0.17158137764624545,17.158137764624545,1.2146396670141257
5,1,ResDyNet,46,0.003309298808449804,0.021774385817747648,0.14756146454189065,0.12914046833789344,12.914046833789344,1.2394231249927543
5,1,Plain,46,0.008056900518197168,0.06296098454198763,0.25092027527082705,0.2195963693132682,21.95963693132682,1.240913959016325
5,1,ResDyNet,47,0.0034862456569815037,0.01651228603221773,0.12850014020310535,0.11245868519150559,11.245868519150559,1.2658890839957166
5,1,Plain,47,0.01102534482486349,0.04295654735579597,0.2072596134219013,0.18138613375741264,18.138613375741265,1.267366125015542
5,1,ResDyNet,48,0.003362427026917455,0.020377578818635635,0.14275005715808184,0.12492969823718686,12.492969823718687,1.2922702920041047
5,1,Plain,48,0.01204564779072465,0.053459011994750234,0.23121204984764576,0.20234844168419616,20.234844168419617,1.2937392500170972
5,1,ResDyNet,49,0.0028056946961488353,0.016888046077113493,0.12995401524044378,0.1137310641544655,11.37310641544655,1.3184572090103757
5,1,Plain,49,0.009422279372667625,0.05862315966909514,0.24212219986836223,0.21189661123975123,21.189661123975124,1.3199500420014374
5,1,ResDyNet,50,0.002740535535975355,0.018256384142375983,0.1351161875660203,0.11824881107325279,11.824881107325279,1.3444836669950746
5,1,Plain,50,0.014869819452697358,0.04003314933411085,0.20008285617241384,0.17510529481871348,17.510529481871348,1.3459810840140563
5,1,ResDyNet,51,0.0030353267779622693,0.01497848615036696,0.12238662570055177,0.107108357932954,10.710835793295399,1.3703928340109996
5,1,Plain,51,0.01801570383474585,0.05967732905768454,0.2442894370571199,0.21379329901270305,21.379329901270307,1.3728314170148224
5,1,ResDyNet,52,0.002857297427529529,0.017585664585660743,0.13261095198233344,0.11605631930327423,11.605631930327423,1.3974442920007277
5,1,Plain,52,0.013745196420041305,0.050626876371489035,0.2250041696757841,0.19691552899748213,19.691552899748213,1.3989609999989625
5,1,ResDyNet,53,0.0029943869195455833,0.01535063308475362,0.12389767182943197,0.10843077097195139,10.843077097195138,1.4234153339930344
5,1,Plain,53,0.012598481828280118,0.04439071959023293,0.21069105246837827,0.18438920537174439,18.43892053717444,1.4248735420114826
5,1,ResDyNet,54,0.0029940104045547288,0.02042551193662972,0.14291785030789442,0.12507654474632093,12.507654474632094,1.4494277500198223
5,1,Plain,54,0.014442639099915121,0.06843882761111898,0.26160815662191994,0.2289500173507485,22.89500173507485,1.4509151669917628
5,1,ResDyNet,55,0.0029953252600540404,0.016806263333393533,0.12963897304974895,0.11345535059890523,11.345535059890523,1.4753882090153638
5,1,Plain,55,0.0123597331788341,0.030656034479479313,0.17508864748886294,0.1532312654090061,15.323126540900612,1.4768460000050254
5,1,ResDyNet,56,0.0028261262051375922,0.01718965541180443,0.1311093261816429,0.11474215059553286,11.474215059553286,1.502288874995429
5,1,Plain,56,0.00782598896537964,0.04573120379047033,0.21384855339812409,0.18715253623262065,18.715253623262065,1.5037359590060078
5,1,ResDyNet,57,0.0024400544210595883,0.01726988035276065,0.13141491678177425,0.11500959246013577,11.500959246013577,1.5283282090094872
5,1,Plain,57,0.007940521874281048,0.05202808628486561,0.22809665995990738,0.19962196488751555,19.962196488751555,1.5297897919954266
5,1,ResDyNet,58,0.002601612006348582,0.0139410262870066,0.11807212324256137,0.10333246109024072,10.333246109024072,1.5541441249952186
5,1,Plain,58,0.012068538675601632,0.02834866497072674,0.1683706178961363,0.14735188836022212,14.735188836022212,1.5565681669977494
5,1,ResDyNet,59,0.002638887351572548,0.016478713810223325,0.12836944266539185,0.11234430342331611,11.234430342331612,1.581927374994848
5,1,Plain,59,0.012314115899860006,0.028138712696865527,0.16774597669352767,0.14680522492272877,14.680522492272877,1.5833949170191772
5,1,ResDyNet,60,0.0028749189105440527,0.016677686418440845,0.1291421171362807,0.11302052023475195,11.302052023475195,1.6084024590090849
5,1,Plain,60,0.027733835004557797,0.059941494249922664,0.24482952078930895,0.21426596080372756,21.426596080372757,1.6098656250105705
5,1,ResDyNet,61,0.0027424603862891074,0.02362776932454796,0.15371326983883976,0.13452430631780188,13.452430631780189,1.6350235000136308
5,1,Plain,61,0.020869398729355424,0.028931271155465357,0.17009194912007258,0.14885833532531487,14.885833532531487,1.6365105840086471
5,1,ResDyNet,62,0.0031810309466529857,0.013209748476321623,0.11493366989843151,0.10058579998887641,10.058579998887641,1.662811292015249
5,1,Plain,62,0.010734671334130102,0.033060765289528164,0.1818261952787006,0.1591277240794984,15.912772407949841,1.6652602920075879
5,1,ResDyNet,63,0.0029335251340266697,0.015878353657658766,0.12600933956520352,0.11027882636512717,11.027882636512718,1.6898951250186656
5,1,Plain,63,0.011635570815359727,0.03836033700638693,0.19585795109309942,0.17140781036828692,17.14078103682869,1.691626042011194
5,1,ResDyNet,64,0.0022643463889933566,0.01785129731183092,0.13360874713816803,0.11692955361366683,11.692955361366684,1.7202956670080312
5,1,Plain,64,0.011734095720689255,0.021090376398139477,0.14522526088163684,0.1270959072070148,12.709590720701481,1.7218771250045393
5,1,ResDyNet,65,0.0025046125365108295,0.01612768089557054,0.1269948065692867,0.11114127152202458,11.114127152202457,1.7481173750129528
5,1,Plain,65,0.01569674377330192,0.08995233205688477,0.29992054290575826,0.2624796351489819,26.247963514898192,1.7496172499959357
5,1,ResDyNet,66,0.0023047206685248537,0.013926048044044717,0.11800867783364373,0.10327693595807325,10.327693595807325,1.7744088750041556
5,1,Plain,66,0.02127993303999519,0.02539631710628168,0.15936221982101553,0.1394680634740506,13.946806347405062,1.7758920000051148
5,1,ResDyNet,67,0.002056087539811909,0.01948296496538478,0.13958139190230473,0.12215659676108366,12.215659676108366,1.8007433339953423
5,1,Plain,67,0.016327897763584027,0.020739084272936137,0.1440107088828332,0.12603297513031603,12.603297513031603,1.8022203750151675
5,1,ResDyNet,68,0.002165094922220271,0.014915730220942593,0.12212997265594794,0.10688374445081363,10.688374445081363,1.8281515419948846
5,1,Plain,68,0.009685152734855899,0.043585947440946765,0.20877247769029988,0.18271013796650068,18.271013796650067,1.829642333992524
5,1,ResDyNet,69,0.0023837506644899665,0.01779677151540581,0.13340454083503234,0.11675083962687927,11.675083962687927,1.8542396250122692
5,1,Plain,69,0.009621259548800082,0.024711087294416022,0.15719760588003884,0.13757367147288482,13.757367147288482,1.8557020839944016
5,1,ResDyNet,70,0.0024534447948660236,0.015088716727066664,0.12283613770819507,0.10750175461935027,10.750175461935028,1.880314250010997
5,1,Plain,70,0.008858882958881193,0.029594798639243747,0.17203138852908137,0.15055566270255338,15.055566270255339,1.8818040000041947
5,1,ResDyNet,71,0.0022188279278000113,0.015675377721149967,0.1252013487193727,0.10957170193689475,10.957170193689475,1.9064302089973353
5,1,Plain,71,0.006802059618717537,0.025516182666399226,0.15973785608427085,0.13979680677510206,13.979680677510206,1.9079173339996487
5,1,ResDyNet,72,0.002020995038138571,0.014269926512914834,0.11945679768399467,0.1045442781890839,10.45442781890839,1.932461999997031
5,1,Plain,72,0.010288057660969224,0.04002395083963626,0.2000598681386056,0.17508517652115266,17.508517652115266,1.9339365840132814
5,1,ResDyNet,73,0.0019910353021101155,0.018385066622527483,0.13559154332969103,0.11866482528223435,11.866482528223434,1.9594621249998454
5,1,Plain,73,0.008777162170350471,0.046546704980764624,0.21574685393016654,0.18881386034942246,18.881386034942246,1.9609581250115298
5,1,ResDyNet,74,0.0021642634022990565,0.01643320389851296,0.12819205864059194,0.11218906332652365,11.218906332652365,1.9857917920162436
5,1,Plain,74,0.008611479467813614,0.033162215713043626,0.18210495795843568,0.15937168711637853,15.937168711637852,1.98725687499973
5,1,ResDyNet,75,0.001988044083834243,0.01509480423236448,0.12286091417682224,0.10752343809052078,10.752343809052078,2.0120336250110995
5,1,Plain,75,0.008256203537763632,0.04208044832681244,0.20513519524160753,0.17952691963534903,17.952691963534903,2.013515083992388
5,1,ResDyNet,76,0.0020009675626614354,0.014008791387314149,0.11835874022358531,0.10358329792815049,10.358329792815049,2.0388241250184365
5,1,Plain,76,0.007138043952699561,0.03845974507351122,0.19611156282461067,0.17162976220296833,17.162976220296834,2.0402980000071693
5,1,ResDyNet,77,0.0018476775210529727,0.015783396679501106,0.12563198907722947,0.10994858283646751,10.994858283646751,2.0651330840191804
5,1,Plain,77,0.005672777509891932,0.0300476578802377,0.17334260261181525,0.15170318994661527,15.170318994661528,2.0666285420011263
5,1,ResDyNet,78,0.0020632435137914033,0.013814620308592302,0.11753561293749355,0.10286292663366926,10.286292663366927,2.091333374992246
5,1,Plain,78,0.0051305665352887175,0.025726030654576768,0.16039336225223524,0.14037048211637157,14.037048211637156,2.0928211249993183
5,1,ResDyNet,79,0.0020441172854785998,0.017508878774322695,0.13232111991032533,0.11580266873376634,11.580266873376633,2.1181120419932995
5,1,Plain,79,0.005419396149721141,0.020815421920383267,0.14427550700095726,0.1262647168868491,12.626471688684909,2.1195850420044735
5,1,ResDyNet,80,0.003477396126284176,0.02235038601726709,0.14950045490655567,0.13083740272772812,13.083740272772811,2.144235625019064
5,1,Plain,80,0.007747148403546555,0.0283854665855963,0.16847986997144881,0.1474475018336757,14.74475018336757,2.1457522500131745
5,1,ResDyNet,81,0.0026090081294623006,0.018445012195203957,0.13581241546782075,0.11885812460634593,11.885812460634593,2.1703610840195324
5,1,Plain,81,0.005833815247662073,0.031878307629731824,0.17854497368935318,0.1562561173623637,15.625611736236369,2.1718383340048604
5,1,ResDyNet,82,0.002469999826224878,0.017843945317434294,0.133581231157054,0.11690547262003564,11.690547262003564,2.196350459009409
5,1,Plain,82,0.0064344706029526855,0.037280279865872526,0.1930810189166002,0.16897753954569106,16.897753954569104,2.197851917007938
5,1,ResDyNet,83,0.0027406696912743596,0.017107756486648272,0.13079662261177952,0.11446848371652446,11.446848371652447,2.223067125014495
5,1,Plain,83,0.009773463356835816,0.0299128864290241,0.1729534227155511,0.15136259374673833,15.136259374673832,2.224557959008962
5,1,ResDyNet,84,0.002557666960629166,0.017474407797537936,0.13219080072961936,0.1156886180899751,11.56886180899751,2.249158292019274
5,1,Plain,84,0.011077660016767084,0.01997388484978966,0.1413289950781143,0.12368603599031257,12.368603599031257,2.25068295901292
5,1,ResDyNet,85,0.0026729776982243694,0.014280443652436825,0.119500810258495,0.1045827964058919,10.45827964058919,2.2763570840179455
5,1,Plain,85,0.012558980387151026,0.04911542239999521,0.221619995487761,0.19395382188150104,19.395382188150105,2.277833208994707
5,1,ResDyNet,86,0.0025706443590505007,0.013628586753251555,0.11674153825117928,0.10216798112601756,10.216798112601756,2.302670417004265
5,1,Plain,86,0.013488257728625571,0.03476922968152518,0.18646508971259254,0.1631875170723552,16.31875170723552,2.304163124994375
5,1,ResDyNet,87,0.002358038832810651,0.016360791465395517,0.12790930953372986,0.11194161151249042,11.194161151249043,2.328902917011874
5,1,Plain,87,0.01110154409967441,0.039890870739548,0.1997269905134206,0.17479385403699968,17.47938540369997,2.3304044170072302
5,1,ResDyNet,88,0.0026108396173325434,0.013751544764143381,0.11726698070703186,0.10262782940038971,10.26278294003897,2.3552037090121303
5,1,Plain,88,0.012825044170144927,0.021333024568190456,0.14605829167900894,0.12782494569715516,12.782494569715515,2.356688875006512
5,1,ResDyNet,89,0.0029486218108889014,0.016084247529333167,0.12682368678339692,0.1109915136610526,11.09915136610526,2.3814742090180516
5,1,Plain,89,0.008478362400659264,0.0242153332892218,0.1556127671151111,0.1361866777819628,13.618667778196281,2.38295520900283
5,1,ResDyNet,90,0.0024750001265056265,0.017244752436166473,0.13131927671201388,0.11492589172269008,11.492589172269007,2.408116875012638
5,1,Plain,90,0.012553870862730332,0.04208805524179567,0.20515373562720146,0.17954314551170636,17.954314551170636,2.409632791997865
5,1,ResDyNet,91,0.002364631633095414,0.01765672003723705,0.13287859134276314,0.11629054761253402,11.629054761253402,2.434899209009018
5,1,Plain,91,0.017476208057877207,0.0282106036282546,0.16796012511383349,0.14699263989165692,14.699263989165692,2.436414625000907
5,1,ResDyNet,92,0.0021072578176555517,0.014035811929048915,0.1184728320293261,0.10368314695901111,10.36831469590111,2.461095334001584
5,1,Plain,92,0.015830069427699125,0.03795612723521957,0.19482332312949488,0.17050234131381412,17.050234131381412,2.4625835840124637
5,1,ResDyNet,93,0.002161360567662265,0.01990610399321433,0.1410889931681927,0.12347599498031388,12.347599498031387,2.48727495901403
5,1,Plain,93,0.013046210145031024,0.03729090761131148,0.19310853842156095,0.1690016236232657,16.900162362326572,2.488771625008667
5,1,ResDyNet,94,0.0022380167838051534,0.015505741414016104,0.12452205191859032,0.10897720589237654,10.897720589237654,2.513392124994425
5,1,Plain,94,0.014642419588624559,0.024243113963812495,0.15570200372446238,0.13626477444195656,13.626477444195656,2.5148916250036564
5,1,ResDyNet,95,0.0019875650132469874,0.014493973318045911,0.12039091875239556,0.1053617872361247,10.53617872361247,2.5394517090171576
5,1,Plain,95,0.014690960588221788,0.029707504361003147,0.1723586503805456,0.15084207046421677,15.084207046421676,2.5409395419992507
5,1,ResDyNet,96,0.0019492648585153884,0.015298752326053716,0.1236881252426995,0.10824738336168845,10.824738336168844,2.5655412500200327
5,1,Plain,96,0.012142074544263047,0.03516570397096799,0.18752520889461233,0.16411529512121806,16.411529512121806,2.5670286669919733
5,1,ResDyNet,97,0.0019453236341349378,0.018873404808451028,0.1373805110212181,0.1202304652427918,12.023046524279179,2.591490624996368
5,1,Plain,97,0.011251533015782569,0.025018523176438028,0.1581724475894523,0.13842681775534957,13.842681775534956,2.5929944590025116
5,1,ResDyNet,98,0.0019589819308133724,0.013440345439301858,0.11593250380847409,0.10145994337946365,10.145994337946366,2.61755995900603
5,1,Plain,98,0.011326058181560749,0.0348593702504145,0.1867066422236084,0.16339891511247107,16.339891511247107,2.619044709019363
5,1,ResDyNet,99,0.0017973086111444604,0.013190011832321187,0.11484777678440793,0.10051062943532815,10.051062943532814,2.6436167920182925
5,1,Plain,99,0.009892950152608621,0.04544148166435549,0.21317007685028283,0.18655875804387395,18.655875804387396,2.6463592920044903
5,1,ResDyNet,100,0.0017890019974024518,0.016127557194507123,0.1269943195363758,0.11114084528839777,11.114084528839777,2.671072750003077
5,1,Plain,100,0.013163188782873187,0.024151388604280618,0.15540717037601778,0.13600674693580536,13.600674693580537,2.6725425840122625
5,2,ResDyNet,0,0.8349505716976018,1.7637789709422806,1.3280734057055283,1.16228191508105,116.228191508105,0.0015835420053917915
5,2,Plain,0,1.0131830642588042,2.0573067050748284,1.4343314488202608,1.2552751196084357,125.52751196084357,0.00397279200842604
5,2,ResDyNet,1,0.6988347856391716,1.017130520930059,1.008528889487088,0.8826280867094828,88.26280867094827,0.029719292011577636
5,2,Plain,1,0.9882091410921925,2.1210576564438464,1.4563851332816626,1.2745757083411602,127.45757083411601,0.03210433301865123
5,2,ResDyNet,2,0.18979527375803065,0.14797324060437375,0.38467290079283434,0.3366518400959628,33.665184009596274,0.05666204201406799
5,2,Plain,2,0.9334577704673164,2.1346366235351684,1.4610395694625002,1.278649102910049,127.8649102910049,0.05886758302222006
5,2,ResDyNet,3,0.15077316435487423,0.1481805932976979,0.38494232463798767,0.3368876301218514,33.68876301218514,0.08352308301255107
5,2,Plain,3,0.8987731197965456,2.095604606539651,1.4476203254098263,1.2669050648098388,126.69050648098388,0.08498304200475104
5,2,ResDyNet,4,0.111234009009336,0.1832103694447331,0.428030804317555,0.37459711249289046,37.45971124928904,0.10971045802580193
5,2,Plain,4,0.8476474481720887,2.0234055742471866,1.4224646126519938,1.2448896928629318,124.48896928629318,0.11118387500755489
5,2,ResDyNet,5,0.05010446194583708,0.17527356458627744,0.4186568578039508,0.3663933728058426,36.63933728058426,0.13666537500103004
5,2,Plain,5,0.7946032439417249,1.887649355188206,1.3739175212465289,1.2024030305083138,120.24030305083137,0.13813670800300315
5,2,ResDyNet,6,0.05053879364040418,0.17097575948075686,0.4134921516555748,0.3618734083767858,36.187340837678576,0.16346350000821985
5,2,Plain,6,0.7535904814667248,1.632793647810012,1.2778081420189855,1.1182915703541239,111.82915703541238,0.16495104201021604
5,2,ResDyNet,7,0.03891381150499968,0.075789087223512,0.2752981787508083,0.24093103065099855,24.093103065099854,0.19027812502463348
5,2,Plain,7,0.6904574023870356,1.305210867123666,1.1424582561842975,0.9998382349902021,99.9838234990202,0.19252354200580157
5,2,ResDyNet,8,0.03766686552733697,0.06296357960737782,0.2509254463129992,0.21960089482275658,21.960089482275656,0.21816645801300183
5,2,Plain,8,0.46172160500740345,0.5594762566362615,0.7479814547408656,0.6546063748633529,65.46063748633529,0.22042379202321172
5,2,ResDyNet,9,0.02531306085235186,0.13980002957724216,0.3738984214693105,0.3272224046382941,32.72224046382941,0.24531670802389272
5,2,Plain,9,0.2017547554893926,0.47325042950020807,0.6879319948223138,0.6020532547015653,60.20532547015654,0.24677579200943
5,2,ResDyNet,10,0.02671751720953049,0.08701522809101765,0.2949834369774304,0.25815885821851814,25.815885821851815,0.2717816250224132
5,2,Plain,10,0.19343360342688712,0.6776909622178632,0.8232198747709285,0.7204523247517612,72.04523247517612,0.27325750002637506
5,2,ResDyNet,11,0.023224160050213244,0.06926550596485329,0.2631834074649336,0.23032862003843527,23.032862003843526,0.2978527500235941
5,2,Plain,11,0.1909921252355769,0.6794078973519811,0.8242620319728315,0.721364383123866,72.1364383123866,0.2993224580131937
5,2,ResDyNet,12,0.02164118720863356,0.057298075512460835,0.23937016420694712,0.20948812894865254,20.948812894865256,0.32386404200224206
5,2,Plain,12,0.1770658405269093,0.4586055154076666,0.6772041903352832,0.5926646673763211,59.26646673763211,0.32619395802612416
5,2,ResDyNet,13,0.017997236549947965,0.06071613508253954,0.24640644285923113,0.21564602608889083,21.564602608889082,0.3510334580205381
5,2,Plain,13,0.14204661254623144,0.37471192712752915,0.6121371799911595,0.5357203681632886,53.57203681632886,0.352508250012761
5,2,ResDyNet,14,0.016765777608934423,0.06916633645195858,0.26299493617170383,0.23016367676444768,23.01636767644477,0.377601375017548
5,2,Plain,14,0.11403477582463921,0.34379343099381404,0.5863390068840841,0.5131427381048395,51.31427381048395,0.37908237500232644
5,2,ResDyNet,15,0.014453259957661353,0.04252004655954378,0.20620389559740082,0.18046220761780762,18.046220761780763,0.4042553330073133
5,2,Plain,15,0.095818597442952,0.22639577519497217,0.47581065056908106,0.41641230957832565,41.64123095783256,0.40663970800233074
5,2,ResDyNet,16,0.014242245105650649,0.043751764112029835,0.20916922362534557,0.18305735569046416,18.305735569046416,0.4318197500251699
5,2,Plain,16,0.07916908242671497,0.21919067430807657,0.46817803697746924,0.40973252162065665,40.97325216206566,0.43329054201603867
5,2,ResDyNet,17,0.012751212231104364,0.04599929707716095,0.21447446719169386,0.18770031339579596,18.770031339579596,0.4585514170175884
5,2,Plain,17,0.06303871395807631,0.17186339261429187,0.41456409952417717,0.36281153846525355,36.281153846525356,0.45998070802306756
5,2,ResDyNet,18,0.01247832478223677,0.06550750841433252,0.2559443463222669,0.22399325498094608,22.39932549809461,0.48537312500411645
5,2,Plain,18,0.054646087572883126,0.12384998859988434,0.35192327089847913,0.30799054593234276,30.799054593234278,0.4868649580166675
5,2,ResDyNet,19,0.011878148649649504,0.0316163437474766,0.17780985278514969,0.15561276607719896,15.561276607719895,0.5122652080026455
5,2,Plain,19,0.04560923359676095,0.11106009077136492,0.3332567940363181,0.2916543190476225,29.16543190476225,0.5146027920127381
5,2,ResDyNet,20,0.012810517883088793,0.03348707903373945,0.1829947513830368,0.16015040220933116,16.015040220933116,0.5393122920067981
5,2,Plain,20,0.03786122308750779,0.11439889567827274,0.3382290580039993,0.29600586502529,29.600586502529,0.5407577080186456
5,2,ResDyNet,21,0.011344870043227743,0.050125155026284,0.2238864779889219,0.1959373655701479,19.59373655701479,0.5653408330108505
5,2,Plain,21,0.03857147306724758,0.06268730960171458,0.25037433894413896,0.2191185855427557,21.91185855427557,0.5668197920022067
5,2,ResDyNet,22,0.010889783099744343,0.046279236671125795,0.21512609481679762,0.1882705943763288,18.82705943763288,0.592214292002609
5,2,Plain,22,0.030955658453782082,0.10873796192363581,0.32975439636741133,0.2885891470078061,28.85891470078061,0.5936943750130013
5,2,ResDyNet,23,0.009705914044687595,0.025582755732213143,0.1599461025852557,0.13997905659723822,13.997905659723822,0.6183385420008563
5,2,Plain,23,0.027056985594268407,0.10624541463695306,0.32595308655840805,0.2852623778505865,28.52623778505865,0.6207221670192666
5,2,ResDyNet,24,0.009321006376195888,0.04054880725439144,0.20136734406152215,0.176229432262651,17.6229432262651,0.6453795830020681
5,2,Plain,24,0.0312229125609375,0.061018906869706985,0.2470200535780587,0.21618303604506436,21.618303604506437,0.6468790420040023
5,2,ResDyNet,25,0.008676495023365798,0.04331512247248776,0.20812285427719793,0.1821416109999807,18.21416109999807,0.6724635000282433
5,2,Plain,25,0.026363575694169812,0.056820140089803295,0.23836975498121252,0.2086126068986241,20.86126068986241,0.6739474170026369
5,2,ResDyNet,26,0.007960327475489483,0.029316891809343906,0.17122176207872616,0.14984710685226948,14.984710685226949,0.6991022500151303
5,2,Plain,26,0.022317243207051696,0.08065696509539254,0.2840016991065239,0.24854803756005114,24.854803756005115,0.7005775420111604
5,2,ResDyNet,27,0.007965677389504502,0.029452007471604015,0.1716158718522387,0.15019201750279706,15.019201750279706,0.7251255000010133
5,2,Plain,27,0.023271060850774603,0.03873784627067869,0.19681932392597706,0.17224916917609343,17.22491691760934,0.7266129580093548
5,2,ResDyNet,28,0.007406463194267381,0.04178373882912061,0.2044107111408808,0.17889287729670955,17.889287729670954,0.7517646250198595
5,2,Plain,28,0.01942265993981805,0.05323402441814844,0.23072499738465366,0.20192219094609734,20.192219094609733,0.7532153330103029
5,2,ResDyNet,29,0.007381062657432386,0.02864741807378316,0.16925548166538995,0.14812628919672377,14.812628919672377,0.7778201250184793
5,2,Plain,29,0.02003615364500436,0.06848926058710193,0.2617045291681096,0.22903435912513034,22.903435912513036,0.7793139170098584
5,2,ResDyNet,30,0.006703615767289806,0.02959984541408176,0.1720460560840665,0.15056849921733068,15.056849921733068,0.8038086250016931
5,2,Plain,30,0.018656284022216984,0.047674870839767104,0.21834575983922175,0.19108832900764203,19.108832900764202,0.8052804170001764
5,2,ResDyNet,31,0.006466942804360107,0.03298951110532022,0.18163014921901105,0.15895615164327528,15.895615164327529,0.8325066670076922
5,2,Plain,31,0.018639085171616308,0.037165692716940486,0.19278405721672237,0.16871764938317674,16.871764938317675,0.8344935000059195
5,2,ResDyNet,32,0.006272994318823777,0.027111493288022842,0.16465568100743697,0.14410070966569138,14.410070966569139,0.8611553330265451
5,2,Plain,32,0.016255171907269706,0.08417178537462196,0.29012374148735565,0.25390582810990436,25.390582810990438,0.8626468330039643
5,2,ResDyNet,33,0.006385758933176381,0.02675880915023867,0.1635812004792686,0.14316036308497404,14.316036308497404,0.8874149170005694
5,2,Plain,33,0.01753983188848808,0.036508385901537606,0.19107167739237965,0.16721903635995616,16.721903635995616,0.8888832500088029
5,2,ResDyNet,34,0.0058073683534220774,0.034157594530090776,0.18481773326737555,0.16174581016387996,16.174581016387997,0.9143673330254387
5,2,Plain,34,0.02448195838862282,0.05899644732564376,0.24289184285530002,0.21257017500583805,21.257017500583807,0.9158348330238368
5,2,ResDyNet,35,0.005792502199420775,0.02294285296991721,0.15146898352440744,0.1325601879307291,13.25601879307291,0.9404676250123885
5,2,Plain,35,0.016982769459731147,0.030252201903226066,0.1739316012207847,0.15221866027248135,15.221866027248135,0.9428318750287872
5,2,ResDyNet,36,0.006012612146345571,0.03495795555996696,0.1869704670796085,0.16362980510511788,16.362980510511786,0.9682611250027549
5,2,Plain,36,0.013459200032144137,0.04792111899987105,0.21890892855219737,0.191581193940724,19.1581193940724,0.9697504170180764
5,2,ResDyNet,37,0.005507589160133726,0.028694806729098042,0.1693954153131012,0.14824875407505608,14.824875407505608,0.9946953330072574
5,2,Plain,37,0.013983002764907684,0.03352118073392794,0.18308790439001682,0.1602319263591885,16.02319263591885,0.9962170000071637
5,2,ResDyNet,38,0.004991637405194004,0.02269368940583479,0.1506442478352054,0.13183840901989233,13.183840901989234,1.0208552920084912
5,2,Plain,38,0.013152104856603593,0.0576735999878608,0.24015328435784675,0.21017348744225378,21.017348744225377,1.0232629170059226
5,2,ResDyNet,39,0.00542927160196578,0.035642930119367394,0.1887933529533479,0.1652251290346551,16.52251290346551,1.0477475830120966
5,2,Plain,39,0.012898143838645374,0.029333185488386565,0.1712693361007351,0.1498887419194059,14.98887419194059,1.0492174580285791
5,2,ResDyNet,40,0.005454141959412201,0.022877749841327476,0.1512539250443686,0.13237197651036625,13.237197651036626,1.074279208027292
5,2,Plain,40,0.012510349587162586,0.04510067966220521,0.21236920601208928,0.1858578647893677,18.585786478936768,1.075762750027934
5,2,ResDyNet,41,0.005048976977395182,0.024514968663362013,0.15657256676494133,0.1370266597967417,13.702665979674169,1.1006289580254816
5,2,Plain,41,0.01241989876587295,0.03539334147177181,0.18813118155099068,0.1646456205207904,16.46456205207904,1.1021090830035973
5,2,ResDyNet,42,0.0052647289574773775,0.03201364182101833,0.1789235641859907,0.15658744610185424,15.658744610185424,1.1267811249999795
5,2,Plain,42,0.012781867394841263,0.038898659706335326,0.19722743142457472,0.1726063301304437,17.260633013044373,1.1282211250218097
5,2,ResDyNet,43,0.004522077640734612,0.022993074145479027,0.1516346732956517,0.1327051936388502,13.27051936388502,1.1626400420209393
5,2,Plain,43,0.011703624075190062,0.054339895210145886,0.23310919160373297,0.20400875168210164,20.400875168210163,1.1641219170123804
5,2,ResDyNet,44,0.004233649808316667,0.023305359961300266,0.1526609313521317,0.13360333765267396,13.360333765267395,1.1887805000005756
5,2,Plain,44,0.01937059322958846,0.02852838921402184,0.16890349082840722,0.14781823951939294,14.781823951939293,1.1902850000187755
5,2,ResDyNet,45,0.003962697178612477,0.028905451786712447,0.17001603391066517,0.14879189707378843,14.879189707378842,1.2159656670119148
5,2,Plain,45,0.016561598194888828,0.049246099264210384,0.22191462156471436,0.19421166799112344,19.421166799112342,1.2174819170031697
5,2,ResDyNet,46,0.003958456248141187,0.0213822038096686,0.14622654960597475,0.12797219896248013,12.797219896248013,1.2420941250165924
5,2,Plain,46,0.011765463837536457,0.05936868823836566,0.24365690681440916,0.21323973137202437,21.323973137202437,1.2444704170047771
5,2,ResDyNet,47,0.004128622046701074,0.028722757272589383,0.16947789611801706,0.148320938298822,14.8320938298822,1.2689357500057667
5,2,Plain,47,0.02231194764800969,0.04178044960539166,0.2044026653578462,0.1788858359177665,17.888583591776648,1.2704107080062386
5,2,ResDyNet,48,0.0040370254668645675,0.026737058321240285,0.1635147036851435,0.14310216749059618,14.310216749059618,1.2950329580053221
5,2,Plain,48,0.015255557398538467,0.058744467743792037,0.24237258042895865,0.21211573527025954,21.211573527025955,1.296500125026796
5,2,ResDyNet,49,0.003693893803113462,0.020083332237629824,0.14171567393069062,0.12402444336701551,12.402444336701551,1.3210611670219805
5,2,Plain,49,0.01471806572548226,0.03149731612359059,0.17747483236670653,0.1553195682977189,15.53195682977189,1.3235250000143424
5,2,ResDyNet,50,0.0039107735822547784,0.022646218948236884,0.150486607205548,0.13170044762999802,13.170044762999803,1.348172042024089
5,2,Plain,50,0.013447676479217532,0.03024077118814667,0.17389873831671887,0.15218989984485087,15.218989984485088,1.3496681670076214
5,2,ResDyNet,51,0.003718660031430735,0.028395194499134222,0.16850873715963283,0.14747276535497003,14.747276535497003,1.3743029170145746
5,2,Plain,51,0.010442486391058282,0.045398964831907175,0.21307032837048703,0.18647146177423599,18.647146177423597,1.375776292028604
5,2,ResDyNet,52,0.0035217667279821966,0.019850681466188298,0.14089244644830431,0.12330398438435332,12.330398438435331,1.4003425420087297
5,2,Plain,52,0.00892188365501547,0.024433693021906996,0.15631280504778552,0.1367993257165745,13.67993257165745,1.402770667016739
5,2,ResDyNet,53,0.003210497330110722,0.02480664976594422,0.15750126909312262,0.13783942655790227,13.783942655790227,1.4276979170099366
5,2,Plain,53,0.011059033658918315,0.04038168629070102,0.20095195020377637,0.17586589454973584,17.586589454973584,1.4291722500056494
5,2,ResDyNet,54,0.0033990383292356124,0.021770997241336795,0.1475499821800626,0.129130419389215,12.913041938921499,1.4537631250277627
5,2,Plain,54,0.012483499202021043,0.021481872846846845,0.14656695687243712,0.1282701111169376,12.827011111693759,1.4552403750130907
5,2,ResDyNet,55,0.0030953384325731977,0.022896898521777585,0.1513172115847288,0.13242736260650576,13.242736260650576,1.4806869170279242
5,2,Plain,55,0.011053435665888586,0.026372142526325238,0.16239502001701048,0.14212226075314344,14.212226075314344,1.482161875028396
5,2,ResDyNet,56,0.0031156506211697673,0.022222402973141875,0.1490718047557682,0.1304622635855567,13.046226358555671,1.506669625028735
5,2,Plain,56,0.009000455161102842,0.04410957980834312,0.2100228078289192,0.18380438177994862,18.38043817799486,1.5081359170144424
5,2,ResDyNet,57,0.0030275210045219237,0.022196678410803385,0.14898549731703212,0.13038673042997287,13.038673042997287,1.5325992080033757
5,2,Plain,57,0.010737926810981452,0.019631925443840847,0.14011397304994547,0.12262269256087652,12.262269256087652,1.5340617500187363
5,2,ResDyNet,58,0.003036599697452862,0.02377422784946807,0.1541889355611098,0.13494059179136328,13.494059179136327,1.5594131250109058
5,2,Plain,58,0.00827972805794622,0.03622672610905558,0.19033319760109002,0.16657274549803444,16.657274549803443,1.5608805830124766
5,2,ResDyNet,59,0.0034776883052075685,0.01884914491610298,0.13729218811025987,0.12015316821865665,12.015316821865666,1.5854997920105234
5,2,Plain,59,0.013569566231405048,0.030070374046790947,0.17340811413192564,0.15176052326473358,15.176052326473357,1.587843667017296
5,2,ResDyNet,60,0.003201773484988805,0.02042156351446132,0.14290403603279134,0.1250644549913019,12.506445499130189,1.612061750027351
5,2,Plain,60,0.009950314578365722,0.026288911749932246,0.1621385572586985,0.14189781380269836,14.189781380269837,1.6135191250068601
5,2,ResDyNet,61,0.003088870969071206,0.0201690788538708,0.14201788216232067,0.1242889251047743,12.428892510477429,1.6380417920008767
5,2,Plain,61,0.011785248583384115,0.026057152769391998,0.1614222808951478,0.14127095457942168,14.127095457942168,1.639504458027659
5,2,ResDyNet,62,0.002857424534933993,0.021595252793747324,0.14695323335587865,0.1286081663546951,12.86081663546951,1.6640508750278968
5,2,Plain,62,0.01613568326035418,0.04082975341336927,0.20206373601754787,0.17683888937008146,17.683888937008145,1.6655190000019502
5,2,ResDyNet,63,0.0028382191130134765,0.017644982154974096,0.13283441630456355,0.11625188721335969,11.625188721335968,1.6900916250015143
5,2,Plain,63,0.023036411276812153,0.02918197614955502,0.17082732846226628,0.1495019127860817,14.950191278608168,1.6924729580059648
5,2,ResDyNet,64,0.0027395086275774747,0.02334415520483058,0.1527879419484096,0.1337144927427791,13.37144927427791,1.717199917009566
5,2,Plain,64,0.014673867280976352,0.030626126845453423,0.175003219528823,0.15315650194143715,15.315650194143714,1.7186966670269612
5,2,ResDyNet,65,0.0027358811015790467,0.01751160236375821,0.13233141110015492,0.11581167521170063,11.581167521170062,1.7432639580219984
5,2,Plain,65,0.01991725960446085,0.02961976092045714,0.17210392476773195,0.150619143800819,15.0619143800819,1.7456302080245223
5,2,ResDyNet,66,0.002827873144539168,0.0188345296947561,0.13723895108443557,0.12010657709495637,12.010657709495637,1.7700692080252338
5,2,Plain,66,0.01041632220188537,0.04369216081931916,0.20902669881935934,0.18293262312392336,18.293262312392336,1.77154679200612
5,2,ResDyNet,67,0.0027621288220576416,0.021864146612701897,0.14786529887942573,0.12940637318485487,12.940637318485487,1.7996332500188146
5,2,Plain,67,0.01070110275496796,0.03200404971814736,0.17889675714821485,0.15656398554984716,15.656398554984715,1.8010997500095982
5,2,ResDyNet,68,0.0026271701660971866,0.020398196497293034,0.1428222549090058,0.12499288310321004,12.499288310321004,1.82643129202188
5,2,Plain,68,0.010477156646058708,0.019700773444773254,0.14035944373205977,0.12283751964293264,12.283751964293264,1.8280724580108654
5,2,ResDyNet,69,0.0025463220359618097,0.017554468311599833,0.13249327647695877,0.1159533339478282,11.59533339478282,1.8530453330022283
5,2,Plain,69,0.008119571652789167,0.0340367204553957,0.18449043459051123,0.1614593701739554,16.14593701739554,1.854497208027169
5,2,ResDyNet,70,0.0024972620373880693,0.015691010419987394,0.1252637633954345,0.10962632500886549,10.96263250088655,1.8802045000193175
5,2,Plain,70,0.007637125375104967,0.027974157962830443,0.1672547696265504,0.14637533822515997,14.637533822515996,1.8827448330121115
5,2,ResDyNet,71,0.0030273304237786063,0.020081818088533536,0.14171033162241042,0.12401976797161027,12.401976797161026,1.9087439170107245
5,2,Plain,71,0.00628452661283819,0.028679002518323584,0.16934876001413054,0.14820792304116645,14.820792304116646,1.9102475000254344
5,2,ResDyNet,72,0.00270388926502755,0.02153687609707482,0.1467544755606275,0.1284342207053738,12.84342207053738,1.9350914580281824
5,2,Plain,72,0.006344089391133995,0.030986332796967702,0.17602935208926862,0.1540545361256607,15.40545361256607,1.9365790830051992
5,2,ResDyNet,73,0.0027592067477010267,0.02136813236297913,0.14617842646224896,0.12793008332383468,12.793008332383469,1.96119370800443
5,2,Plain,73,0.009317994411432256,0.03253897842688973,0.18038563808377242,0.1578670004115808,15.786700041158081,1.9626838750264142
5,2,ResDyNet,74,0.002408915324161303,0.016906828412348467,0.1300262604720618,0.11379429057387858,11.379429057387858,1.9885752080008388
5,2,Plain,74,0.009063503793224383,0.018718485830936764,0.13681551750783522,0.11973600331024961,11.973600331024961,1.9904816670168657
5,2,ResDyNet,75,0.0023238209468554928,0.017789586363754897,0.13337760817976493,0.11672726913897707,11.672726913897707,2.018468207999831
5,2,Plain,75,0.007423748128491017,0.028795322112129453,0.16969184456575823,0.14850817825897852,14.850817825897852,2.019975458009867
5,2,ResDyNet,76,0.0022593528539872633,0.01483362756042954,0.12179338061007068,0.10658917123972261,10.65891712397226,2.044979083002545
5,2,Plain,76,0.012778159302627844,0.026701571096330808,0.16340615378966242,0.1430071685395897,14.300716853958969,2.0473919170035515
5,2,ResDyNet,77,0.0024758514320171233,0.022636457868915372,0.15045417198906574,0.13167206149910562,13.167206149910562,2.071982792025665
5,2,Plain,77,0.012791111436911038,0.05100172012802592,0.22583560420807414,0.1976431704940312,19.76431704940312,2.073485458007781
5,2,ResDyNet,78,0.0024447760973126207,0.015841371598294334,0.12586251069438562,0.11015032703637752,11.015032703637752,2.0981456670269836
5,2,Plain,78,0.01428309814601386,0.02881766526462186,0.16975766629116298,0.14856578305757528,14.856578305757528,2.099616917024832
5,2,ResDyNet,79,0.0023787798498167536,0.021027215023391232,0.14500763781053477,0.12690545134910838,12.690545134910838,2.12422070800676
5,2,Plain,79,0.015270510118436826,0.035148293270808185,0.18747878085481617,0.16407466297635626,16.407466297635626,2.1257151250028983
5,2,ResDyNet,80,0.0024824007057132366,0.013964895444208102,0.11817315872992522,0.10342088370245468,10.342088370245468,2.1505532920127735
5,2,Plain,80,0.019086005964542657,0.03987111797407002,0.1996775349759457,0.1747505723354305,17.47505723354305,2.1530424580269028
5,2,ResDyNet,81,0.0028683225269018897,0.022111088736230633,0.14869797825199452,0.13013510412069015,13.013510412069015,2.1776730000274256
5,2,Plain,81,0.01727552791947963,0.022581543564888194,0.15027156605588496,0.13151225137655462,13.151225137655462,2.1791342920041643
5,2,ResDyNet,82,0.002645033939879404,0.01485895833342998,0.1218973270151154,0.10668014138203713,10.668014138203713,2.20370979202562
5,2,Plain,82,0.015073240084567343,0.031244574070830658,0.17676134778517236,0.15469515234130887,15.469515234130887,2.2051911250164267
5,2,ResDyNet,83,0.00227562215552658,0.020843664330920404,0.14437335048727104,0.126350345974942,12.635034597494199,2.229907708009705
5,2,Plain,83,0.020905888517005013,0.03281137081016121,0.18113909244048124,0.15852639647273187,15.852639647273186,2.231428875005804
5,2,ResDyNet,84,0.002150445934867512,0.015252596440522839,0.12350140258524532,0.10808397043062416,10.808397043062417,2.2625228330143727
5,2,Plain,84,0.013778169649790785,0.020927886701950976,0.1446647389723943,0.12660535866103798,12.660535866103798,2.2640060000121593
5,2,ResDyNet,85,0.0021491262318857713,0.018454170835009553,0.1358461292603126,0.11888762970081866,11.888762970081865,2.2910427500028163
5,2,Plain,85,0.016943896729049796,0.03129320616684145,0.17689885857981516,0.1548154968260754,15.48154968260754,2.2925822080287617
5,2,ResDyNet,86,0.002062886943822021,0.016418731561152262,0.12813559833688787,0.11213965130634967,11.213965130634968,2.3194590830244124
5,2,Plain,86,0.009565791614452356,0.03484879830925259,0.18667832844026805,0.16337413591112374,16.337413591112373,2.3210711250139866
5,2,ResDyNet,87,0.002197374975021937,0.018343014642050216,0.1354363859605321,0.1185290371523085,11.85290371523085,2.347461708006449
5,2,Plain,87,0.00888559785498557,0.033384550604476114,0.18271439627045297,0.15990504553269205,15.990504553269206,2.3489517500274815
5,2,ResDyNet,88,0.002121767612951951,0.016307842357352092,0.1277021626964559,0.11176032407634764,11.176032407634764,2.374166667024838
5,2,Plain,88,0.008665530128226958,0.02453687619465449,0.1566425108157249,0.13708787230573705,13.708787230573705,2.3756530420214403
5,2,ResDyNet,89,0.0018797459767094624,0.01748140416825131,0.13221726123411917,0.11571177536856522,11.571177536856522,2.400978917023167
5,2,Plain,89,0.006775273586963295,0.034596066214772986,0.18600017799661642,0.16278064311699483,16.278064311699485,2.4025178750162013
5,2,ResDyNet,90,0.001888772830265494,0.01844312358650608,0.13580546228523388,0.11885203943188324,11.885203943188325,2.4277369170158636
5,2,Plain,90,0.006582240064321551,0.02841717844506674,0.16857395541739756,0.14752984202046715,14.752984202046715,2.4292162080237176
5,2,ResDyNet,91,0.0020387441578013244,0.01661142239681278,0.12888530714093357,0.11279576939498534,11.279576939498535,2.455178333009826
5,2,Plain,91,0.007133513820489369,0.02953422336222954,0.17185523955419438,0.15040150347687228,15.040150347687229,2.456683000025805
5,2,ResDyNet,92,0.0019232637531561207,0.01466647539192601,0.12110522446173003,0.10598692181395139,10.598692181395139,2.4820007500238717
5,2,Plain,92,0.006907155346928004,0.021939978987932922,0.1481215007618169,0.12963059182610895,12.963059182610895,2.4834741670056246
5,2,ResDyNet,93,0.0018821767638074927,0.017690832284530476,0.13300688810933994,0.11640282831246745,11.640282831246745,2.5083903330087196
5,2,Plain,93,0.007766581380041812,0.027810727478260463,0.16676548647205292,0.14594713526636033,14.594713526636033,2.509893958020257
5,2,ResDyNet,94,0.0018369236184372865,0.015497533863828369,0.12448909134469723,0.10894835998763809,10.89483599876381,2.534677042014664
5,2,Plain,94,0.005096420418837867,0.019199926086537974,0.138563797893021,0.1212660352086844,12.12660352086844,2.5361681670183316
5,2,ResDyNet,95,0.0018591407751010714,0.016239024204047343,0.12743242995425985,0.11152426371491518,11.152426371491519,2.5612415420182515
5,2,Plain,95,0.004230535580082713,0.01895577530694569,0.13767997424079395,0.12049254464506705,12.049254464506705,2.5627356250188313
5,2,ResDyNet,96,0.002095889936680101,0.01675878273404979,0.12945571727061647,0.11329497175462996,11.329497175462997,2.5875204170006327
5,2,Plain,96,0.004813270607178615,0.023242832485100434,0.15245600180084887,0.13342399070520972,13.342399070520973,2.589021750027314
5,2,ResDyNet,97,0.002238817881469261,0.01557897138800156,0.1248157497594016,0.10923423964322705,10.923423964322705,2.613699458015617
5,2,Plain,97,0.004139742298325424,0.016829623106363937,0.1297290372521277,0.11353417153844916,11.353417153844916,2.6151897920062765
5,2,ResDyNet,98,0.0020216073987515746,0.020750420653310998,0.14405006301043743,0.12606741644252187,12.606741644252187,2.641004792007152
5,2,Plain,98,0.004358418552004539,0.02714543087160879,0.16475870499493733,0.14419087254146074,14.419087254146074,2.642473083018558
5,2,ResDyNet,99,0.00271066846619336,0.01435219059123546,0.11980062850935073,0.10484518651873037,10.484518651873037,2.6672032920178026
5,2,Plain,99,0.005000917940638441,0.019610581234813736,0.14003778502537712,0.12255601555136701,12.255601555136701,2.668674500018824
5,2,ResDyNet,100,0.001753560492445574,0.01928182698169468,0.1388590183664521,0.12152440151265262,12.152440151265262,2.693301417020848
5,2,Plain,100,0.005810768745547198,0.017305440191015955,0.13155014325729925,0.11512793779125048,11.512793779125047,2.6947882500244305
5,3,ResDyNet,0,1.192290938208222,2.0930891422839695,1.4467512371807287,1.2661444701567492,126.61444701567493,0.001682791014900431
5,3,Plain,0,1.0293431046383827,1.930174026272317,1.389307030959074,1.2158713740080116,121.58713740080115,0.004488833015784621
5,3,ResDyNet,1,1.0811549951155242,1.7864983409313147,1.3365995439664473,1.1697436835823791,116.97436835823791,0.030878875026246533
5,3,Plain,1,1.0032176662633858,2.0679385787134303,1.4380328851293458,1.258514483082918,125.85144830829181,0.033852332999231294
5,3,ResDyNet,2,0.7187753243104436,1.2453202470392042,1.1159391771235583,0.9766296940582891,97.66296940582892,0.06294954102486372
5,3,Plain,2,0.9192188262736085,2.0988359655221323,1.448735988895883,1.2678814532290248,126.78814532290248,0.06543204101035371
5,3,ResDyNet,3,0.38359716973830915,0.6551014175495238,0.8093833563581128,0.7083431031908052,70.83431031908052,0.0903635410068091
5,3,Plain,3,0.8554450032436438,2.0188625626799404,1.4208668349567246,1.2434913754871355,124.34913754871356,0.09272058302303776
5,3,ResDyNet,4,0.24866403126721648,0.2946174054852323,0.5427867034897155,0.4750273339578028,47.502733395780275,0.11740462502348237
5,3,Plain,4,0.805623447293234,1.8761463158764262,1.3697249051822145,1.1987338042385187,119.87338042385187,0.11966645802021958
5,3,ResDyNet,5,0.10983696798311703,0.30332267748550124,0.5507473808249125,0.48199423146417947,48.19942314641795,0.14463045800221153
5,3,Plain,5,0.7582691041295841,1.675949522381441,1.294584691081059,1.1329738006348808,113.29738006348808,0.14609275001566857
5,3,ResDyNet,6,0.09775156351017662,0.2123220663427143,0.4607841862984387,0.403261690347229,40.326169034722895,0.1713252080080565
5,3,Plain,6,0.6800091941233712,1.358194036528558,1.1654158212966554,1.0199298674479833,101.99298674479833,0.17366441601188853
5,3,ResDyNet,7,0.07482228132260946,0.2013115782017493,0.4486775882543603,0.3926664326609171,39.26664326609171,0.1984263330232352
5,3,Plain,7,0.4394564718736088,0.622975028553525,0.7892876716087266,0.6907560851426775,69.07560851426776,0.2008108750160318
5,3,ResDyNet,8,0.06596064129002807,0.15442553409896348,0.3929701440300058,0.3439132879332303,34.39132879332303,0.22556112500024028
5,3,Plain,8,0.2732147372068702,0.5120784658827429,0.7155965804017952,0.6262643015978486,62.62643015978486,0.2278947910235729
5,3,ResDyNet,9,0.06014220679173631,0.15459144061275867,0.3931811803898537,0.34409797933915864,34.40979793391586,0.25261558301281184
5,3,Plain,9,0.2523504716464576,0.6833422383445787,0.8266451707622677,0.7234500201859366,72.34500201859366,0.25411029101815075
5,3,ResDyNet,10,0.04708607971800661,0.11204631166903789,0.33473319475223534,0.2929464116715327,29.29464116715327,0.2788621250074357
5,3,Plain,10,0.19359792284581034,0.7977789392996049,0.8931847173455247,0.7816830299722651,78.16830299722652,0.28105758302262984
5,3,ResDyNet,11,0.04174861270338158,0.09306234274608972,0.30506121147417237,0.26697856275556187,26.697856275556187,0.3061798330163583
5,3,Plain,11,0.20303213535216635,0.6156045876754059,0.7846047334010966,0.6866577466285658,68.66577466285658,0.3085045000188984
5,3,ResDyNet,12,0.03484756736177717,0.06613476434377519,0.2571668025694125,0.22506310457053283,22.50631045705328,0.33294754099915735
5,3,Plain,12,0.17070028804582116,0.42259697495113074,0.650074591836299,0.5689218218654375,56.89218218654375,0.3353070830053184
5,3,ResDyNet,13,0.028691185106757854,0.07812549604076355,0.27950938453075874,0.2446165259690235,24.46165259690235,0.36031129100592807
5,3,Plain,13,0.15328910612617372,0.44168295263297463,0.6645923206244371,0.581627214162289,58.162721416228905,0.3617758330074139
5,3,ResDyNet,14,0.026456380805449427,0.03914400771861937,0.19784844633865428,0.1731498199710876,17.31498199710876,0.3868290410027839
5,3,Plain,14,0.14273908343030176,0.4104673007850316,0.6406772204355572,0.5606975815625608,56.06975815625608,0.38919479100150056
5,3,ResDyNet,15,0.021810037056188808,0.04088265617143314,0.20219459975833465,0.1769534165932025,17.69534165932025,0.414495375007391
5,3,Plain,15,0.11690528797624686,0.28383505402597486,0.5327617234993284,0.46625383326738995,46.625383326739,0.4159666250052396
5,3,ResDyNet,16,0.02011515626893093,0.03812309756546208,0.19525137020124106,0.17087695266297345,17.087695266297345,0.441128958016634
5,3,Plain,16,0.0976436068952211,0.34964242936344775,0.5913056987408862,0.5174894075721607,51.74894075721607,0.4434559580113273
5,3,ResDyNet,17,0.016518041630394557,0.029746701237192138,0.17247232020585837,0.1509415501930359,15.09415501930359,0.46791045801364817
5,3,Plain,17,0.09064433467874612,0.19849342749803445,0.4455260121452332,0.3899082869892221,38.99082869892221,0.4701787910016719
5,3,ResDyNet,18,0.015140943728992629,0.030592713032295292,0.1749077271943561,0.15307293049658857,15.307293049658858,0.4953659580205567
5,3,Plain,18,0.08258402782405802,0.2341971274093891,0.4839391773863624,0.42352610289380765,42.35261028938076,0.4968032500182744
5,3,ResDyNet,19,0.013927323873792313,0.027347792207892574,0.16537167897766705,0.14472732524918097,14.472732524918097,0.5216046660207212
5,3,Plain,19,0.0623682335924011,0.11186793606953675,0.33446664418075644,0.2927131362310687,29.27131362310687,0.5239804160082713
5,3,ResDyNet,20,0.012459122828915072,0.027515694080212556,0.16587855220073677,0.1451709224011771,14.51709224011771,0.5485977500211447
5,3,Plain,20,0.05608187742613059,0.18579856072425163,0.43104357172361546,0.37723377779720735,37.723377779720735,0.5500695410009939
5,3,ResDyNet,21,0.012213524490133885,0.03109240661909879,0.17633039051479127,0.15431799409133207,15.431799409133207,0.5746414580207784
5,3,Plain,21,0.04697607985221878,0.07490887653381618,0.2736948602619643,0.23952786417263022,23.952786417263024,0.5761075830087066
5,3,ResDyNet,22,0.010758118083761046,0.030654549764804702,0.17508440754334664,0.15322755476170805,15.322755476170805,0.6014150410192087
5,3,Plain,22,0.0421076875098302,0.12809244113159768,0.357900043492031,0.31322120160709216,31.322120160709215,0.6028709160163999
5,3,ResDyNet,23,0.010181989541217965,0.02993842393511729,0.17302723466297812,0.15142719129928534,15.142719129928533,0.6290822500013746
5,3,Plain,23,0.03903488594739753,0.068982440875095,0.2626450853815753,0.2298574999788903,22.98574999788903,0.6305640830250923
5,3,ResDyNet,24,0.009467957482546285,0.027507338128009616,0.1658533633304119,0.14514887801092416,14.514887801092415,0.6560889579996001
5,3,Plain,24,0.0328026772811496,0.09322838164197944,0.30533323049085154,0.2672166239819113,26.721662398191132,0.6575871660024859
5,3,ResDyNet,25,0.008914839642501466,0.025817402073088937,0.1606779451981165,0.14061953884013192,14.061953884013192,0.6821661660214886
5,3,Plain,25,0.03357351414295389,0.06504969293875965,0.25504841293127006,0.22320916641099262,22.320916641099263,0.6845930000126828
5,3,ResDyNet,26,0.00861105510801982,0.036769284942046,0.19175318756684595,0.16781546946924286,16.781546946924287,0.7097922500106506
5,3,Plain,26,0.04046756017026371,0.11248153376054218,0.335382667650763,0.29351480691312926,29.351480691312926,0.7112723330210429
5,3,ResDyNet,27,0.007980828723173669,0.02474533967850478,0.1573065150542239,0.1376689848516468,13.766898485164681,0.7362598750041798
5,3,Plain,27,0.03279882201200163,0.037553502487653656,0.19378726090136486,0.16959561704279055,16.959561704279054,0.7386363330006134
5,3,ResDyNet,28,0.008248478622451262,0.023159785730566762,0.1521833950553304,0.133185415119791,13.3185415119791,0.763975208014017
5,3,Plain,28,0.024495743543662823,0.05834871914214415,0.24155479532011812,0.2114000392565117,21.140003925651172,0.7663422910263762
5,3,ResDyNet,29,0.007963334642954959,0.036843894382231165,0.1919476344793839,0.16798564238959143,16.798564238959145,0.7907876660174225
5,3,Plain,29,0.02171011353980596,0.0375767638037115,0.19384726927071091,0.16964813420196626,16.964813420196627,0.7922908750188071
5,3,ResDyNet,30,0.007229857485037016,0.03144081320025854,0.17731557517674112,0.155180192152584,15.5180192152584,0.8169570830068551
5,3,Plain,30,0.020042457803258938,0.043284253246868166,0.2080486799930924,0.18207669634344922,18.20766963434492,0.8184450410190038
5,3,ResDyNet,31,0.007577191443907173,0.028375331515269147,0.16844978930016252,0.1474211763157643,14.742117631576429,0.843330125004286
5,3,Plain,31,0.015413837319868636,0.04495603245845403,0.21202837654062728,0.18555958313633175,18.555958313633177,0.8447970410052221
5,3,ResDyNet,32,0.006102946005596692,0.02648009082586284,0.16272704392897586,0.14241283609829677,14.241283609829678,0.8695522909983993
5,3,Plain,32,0.013951238853247566,0.040173542210306466,0.20043338596727459,0.17541206584470753,17.541206584470753,0.8709907500015106
5,3,ResDyNet,33,0.006117308590626666,0.02116593963097041,0.1454851869812539,0.1273233851487796,12.732338514877961,0.8956099580100272
5,3,Plain,33,0.01207202904668899,0.034631656967789436,0.18609582737877128,0.1628643520043121,16.28643520043121,0.8980437499994878
5,3,ResDyNet,34,0.005509615207416909,0.023273983040125276,0.15255813003614482,0.13351336965097707,13.351336965097707,0.9236310410196893
5,3,Plain,34,0.017516049228590482,0.03678174211653357,0.19178566713008968,0.16784389441082043,16.78438944108204,0.9251276660070289
5,3,ResDyNet,35,0.00537019033519334,0.023644830643522213,0.15376875704616402,0.13457286671914287,13.457286671914288,0.9496851660078391
5,3,Plain,35,0.01265637814147758,0.044109743812348085,0.21002319827187685,0.18380472348153423,18.380472348153422,0.951159500022186
5,3,ResDyNet,36,0.004959458237679689,0.024306368542350756,0.15590499845210465,0.1364424281015975,13.644242810159751,0.9758857080014423
5,3,Plain,36,0.017533763518274164,0.03996898945269115,0.1999224586000561,0.17496492065206473,17.496492065206475,0.9773701660160441
5,3,ResDyNet,37,0.004585986541084718,0.02545796319322087,0.15955551758939854,0.13963723070490688,13.963723070490689,1.0020360830239952
5,3,Plain,37,0.01572086146022072,0.03484825017386646,0.18667686030643021,0.16337285105337318,16.33728510533732,1.0035106250143144
5,3,ResDyNet,38,0.004505045623295005,0.020644825852088426,0.14368307434102467,0.12574624120351352,12.574624120351352,1.028122041025199
5,3,Plain,38,0.017834283227366535,0.029549237630598153,0.17189891689768774,0.15043972831160132,15.043972831160133,1.0305190000217408
5,3,ResDyNet,39,0.003951345950542874,0.02047520896032637,0.14309161037715093,0.1252286132880088,12.52286132880088,1.055846791015938
5,3,Plain,39,0.009013599764324929,0.03168459582476856,0.1780016736572119,0.15578064078169584,15.578064078169584,1.0581470830074977
5,3,ResDyNet,40,0.0039917437611069854,0.017899562783933388,0.13378924763946237,0.11708752113821494,11.708752113821493,1.0825321660086047
5,3,Plain,40,0.01257994856593534,0.02865501656288629,0.16927792698070912,0.14814593252664943,14.814593252664942,1.0847570000041742
5,3,ResDyNet,41,0.003842021276144198,0.01841200407617213,0.13569084005993967,0.11875172619697208,11.875172619697208,1.1096806660061702
5,3,Plain,41,0.009676306836168012,0.04085705853025755,0.2021312903294726,0.17689801046587222,17.689801046587224,1.1111694580176845
5,3,ResDyNet,42,0.004111982055388692,0.01737665267388498,0.13182053206494418,0.11536457231748669,11.536457231748669,1.1357750410097651
5,3,Plain,42,0.011144038759038806,0.03129088251531017,0.17689229071757245,0.15480974887007187,15.480974887007187,1.1381485000019893
5,3,ResDyNet,43,0.0036486652651880626,0.017299050307549503,0.13152585414111365,0.1151066808333485,11.510668083334851,1.162212333001662
5,3,Plain,43,0.014469356288374358,0.024022367962810275,0.15499150932489908,0.1356429753848931,13.564297538489308,1.1645177910104394
5,3,ResDyNet,44,0.003654797780933953,0.016020029356460366,0.12657025462746122,0.11076971898443412,11.076971898443412,1.189597541000694
5,3,Plain,44,0.009492255423077018,0.024825325866337043,0.15756054666805724,0.13789130415218312,13.789130415218311,1.191778875014279
5,3,ResDyNet,45,0.0040557145776363955,0.017702349319999505,0.1330501759487732,0.11644071226730011,11.644071226730011,1.216145125014009
5,3,Plain,45,0.010494133131285052,0.031344877758275984,0.17704484674306672,0.15494326039790376,15.494326039790376,1.2176085000101011
5,3,ResDyNet,46,0.0055131326460392625,0.01843389555154903,0.13577148283623122,0.11882230184441968,11.882230184441967,1.2426848330069333
5,3,Plain,46,0.007724056185782007,0.033565743264558356,0.18320956106207545,0.16033839588803778,16.03383958880378,1.2441690410196315
5,3,ResDyNet,47,0.005367017914551236,0.014945951335196484,0.12225363526372737,0.10699196950221239,10.69919695022124,1.2689111250219867
5,3,Plain,47,0.009604586109652945,0.02693249739526141,0.16411123482340084,0.1436242300142493,14.36242300142493,1.2712823750043754
5,3,ResDyNet,48,0.004085930947788512,0.015169294254618193,0.12316368886412177,0.10778841556983836,10.778841556983835,1.2973674160020892
5,3,Plain,48,0.0073261616120895495,0.02751849500151597,0.16588699467262635,0.14517831094788972,14.517831094788972,1.2992837910132948
5,3,ResDyNet,49,0.004587800478059724,0.01545348584240624,0.1243120502703026,0.1087934200286634,10.879342002866341,1.3264325830095913
5,3,Plain,49,0.009691117032534348,0.04278936757781743,0.20685591018343522,0.18103282725258169,18.10328272525817,1.327930458006449
5,3,ResDyNet,50,0.003109369169517703,0.020975421009339763,0.1448289370579642,0.12674905889969118,12.674905889969118,1.35289645800367
5,3,Plain,50,0.010036347414009876,0.03335773187239634,0.1826409917636135,0.15984080455744293,15.984080455744293,1.3543672079977114
5,3,ResDyNet,51,0.003543595134292239,0.016673508790277177,0.12912594158524915,0.11300636397625775,11.300636397625775,1.3790172500011977
5,3,Plain,51,0.007736711430922994,0.028341976882007375,0.16835075551362214,0.14733450551987048,14.733450551987048,1.3805069160007406
5,3,ResDyNet,52,0.00342225221108238,0.015221918789198537,0.12337714046450637,0.10797522070711942,10.797522070711942,1.4052862500248011
5,3,Plain,52,0.008008802682141058,0.02842224789129964,0.168588991014537,0.1475430006324554,14.754300063245541,1.4067672500095796
5,3,ResDyNet,53,0.0030315534777042405,0.017848519419307374,0.13359835110998702,0.11692045538499096,11.692045538499096,1.4315192500071134
5,3,Plain,53,0.007063641914425152,0.03030828775735822,0.17409275618864278,0.15235969728433796,15.235969728433796,1.433004708000226
5,3,ResDyNet,54,0.002921827432533764,0.014990476815168848,0.12243560272718408,0.10715122085910297,10.715122085910297,1.4597177079995163
5,3,Plain,54,0.009541410629397049,0.026354562837118428,0.16234088467517485,0.1420748834556899,14.207488345568988,1.4617346250161063
5,3,ResDyNet,55,0.002870185820899313,0.01579463382249169,0.12567670357903127,0.10998771535471749,10.998771535471748,1.4880878750118427
5,3,Plain,55,0.011649223806958646,0.031006540073211738,0.17608674019701692,0.1541047601264501,15.410476012645011,1.4896303330024239
5,3,ResDyNet,56,0.002620651426900851,0.014449589533740918,0.12020644547502816,0.10520034288133322,10.520034288133322,1.5143858329975046
5,3,Plain,56,0.007810328930757392,0.04475887263470648,0.21156292830906478,0.18515223964189279,18.51522396418928,1.5168021660065278
5,3,ResDyNet,57,0.0024792864422275044,0.014810309173082035,0.12169761367044973,0.10650535947035361,10.650535947035362,1.5413163330231328
5,3,Plain,57,0.012869739217994659,0.027554928381481176,0.16599677220199546,0.14527438427977019,14.52743842797702,1.5428190000238828
5,3,ResDyNet,58,0.002448953292516585,0.014415043954605081,0.12006266678116509,0.10507451295737487,10.507451295737487,1.567446833010763
5,3,Plain,58,0.012829729291333641,0.03807430894518806,0.19512639223126138,0.1707675764540479,17.07675764540479,1.5697552500059828
5,3,ResDyNet,59,0.00239166229083898,0.015308354366033613,0.12372693468292832,0.10828134798316087,10.828134798316087,1.5942037909990177
5,3,Plain,59,0.011127526314482165,0.02579965861288207,0.16062272134689434,0.1405712089185471,14.05712089185471,1.5956857910205144
5,3,ResDyNet,60,0.0024570482438986112,0.014065314386274471,0.1185972781571081,0.10379205771883922,10.379205771883921,1.6202767080103513
5,3,Plain,60,0.009386581082189857,0.024590668838724038,0.15681412193652725,0.13723806016529247,13.723806016529247,1.6226153330062516
5,3,ResDyNet,61,0.002576124330985208,0.014813429160358113,0.12171043160041015,0.10651657726006145,10.651657726006144,1.6470970410155132
5,3,Plain,61,0.007994577609660256,0.02395888827366422,0.15478658945032744,0.13546363690613727,13.546363690613727,1.6485926660243422
5,3,ResDyNet,62,0.0023086145556538897,0.014458723129591346,0.1202444307633054,0.1052335862347609,10.52335862347609,1.6740803330030758
5,3,Plain,62,0.007848591233988223,0.02611876205531376,0.16161300088580052,0.1414378658322393,14.14378658322393,1.675575708010001
5,3,ResDyNet,63,0.002697113855182286,0.01419421538200182,0.11913947868780449,0.10426657205552302,10.426657205552301,1.7002517910150345
5,3,Plain,63,0.007570404895244853,0.02652888437197057,0.16287689944240274,0.14254398423542758,14.254398423542758,1.7017155830108095
5,3,ResDyNet,64,0.0024375822037559277,0.014452565389009726,0.12021882293971159,0.10521117519172682,10.521117519172682,1.7263400000229012
5,3,Plain,64,0.007296796729706677,0.023720583798479637,0.15401488174354983,0.13478826617176148,13.478826617176148,1.7278295410214923
5,3,ResDyNet,65,0.0024814844882608063,0.013936447916208542,0.11805273362446354,0.10331549199624439,10.331549199624439,1.7532912910101004
5,3,Plain,65,0.007769728978872912,0.031187774907293974,0.17660060845674902,0.15455447908208533,15.455447908208534,1.7554147080227267
5,3,ResDyNet,66,0.002532182631427121,0.014285095205482802,0.11952027110696663,0.10459982783814069,10.459982783814068,1.7807387910143007
5,3,Plain,66,0.007431887629292909,0.024311698370378457,0.15592209070679644,0.13645738662605172,13.645738662605172,1.7828168330015615
5,3,ResDyNet,67,0.0023844394843292815,0.014018261592691166,0.11839873982729363,0.10361830413774768,10.361830413774769,1.809142291021999
5,3,Plain,67,0.007548919136357871,0.032041073230877036,0.17900020455540558,0.1566545189872485,15.66545189872485,1.811124458006816
5,3,ResDyNet,68,0.002661664804521834,0.01417122814120103,0.1190429676259838,0.10418210905725986,10.418210905725985,1.8416843750164844
5,3,Plain,68,0.008288986834044795,0.030091112475193627,0.1734679004173211,0.15181284606405063,15.181284606405063,1.843678583012661
5,3,ResDyNet,69,0.0024561958784208027,0.013646551929917596,0.11681845714576783,0.10223529776659196,10.223529776659197,1.872126833011862
5,3,Plain,69,0.008667565588265152,0.03114799249238255,0.17648793865979212,0.1544558745419927,15.44558745419927,1.874775000003865
5,3,ResDyNet,70,0.002289443822697394,0.015135482861305675,0.12302635027223101,0.1076682217907057,10.766822179070571,1.900500000017928
5,3,Plain,70,0.009408966036857407,0.020519119659527206,0.14324496381907187,0.1253628226859189,12.536282268591888,1.9020004580088425
5,3,ResDyNet,71,0.002226060259685411,0.0146843735538598,0.12117909701701776,0.10605157240831078,10.605157240831078,1.9287422080233227
5,3,Plain,71,0.011830072738014367,0.026301886474516038,0.16217856354807203,0.1419328258633485,14.193282586334849,1.9309880000073463
5,3,ResDyNet,72,0.0022330639958625833,0.01429539348558589,0.1195633450752608,0.10463752462067094,10.463752462067093,1.9601931660145056
5,3,Plain,72,0.013663726014196988,0.027633969752751883,0.1662346827613055,0.1454825950151896,14.54825950151896,1.9621824159985408
5,3,ResDyNet,73,0.0023438635865531917,0.017818260115487015,0.13348505577586958,0.11682130339735078,11.682130339735078,1.9897423750080634
5,3,Plain,73,0.007982682490623094,0.026000692128575337,0.16124730115129163,0.14111781862254172,14.111781862254173,1.9913715410220902
5,3,ResDyNet,74,0.0027278635143534505,0.015018826542168753,0.12255132207434057,0.10725249425547334,10.725249425547334,2.0170050830056425
5,3,Plain,74,0.011893056243655884,0.026904124250772578,0.16402476718707018,0.14354855665951213,14.354855665951213,2.0185099160007667
5,3,ResDyNet,75,0.002438571890977774,0.013984386828770269,0.11825559956623732,0.10349303294714106,10.349303294714106,2.043810625007609
5,3,Plain,75,0.007773841598563054,0.021496550811472705,0.146617020879135,0.1283139253288113,12.83139253288113,2.045303332997719
5,3,ResDyNet,76,0.0022038215107672908,0.015000078821850352,0.12247480892759274,0.10718553271076588,10.718553271076587,2.071434666024288
5,3,Plain,76,0.005393839130545477,0.0348160767509029,0.18659066630167462,0.1632974171711153,16.329741717111528,2.072951541020302
5,3,ResDyNet,77,0.00243317212288629,0.013146991604726772,0.11466033143475024,0.10034658403012901,10.034658403012902,2.098140375019284
5,3,Plain,77,0.008968889073906501,0.027030340453584586,0.16440906438996783,0.14388487970236902,14.388487970236902,2.1006287909985986
5,3,ResDyNet,78,0.002354603031634338,0.015425676450991981,0.12420014674303723,0.10869548610015045,10.869548610015045,2.1252164160250686
5,3,Plain,78,0.007267958284773452,0.03494216650624545,0.18692823892137178,0.163592848545025,16.3592848545025,2.1266972910088953
5,3,ResDyNet,79,0.002080392479838564,0.013462915775981254,0.11602980555004501,0.10154509835210893,10.154509835210893,2.1513340000237804
5,3,Plain,79,0.008222253344320613,0.02104871566337308,0.1450817551016429,0.12697031612742538,12.697031612742538,2.1528225830115844
5,3,ResDyNet,80,0.0021643170139092134,0.014358052334937556,0.11982509059014959,0.10486659484901965,10.486659484901965,2.177607750025345
5,3,Plain,80,0.009751878581701786,0.02838591982367922,0.1684812150468984,0.14744867899516595,14.744867899516596,2.179085750016384
5,3,ResDyNet,81,0.00200607433476529,0.013497958782903897,0.11618071605436031,0.10167716977919113,10.167716977919113,2.2037125830247533
5,3,Plain,81,0.00850505652935469,0.03300574909655453,0.18167484442419243,0.1589952672738195,15.899526727381948,2.205184582999209
5,3,ResDyNet,82,0.0022530474168433704,0.013386152648571239,0.115698542119472,0.10125518855282478,10.125518855282479,2.2298423750035
5,3,Plain,82,0.007754656518678217,0.025067394928221163,0.1583268610445529,0.1385619548385391,13.85619548385391,2.2313142910134047
5,3,ResDyNet,83,0.002079929352271961,0.013298992772858573,0.11532125898054778,0.10092500396562293,10.092500396562293,2.2560019160155207
5,3,Plain,83,0.0053284639414886885,0.02222588960915885,0.14908349878225574,0.13047249777550626,13.047249777550626,2.2575131250196137
5,3,ResDyNet,84,0.001957948675678736,0.014132931209903946,0.1188820054083205,0.10404124073341747,10.404124073341748,2.282167583005503
5,3,Plain,84,0.004993209646820085,0.025364484097735215,0.15926231223279164,0.13938062795845851,13.938062795845852,2.2836445000139065
5,3,ResDyNet,85,0.001979688389359678,0.015271415347519822,0.1235775681404996,0.1081506277758009,10.81506277758009,2.3083124160184525
5,3,Plain,85,0.0048322630567014056,0.020007134161351928,0.14144657705774263,0.12378893949540071,12.378893949540071,2.3097765000129584
5,3,ResDyNet,86,0.002308773909848612,0.01602770094990443,0.12660055667296424,0.11079623824107071,11.07962382410707,2.3375377080228645
5,3,Plain,86,0.005762451158259651,0.022033759485995442,0.14843772932107066,0.12990734364861647,12.990734364861648,2.3394226250238717
5,3,ResDyNet,87,0.0023143418610299753,0.01374504765782207,0.1172392752358273,0.10260358257186991,10.260358257186992,2.3684282500180416
5,3,Plain,87,0.00948530191883348,0.031483241876339635,0.17743517654721014,0.15528486295565697,15.528486295565697,2.3699445000092965
5,3,ResDyNet,88,0.002076268940566101,0.013655714760137425,0.1168576688118389,0.10226961440160537,10.226961440160537,2.3949816660024226
5,3,Plain,88,0.010041063900627261,0.04121216493272078,0.20300779525112028,0.1776650959406163,17.76650959406163,2.3964737500064075
5,3,ResDyNet,89,0.002234109628235165,0.0148715014198889,0.1219487655529522,0.1067251585339574,10.67251585339574,2.421213333000196
5,3,Plain,89,0.01363140314244612,0.03921898849417421,0.19803784611577205,0.17331557582066537,17.331557582066537,2.4227047080057673
5,3,ResDyNet,90,0.002440483119938469,0.013829462288771462,0.11759873421415497,0.10291816809698387,10.291816809698387,2.447373791015707
5,3,Plain,90,0.013742654051747492,0.025622471700555784,0.16007020866031188,0.14008766975519304,14.008766975519304,2.448852583009284
5,3,ResDyNet,91,0.002400482754956363,0.017372217810082576,0.13180370939424496,0.11534984972321362,11.534984972321363,2.473711083002854
5,3,Plain,91,0.007034092466483214,0.03881031993362563,0.19700335005685976,0.17241022220441882,17.24102222044188,2.475190750003094
5,3,ResDyNet,92,0.0024304910048075505,0.013770562443457276,0.11734803979384265,0.10269876938777928,10.269876938777928,2.499710000003688
5,3,Plain,92,0.0084586714233532,0.023124601221728516,0.15206775207692297,0.13308420855859368,13.308420855859367,2.5011800409993157
5,3,ResDyNet,93,0.0020121616423716504,0.015247767092407232,0.12348184924274187,0.10806685805093678,10.806685805093679,2.5256702080077957
5,3,Plain,93,0.007906001592947085,0.01897996681304917,0.13776780034917147,0.12056940688551293,12.056940688551293,2.527137000026414
5,3,ResDyNet,94,0.0019259664892545619,0.014096704135222864,0.11872954196501755,0.10390781023017817,10.390781023017817,2.552682500012452
5,3,Plain,94,0.005371391840860889,0.026992247891011012,0.1642931766416701,0.14378345892739733,14.378345892739732,2.554154291021405
5,3,ResDyNet,95,0.00204494227098668,0.013663633370624336,0.11689154533422995,0.10229926191141303,10.229926191141303,2.578631750016939
5,3,Plain,95,0.005422734559204443,0.02420687521620505,0.1555855880735907,0.13616289166570397,13.616289166570397,2.580092375021195
5,3,ResDyNet,96,0.0020902642204693703,0.014408979901024459,0.120037410422853,0.10505240950407113,10.505240950407114,2.6062755000020843
5,3,Plain,96,0.004384529199260345,0.022535144318606853,0.15011710201907993,0.13137707002608287,13.137707002608288,2.6077433330065105
5,3,ResDyNet,97,0.0022001635298727427,0.013240384488785636,0.11506686964016026,0.10070237159571659,10.070237159571658,2.6324600410007406
5,3,Plain,97,0.005207128213192511,0.02708344753049926,0.16457049410662672,0.1440261571644605,14.402615716446048,2.6339419160212856
5,3,ResDyNet,98,0.0020045625373739406,0.014872661537229052,0.12195352203700002,0.10672932123713662,10.672932123713661,2.6584574160224292
5,3,Plain,98,0.006541364676115841,0.022180912917405708,0.14893257842864907,0.1303404177286797,13.03404177286797,2.6599302500253543
5,3,ResDyNet,99,0.0018945460295918864,0.013942320792561103,0.11807760495776116,0.10333725848955085,10.333725848955085,2.706375083012972
5,3,Plain,99,0.006760955186122169,0.022332731844102054,0.1494413993647746,0.13078571944885017,13.078571944885017,2.7080068750074133
5,3,ResDyNet,100,0.0018968286994350211,0.01448076886112919,0.12033606633561357,0.105313782380557,10.5313782380557,2.734519707999425
5,3,Plain,100,0.006155439762400812,0.026472544185685246,0.1627038542434851,0.14239254132246093,14.239254132246092,2.736045166006079
5,4,ResDyNet,0,1.4485644586811726,2.846831013305379,1.6872554677064702,1.4766250930196496,147.66250930196497,0.0015976249997038394
5,4,Plain,0,1.1173149785906302,2.504697583326892,1.5826236391912298,1.3850550928203607,138.50550928203606,0.003951999999117106
5,4,ResDyNet,1,1.3001084357620256,2.1590445285334208,1.4693687517207588,1.2859385026259065,128.59385026259065,0.029511541011743248
5,4,Plain,1,1.074003428695613,2.2520034992823166,1.5006676844932447,1.3133301990234956,131.33301990234955,0.0317720000166446
5,4,ResDyNet,2,0.9299971437273301,1.852659831952898,1.3611244733502141,1.1912070166850017,119.12070166850017,0.0566227910167072
5,4,Plain,2,0.9532365780860019,2.1396418904401036,1.462751479384008,1.280147304691267,128.0147304691267,0.05895975002204068
5,4,ResDyNet,3,0.7326560800177776,1.468346530322462,1.21175349404178,1.0604829263280315,106.04829263280315,0.08372887500445358
5,4,Plain,3,0.8920954421947046,2.0537144305797566,1.4330786547080228,1.2541787194142004,125.41787194142005,0.08604304102482274
5,4,ResDyNet,4,0.5077019328816795,0.9185226889826705,0.9583958936591238,0.8387534980388951,83.8753498038895,0.1108865000132937
5,4,Plain,4,0.8403180084857448,1.9688155535788523,1.4031448797536383,1.227981759871061,122.79817598710609,0.11314783300622366
5,4,ResDyNet,5,0.26444128698384695,0.38734294181707773,0.6223688149458307,0.5446747258203549,54.46747258203549,0.13803608302259818
5,4,Plain,5,0.787428350792601,1.8419615300833403,1.357188833612825,1.1877626868223676,118.77626868223676,0.14040050000767224
5,4,ResDyNet,6,0.13492925446335946,0.30472636909651896,0.5520202614909339,0.48310821068537096,48.310821068537095,0.1658780830039177
5,4,Plain,6,0.724482491979365,1.566305150795896,1.2515211347779533,1.0952861303034473,109.52861303034473,0.16834670800017193
5,4,ResDyNet,7,0.12446463050460503,0.2578097293810394,0.507749671965467,0.44436418843903164,44.43641884390316,0.1935944160213694
5,4,Plain,7,0.5877001175844416,1.0428667224521146,1.0212084618000943,0.8937247907975678,89.37247907975679,0.19601800001692027
5,4,ResDyNet,8,0.08528337999215958,0.22286024200456026,0.47208075792660753,0.4131480421478384,41.31480421478384,0.22068487500655465
5,4,Plain,8,0.30253792457610307,0.5876735959297459,0.7665987189721529,0.670899532629595,67.0899532629595,0.22300620801979676
5,4,ResDyNet,9,0.0573812616449561,0.2239942474130072,0.47328030532973503,0.4141978427439108,41.41978427439108,0.24809745801030658
5,4,Plain,9,0.30970960207452347,0.6110824682029338,0.7817176396902744,0.6841310664068123,68.41310664068124,0.249579541006824
5,4,ResDyNet,10,0.05428104966283378,0.1496573733395134,0.38685575262559224,0.33856219324181785,33.85621932418179,0.2741205830243416
5,4,Plain,10,0.22068858832664776,0.8363476445902813,0.9145204451461331,0.8003552889462073,80.03552889462074,0.2764387500064913
5,4,ResDyNet,11,0.03822256623244167,0.08340626441889978,0.28880142731451275,0.2527485864675765,25.274858646757647,0.3010082910186611
5,4,Plain,11,0.23224286675102118,0.7692263964784026,0.8770555264510923,0.7675673441969523,76.75673441969522,0.3033419999992475
5,4,ResDyNet,12,0.030862836179791152,0.06948527310475897,0.26360059390061885,0.2306937265508697,23.06937265508697,0.32765841600485146
5,4,Plain,12,0.19566349001010186,0.5884692409767263,0.7671174883788834,0.6713535408922029,67.13535408922029,0.3299957500130404
5,4,ResDyNet,13,0.026184936148044756,0.06100836447026836,0.24699871349921715,0.2161643599782164,21.61643599782164,0.35441275002085604
5,4,Plain,13,0.1732614744849074,0.44510731479149523,0.667163634194412,0.583877535001141,58.3877535001141,0.3567557909991592
5,4,ResDyNet,14,0.025649760915811753,0.06606984014763,0.2570405418365554,0.22495260573383133,22.49526057338313,0.38219858301454224
5,4,Plain,14,0.14644952272870623,0.45107011007868286,0.6716175325873223,0.5877754261353574,58.777542613535736,0.3836950410041027
5,4,ResDyNet,15,0.024650718965663683,0.03857814567993116,0.19641320138914076,0.17189374538864027,17.189374538864026,0.4083942080033012
5,4,Plain,15,0.126954336434633,0.31459704150669815,0.5608895091786779,0.4908702561743874,49.08702561743874,0.410628166020615
5,4,ResDyNet,16,0.020660593383444954,0.043918610038563885,0.2095676741259584,0.18340606518869498,18.3406065188695,0.4397547080006916
5,4,Plain,16,0.10765450026088733,0.31571384541432745,0.5618841921733762,0.49174076683367,49.174076683367005,0.4416797080193646
5,4,ResDyNet,17,0.018966764255461125,0.054603997035666416,0.23367498162119626,0.2045039106862695,20.45039106862695,0.46743754102499224
5,4,Plain,17,0.09023748880738566,0.22026118006236084,0.4693199122798444,0.41073184967551163,41.073184967551164,0.46893337499932386
5,4,ResDyNet,18,0.016901029693242333,0.05637344939232655,0.2374309360473621,0.2077909864492858,20.77909864492858,0.4946044580137823
5,4,Plain,18,0.07452677566480675,0.20117483012879547,0.4485251722354003,0.3925330436617512,39.253304366175115,0.49610329102142714
5,4,ResDyNet,19,0.016431111209589008,0.04363854638829106,0.2088984116461661,0.18282035081977302,18.282035081977302,0.5220771660096943
5,4,Plain,19,0.061447692157143054,0.18513249007524551,0.4302702523708158,0.37655699660839664,37.655699660839666,0.5234092080208939
5,4,ResDyNet,20,0.013665501017134152,0.03363630713216784,0.1834020368811858,0.16050684377855443,16.050684377855443,0.5487120830221102
5,4,Plain,20,0.05859913339720012,0.10178723136068474,0.31904111233614507,0.2792132674614098,27.921326746140977,0.5511706250254065
5,4,ResDyNet,21,0.01312452744932571,0.03297540154118348,0.18159130359459255,0.1589221553547059,15.89221553547059,0.5759637910232414
5,4,Plain,21,0.04751938561610169,0.08587209644128901,0.2930394110717687,0.2564575169049336,25.645751690493363,0.5783207080094144
5,4,ResDyNet,22,0.012076469386626761,0.046291435012554095,0.21515444455682087,0.18829540504566733,18.829540504566733,0.6029851660132408
5,4,Plain,22,0.03998416630632383,0.11659744308295385,0.34146367754558293,0.2988366873120695,29.883668731206953,0.6045880000165198
5,4,ResDyNet,23,0.011475080995299654,0.034983232415949625,0.18703805071682506,0.1636889518653457,16.368895186534573,0.6299295000208076
5,4,Plain,23,0.038900388813123014,0.0819530352406063,0.2862744054934117,0.25053702816886886,25.053702816886886,0.631395500007784
5,4,ResDyNet,24,0.010839628818779107,0.03357761655464253,0.18324196177361377,0.1603667518214485,16.03667518214485,0.6569104160007555
5,4,Plain,24,0.04418331764493209,0.08589875041665418,0.293084886025626,0.2564973149433782,25.649731494337818,0.6584036250133067
5,4,ResDyNet,25,0.010754908572843324,0.030188208344235173,0.17374754198041242,0.15205757826792557,15.205757826792556,0.6830888749973383
5,4,Plain,25,0.0404982179145644,0.07404630199073027,0.27211450161784884,0.23814479132175748,23.814479132175748,0.6855011250008829
5,4,ResDyNet,26,0.009979483539599408,0.028987977370414208,0.170258560344008,0.1490041474555764,14.900414745557642,0.7103292500250973
5,4,Plain,26,0.048223014444619974,0.09263213492345161,0.3043552774693608,0.2663607547914025,26.63607547914025,0.712664708000375
5,4,ResDyNet,27,0.008721103391046814,0.032149614898421254,0.17930313688951807,0.15691963443336737,15.691963443336737,0.7372854160203133
5,4,Plain,27,0.042014575492598794,0.046242835327427075,0.21504147350552422,0.18819653685864868,18.819653685864868,0.7387595830077771
5,4,ResDyNet,28,0.00840057431809335,0.030088489329554262,0.1734603393561602,0.15180622889619802,15.180622889619801,0.7640559160208795
5,4,Plain,28,0.02916415942103047,0.0629717454746903,0.2509417172864853,0.21961513459153925,21.961513459153924,0.7655426250130404
5,4,ResDyNet,29,0.007841332782304164,0.02939755730491547,0.171457158803345,0.15005311757029033,15.005311757029032,0.7902428329980467
5,4,Plain,29,0.024481148885014653,0.06739624858104734,0.2596078746514584,0.22719944275950815,22.719944275950816,0.7917245000135154
5,4,ResDyNet,30,0.007639268612847428,0.03022908899653807,0.1738651460084455,0.15216050106898182,15.216050106898182,0.8163094159972388
5,4,Plain,30,0.02517126931906326,0.03908914499153991,0.19770974935885158,0.17302843737987805,17.302843737987807,0.8177759580139536
5,4,ResDyNet,31,0.007416385569356663,0.028838808498570238,0.16981992962715017,0.14862027368217454,14.862027368217454,0.8431167500093579
5,4,Plain,31,0.01908050003998362,0.04578021457958457,0.21396311499785323,0.18725279641022524,18.725279641022524,0.8455114160024095
5,4,ResDyNet,32,0.006914150615767741,0.033706849102503045,0.1835942512784729,0.16067506288212596,16.067506288212595,0.8698520000034478
5,4,Plain,32,0.018694105086730646,0.0465817949192812,0.21582816062618243,0.1888850170354522,18.88850170354522,0.8713336250220891
5,4,ResDyNet,33,0.007691245635735241,0.02784923919388844,0.16688091321025433,0.14604815258193335,14.604815258193335,0.896160291013075
5,4,Plain,33,0.020194775532566635,0.03659374998821028,0.1912949293321971,0.16741441840061885,16.741441840061885,0.8984901660005562
5,4,ResDyNet,34,0.006515015209386305,0.032579316872051615,0.18049741513952938,0.1579648236567939,15.79648236567939,0.9232250830100384
5,4,Plain,34,0.01762198289043359,0.03219719432523303,0.17943576657186558,0.15703570714481027,15.703570714481026,0.9247095830214676
5,4,ResDyNet,35,0.006716521093906985,0.026438416719052206,0.16259894439710304,0.14230072801105814,14.230072801105814,0.9497720829967875
5,4,Plain,35,0.017134380282197836,0.03831854202432913,0.19575122483481203,0.17131440739873813,17.131440739873813,0.9521610410010908
5,4,ResDyNet,36,0.006504550273451253,0.025706245341944465,0.16033167292192912,0.1403164938408288,14.03164938408288,0.9765953750174958
5,4,Plain,36,0.017272131552832384,0.04160081722542733,0.20396278392252673,0.17850086756070482,17.850086756070482,0.9789264160208404
5,4,ResDyNet,37,0.00730211575520089,0.022850676755925985,0.15116440307137785,0.13229363011041387,13.229363011041388,1.0033853330241982
5,4,Plain,37,0.019983236088359158,0.040608879940326185,0.20151645079329425,0.17635992509310075,17.635992509310075,1.0056034580047708
5,4,ResDyNet,38,0.00779573472386094,0.02123523689367118,0.14572315153629906,0.12753164313931767,12.753164313931768,1.0299150409991853
5,4,Plain,38,0.017978020400069676,0.03172075698947307,0.17810322004240425,0.15586951051325124,15.586951051325123,1.0321928750199731
5,4,ResDyNet,39,0.006765282308253534,0.023286182410586075,0.15259810749346164,0.1335483564788517,13.354835647885169,1.0567134160082787
5,4,Plain,39,0.015647996262052676,0.05012805516233825,0.22389295469562737,0.19594303375011501,19.594303375011503,1.058707999996841
5,4,ResDyNet,40,0.005934186073004656,0.0241065920328178,0.1552629770190492,0.1358805541136621,13.58805541136621,1.0855452500109095
5,4,Plain,40,0.01521103243277603,0.03475617631854102,0.1864300842636215,0.1631568815667472,16.31568815667472,1.0871168750163633
5,4,ResDyNet,41,0.005445463510228469,0.024196841481595496,0.1555533396671235,0.13613466902419485,13.613466902419486,1.1120700830069836
5,4,Plain,41,0.013292042754986737,0.04498785403849447,0.21210340411811987,0.18562524456444057,18.562524456444056,1.1140215000195894
5,4,ResDyNet,42,0.005030319281776334,0.028008844612682993,0.16735843155539845,0.1464660594041738,14.646605940417379,1.1400122909981292
5,4,Plain,42,0.01263859452107928,0.044744425899225365,0.2115287826732461,0.18512235661372542,18.512235661372543,1.1415213330183178
5,4,ResDyNet,43,0.005169458036523738,0.022646069747469723,0.1504861114770055,0.13170001378626825,13.170001378626825,1.166672916006064
5,4,Plain,43,0.012344133993831425,0.04028458429339081,0.20071019977417892,0.17565432329842015,17.565432329842015,1.168193000019528
5,4,ResDyNet,44,0.004711421374487751,0.023514973410988883,0.1533459272722588,0.1342028213607639,13.42028213607639,1.1932713749993127
5,4,Plain,44,0.012339373984699115,0.04000955200956835,0.20002387859845222,0.1750536797744573,17.50536797744573,1.1947554160142317
5,4,ResDyNet,45,0.004523381718677597,0.02105216053327612,0.1450936267837982,0.12698070579520385,12.698070579520385,1.2193782910180744
5,4,Plain,45,0.011485645492413278,0.036215882908348034,0.1903047106835457,0.16654781477588013,16.654781477588013,1.2218466250051279
5,4,ResDyNet,46,0.0042687662166304395,0.022929079504848036,0.1514235104098701,0.13252039150199096,13.252039150199096,1.246482125017792
5,4,Plain,46,0.011817726104359067,0.03709085271322866,0.19258985620543118,0.16854769166672484,16.854769166672483,1.2479628750006668
5,4,ResDyNet,47,0.004096326785334671,0.018480712006923212,0.13594378252396544,0.11897309231290376,11.897309231290375,1.272614916000748
5,4,Plain,47,0.011052783075863808,0.034402848057820484,0.18548004760032946,0.16232544376544458,16.232544376544457,1.2749837500159629
5,4,ResDyNet,48,0.004132485174674795,0.018750462877708048,0.13693232955627407,0.1198382329993472,11.98382329993472,1.2996738750080112
5,4,Plain,48,0.011370607504531232,0.0340768866452756,0.1845992596011035,0.16155460989577838,16.15546098957784,1.3011927500192542
5,4,ResDyNet,49,0.00390875000750011,0.02122602775692982,0.14569155005328832,0.1275039866618705,12.75039866618705,1.3257268750166986
5,4,Plain,49,0.011301597296791682,0.035471531296961886,0.1883388735682623,0.1648273850787918,16.48273850787918,1.3272232080053072
5,4,ResDyNet,50,0.003602109739885269,0.01851743744302619,0.13607879130498693,0.11909124712564549,11.90912471256455,1.3517697080096696
5,4,Plain,50,0.010452748510376059,0.029327916274480545,0.17125395258060627,0.1498752788177737,14.987527881777371,1.3532502080197446
5,4,ResDyNet,51,0.0035970122323619475,0.020346940099338077,0.1426427008274103,0.12483574385102647,12.483574385102647,1.3791264580213465
5,4,Plain,51,0.010865400552339642,0.03680883103787596,0.19185627703537864,0.1679056896516485,16.79056896516485,1.3805841249995865
5,4,ResDyNet,52,0.0034681512295600477,0.01940805568667119,0.1393127980002957,0.12192153307148262,12.192153307148262,1.4064044580154587
5,4,Plain,52,0.009387103754880229,0.037538856011123146,0.1937494671247463,0.169562541293455,16.9562541293455,1.4079117910005152
5,4,ResDyNet,53,0.0033905811601908143,0.01770548210055605,0.13306194835698165,0.11645101505410305,11.645101505410304,1.4329535410215613
5,4,Plain,53,0.009219098176646581,0.04105336744446481,0.20261630596885535,0.17732247864945622,17.73224786494562,1.43537908300641
5,4,ResDyNet,54,0.0034857136588075325,0.020776525454590924,0.14414064470020566,0.12614669026835315,12.614669026835315,1.460148583020782
5,4,Plain,54,0.009784081494913268,0.029494949327729194,0.17174093666837034,0.1503014697163406,15.030146971634059,1.4616421660175547
5,4,ResDyNet,55,0.0032720631991236338,0.01812303841941128,0.13462183485382778,0.11781617142051658,11.781617142051658,1.4862861250003334
5,4,Plain,55,0.011052452669965586,0.03488675250522833,0.18677995745054748,0.16346307795317347,16.346307795317347,1.4877842499990948
5,4,ResDyNet,56,0.003176019352633052,0.021761990447259745,0.1475194578598354,0.1291037056057616,12.91037056057616,1.5157202080008574
5,4,Plain,56,0.010493049364133263,0.0323061006037907,0.17973897908854022,0.1573010677965959,15.73010677965959,1.5176849580020644
5,4,ResDyNet,57,0.0036731688034337896,0.017212670158720352,0.13119706612085635,0.11481893742383617,11.481893742383617,1.543377750000218
5,4,Plain,57,0.0086559066501365,0.03661344992855041,0.1913464134196155,0.16745947541588907,16.745947541588908,1.545861375023378
5,4,ResDyNet,58,0.0037054940747220854,0.020915599606720934,0.14462226525234947,0.12656818719411286,12.656818719411286,1.57072720801807
5,4,Plain,58,0.008648520481070676,0.025292545949904325,0.15903630387400333,0.13918283359939052,13.918283359939052,1.5721995409985539
5,4,ResDyNet,59,0.004124874114105059,0.019041727235422346,0.13799176510003178,0.12076541275267529,12.076541275267529,1.5975609160086606
5,4,Plain,59,0.007520443920872989,0.056165636436307106,0.23699290376782825,0.2074076364066325,20.74076364066325,1.5990382910240442
5,4,ResDyNet,60,0.0036103983709291436,0.01794748297059146,0.13396821627009692,0.11724414802484615,11.724414802484615,1.6235044580243994
5,4,Plain,60,0.02036978088461531,0.031841506087868385,0.17844188434296582,0.1561658972868552,15.61658972868552,1.6249984160240274
5,4,ResDyNet,61,0.0033165971739910955,0.018462070765097326,0.13587520290729035,0.1189130739073983,11.891307390739831,1.6495683750254102
5,4,Plain,61,0.019327457373360377,0.02532273128720944,0.15913117635211976,0.13926586256833148,13.926586256833149,1.6510652910219505
5,4,ResDyNet,62,0.0029239272875252863,0.017671642665628314,0.1329347308479929,0.11633967888146074,11.633967888146074,1.6756222500116564
5,4,Plain,62,0.018632222227543273,0.06882684802939901,0.2623487145564068,0.22959812692859716,22.959812692859714,1.6771045830100775
5,4,ResDyNet,63,0.002880589566370578,0.022155254025952996,0.1488464108601648,0.1302650069824924,13.02650069824924,1.7016546660161112
5,4,Plain,63,0.01807431164672972,0.018979125569627685,0.13776474719472934,0.1205667348749322,12.05667348749322,1.7031364580034278
5,4,ResDyNet,64,0.0030316271543710488,0.01708837474643108,0.1307225104809079,0.11440362345426024,11.440362345426024,1.728953416022705
5,4,Plain,64,0.018679342051737362,0.02574904877177691,0.16046510141391154,0.14043326564163547,14.043326564163547,1.7311940000217874
5,4,ResDyNet,65,0.0028311132011788107,0.023689798520544716,0.15391490675222044,0.13470077166740402,13.470077166740403,1.7555163750075735
5,4,Plain,65,0.014109504459456728,0.0531422650469907,0.23052606153532987,0.20174808947027756,20.174808947027756,1.756997250020504
5,4,ResDyNet,66,0.0032762829635892515,0.016374944333617282,0.12796462141395676,0.11199001847388326,11.199001847388326,1.781673416000558
5,4,Plain,66,0.017764457869187247,0.021283168651919177,0.14588752054894613,0.12767549296718012,12.76754929671801,1.7839845830167178
5,4,ResDyNet,67,0.0028789822104770342,0.019290286081217484,0.13888947433559348,0.12155105547770245,12.155105547770246,1.8085524160123896
5,4,Plain,67,0.015028560471394635,0.022586806380045798,0.15028907605027653,0.13152757549171804,13.152757549171804,1.810041958000511
5,4,ResDyNet,68,0.0027147063829722857,0.018987116197434827,0.1377937451317542,0.1205921128228934,12.05921128228934,1.8346512080170214
5,4,Plain,68,0.018301923995626322,0.04569034598463977,0.21375300228216626,0.18706891334433265,18.706891334433266,1.836098875006428
5,4,ResDyNet,69,0.0029998077995129586,0.017790652722244307,0.1333816056367755,0.11673076756908624,11.673076756908623,1.860587500006659
5,4,Plain,69,0.015731216426600525,0.028068211761554097,0.16753570294583212,0.14662120092743386,14.662120092743386,1.8620397500053514
5,4,ResDyNet,70,0.002706535680954583,0.018770927715918814,0.13700703527891847,0.1199036127517085,11.99036127517085,1.8868713749980088
5,4,Plain,70,0.016983970088673875,0.021202599322168822,0.14561112362099546,0.12743360035088278,12.743360035088278,1.8883400000049733
5,4,ResDyNet,71,0.002803373647958294,0.01989962557196387,0.14106603266542897,0.12345590077692964,12.345590077692965,1.9128481660154648
5,4,Plain,71,0.01428749718859985,0.052196962052602686,0.22846654471191769,0.19994567467349492,19.99456746734949,1.9142981659970246
5,4,ResDyNet,72,0.0028023416227993926,0.018264476650725923,0.13514613072791215,0.11827501624790482,11.827501624790482,1.9387432080111466
5,4,Plain,72,0.015945216664059715,0.02123164894896867,0.14571084019031896,0.12752086869362703,12.752086869362703,1.9402150000096299
5,4,ResDyNet,73,0.0025855653294399013,0.020861837509814525,0.1444362749097834,0.12640541515860973,12.640541515860972,1.9647233330179006
5,4,Plain,73,0.013233934135561645,0.029509848815605075,0.17178430899126113,0.1503394276080463,15.033942760804631,1.9661969160079025
5,4,ResDyNet,74,0.0025213447377026976,0.01658034611417752,0.12876469280892772,0.11269021208453267,11.269021208453267,1.9906870410195552
5,4,Plain,74,0.019583221874048637,0.04494295845722505,0.2119975435169593,0.18553259918676795,18.553259918676794,1.9921614160120953
5,4,ResDyNet,75,0.0026954619174752977,0.019373159744774472,0.13918749852186607,0.12181187548996478,12.181187548996478,2.0166017500159796
5,4,Plain,75,0.013180271059889118,0.022791600563079183,0.15096887282840518,0.13212250909836573,13.212250909836573,2.018061333015794
5,4,ResDyNet,76,0.003128999671496334,0.01839633219159932,0.13563307926755672,0.11870117603604043,11.870117603604042,2.0426592910080217
5,4,Plain,76,0.01284748894761477,0.026055335395875193,0.16141665154461354,0.1412660279749949,14.12660279749949,2.0441256659978535
5,4,ResDyNet,77,0.0023933967494307413,0.01670162940024194,0.1292347840182431,0.11310161894553791,11.310161894553792,2.068519207998179
5,4,Plain,77,0.013962174677098703,0.04613998415802715,0.21480219774952755,0.1879871313523585,18.79871313523585,2.069999875006033
5,4,ResDyNet,78,0.0024415220642357467,0.020182760856167492,0.14206604399421943,0.12433107460191249,12.433107460191248,2.094558916025562
5,4,Plain,78,0.013961489387757518,0.020979733860641447,0.14484382575947602,0.12676208895392754,12.676208895392755,2.096016708004754
5,4,ResDyNet,79,0.002718245234317579,0.01601861825162524,0.12656468011110067,0.11076484036889724,11.076484036889724,2.1205127910070587
5,4,Plain,79,0.014651673255167223,0.027790565583374952,0.16670502566921896,0.14589422215372416,14.589422215372416,2.1234692910220474
5,4,ResDyNet,80,0.002542566660746703,0.021172976248672187,0.1455093682505432,0.12734454772297008,12.734454772297008,2.151871875015786
5,4,Plain,80,0.013605586731328369,0.04540629831103077,0.21308753673321856,0.1864865219122563,18.64865219122563,2.153370750020258
5,4,ResDyNet,81,0.002444393556553396,0.017054992031655176,0.13059476265017358,0.11429182316316529,11.42918231631653,2.179396416002419
5,4,Plain,81,0.013936227885141034,0.02446904200359946,0.15642583547355424,0.1368982458659883,13.689824586598832,2.1813713330193423
5,4,ResDyNet,82,0.00238878284287931,0.02033879591428644,0.1426141504700233,0.12481075760861136,12.481075760861136,2.2068550000258256
5,4,Plain,82,0.012454234733376169,0.0249098532217422,0.15782855642038357,0.13812585661506357,13.812585661506358,2.208350083004916
5,4,ResDyNet,83,0.0024078553098783448,0.02015109100578881,0.14195453851775508,0.12423348903309511,12.423348903309511,2.2356023750035092
5,4,Plain,83,0.015640161414229962,0.04518043956075691,0.2125569089932315,0.1860221356643443,18.60221356643443,2.2374487500055693
5,4,ResDyNet,84,0.003676291441232891,0.0186437620921506,0.13654216232413563,0.1194967727187456,11.949677271874561,2.263393541012192
5,4,Plain,84,0.012444229239742578,0.02444832121379064,0.15635958945261605,0.1368402697392533,13.68402697392533,2.2650726250139996
5,4,ResDyNet,85,0.0031522208153138198,0.02077138654378465,0.14412281756815834,0.1261310886057588,12.613108860575881,2.2900751249981113
5,4,Plain,85,0.015566571095141375,0.025472889780746914,0.15960228626416012,0.13967816096119706,13.967816096119707,2.291544708015863
5,4,ResDyNet,86,0.002828350619373465,0.015789728374566242,0.1256571859249054,0.1099706342082102,10.99706342082102,2.316965208010515
5,4,Plain,86,0.01104131754436801,0.053943810249853064,0.23225806821260928,0.20326387920686373,20.326387920686372,2.319475500000408
5,4,ResDyNet,87,0.002385851937997323,0.022105239917488268,0.14867831017834535,0.1301178913324446,13.011789133244461,2.3469815410207957
5,4,Plain,87,0.013026523503575537,0.03153388160575524,0.177577818450828,0.15540969800181897,15.540969800181898,2.348943999997573
5,4,ResDyNet,88,0.0026218211479477928,0.01743293134395623,0.13203382651410292,0.11555123992168638,11.555123992168639,2.374650333018508
5,4,Plain,88,0.011394352079715656,0.02418992954960537,0.1555311208395457,0.1361152239081666,13.61152239081666,2.376131249999162
5,4,ResDyNet,89,0.0027424153897146392,0.01965878413572437,0.14020978616246574,0.12270654473910064,12.270654473910064,2.4022349580191076
5,4,Plain,89,0.008218712799299407,0.03239941858363718,0.1799983849473022,0.1575280904423396,15.75280904423396,2.4037142080196645
5,4,ResDyNet,90,0.002813390265640738,0.01871434850815583,0.1368003965935619,0.11972277003178484,11.972277003178485,2.4285749580012634
5,4,Plain,90,0.008154273245074369,0.03891096802419754,0.19725863231858204,0.17263363602685222,17.26336360268522,2.430060166021576
5,4,ResDyNet,91,0.0025185830919505067,0.018855500481698834,0.13731533228921974,0.12017342316881896,12.017342316881896,2.457655625010375
5,4,Plain,91,0.00803905584795322,0.037349002414187094,0.19325889996113269,0.16913321461621622,16.91332146162162,2.459151875023963
5,4,ResDyNet,92,0.002698792688447926,0.02123601219694727,0.14572581170454077,0.1275339712225585,12.75339712225585,2.4875540000211913
5,4,Plain,92,0.005619027042672386,0.027180929071823557,0.1648663976431327,0.14428512126058043,14.428512126058044,2.489079125021817
5,4,ResDyNet,93,0.0030020088114638198,0.020093732644684545,0.1417523638063385,0.12405655302206084,12.405655302206084,2.5142453750013374
5,4,Plain,93,0.006616914273560861,0.021291651123837813,0.14591658961145512,0.12770093316159814,12.770093316159814,2.515704250021372
5,4,ResDyNet,94,0.0026112021016728177,0.02144082185564496,0.1464268481380548,0.12814749300906955,12.814749300906955,2.5415350000257604
5,4,Plain,94,0.007526339559302752,0.02492432442817039,0.1578743944665201,0.13816597241876707,13.816597241876707,2.5430430410197005
5,4,ResDyNet,95,0.002630969893469546,0.017257426335380615,0.13136752389910003,0.11496811591960786,11.496811591960785,2.5715570830216166
5,4,Plain,95,0.006061981923232059,0.019278395170506592,0.13884666063865775,0.12151358647527204,12.151358647527204,2.573088708013529
5,4,ResDyNet,96,0.002210602913889937,0.019604048906324556,0.14001445963301273,0.12253560200977298,12.253560200977297,2.602635375020327
5,4,Plain,96,0.00974403411283088,0.04109340386364937,0.20271508050376855,0.17740892255768217,17.740892255768216,2.6041549580113497
5,4,ResDyNet,97,0.002112350655676289,0.01730376309735803,0.13154376875153773,0.11512235905386115,11.512235905386115,2.6305726660066284
5,4,Plain,97,0.008892546383520964,0.05707490709504742,0.23890355186779333,0.2090797666692618,20.90797666692618,2.6325426250114106
5,4,ResDyNet,98,0.0020669982845834046,0.019913592748944556,0.1411155297936572,0.12349921887722513,12.349921887722513,2.658032458013622
5,4,Plain,98,0.025809046142713243,0.02235500723206223,0.14951590962858177,0.13085092814269114,13.085092814269114,2.659982208017027
5,4,ResDyNet,99,0.0021079669155810105,0.016938966324929763,0.13014978419086895,0.11390239407466121,11.39023940746612,2.685117250017356
5,4,Plain,99,0.01294470465578467,0.03907755278711246,0.19768043096652854,0.17300277898100497,17.300277898100497,2.686604290996911
5,4,ResDyNet,100,0.002334888560834269,0.01902203628160985,0.13792039835212863,0.1207029551505054,12.07029551505054,2.7113653749984223
5,4,Plain,100,0.012491031716241859,0.03551555156147387,0.18845570185450444,0.16492962897862884,16.492962897862885,2.712992375018075
10,0,ResDyNet,0,1.2594085390465992,2.4970557367353696,1.580207497999984,1.400120320227718,140.0120320227718,0.0030915420211385936
10,0,Plain,0,1.0256006121510657,2.4037623637105003,1.5504071606228154,1.3737161562402516,137.37161562402517,0.006715792027534917
10,0,ResDyNet,1,1.1419314001314496,2.126133013362812,1.4581265423010488,1.2919522302754571,129.19522302754572,0.05474887500167824
10,0,Plain,1,0.9935953088407103,2.1406638209404725,1.4631007555669133,1.2963595610086034,129.63595610086034,0.05843154201284051
10,0,ResDyNet,2,0.86233959459262,1.5196089184597072,1.232724185882514,1.092237686553678,109.2237686553678,0.1052403750072699
10,0,Plain,2,0.9401073709213685,2.011828808147259,1.4183895121394754,1.2567438013411951,125.67438013411952,0.10890295801800676
10,0,ResDyNet,3,0.5449451766680403,1.0766028542705222,1.037594744719981,0.9193460277100594,91.93460277100594,0.15604883301421069
10,0,Plain,3,0.9175257108259101,1.9810631499549307,1.4075024511363845,1.2470974761862523,124.70974761862523,0.15981545802787878
10,0,ResDyNet,4,0.3822391286518409,0.41442728988886063,0.6437602736181075,0.5703946105741596,57.03946105741596,0.2066297920246143
10,0,Plain,4,0.8923259550502681,2.0095431972731763,1.4175835768211962,1.2560297138448757,125.60297138448757,0.21044633301789872
10,0,ResDyNet,5,0.09963565926395272,0.38094446430355156,0.6172069865965157,0.5468674492521026,54.68674492521026,0.2567377080267761
10,0,Plain,5,0.8698391338791079,1.982359969733908,1.407963056949261,1.2475055893986244,124.75055893986244,0.2605869170220103
10,0,ResDyNet,6,0.11686964047292811,0.21183913563447926,0.4602598566402237,0.40780668278228865,40.780668278228866,0.3068656670220662
10,0,Plain,6,0.8628357578399464,1.9334010005624482,1.3904679070595078,1.2320042613153974,123.20042613153974,0.3104342500155326
10,0,ResDyNet,7,0.11272628414241812,0.24291842920082618,0.4928675574643011,0.4366982711195675,43.66982711195675,0.3570884170185309
10,0,Plain,7,0.8480070733922163,1.925654841875205,1.3876796611160678,1.2295337757569225,122.95337757569224,0.35999162500957027
10,0,ResDyNet,8,0.07270929803853883,0.20191605015886532,0.4493506984070074,0.3981407786916945,39.81407786916945,0.4094319170108065
10,0,Plain,8,0.7986919742417239,1.8542189667973015,1.3616970906913555,1.2065122897372504,120.65122897372504,0.41320945802726783
10,0,ResDyNet,9,0.07170608154438723,0.22975197845623715,0.47932450224898493,0.42469864016671505,42.46986401667151,0.46224991700728424
10,0,Plain,9,0.6103278112167341,0.9203319961981385,0.9593393540338782,0.8500089546955049,85.00089546955049,0.4654430000227876
10,0,ResDyNet,10,0.06282456065499599,0.17338214119802972,0.4163918121169408,0.3689380274800954,36.89380274800954,0.5156787920277566
10,0,Plain,10,0.3103356407139209,0.7881533218852118,0.8877799963308544,0.7866048062218033,78.66048062218033,0.5193424170138314
10,0,ResDyNet,11,0.049080044500546975,0.10306951244833984,0.32104440884142466,0.2844568204386399,28.44568204386399,0.5662700420070905
10,0,Plain,11,0.2871321861313369,0.9315497735516337,0.9651682617821795,0.8551735752870784,85.51735752870783,0.5700187500042375
10,0,ResDyNet,12,0.04150395048051962,0.0935232357685914,0.30581568921262264,0.2709636305693835,27.09636305693835,0.6179033330117818
10,0,Plain,12,0.2890332093790382,0.8793543922712915,0.9377389787522387,0.8308702501933141,83.0870250193314,0.6216128750238568
10,0,ResDyNet,13,0.033684933083674054,0.09668146371436212,0.31093643034286306,0.27550079022730806,27.550079022730806,0.6690516670059878
10,0,Plain,13,0.252819418764969,0.8505783701421463,0.9222680576395056,0.8171624611529549,81.71624611529549,0.6725262500112876
10,0,ResDyNet,14,0.03448354213918911,0.12208105256834859,0.34940099108094785,0.3095817657739931,30.95817657739931,0.7232113330101129
10,0,Plain,14,0.25983942388171694,0.8947886319558442,0.9459326783423038,0.838130160874925,83.8130160874925,0.726136375014903
10,0,ResDyNet,15,0.03274363078243633,0.0559532985696243,0.23654449596138208,0.20958687757951502,20.958687757951502,0.7769709580170456
10,0,Plain,15,0.24299016414398228,0.938492006502038,0.9687579710650324,0.8583541860087675,85.83541860087675,0.7818529580254108
10,0,ResDyNet,16,0.029357113035101325,0.05411629803161457,0.2326290997094185,0.20611769656306242,20.61176965630624,0.8290825830190443
10,0,Plain,16,0.2474089081706175,0.8490664685569175,0.9214480281366484,0.8164358857053698,81.64358857053699,0.8330629170231987
10,0,ResDyNet,17,0.025924471229707948,0.06462936591079688,0.25422306329441646,0.22525072007287322,22.52507200728732,0.8795662080228794
10,0,Plain,17,0.23713218297211283,0.784499046950104,0.8857195080555152,0.7847791399675015,78.47791399675015,0.8824927920068149
10,0,ResDyNet,18,0.023962174192182065,0.05459289583905301,0.23365122691535992,0.20702333779860108,20.70233377986011,0.9320581670035608
10,0,Plain,18,0.24069247340640446,0.7490380074935244,0.8654698189385488,0.7668371916810626,76.68371916810625,0.9349938750092406
10,0,ResDyNet,19,0.02772833914154278,0.08455902337671642,0.29079034264692566,0.2576506365026408,25.765063650264082,0.9849502500146627
10,0,Plain,19,0.23103866739034473,0.7171046019815598,0.8468202890705677,0.7503130416793048,75.03130416793049,0.9880895000242162
10,0,ResDyNet,20,0.028318306211165642,0.042544327423692366,0.20626276305647698,0.18275617994928117,18.27561799492812,1.038154875015607
10,0,Plain,20,0.2296651383171161,0.674854468946902,0.8214952641049746,0.7278741644372468,72.78741644372468,1.0425129170180298
10,0,ResDyNet,21,0.021794078200832807,0.06784397621448147,0.2604687624543133,0.23078463275134653,23.078463275134652,1.0946455420053098
10,0,Plain,21,0.22117060844626452,0.7410051137987617,0.860816538990023,0.7627142193373132,76.27142193373132,1.0975575000047684
10,0,ResDyNet,22,0.02088385697843227,0.0716088587665902,0.26759831607577467,0.2371016720719392,23.71016720719392,1.1447705830214545
10,0,Plain,22,0.20819187713597867,0.6446845663841887,0.8029225158034794,0.7114180456475874,71.14180456475874,1.1476638750173151
10,0,ResDyNet,23,0.0204472851212922,0.04980864972865629,0.22317851538321581,0.19774414108386792,19.774414108386793,1.1951586670184042
10,0,Plain,23,0.17679796114291174,0.4664612116840293,0.6829796568595798,0.6051443858363855,60.51443858363855,1.1980649170000106
10,0,ResDyNet,24,0.020319964979194142,0.07807740120152967,0.2794233368949875,0.24757906314687753,24.75790631468775,1.2451540830079466
10,0,Plain,24,0.15824326991929047,0.46991878154886885,0.6855062228374509,0.607383013592861,60.7383013592861,1.2480857080081478
10,0,ResDyNet,25,0.020037808379135782,0.04804843511736022,0.21919953265771397,0.1942186201792644,19.42186201792644,1.2957011250255164
10,0,Plain,25,0.13882958597086617,0.32102568260131514,0.5665912835557172,0.5020201273404364,50.20201273404364,1.2994488750118762
10,0,ResDyNet,26,0.01766491376060213,0.058957701753777035,0.2428120708568193,0.21514017294152127,21.514017294152126,1.3483175830042455
10,0,Plain,26,0.11508332922126381,0.3584566817074056,0.59871252008573,0.530480690926822,53.048069092682205,1.3511901250167284
10,0,ResDyNet,27,0.016739214735509288,0.06154215957887839,0.2480769227051932,0.21980501984626416,21.980501984626414,1.3996219170221593
10,0,Plain,27,0.1030438720892889,0.19321244090676065,0.43955937131036193,0.38946531293965836,38.94653129396583,1.402524542005267
10,0,ResDyNet,28,0.01653694061374077,0.04048383172539172,0.20120594356378171,0.17827565714679644,17.827565714679643,1.4549713330052327
10,0,Plain,28,0.09469658804368479,0.17983323440978405,0.4240674880367322,0.375738950675552,37.5738950675552,1.458903917024145
10,0,ResDyNet,29,0.015786478482709476,0.05668897273066821,0.2380944617807567,0.21096020269163573,21.096020269163574,1.50822045802488
10,0,Plain,29,0.08730480584366046,0.21104860238021259,0.45940026380076515,0.40704505280447156,40.70450528044716,1.5120927080279216
10,0,ResDyNet,30,0.015358989925200224,0.06018440804588443,0.24532510683964745,0.21736681263882332,21.736681263882332,1.56550625001546
10,0,Plain,30,0.07711289980782583,0.14944766937955478,0.3865846212403628,0.3425277910472067,34.25277910472067,1.5684538750210777
10,0,ResDyNet,31,0.015298289989153637,0.04170580960383561,0.2042200029473989,0.1809462214838956,18.09462214838956,1.6190461670048535
10,0,Plain,31,0.06824737664073469,0.15495706832500275,0.39364586664285295,0.34878430684443845,34.87843068444384,1.6224845000251662
10,0,ResDyNet,32,0.014384595727077877,0.048650701280235804,0.22056903971372727,0.19543205237740693,19.543205237740693,1.671864917007042
10,0,Plain,32,0.06684362108916557,0.17285741388810041,0.41576124625570915,0.36837932359046716,36.83793235904672,1.674793917016359
10,0,ResDyNet,33,0.01356360261999775,0.04830735701387534,0.21978934690715868,0.1947412166843769,19.47412166843769,1.7247450000140816
10,0,Plain,33,0.08467115052931316,0.17680460252338706,0.42048139378976934,0.3725615430048636,37.25615430048636,1.7276855000236537
10,0,ResDyNet,34,0.013314692132770025,0.04726315800748827,0.21740091537868067,0.19262498098702255,19.262498098702256,1.777031250006985
10,0,Plain,34,0.05746466723458386,0.10860934934530694,0.32955932598745696,0.29200134135523115,29.200134135523115,1.779948167008115
10,0,ResDyNet,35,0.01276022965088795,0.04183488108388667,0.204535769692948,0.1812260021060323,18.122600210603228,1.827757000020938
10,0,Plain,35,0.055590614961316946,0.10991758085575956,0.3315382042174922,0.2937546981926309,29.37546981926309,1.830651125026634
10,0,ResDyNet,36,0.013036383049569904,0.050136460465759994,0.2239117247170411,0.19839379075871677,19.839379075871676,1.8770856670162175
10,0,Plain,36,0.05480780538001299,0.1438539816701145,0.37928087437954805,0.33605641029083827,33.60564102908383,1.8799948330270126
10,0,ResDyNet,37,0.012905617426308571,0.054671659967078644,0.23381971680565916,0.20717262586327578,20.71726258632758,1.926371083012782
10,0,Plain,37,0.05361365144685862,0.15597158698892746,0.3949323828061298,0.34992420614550185,34.992420614550184,1.9292684170068242
10,0,ResDyNet,38,0.012914041088610767,0.03492768072649283,0.18688948800425567,0.16559076584745794,16.559076584745792,1.9756062500237022
10,0,Plain,38,0.05229111787017377,0.08305312636290552,0.28818939321721315,0.25534610234935123,25.534610234935123,1.9795555420278106
10,0,ResDyNet,39,0.012347159168107403,0.05865236174968816,0.24218249678638662,0.21458234781398774,21.458234781398776,2.0264170420123264
10,0,Plain,39,0.07297925957567503,0.20017156968234198,0.44740537511561257,0.3964171527291918,39.64171527291918,2.0293060000112746
10,0,ResDyNet,40,0.012749615694121717,0.033321047750932815,0.18254053728126476,0.161737440074333,16.1737440074333,2.075834750023205
10,0,Plain,40,0.1278925452957645,0.10804971976271799,0.32870917200881083,0.29124807454544105,29.124807454544104,2.079772083001444
10,0,ResDyNet,41,0.011324551865158605,0.03847583635807792,0.19615258437776933,0.17379820029970497,17.379820029970496,2.1266488330147695
10,0,Plain,41,0.06557042870897152,0.10284437339116043,0.3206935817741921,0.28414597511842726,28.414597511842725,2.1301648750086315
10,0,ResDyNet,42,0.010639764020563006,0.04098077848458171,0.20243709759967837,0.1793665036243451,17.936650362434513,2.1811317920219153
10,0,Plain,42,0.0891826998044449,0.0873486228986397,0.29554800438954026,0.2618660948465834,26.18660948465834,2.1840482500265352
10,0,ResDyNet,43,0.010995444877850726,0.04152723981838516,0.2037823344119533,0.18055843151911105,18.055843151911105,2.2310447500203736
10,0,Plain,43,0.12690109673477346,0.08401712313644383,0.2898570736353416,0.25682372680311616,25.682372680311616,2.2339297080179676
10,0,ResDyNet,44,0.01028885349580659,0.03516866051266071,0.18753309178025276,0.1661610217955466,16.61610217955466,2.2805292080156505
10,0,Plain,44,0.10229971026697558,0.19431722678786179,0.4408142769782551,0.390577204212045,39.0577204212045,2.283461292012362
10,0,ResDyNet,45,0.010092592248341657,0.03996207168741193,0.19990515673041537,0.17712311352199656,17.712311352199656,2.3299721670045983
10,0,Plain,45,0.08940063191016502,0.05630718856786502,0.2372913579713029,0.2102486240133345,21.02486240133345,2.332848833000753
10,0,ResDyNet,46,0.010025848190677724,0.037420610777023855,0.19344407661395024,0.17139836561823601,17.1398365618236,2.3801551250217017
10,0,Plain,46,0.05611102585748252,0.12809990934273321,0.3579104767155234,0.3171214741773101,31.712147417731014,2.3830652500037104
10,0,ResDyNet,47,0.009620032796526876,0.031965926399531865,0.1787901742253524,0.15841448436790825,15.841448436790825,2.4297722920018714
10,0,Plain,47,0.04691722310324889,0.07923639130234954,0.2814895935951266,0.24940984043171702,24.940984043171703,2.433653250016505
10,0,ResDyNet,48,0.009245051942741146,0.04023459185471894,0.20058562225323864,0.177726030295221,17.7726030295221,2.480687625007704
10,0,Plain,48,0.04376147849362361,0.06733012386819558,0.2594804884152093,0.22990898663154627,22.990898663154628,2.4836057500215247
10,0,ResDyNet,49,0.009420438199305693,0.02846572131993036,0.1687178749271409,0.1494900672032699,14.94900672032699,2.530175958003383
10,0,Plain,49,0.05799783189525778,0.26117414222431534,0.511051995617193,0.45281033323926534,45.281033323926536,2.534062625025399
10,0,ResDyNet,50,0.008980081064212992,0.03172709436377547,0.17812101045013043,0.15782158134698576,15.782158134698577,2.580657667014748
10,0,Plain,50,0.08305693281651504,0.06274495644818058,0.2504894338054613,0.22194259090483429,22.194259090483428,2.583529208000982
10,0,ResDyNet,51,0.008201855250507059,0.03490590854960844,0.18683123012389669,0.16553914728330907,16.553914728330906,2.6300550420128275
10,0,Plain,51,0.0703935258305395,0.16156038308219817,0.40194574644123077,0.35613829698552085,35.61382969855209,2.6329665000084788
10,0,ResDyNet,52,0.008113157557424812,0.02819247308371394,0.1679061436747147,0.14877084430214818,14.877084430214818,2.6818632920039818
10,0,Plain,52,0.06868143396475396,0.0810836158640579,0.284751849623594,0.2523003158667618,25.230031586676184,2.685815208009444
10,0,ResDyNet,53,0.007518474956468302,0.028290682715693793,0.16819834337975448,0.14902974368410185,14.902974368410185,2.735781167022651
10,0,Plain,53,0.06479151744173386,0.11266914383559729,0.3356622466641092,0.29740874719461213,29.740874719461214,2.738821667007869
10,0,ResDyNet,54,0.008170827378945283,0.030595424570345312,0.17491547836125113,0.15498136534974336,15.498136534974336,2.788638333004201
10,0,Plain,54,0.052620901364413886,0.10474215491045927,0.32363892675396644,0.2867556560378522,28.67556560378522,2.791811000002781
10,0,ResDyNet,55,0.007435912189670396,0.023378079847331448,0.1528989203602545,0.13547390808373067,13.547390808373066,2.8425933750113472
10,0,Plain,55,0.06120852720194905,0.07714526997326618,0.2777503734889769,0.24609675777703374,24.609675777703373,2.846748458017828
10,0,ResDyNet,56,0.008235766433362407,0.03498340279627904,0.18703850618596973,0.16572280128240258,16.57228012824026,2.894456625013845
10,0,Plain,56,0.06409076705586356,0.07531743236179533,0.27444021637106203,0.2431638402647419,24.31638402647419,2.897405375028029
10,0,ResDyNet,57,0.008672654864658956,0.027028607465899593,0.1644037939522674,0.14566763727323023,14.566763727323023,2.947413125017192
10,0,Plain,57,0.039054355214114135,0.10855698711825879,0.32947987361636943,0.2919309437148006,29.19309437148006,2.9503632500127424
10,0,ResDyNet,58,0.0071361686890007,0.037812076210728005,0.194453275135,0.1722925515768863,17.22925515768863,2.997298750007758
10,0,Plain,58,0.060186740948164126,0.07740263237227442,0.2782132857580213,0.24650691459200397,24.650691459200395,3.0002360830258112
10,0,ResDyNet,59,0.007693893645860991,0.0276430142659066,0.16626188458545332,0.14731397198284343,14.731397198284343,3.046417708013905
10,0,Plain,59,0.04455054618073459,0.11134318951726674,0.33368126935335574,0.2956535304966744,29.565353049667443,3.049353667011019
10,0,ResDyNet,60,0.006697627434261622,0.03191342090511077,0.17864327836532437,0.1582843293858297,15.82843293858297,3.095995625015348
10,0,Plain,60,0.06267654897868827,0.06345810352858795,0.2519089191128173,0.22320030561990134,22.320030561990134,3.0989545000193175
10,0,ResDyNet,61,0.006865124129406419,0.031772618601701726,0.17824875483913408,0.15793476744125848,15.793476744125847,3.1454364170203917
10,0,Plain,61,0.036703585677250156,0.11660240499790822,0.3414709431238743,0.3025554598621861,30.255545986218614,3.1483677080250345
10,0,ResDyNet,62,0.006314207920274115,0.027078724473094493,0.16455614383271897,0.14580262471233205,14.580262471233205,3.194702708016848
10,0,Plain,62,0.03602131244927402,0.06507421172078118,0.25509647532018387,0.22602459434366104,22.602459434366104,3.1976090000243858
10,0,ResDyNet,63,0.006162408153891435,0.02398208174246311,0.15486149212268074,0.13721281680803174,13.721281680803173,3.2483146670274436
10,0,Plain,63,0.02635024890048165,0.06967600962630732,0.2639621367285606,0.2338798872123746,23.38798872123746,3.2512300830276217
10,0,ResDyNet,64,0.0058659541607029705,0.026907487206041206,0.16403501823098995,0.14534088880404458,14.534088880404457,3.3009024580242112
10,0,Plain,64,0.02739649233593095,0.06863889636996816,0.2619902600669883,0.23213273401487078,23.21327340148708,3.303816083003767
10,0,ResDyNet,65,0.005850558453579676,0.023936445112623526,0.15471407535393644,0.13708220028221316,13.708220028221316,3.351177708012983
10,0,Plain,65,0.030542759663168217,0.0849996258246274,0.29154695303608885,0.25832102034887844,25.832102034887843,3.3541178750165273
10,0,ResDyNet,66,0.005582919893616246,0.022746977241926307,0.15082101061167275,0.1336328057814882,13.36328057814882,3.400636125006713
10,0,Plain,66,0.025149698126306616,0.06121522704397998,0.24741711146155593,0.21922040350258745,21.922040350258744,3.4045721250004135
10,0,ResDyNet,67,0.00595686018448953,0.024382035145702623,0.156147478832361,0.13835224699428575,13.835224699428576,3.4515234580030665
10,0,Plain,67,0.021367315124393948,0.07758459937326447,0.2785401216580198,0.24679650288059707,24.679650288059708,3.4544025830109604
10,0,ResDyNet,68,0.005777323993601401,0.02471368612954447,0.15720587180364629,0.13929002099406634,13.929002099406635,3.5011707080120686
10,0,Plain,68,0.038257373840337124,0.1198456244080241,0.34618726783061227,0.30673429211494635,30.673429211494636,3.5040830000070855
10,0,ResDyNet,69,0.005780212898273987,0.025896305864294436,0.16092329186383938,0.14258378802889315,14.258378802889315,3.5503487500245683
10,0,Plain,69,0.045840480815540305,0.05918816090571907,0.2432861708065608,0.21556024244143956,21.556024244143956,3.5533062080212403
10,0,ResDyNet,70,0.00553148653286514,0.036726979736256646,0.19164284420832584,0.1698024093303692,16.98024093303692,3.6017775000073016
10,0,Plain,70,0.033090248650763474,0.11208240516215423,0.33478710423514557,0.2966333397247474,29.663333972474742,3.6046877920161933
10,0,ResDyNet,71,0.006498607765355382,0.023211904145763174,0.15235453437874166,0.13499156264762313,13.499156264762313,3.651787750015501
10,0,Plain,71,0.028107451059235813,0.06659339134657029,0.25805695368768944,0.2286476839854868,22.86476839854868,3.6547672920278274
10,0,ResDyNet,72,0.005662446720887072,0.03548807783993201,0.18838279602960567,0.1669138901291095,16.69138901291095,3.701499208022142
10,0,Plain,72,0.03254072531356166,0.07783719800315547,0.27899318630238173,0.2471979343481422,24.719793434814218,3.7044175830087624
10,0,ResDyNet,73,0.006790303453239224,0.028194720478014162,0.1679128359537,0.14877677390051283,14.877677390051284,3.7529062920075376
10,0,Plain,73,0.05097695359992741,0.06792889109501202,0.2606317154434817,0.23092901492372916,23.092901492372917,3.7560028330190107
10,0,ResDyNet,74,0.008318044534097733,0.03108876736679306,0.1763200707996485,0.1562258844506383,15.622588445063831,3.8066745420219377
10,0,Plain,74,0.05275300141587052,0.0812054302212109,0.28496566498652237,0.2524897639201294,25.24897639201294,3.809619167004712
10,0,ResDyNet,75,0.008682914307954405,0.02370843028923882,0.15397542105556594,0.1364277261741729,13.64277261741729,3.8560355830122717
10,0,Plain,75,0.057540659671687665,0.07651488221603597,0.2766132357932931,0.24508921313708049,24.508921313708047,3.8589940830133855
10,0,ResDyNet,76,0.007271743344915792,0.021429738462280315,0.1463889970669938,0.12970588337966227,12.970588337966227,3.9054250420012977
10,0,Plain,76,0.04392462102738011,0.06094578560380821,0.24687200247052765,0.2187374174542087,21.87374174542087,3.9093369170150254
10,0,ResDyNet,77,0.007660294865553751,0.030124287921110833,0.17356349823943637,0.1537834626417176,15.37834626417176,3.958954708010424
10,0,Plain,77,0.04756667764297014,0.05668446353615976,0.23808499225310226,0.2109518123516907,21.09518123516907,3.9619070420158096
10,0,ResDyNet,78,0.006838033760564426,0.020829977045882683,0.1443259403083267,0.12787794135733366,12.787794135733366,4.013550542003941
10,0,Plain,78,0.03508665857455915,0.09693663507044932,0.3113464871657448,0.2758641152279117,27.58641152279117,4.017533375008497
10,0,ResDyNet,79,0.0062026769142626515,0.03851791386987724,0.19625981216203495,0.17389320794891136,17.389320794891137,4.064510583004449
10,0,Plain,79,0.04824883639215206,0.05768870620129212,0.24018473348922934,0.21281225813216098,21.281225813216096,4.067419833008898
10,0,ResDyNet,80,0.005578438968962652,0.023622362622745485,0.1536956818610903,0.13617986724992073,13.617986724992074,4.113912500004517
10,0,Plain,80,0.03904409430163322,0.060854746736016194,0.2466875488062099,0.2185739849152044,21.857398491520442,4.116851333004888
10,0,ResDyNet,81,0.0062981568430386424,0.02667959560462272,0.1633388980145964,0.1447241014128143,14.472410141281431,4.1632664580247365
10,0,Plain,81,0.044249021932475756,0.09322728428380546,0.3053314335010489,0.27053456270151244,27.053456270151244,4.166170583019266
10,0,ResDyNet,82,0.005572658266965642,0.02314405053551609,0.1521316881373374,0.13479411291316015,13.479411291316016,4.2126819170080125
10,0,Plain,82,0.04046596435864973,0.0525795901651794,0.22930239895208118,0.20317012079496857,20.31701207949686,4.215583167009754
10,0,ResDyNet,83,0.00527987375895537,0.02309877158216811,0.15198280028400618,0.13466219295382068,13.466219295382068,4.263233208010206
10,0,Plain,83,0.04215993659095606,0.05613900298681444,0.23693670671049355,0.20993439032093522,20.993439032093523,4.266123958019307
10,0,ResDyNet,84,0.004485563100198316,0.025850110038671405,0.1607796941117609,0.1424565552883331,14.245655528833309,4.312654208013555
10,0,Plain,84,0.03459156797579052,0.10359678447136636,0.3218645436691751,0.2851834892078447,28.51834892078447,4.315539083007025
10,0,ResDyNet,85,0.00511050654951714,0.026806750999828627,0.1637276732865542,0.14506857019869154,14.506857019869154,4.362303208006779
10,0,Plain,85,0.04034831097049314,0.05488905822934058,0.2342841399440871,0.2075841213625187,20.75841213625187,4.3652404170134105
10,0,ResDyNet,86,0.005930392235162169,0.02441190555257838,0.15624309761579352,0.1384369686538455,13.84369686538455,4.411707667022711
10,0,Plain,86,0.046938715007878995,0.05596617414235954,0.236571710359374,0.20961099050878507,20.961099050878506,4.414579500007676
10,0,ResDyNet,87,0.006127375081983763,0.02587788918011553,0.1608660597519425,0.14253307833226292,14.253307833226291,4.461027042008936
10,0,Plain,87,0.030459038707944468,0.09791592934124721,0.312915211105576,0.2772540607051768,27.72540607051768,4.463925000018207
10,0,ResDyNet,88,0.005181063172971497,0.025886126931079407,0.16089166209309733,0.14255576292156,14.255576292156,4.514103500026977
10,0,Plain,88,0.04758314810331925,0.05639335945277109,0.237472860455192,0.2104094417010031,21.04094417010031,4.5172717080276925
10,0,ResDyNet,89,0.0053688257868329935,0.02276873104842991,0.15089311133524255,0.13369668959946843,13.369668959946843,4.587512708007125
10,0,Plain,89,0.042681652612218936,0.05649355266545032,0.23768372402301827,0.21059627435841227,21.05962743584123,4.590508583001792
10,0,ResDyNet,90,0.004848547315700526,0.024746946284627928,0.1573116215815854,0.13938371907684313,13.938371907684314,4.6389712920063175
10,0,Plain,90,0.03028699620001062,0.09754435894202237,0.3123209229975193,0.27672750020143716,27.672750020143717,4.64192966700648
10,0,ResDyNet,91,0.004444961038632728,0.02306142266902568,0.15185987840448734,0.13455327977530915,13.455327977530915,4.689752750011394
10,0,Plain,91,0.0406868299305284,0.052348107332492996,0.22879708768359136,0.20272239695113914,20.272239695113914,4.692718750011409
10,0,ResDyNet,92,0.004677296887884418,0.021730348138716674,0.14741217093142844,0.13061245199203375,13.061245199203375,4.740399875008734
10,0,Plain,92,0.0410888791252035,0.05863619459360383,0.2421491164419227,0.21455277163577108,21.455277163577108,4.743299250025302
10,0,ResDyNet,93,0.004359963761507487,0.025718439609024455,0.16036969666687176,0.14209328289875306,14.209328289875305,4.789530875015771
10,0,Plain,93,0.02807254215631437,0.10691148748867293,0.32697322136326845,0.28970996023019285,28.970996023019286,4.79245862501557
10,0,ResDyNet,94,0.004512372698960611,0.0225035003850359,0.15001166749635145,0.13291569885519405,13.291569885519404,4.838983125024242
10,0,Plain,94,0.04235044589545364,0.0462345211735781,0.21502214112406678,0.1905173019794651,19.051730197946508,4.84188995801378
10,0,ResDyNet,95,0.004269658521737777,0.02717394270327547,0.16484520831154137,0.1460587461718034,14.605874617180339,4.889034250023542
10,0,Plain,95,0.037115179829348637,0.0695548624410474,0.2637325585532575,0.23367647274387632,23.367647274387632,4.891921333008213
10,0,ResDyNet,96,0.004031531902031983,0.021833755869173247,0.14776249818263512,0.1309228544573839,13.09228544573839,4.938237875001505
10,0,Plain,96,0.047428445145644156,0.08289376702851775,0.28791277677192056,0.2551010102924831,25.51010102924831,4.941133042011643
10,0,ResDyNet,97,0.0037831310823701002,0.026269401811097114,0.16207838168953043,0.1436072388976463,14.360723889764628,4.987537833017996
10,0,Plain,97,0.0327959373002024,0.050076743805785494,0.2237783363191922,0.1982756038708889,19.82756038708889,4.990449000004446
10,0,ResDyNet,98,0.004195625313979906,0.023760301940010373,0.1541437703574503,0.13657688967248738,13.657688967248738,5.036991208005929
10,0,Plain,98,0.03969407364092384,0.0571821312469788,0.23912785543925827,0.21187582640680844,21.187582640680844,5.039892833010526
10,0,ResDyNet,99,0.0046133474046027596,0.022616236474335014,0.15038695579848346,0.13324821770377807,13.324821770377806,5.08609454202815
10,0,Plain,99,0.026293151812660173,0.09516308112197354,0.308485139223875,0.27332885868614476,27.332885868614476,5.0890226670017
10,0,ResDyNet,100,0.004483211620622553,0.023101882782841497,0.15199303531031116,0.13467126155292922,13.467126155292922,5.135272083018208
10,0,Plain,100,0.04429291871689506,0.058855816551188926,0.24260217754832486,0.21495419996855736,21.495419996855738,5.138202875008574
10,1,ResDyNet,0,0.9835986270876619,2.3503132992596294,1.5330731552211165,1.3583576079327837,135.83576079327838,0.0030832499905955046
10,1,Plain,0,1.0145781402197676,2.4142182827367105,1.553775493028742,1.3767006191369207,137.67006191369205,0.006702457991195843
10,1,ResDyNet,1,0.9442833361715597,1.9883629208434643,1.4100932312593606,1.24939299997032,124.939299997032,0.054044832999352366
10,1,Plain,1,0.9853381197013246,2.188119252088626,1.4792292763762573,1.3106500068829328,131.06500068829328,0.05811687500681728
10,1,ResDyNet,2,0.7989199345528294,1.430474747014545,1.1960245595365275,1.0597205059575758,105.97205059575758,0.10491500000352971
10,1,Plain,2,0.9315563644440114,2.1345945755980704,1.4610251796591565,1.2945205265727437,129.45205265727438,0.10867741701076739
10,1,ResDyNet,3,0.35991969964723863,0.3965489125642614,0.6297212975311073,0.5579555760046627,55.795557600466275,0.15590399998473004
10,1,Plain,3,0.9174639193749498,2.161225759513795,1.4701107983801067,1.3025707094817252,130.25707094817253,0.1596902500023134
10,1,ResDyNet,4,0.3291150826435976,0.5645184557183351,0.7513444321470248,0.665718020114733,66.5718020114733,0.20576391700888053
10,1,Plain,4,0.8943031325122842,2.130921277085878,1.4597675421401444,1.2934062147826286,129.34062147826288,0.20864016699488275
10,1,ResDyNet,5,0.3167777070777026,0.44953409334600014,0.6704730370014891,0.5940630736524862,59.40630736524862,0.2560978750116192
10,1,Plain,5,0.8720380948204013,2.0485264779079797,1.4312674375908856,1.2681541035513275,126.81541035513276,0.25898637500358745
10,1,ResDyNet,6,0.12552000665367305,0.5802825636791497,0.7617628001413232,0.6749490665126836,67.49490665126837,0.3060712500009686
10,1,Plain,6,0.8616118678975008,1.964918052771783,1.401755346974565,1.2420053364959818,124.20053364959817,0.3089468329853844
10,1,ResDyNet,7,0.14177170412088697,0.3762891533017078,0.6134241218779286,0.5435156959109307,54.351569591093075,0.35611912500462495
10,1,Plain,7,0.8553142837596412,1.923080988726574,1.3867519564531265,1.2287117962691665,122.87117962691664,0.35991508298320696
10,1,ResDyNet,8,0.09515663616844,0.29521399511121177,0.5433359873146741,0.4814151037209371,48.14151037209371,0.4111799579986837
10,1,Plain,8,0.8240655957646413,1.918078704859683,1.384947184862904,1.2271127041372545,122.71127041372544,0.4150396669865586
10,1,ResDyNet,9,0.09881087411817373,0.3040840973854844,0.5514382081298723,0.48859396093854224,48.85939609385422,0.4623372920032125
10,1,Plain,9,0.7067341330053851,1.288952506125416,1.1353204420450713,1.0059344882802446,100.59344882802446,0.4652238329872489
10,1,ResDyNet,10,0.0770586253254999,0.21744342202849395,0.46630829075676317,0.41316581158204685,41.316581158204684,0.5129207079880871
10,1,Plain,10,0.3093028238888831,0.809684165647523,0.8998245193633717,0.7972766841027918,79.72766841027918,0.5165334999910556
10,1,ResDyNet,11,0.07411492704776933,0.17595328823428,0.41946786317223395,0.37166351865389685,37.166351865389686,0.5631678749923594
10,1,Plain,11,0.313115883241633,0.8535918573919902,0.9239003503581922,0.8186087308402493,81.86087308402493,0.566900292003993
10,1,ResDyNet,12,0.06059100653700738,0.19843054493305967,0.4454554354063487,0.3946894364554652,39.468943645546524,0.6130764579866081
10,1,Plain,12,0.2557214254743779,0.9563722109193812,0.9779428464482887,0.8664923138680093,86.64923138680093,0.6160359169880394
10,1,ResDyNet,13,0.05803886746395365,0.18615658227502324,0.43145866809582495,0.38228780037047844,38.22878003704784,0.6627466249919962
10,1,Plain,13,0.28342233727220756,0.8842937887138793,0.940368964137949,0.8332005112413698,83.32005112413698,0.6656825829995796
10,1,ResDyNet,14,0.04420906231816524,0.1016867407099924,0.31888358488638513,0.282542253186102,28.2542253186102,0.7120324579882436
10,1,Plain,14,0.2632576778887735,0.7292924087691522,0.8539861876922555,0.7566622839690772,75.66622839690773,0.7159742499934509
10,1,ResDyNet,15,0.04314258101728597,0.12287028732187931,0.35052858274594284,0.3105808522895786,31.05808522895786,0.7628819579840638
10,1,Plain,15,0.27841898490917516,0.7713911437398089,0.878288758746125,0.7781952305025969,77.81952305025969,0.7658215000119526
10,1,ResDyNet,16,0.03132767667473172,0.10200500177556295,0.3193822189408217,0.28298406077963495,28.298406077963495,0.812274708005134
10,1,Plain,16,0.2752579758375877,0.8337092455814274,0.9130768015788308,0.8090186797854733,80.90186797854733,0.8151862919912674
10,1,ResDyNet,17,0.029005971825497107,0.08958736790579502,0.2993114897657539,0.26520067739779,26.520067739779,0.8632972080085892
10,1,Plain,17,0.28179325241648767,0.8249204570606613,0.9082513182267676,0.8047431290715985,80.47431290715986,0.8674750000063796
10,1,ResDyNet,18,0.027294077837699132,0.07104712797468306,0.2665466712879436,0.23616987720388077,23.616987720388078,0.9165339169849176
10,1,Plain,18,0.27449010311815053,0.7388546501174579,0.8595665478120109,0.7616066824786063,76.16066824786063,0.9204034580034204
10,1,ResDyNet,19,0.023189550280522483,0.0642154844253251,0.25340774342021416,0.22452831752459967,22.452831752459968,0.9666417500120588
10,1,Plain,19,0.2714198952108372,0.7412761361330172,0.8609739462568059,0.7628536878014568,76.28536878014567,0.9702755830076057
10,1,ResDyNet,20,0.02109811429216003,0.06498364142054923,0.2549188918470917,0.22586724903962493,22.586724903962494,1.017641416983679
10,1,Plain,20,0.2818638216349563,0.8011388942172369,0.8950636257927349,0.7930583622437153,79.30583622437153,1.0205604580114596
10,1,ResDyNet,21,0.019752445754335747,0.057191550164390655,0.23914754894079648,0.21189327555302184,21.189327555302185,1.0667936250101775
10,1,Plain,21,0.2899422007475541,0.7224602743389134,0.8499766316428431,0.7531096740067909,75.31096740067909,1.0707057079998776
10,1,ResDyNet,22,0.017170629204233984,0.0441311009150993,0.21007403674680816,0.18613310465476185,18.613310465476186,1.117737666994799
10,1,Plain,22,0.282413762410399,0.602029795825798,0.7759057905608115,0.6874802614982625,68.74802614982625,1.1215455830097198
10,1,ResDyNet,23,0.015479267355289792,0.048751053111839956,0.2207964064740184,0.19563350745316813,19.563350745316814,1.168196791986702
10,1,Plain,23,0.26295812719559775,0.6728078134085149,0.8202486290195887,0.7267696011965542,72.67696011965542,1.1710845830093604
10,1,ResDyNet,24,0.014274390161096917,0.04893138070572464,0.22120438672351106,0.1959949925355318,19.59949925355318,1.2178530000091996
10,1,Plain,24,0.25359571259297725,0.6045350842168008,0.7775185426835818,0.6889092175191894,68.89092175191894,1.2207717080018483
10,1,ResDyNet,25,0.01420996169968141,0.04249825377433593,0.20615104601804943,0.18265719466044028,18.26571946604403,1.2671446669846773
10,1,Plain,25,0.23785528100103007,0.5490526473763523,0.7409808684280265,0.6565355322634163,65.65355322634163,1.2710157500114292
10,1,ResDyNet,26,0.013633849104909723,0.04619406336216035,0.21492804228894924,0.19043392704843573,19.043392704843573,1.317965791997267
10,1,Plain,26,0.2398542512061177,0.6189461207972435,0.7867312888129234,0.6970720398555701,69.70720398555702,1.3208635420014616
10,1,ResDyNet,27,0.011939966789346968,0.03882448152033299,0.1970392892809274,0.1745838525349516,17.45838525349516,1.3670623330108356
10,1,Plain,27,0.2286753466543935,0.6283552353438848,0.7926886118419293,0.7023504409754411,70.2350440975441,1.3708905829989817
10,1,ResDyNet,28,0.012124438933338377,0.05727374971923691,0.23931934672992258,0.21204549453428226,21.204549453428225,1.421194499998819
10,1,Plain,28,0.20510526083459932,0.676427372704398,0.8224520488784729,0.7287219099422865,72.87219099422865,1.4241468329855707
10,1,ResDyNet,29,0.01239277358483281,0.047157196864504675,0.21715707878055618,0.19240893304630502,19.240893304630504,1.4754560420115013
10,1,Plain,29,0.2035656798533865,0.6239284565545913,0.7898914207374272,0.6998720296845629,69.98720296845629,1.4784112499910407
10,1,ResDyNet,30,0.013096458967314723,0.03432410375021315,0.18526765435502537,0.1641537632695114,16.41537632695114,1.5297082919860259
10,1,Plain,30,0.1799604715548872,0.5259364669655424,0.7252147729917962,0.6425662082228366,64.25662082228367,1.5336095829843543
10,1,ResDyNet,31,0.01035314666742764,0.03685476590190883,0.1919759513634685,0.1700975541751562,17.00975541751562,1.580843375006225
10,1,Plain,31,0.16067553913190089,0.45297600258265125,0.6730349192892232,0.5963329929217137,59.63329929217137,1.5837582499952987
10,1,ResDyNet,32,0.00954463794443986,0.040382292687144536,0.2009534590076631,0.178051946806216,17.8051946806216,1.6312340000004042
10,1,Plain,32,0.13602017917201645,0.4724852611001983,0.687375633187705,0.609039377976366,60.9039377976366,1.6341448329912964
10,1,ResDyNet,33,0.008971844619888378,0.0433031642839686,0.20809412361709928,0.1843788308592637,18.43788308592637,1.6807859170075972
10,1,Plain,33,0.1196855391972155,0.28978431334258875,0.5383161834299511,0.4769673780700626,47.696737807006265,1.6836962499946821
10,1,ResDyNet,34,0.008841149650616052,0.04311780707474893,0.20764827732189095,0.18398379510705426,18.398379510705425,1.7311808329832274
10,1,Plain,34,0.11357822936517761,0.3523366275959628,0.5935795040228081,0.5259326552398326,52.593265523983256,1.7340722079970874
10,1,ResDyNet,35,0.0092938402054314,0.029758835978134043,0.17250749542594968,0.15284780640717138,15.284780640717138,1.7805311669944786
10,1,Plain,35,0.0953780022879815,0.28824253546533213,0.5368822361238376,0.475696849507221,47.5696849507221,1.7844838330056518
10,1,ResDyNet,36,0.010646423973334642,0.035126133094858056,0.18741967104564572,0.16606052697100016,16.606052697100015,1.83157083299011
10,1,Plain,36,0.13872362507694633,0.37405113118355,0.611597196840821,0.5418969750333089,54.18969750333089,1.8345197080052458
10,1,ResDyNet,37,0.0091398098272036,0.047136975692565364,0.2171105149286081,0.19236767580927563,19.236767580927562,1.8812069169944152
10,1,Plain,37,0.0943424496630285,0.22298123631039157,0.47220889054569015,0.41839395388390554,41.83939538839056,1.884131333004916
10,1,ResDyNet,38,0.008686557309948351,0.03553635996767275,0.18851090145578517,0.16702739611522358,16.702739611522357,1.9314615830080584
10,1,Plain,38,0.11484336860541523,0.2863442644451997,0.5351114504897084,0.474127870147074,47.412787014707405,1.9343882499961182
10,1,ResDyNet,39,0.008797051580272683,0.03776658693033898,0.1943362728116884,0.1721888833367408,17.21888833367408,1.9811922920052893
10,1,Plain,39,0.0771229829979457,0.25874343011818235,0.5086682908518894,0.45069828562301917,45.069828562301915,1.9841220419912133
10,1,ResDyNet,40,0.007410381480231779,0.035083168234622014,0.18730501390678791,0.16595893664809816,16.595893664809815,2.031440541992197
10,1,Plain,40,0.09288309149066004,0.15347604635640416,0.3917601898565041,0.3471135298171871,34.71135298171871,2.0343625829846133
10,1,ResDyNet,41,0.007621287250865904,0.035833756389213725,0.18929806229651092,0.1677248487534262,16.77248487534262,2.081595625000773
10,1,Plain,41,0.06940408640684037,0.22638984958169753,0.4758044236676426,0.42157972473518235,42.157972473518235,2.0845802080002613
10,1,ResDyNet,42,0.00687785041182311,0.028295087140097607,0.16821143581842943,0.14904134405269479,14.90413440526948,2.130918542010477
10,1,Plain,42,0.06569051362821039,0.12136961664691143,0.3483814240841659,0.3086783929752722,30.867839297527222,2.1347989999921992
10,1,ResDyNet,43,0.00758974409457301,0.028458115388532896,0.1686953330372032,0.14947009428313246,14.947009428313246,2.1819964580063242
10,1,Plain,43,0.061235576701013414,0.1142858092601463,0.3380618423604567,0.299534874743709,29.9534874743709,2.1848879999888595
10,1,ResDyNet,44,0.007717315320225835,0.04491701000930711,0.21193633480200394,0.18778316729065006,18.778316729065008,2.23173400000087
10,1,Plain,44,0.07614701308908063,0.21654910618869497,0.46534837078117613,0.4123152881759037,41.231528817590366,2.2346808750007767
10,1,ResDyNet,45,0.008640449269171712,0.0407431915182045,0.20184942783719872,0.17884580721132812,17.88458072113281,2.2812696250039153
10,1,Plain,45,0.06033857935104365,0.12325969094358855,0.35108359537806455,0.3110726133179247,31.10726133179247,2.2841910420102067
10,1,ResDyNet,46,0.01118865434795586,0.056127980744137045,0.2369134456803519,0.20991378021687485,20.991378021687485,2.3307324170018546
10,1,Plain,46,0.09125511537160762,0.21614280890612908,0.46491161407963244,0.41192830612854536,41.192830612854536,2.333657916984521
10,1,ResDyNet,47,0.013462553122221686,0.04542314975351328,0.21312707419169738,0.1888382049472334,18.88382049472334,2.3801260000036564
10,1,Plain,47,0.05467195604874165,0.08272454139227495,0.2876187431171254,0.25484048596550035,25.484048596550036,2.382995583000593
10,1,ResDyNet,48,0.016377524975764675,0.04380798855476165,0.209303579889981,0.18545045234329782,18.545045234329784,2.43029899999965
10,1,Plain,48,0.05371692325969875,0.2112769456011253,0.45964871978623556,0.4072651936874756,40.72651936874756,2.4332435420074034
10,1,ResDyNet,49,0.010899975048151125,0.03165918689416806,0.1779302866129543,0.15765259321073144,15.765259321073144,2.4797040419944096
10,1,Plain,49,0.053224617763704817,0.09534931049301239,0.30878683665760814,0.2735961733951719,27.35961733951719,2.4826529579877388
10,1,ResDyNet,50,0.008567589891143293,0.029044253774453594,0.17042374768339533,0.15100153143361789,15.100153143361789,2.5302959170076065
10,1,Plain,50,0.05013860515359538,0.1831772959611836,0.4279921681072956,0.37921635748709004,37.921635748709,2.5341067499830388
10,1,ResDyNet,51,0.006982951401792602,0.03523400582971787,0.18770723435637177,0.166315318341886,16.6315318341886,2.583700207993388
10,1,Plain,51,0.049209365179400735,0.12677367822125296,0.3560529149175063,0.3154756080345572,31.54756080345572,2.5866566670010798
10,1,ResDyNet,52,0.006748927091205632,0.04329377878091145,0.20807157129437806,0.18435884869530722,18.43588486953072,2.6331305830099154
10,1,Plain,52,0.07415561786003838,0.1753128259633436,0.418703744864246,0.3709864825232456,37.098648252324566,2.636063457990531
10,1,ResDyNet,53,0.006792141274026441,0.031157974821043617,0.17651621687834695,0.1563996768866736,15.639967688667362,2.6824461669893935
10,1,Plain,53,0.07967348582231505,0.1496245856879402,0.3868133732020394,0.3427304734609028,34.27304734609028,2.6853028330078814
10,1,ResDyNet,54,0.0065197112881680876,0.03559143477968577,0.18865692348728094,0.1671567768539917,16.715677685399168,2.7314882499922533
10,1,Plain,54,0.09656083545284667,0.1183421068782074,0.34400887616194936,0.3048041592402638,30.480415924026378,2.7344266249856446
10,1,ResDyNet,55,0.006007043514396548,0.035721646465742024,0.18900171021909307,0.16746227022113877,16.746227022113878,2.780876292003086
10,1,Plain,55,0.08092686063950197,0.2604564985378681,0.5103493886915788,0.452187798391829,45.2187798391829,2.7837707920116372
10,1,ResDyNet,56,0.006720482069415928,0.033625306741337714,0.18337204460150874,0.16247418527834273,16.247418527834274,2.830123666994041
10,1,Plain,56,0.09654641663363557,0.11621217228647691,0.3408990646606073,0.30204875510465645,30.204875510465644,2.83306583299418
10,1,ResDyNet,57,0.007041160669609427,0.03385811504712677,0.18400574732091052,0.1630356685364218,16.303566853642177,2.8795158749853726
10,1,Plain,57,0.05785150115199802,0.09903550309773897,0.31469906751965276,0.2788346212435102,27.88346212435102,2.8824317500111647
10,1,ResDyNet,58,0.007120466160440209,0.040076051095938384,0.2001900374542609,0.17737552802502993,17.737552802502993,2.9286367500026245
10,1,Plain,58,0.037891367314861354,0.09808231225680204,0.3131809576854922,0.2774895216728298,27.74895216728298,2.931533541996032
10,1,ResDyNet,59,0.006130177909194764,0.028844375964213832,0.16983632109832641,0.15048105048447802,15.048105048447802,2.977757249987917
10,1,Plain,59,0.03996055184390404,0.13056177194250787,0.36133332525869777,0.3201542403200008,32.01542403200008,2.980698625004152
10,1,ResDyNet,60,0.006505600364195178,0.03355928676037716,0.18319193967087405,0.1623146058728064,16.23146058728064,3.026925082987873
10,1,Plain,60,0.04932682951866126,0.11519553111951204,0.3394046716229935,0.30072466946336046,30.072466946336046,3.029835916997399
10,1,ResDyNet,61,0.006115878313512172,0.034412022418599364,0.185504777347106,0.16436386271532816,16.436386271532815,3.0761074170004576
10,1,Plain,61,0.08512050398051803,0.0735224118449599,0.2711501647518583,0.24024873694288354,24.024873694288353,3.0790334999910556
10,1,ResDyNet,62,0.005583053912487951,0.03588340893405407,0.1894291660068588,0.16784101132647286,16.784101132647287,3.126294957997743
10,1,Plain,62,0.09696246283910513,0.32097294286970507,0.5665447403954122,0.5019788884369424,50.19788884369424,3.129210749990307
10,1,ResDyNet,63,0.0054193708059597345,0.0334621209073198,0.1829265451139331,0.16207945681009084,16.207945681009083,3.1755412920028903
10,1,Plain,63,0.09416217245165588,0.0763809431536312,0.27637102444654216,0.2448746052271668,24.48746052271668,3.1784540829830803
10,1,ResDyNet,64,0.004980110781429111,0.033997840303745704,0.18438503275414114,0.1633717289860176,16.33717289860176,3.2244828330003656
10,1,Plain,64,0.07715098167705754,0.16114565876984127,0.40142951905638585,0.35568090107245615,35.56809010724562,3.227294666983653
10,1,ResDyNet,65,0.005078339152373295,0.03243421129660357,0.1800950063066813,0.15957061222698113,15.957061222698114,3.2733835830003954
10,1,Plain,65,0.03952005872527695,0.06889167986039847,0.2624722458859193,0.23255979067673385,23.255979067673387,3.2762622500013094
10,1,ResDyNet,66,0.005898595303922772,0.0303974734714298,0.17434871227350604,0.1544791903396436,15.44791903396436,3.3233030829869676
10,1,Plain,66,0.04635555327649975,0.06373032454562316,0.25244865724662346,0.22367853289682557,22.367853289682557,3.3261961250100285
10,1,ResDyNet,67,0.007123169308590486,0.03344015584116113,0.18286649731747237,0.1620262523163038,16.20262523163038,3.3728392499906477
10,1,Plain,67,0.05212370295118708,0.13263749370796857,0.36419430762708055,0.3226891729505926,32.26891729505926,3.3757206669833977
10,1,ResDyNet,68,0.005560752430539594,0.03448481735883131,0.1857008814164093,0.16453761792953794,16.453761792953795,3.4219905830104835
10,1,Plain,68,0.06533615133587761,0.0789938903242396,0.28105851761553075,0.2490278917070349,24.90278917070349,3.424893291987246
10,1,ResDyNet,69,0.004584395309431542,0.034536631382522345,0.18584033841586262,0.1646611818152806,16.46611818152806,3.4714724170044065
10,1,Plain,69,0.05160388205686456,0.13213026222118565,0.36349726576851393,0.3220715689514573,32.20715689514573,3.474406875000568
10,1,ResDyNet,70,0.00497350574312159,0.027491725938954634,0.16580629040827924,0.14691029925882068,14.691029925882068,3.520660832989961
10,1,Plain,70,0.043094102767867154,0.062035882093056854,0.2490700345145053,0.2206849524033719,22.068495240337192,3.5245339579996653
10,1,ResDyNet,71,0.005111521523282975,0.030989952725504095,0.1760396339620828,0.15597740738967442,15.597740738967442,3.5756883329886477
10,1,Plain,71,0.05185457546356785,0.1051492935595615,0.32426731805650955,0.28731243319076316,28.731243319076317,3.5785892499843612
10,1,ResDyNet,72,0.005061947900718071,0.03507392492931695,0.18728033780756845,0.16593707274225994,16.593707274225995,3.6253489579830784
10,1,Plain,72,0.0403688400666083,0.06841312086252373,0.2615590198454715,0.23175063976597662,23.175063976597663,3.628272083005868
10,1,ResDyNet,73,0.004556633161989917,0.038986028556242246,0.1974487998348996,0.1749466935217776,17.49466935217776,3.6751102499838453
10,1,Plain,73,0.027799808408810328,0.06244950390449966,0.24989898740190938,0.22141943428858946,22.141943428858944,3.6780286249995697
10,1,ResDyNet,74,0.004725361343768831,0.027434258866778152,0.1656329039375273,0.1467566726488599,14.67566726488599,3.7243414580007084
10,1,Plain,74,0.031204364237544024,0.10888134391909468,0.3299717320000225,0.2923667478218553,29.236674782185528,3.7280542080115993
10,1,ResDyNet,75,0.004415463905923895,0.030544087525774206,0.17476866860445614,0.15485128665820666,15.485128665820666,3.7743199999968056
10,1,Plain,75,0.036869045644243446,0.05196327213596934,0.22795453962570988,0.20197586925898395,20.197586925898396,3.7772222080093343
10,1,ResDyNet,76,0.004357497454920901,0.036418650622775314,0.19083671193660645,0.16908814732626265,16.908814732626265,3.8242527919937856
10,1,Plain,76,0.04269699930399198,0.17028953333962063,0.4126615239389549,0.3656328588329945,36.56328588329945,3.827137832995504
10,1,ResDyNet,77,0.004463220319279289,0.037048907542014294,0.19248092773574813,0.17054498128897413,17.054498128897414,3.873543791996781
10,1,Plain,77,0.04168401148209626,0.0636995241972919,0.252387646681235,0.22362447535535895,22.362447535535896,3.8764406249974854
10,1,ResDyNet,78,0.004271249787622604,0.03971432050710208,0.19928452149402393,0.17657320852089967,17.657320852089967,3.9227195419953205
10,1,Plain,78,0.030189380605507556,0.06468318512174868,0.2543288916378725,0.22534448776750596,22.534448776750597,3.9255870830093045
10,1,ResDyNet,79,0.004930003892817284,0.033921471109926646,0.18417782469647817,0.1631881352412619,16.318813524126192,3.9740192079916596
10,1,Plain,79,0.027641578202248888,0.09162603681388713,0.3026979299795212,0.2682011844593835,26.820118445938352,3.978087166993646
10,1,ResDyNet,80,0.005085375674975189,0.030533060999955768,0.17473711969686284,0.15482333319851338,15.482333319851339,4.032857916987268
10,1,Plain,80,0.043423953268921914,0.06962059356382817,0.2638571461299242,0.2337868617895933,23.378686178959327,4.035933375009336
10,1,ResDyNet,81,0.004096830813010404,0.02929675116114968,0.17116293746354577,0.15165647999765344,15.165647999765344,4.084358082996914
10,1,Plain,81,0.033874685172998256,0.11467185299822649,0.33863232716063374,0.3000403446659311,30.00403446659311,4.087349375011399
10,1,ResDyNet,82,0.004776275742807839,0.03847162757645956,0.19614185574848517,0.17378869435071537,17.378869435071536,4.134806207992369
10,1,Plain,82,0.0273193972314382,0.11508082864739799,0.3392356535616473,0.3005749134202612,30.057491342026122,4.1377312499971595
10,1,ResDyNet,83,0.004527099069584963,0.043119305315377554,0.20765188493095252,0.18398699157761964,18.398699157761964,4.184934041986708
10,1,Plain,83,0.03236048651303114,0.05986960141828133,0.24468265451045224,0.2167975769137541,21.67975769137541,4.188656541984528
10,1,ResDyNet,84,0.005201713704047789,0.035694374067108785,0.18892954789314662,0.16739833182125116,16.739833182125118,4.238822374987649
10,1,Plain,84,0.038580764458283505,0.09906648571428948,0.314748289454112,0.27887823363664493,27.887823363664495,4.242471000005025
10,1,ResDyNet,85,0.004804952448429131,0.02892601842620441,0.1700765075670488,0.1506938642800888,15.06938642800888,4.302612250001403
10,1,Plain,85,0.023662985643538362,0.05905973691286167,0.24302209140911793,0.21532625865704338,21.53262586570434,4.305187624995597
10,1,ResDyNet,86,0.004730043813367779,0.03409930659041617,0.18465997560493766,0.16361533817834759,16.361533817834758,4.355103167006746
10,1,Plain,86,0.024772287571754523,0.04997111760702781,0.2235422054266885,0.19806638346075522,19.806638346075523,4.358793624996906
10,1,ResDyNet,87,0.004015191003494026,0.03225432274880989,0.17959488508532165,0.15912748695040257,15.912748695040257,4.411751749983523
10,1,Plain,87,0.02365486797012124,0.075374130287848,0.2745434943462475,0.24325534824193612,24.32553482419361,4.414640125003643
10,1,ResDyNet,88,0.0043514133971109484,0.03149174905367256,0.17745914756267867,0.15723514717356316,15.723514717356316,4.461757707991637
10,1,Plain,88,0.033377212464237103,0.05336114369366208,0.2310003110250332,0.20467453157539392,20.467453157539392,4.464691708009923
10,1,ResDyNet,89,0.003872997970900131,0.03188324244528686,0.17855879268545377,0.15820947205392563,15.820947205392564,4.513552999997046
10,1,Plain,89,0.06050106909103976,0.07327960796676644,0.2707020649473632,0.23985170450090504,23.985170450090504,4.516585167002631
10,1,ResDyNet,90,0.0043507880385006605,0.0314062228867128,0.17721800948750327,0.1570214902206244,15.70214902206244,4.563759874989046
10,1,Plain,90,0.021984146834796915,0.058414132563595476,0.24169015818521755,0.21414611821705076,21.414611821705076,4.56664412500686
10,1,ResDyNet,91,0.0050797979051986995,0.03553573679436196,0.18850924856452525,0.16702593159449255,16.702593159449254,4.6131944580120035
10,1,Plain,91,0.019452365108562027,0.06855540001558581,0.2618308614651562,0.23199150115670283,23.19915011567028,4.6160905419965275
10,1,ResDyNet,92,0.006033195444447058,0.04032349042273645,0.20080709754074044,0.17792226531552816,17.792226531552817,4.662563332996797
10,1,Plain,92,0.025970576344776185,0.052672005929500866,0.2295038255225844,0.20334859193546898,20.334859193546897,4.665510499995435
10,1,ResDyNet,93,0.006368388837716241,0.03650524153772436,0.1910634489841643,0.16928904445403603,16.928904445403603,4.716730207990622
10,1,Plain,93,0.027178078583665614,0.09502250085237407,0.3082571991898552,0.27312689566937104,27.312689566937102,4.719633458007593
10,1,ResDyNet,94,0.006515616019879577,0.03206743761419598,0.17907383285727702,0.15866581605382185,15.866581605382185,4.766296874993714
10,1,Plain,94,0.02574695638566173,0.03568508600523184,0.188904965538844,0.16737655097675974,16.737655097675976,4.769193624990294
10,1,ResDyNet,95,0.006450666033225453,0.038639201695664704,0.19656856741520173,0.17416677613820486,17.416677613820486,4.81654758300283
10,1,Plain,95,0.029389893231300417,0.05556764604485218,0.2357279068011511,0.2088633503984555,20.886335039845548,4.819459749996895
10,1,ResDyNet,96,0.005785789271917182,0.034935593767838946,0.18691065718101507,0.16560952249465827,16.560952249465828,4.865865708008641
10,1,Plain,96,0.022453305828025377,0.045589414627681374,0.21351677832826482,0.18918349674035265,18.918349674035266,4.869088000006741
10,1,ResDyNet,97,0.004747992462292844,0.03515686198340404,0.1875016319486421,0.16613314726035755,16.613314726035753,4.915616582991788
10,1,Plain,97,0.020657803965598243,0.054015209521761996,0.23241172414867972,0.2059250940471925,20.59250940471925,4.918510707997484
10,1,ResDyNet,98,0.004457669899395693,0.031441678097854295,0.17731801402523742,0.15711009781524332,15.711009781524332,4.964925292006228
10,1,Plain,98,0.02217258784003566,0.05522116595307184,0.23499184231175313,0.2082111709537253,20.82111709537253,4.967832458001794
10,1,ResDyNet,99,0.004715933120496613,0.03480077409402981,0.18654965584001973,0.1652896624042608,16.52896624042608,5.014087874995312
10,1,Plain,99,0.020183519530356017,0.03976310615778763,0.19940688593373004,0.17668162778781407,17.668162778781408,5.016989708004985
10,1,ResDyNet,100,0.0042936854542750145,0.03083704146265825,0.17560478769856547,0.155592118058687,15.5592118058687,5.0663762080075685
10,1,Plain,100,0.022329998560201684,0.05336644090266661,0.23101177654541036,0.20468469043622853,20.468469043622854,5.07094862498343
10,2,ResDyNet,0,0.8974983793981895,1.8423523857863864,1.3573328205662702,1.2026453904263508,120.26453904263508,0.003099916997598484
10,2,Plain,0,1.0127332127871624,2.0894760685259826,1.4455020126329754,1.280766445785788,128.0766445785788,0.006851332989754155
10,2,ResDyNet,1,0.8180255100201762,1.4953083300057584,1.222828005079111,1.0834693166699576,108.34693166699576,0.05565024999668822
10,2,Plain,1,0.9919245512089596,2.184446259272137,1.4779872324455774,1.3095495115693985,130.95495115693984,0.059676333010429516
10,2,ResDyNet,2,0.31707338236398513,0.27952627977311073,0.5287024491839533,0.46844926593091185,46.84492659309119,0.10601612500613555
10,2,Plain,2,0.9426246313643801,2.2705666692573208,1.5068399613951446,1.3351140606222547,133.51140606222546,0.10965512500843033
10,2,ResDyNet,3,0.23562692284105866,0.3170572717450897,0.5630783886326038,0.4989075768868404,49.89075768868404,0.15671874998952262
10,2,Plain,3,0.929922700465613,2.245308403357065,1.4984353183761603,1.327667246523452,132.7667246523452,0.15963554198970087
10,2,ResDyNet,4,0.17087191074250288,0.2746092609793787,0.5240317366146622,0.46431084766211844,46.431084766211846,0.20641904199146666
10,2,Plain,4,0.9133174435661299,2.1817901863619915,1.477088415214875,1.3087531273790503,130.87531273790503,0.21022012500907294
10,2,ResDyNet,5,0.08642140368031254,0.26005925572152155,0.5099600530644745,0.4518428331112647,45.18428331112647,0.25660729201626964
10,2,Plain,5,0.8847225454822588,2.0643373462944705,1.4367802011074868,1.2730386090545431,127.30386090545431,0.260402999992948
10,2,ResDyNet,6,0.06422331318211476,0.1771725385503694,0.4209186840119709,0.372948997770593,37.2948997770593,0.3072668749955483
10,2,Plain,6,0.8621150776411869,2.056960975605712,1.4342109243781793,1.2707621380458025,127.07621380458025,0.31101574999047443
10,2,ResDyNet,7,0.043801197050640804,0.17518203170991412,0.4185475262260119,0.3708480672264782,37.08480672264782,0.35774995799874887
10,2,Plain,7,0.849944546568243,2.001987931786485,1.4149162278334662,1.2536663473100462,125.36663473100462,0.3612275420164224
10,2,ResDyNet,8,0.047889128478859684,0.09493826651370099,0.3081205389351722,0.2730058097994512,27.30058097994512,0.40800858300644904
10,2,Plain,8,0.8108115113702109,1.656232882935814,1.286947117381213,1.1402811418022651,114.02811418022651,0.4117119580041617
10,2,ResDyNet,9,0.038706569500340356,0.12616310730863767,0.3551944640737489,0.31471498990574653,31.471498990574652,0.4601696250028908
10,2,Plain,9,0.6574591773632852,0.8121707477479783,0.9012051640708558,0.7984999846581999,79.84999846582,0.46389541699318215
10,2,ResDyNet,10,0.033108723814498656,0.10793224779218556,0.3285304366298282,0.2910897086116166,29.10897086116166,0.5125981669989415
10,2,Plain,10,0.2753346389971413,0.6673130210756918,0.8168922946604967,0.7237957689981936,72.37957689981937,0.5154827079968527
10,2,ResDyNet,11,0.03201186004890696,0.0766431303565895,0.2768449572533144,0.24529452663244064,24.529452663244065,0.562800417013932
10,2,Plain,11,0.27813380236749397,0.865368842639586,0.9302520317847126,0.8242365475947832,82.42365475947831,0.5664035830122884
10,2,ResDyNet,12,0.024885453404998956,0.10264580849576656,0.32038384555992605,0.28387153776254004,28.387153776254003,0.6125418329902459
10,2,Plain,12,0.24445490936950093,0.894226047232403,0.9456352612040241,0.8378666386606484,83.78666386606484,0.6155118329916149
10,2,ResDyNet,13,0.02468881551889457,0.09296460997716953,0.3049009838901304,0.270153168961865,27.015316896186498,0.661653541988926
10,2,Plain,13,0.2463142215114505,0.8063706303095944,0.8979814198019882,0.7956436320185801,79.56436320185801,0.6645266250125133
10,2,ResDyNet,14,0.02169604792712592,0.057870046125821084,0.24056193823175995,0.2131464750154322,21.31464750154322,0.7107742500083987
10,2,Plain,14,0.2388425461610099,0.6433535052638559,0.8020932023548485,0.7106832442922363,71.06832442922362,0.7147105830081273
10,2,ResDyNet,15,0.02207677027324502,0.0694174708194532,0.26347195452164013,0.23344556825781196,23.344556825781197,0.7617232500051614
10,2,Plain,15,0.23889440387874775,0.5826202960084937,0.7632956805907484,0.6763072533763937,67.63072533763938,0.7646363330131862
10,2,ResDyNet,16,0.018698829235307822,0.07132966551192599,0.2670761417871802,0.2366390069896086,23.66390069896086,0.8115329580032267
10,2,Plain,16,0.2263670988119032,0.5835422049544579,0.7638993421612941,0.6768421191029084,67.68421191029084,0.8144293329969514
10,2,ResDyNet,17,0.01743505374767027,0.051007990382163325,0.2258494861233103,0.20011071662073454,20.011071662073455,0.8629223750031088
10,2,Plain,17,0.225657228379153,0.5554535582440394,0.7452875674825385,0.6603514215481842,66.03514215481842,0.8674372920067981
10,2,ResDyNet,18,0.016143275499746736,0.06607514894506998,0.25705086839975855,0.2277562564626475,22.77562564626475,0.9296069999982137
10,2,Plain,18,0.21723652776603924,0.7070270564771214,0.8408490093216032,0.7450222744067339,74.50222744067338,0.9327587500156369
10,2,ResDyNet,19,0.015456470163819222,0.05104085670975225,0.22592223597900288,0.20017517559297568,20.017517559297566,1.0315535830159206
10,2,Plain,19,0.20994764892998447,0.5997630878712943,0.7744437280211482,0.6861848218336506,68.61848218336506,1.0355333329935092
10,2,ResDyNet,20,0.01567280695739209,0.06619009231591201,0.25727435223106093,0.22795427112454783,22.79542711245478,1.1016867920116056
10,2,Plain,20,0.19265982678042323,0.7131908935014949,0.8445063016351594,0.7482627661090601,74.826276610906,1.1209917920059524
10,2,ResDyNet,21,0.01565658878099938,0.037956939875037815,0.19482540869978385,0.17262227521542878,17.26222752154288,1.1752172500127926
10,2,Plain,21,0.18059038812747194,0.4775036083184004,0.6910163589368926,0.6122651911105687,61.22651911105687,1.1791520419938024
10,2,ResDyNet,22,0.014791336464520919,0.0671650462381505,0.2591622006353367,0.22962697228289658,22.96269722828966,1.227237042010529
10,2,Plain,22,0.16921435209005214,0.599425709512008,0.774225877578377,0.6859917985553275,68.59917985553275,1.2301690420135856
10,2,ResDyNet,23,0.01378136685009597,0.0636889009301447,0.25236660026664526,0.2236058274798285,22.36058274798285,1.2772367919969838
10,2,Plain,23,0.1561174998475205,0.4095025214280588,0.6399238403341907,0.5669953935695521,56.699539356955206,1.280133583000861
10,2,ResDyNet,24,0.012740170454003457,0.04231658448792925,0.20570995233077385,0.1822663698887186,18.22663698887186,1.3279297499975655
10,2,Plain,24,0.1384286937665879,0.46888995215780555,0.6847553958588465,0.6067177540550789,60.67177540550789,1.3308172920078505
10,2,ResDyNet,25,0.01195831632019733,0.048919959160335195,0.2211785684923727,0.19597211665999337,19.597211665999335,1.3772098330082372
10,2,Plain,25,0.11813653358574543,0.418081271810203,0.6465920443449663,0.57290366064633,57.290366064633005,1.3800231250061188
10,2,ResDyNet,26,0.011734591904038588,0.04720921472674411,0.21727681589793263,0.1925150244117342,19.25150244117342,1.4267297080077697
10,2,Plain,26,0.10572485879085662,0.25402209229323586,0.5040060439054633,0.4465673681986476,44.65673681986476,1.4295904170139693
10,2,ResDyNet,27,0.010616124546497534,0.05960234870237916,0.24413592259718594,0.2163131528982688,21.63131528982688,1.478299208014505
10,2,Plain,27,0.11156818696305222,0.3093231161326301,0.5561682444482335,0.492784942169257,49.2784942169257,1.481193624989828
10,2,ResDyNet,28,0.010977990253951605,0.04441026692241249,0.21073743597759864,0.18672090008329184,18.672090008329185,1.5366765419894364
10,2,Plain,28,0.149745197633239,0.2109440017007455,0.4592864048725431,0.406944169724721,40.694416972472105,1.5395571250119247
10,2,ResDyNet,29,0.010343453571436241,0.04987957552704934,0.22333735810886932,0.19788488141587451,19.78848814158745,1.6086722080071922
10,2,Plain,29,0.11167396685499675,0.23735561083201911,0.48719155455736207,0.4316691296822972,43.166912968229724,1.6136964999896009
10,2,ResDyNet,30,0.010553901104285765,0.045192256839631004,0.2125847050933604,0.18835764654170356,18.835764654170355,1.6663974999974016
10,2,Plain,30,0.08418676889337197,0.17045006111294114,0.41285598107928767,0.3658051548092748,36.58051548092748,1.669435624993639
10,2,ResDyNet,31,0.009841884745521657,0.04832183375794773,0.21982227766527151,0.19477039451301817,19.477039451301817,1.719133958016755
10,2,Plain,31,0.06766809461954414,0.13766397230275823,0.37103095868506475,0.3287466901315357,32.874669013153564,1.722058916988317
10,2,ResDyNet,32,0.00880762276294066,0.05189588930093348,0.22780669283612692,0.2018448717193333,20.18448717193333,1.771822875016369
10,2,Plain,32,0.10559300139672963,0.18267306351140794,0.42740269478725557,0.37869406305761494,37.869406305761494,1.7750141670112498
10,2,ResDyNet,33,0.008796850258078009,0.04320948364702585,0.20786890976532746,0.18417928333739614,18.417928333739614,1.8225257500016596
10,2,Plain,33,0.07893652719032945,0.17731513885211334,0.4210880416873808,0.37309905472389054,37.309905472389055,1.8254394580144435
10,2,ResDyNet,34,0.008248286931892636,0.04404867826391587,0.2098777698183299,0.18595920514150244,18.595920514150244,1.872294333006721
10,2,Plain,34,0.07136619831185217,0.13766398056344184,0.37103096981713246,0.32874669999494555,32.87466999949456,1.8751886670070235
10,2,ResDyNet,35,0.008138102392936695,0.045901062043200505,0.2142453314385182,0.18982902083470224,18.982902083470226,1.9220339579915162
10,2,Plain,35,0.06017368729246028,0.14696962764676041,0.3833661795812985,0.3396761367093892,33.96761367093892,1.924882916995557
10,2,ResDyNet,36,0.007450628784304005,0.05173211720866234,0.22744695471397797,0.20152613088598148,20.152613088598148,1.9723280830075964
10,2,Plain,36,0.05446577708535082,0.11388297139323104,0.33746551141299025,0.2990065042112408,29.90065042112408,1.975257000012789
10,2,ResDyNet,37,0.007383033456342415,0.03830995702830144,0.19572929527360344,0.17342315102495862,17.34231510249586,2.0232101670117117
10,2,Plain,37,0.05325976082149023,0.08326825358740307,0.2885623911520749,0.25567659185067554,25.567659185067555,2.0261196669889614
10,2,ResDyNet,38,0.00688426613679449,0.05443974345165366,0.23332325955989397,0.2067327470000253,20.67327470000253,2.0741022500151303
10,2,Plain,38,0.05551814494975223,0.25808750796280283,0.5080231372317632,0.45012665645764033,45.01266564576403,2.0769864169997163
10,2,ResDyNet,39,0.006941493868170584,0.04155920640707652,0.20386075249315774,0.18062791274173948,18.062791274173946,2.1239177499955986
10,2,Plain,39,0.060867530966205494,0.07682424411084458,0.27717186745924377,0.2455841807587442,24.558418075874417,2.126847875013482
10,2,ResDyNet,40,0.006526882957237332,0.04604480130819219,0.2145805240654244,0.19012601348200703,19.012601348200704,2.1745483330159914
10,2,Plain,40,0.045501122098551144,0.11789182901225358,0.3433537956863934,0.3042237345261859,30.42237345261859,2.1774517919984646
10,2,ResDyNet,41,0.006452014911599131,0.04214217673618543,0.2052855979755653,0.18189037676347614,18.189037676347613,2.2238431670120917
10,2,Plain,41,0.03770382695349813,0.09686612801357382,0.311233237321424,0.27576377181826656,27.576377181826654,2.22674470799393
10,2,ResDyNet,42,0.006442274454875365,0.057907782934801706,0.2406403601534907,0.21321595964090417,21.321595964090417,2.273259167006472
10,2,Plain,42,0.037126652991016515,0.09936995268773545,0.31522999966331794,0.2793050460984413,27.93050460984413,2.2761627080035396
10,2,ResDyNet,43,0.007250165870830485,0.036652313620764064,0.19144793971407492,0.1696297169825289,16.96297169825289,2.322307708003791
10,2,Plain,43,0.03277508433589571,0.0657612749040194,0.256439612587485,0.22721466196654197,22.721466196654198,2.3261547079891898
10,2,ResDyNet,44,0.006365393879539001,0.05863698364285322,0.2421507456995605,0.21455421521626822,21.45542152162682,2.3729395830014255
10,2,Plain,44,0.03111703894410038,0.07161431143357556,0.2676085040382229,0.23711069897078857,23.711069897078858,2.37584079199587
10,2,ResDyNet,45,0.006695493213238221,0.03890870868146993,0.19725290538156828,0.1747731240348107,17.477312403481072,2.422482541995123
10,2,Plain,45,0.03565986035421076,0.10382878131969457,0.32222473728702855,0.2855026336266702,28.55026336266702,2.425407292001182
10,2,ResDyNet,46,0.007235047173835887,0.0464913082357723,0.21561843204089093,0.19104563704335345,19.104563704335344,2.4719820829923265
10,2,Plain,46,0.03999501181034431,0.07911767927225255,0.28127865058026097,0.2492229373813915,24.92229373813915,2.4748692919965833
10,2,ResDyNet,47,0.006729584449162017,0.03651694155994974,0.19109406469053333,0.16931617106409177,16.931617106409178,2.52185499999905
10,2,Plain,47,0.027901707106241503,0.07864541993408743,0.28043790744848923,0.24847800891827804,24.847800891827802,2.525741666991962
10,2,ResDyNet,48,0.0063575279654167404,0.03457000092405742,0.18593009687529724,0.16474071101832882,16.474071101832884,2.5724390420073178
10,2,Plain,48,0.024714171085145235,0.0857299182319058,0.29279671827379794,0.25942835701640177,25.942835701640178,2.5759912919893395
10,2,ResDyNet,49,0.00626227859798155,0.0325648519831857,0.18045734117288134,0.15989165386837048,15.989165386837048,2.626563375000842
10,2,Plain,49,0.03591273328199864,0.06787581072878382,0.2605298653298386,0.23083877208289358,23.08387720828936,2.6303822080080863
10,2,ResDyNet,50,0.00981932549499407,0.04717251708804578,0.21719235043630286,0.1924401849939141,19.24401849939141,2.6773662920168135
10,2,Plain,50,0.08019186647556667,0.04188973907837182,0.20466982942869674,0.18134478382323319,18.13447838232332,2.680315667006653
10,2,ResDyNet,51,0.008764250097870154,0.04841838958378517,0.22004179053939998,0.19496489076493942,19.49648907649394,2.731935957999667
10,2,Plain,51,0.07140680703011584,0.20125150449690318,0.44861063796671513,0.3974850586916557,39.74850586916557,2.7358133330126293
10,2,ResDyNet,52,0.007626723550630769,0.04306900152772898,0.20753072429818428,0.18387963892667655,18.387963892667656,2.8025929169962183
10,2,Plain,52,0.05866276419517339,0.1165442368534692,0.3413857595938489,0.3024799842101036,30.247998421010358,2.8062723749899305
10,2,ResDyNet,53,0.005974668840135532,0.04110558063163459,0.20274511247286478,0.17963941581051465,17.963941581051465,2.857662458001869
10,2,Plain,53,0.0587704388823723,0.09398256407103256,0.3065657581515466,0.27162821845691615,27.162821845691614,2.8605927920143586
10,2,ResDyNet,54,0.005320289487297874,0.040376238184440166,0.200938394002839,0.17803859867351493,17.803859867351495,2.9087986669910606
10,2,Plain,54,0.03893386959855751,0.06667320292591854,0.25821154684854536,0.22878465905120227,22.878465905120226,2.9116592920036055
10,2,ResDyNet,55,0.004837046041123102,0.040201307484929436,0.20050263710218236,0.17765250248547568,17.765250248547567,2.959570083010476
10,2,Plain,55,0.037595768818057075,0.05108653615278335,0.22602330887053076,0.20026472978723908,20.02647297872391,2.9625044999993406
10,2,ResDyNet,56,0.004661397233765248,0.03641388598759413,0.19082422798899026,0.1690770861024954,16.90770861024954,3.010023042006651
10,2,Plain,56,0.0254462650307644,0.06794898517541567,0.26067026139438243,0.23096316801386887,23.096316801386887,3.012964875000762
10,2,ResDyNet,57,0.004738285077860982,0.03537087971862659,0.18807147502645527,0.16663804859363,16.663804859362997,3.0601052500132937
10,2,Plain,57,0.021755162480992723,0.08745082576260027,0.29572085784164814,0.26201924918297537,26.201924918297536,3.0630341669893824
10,2,ResDyNet,58,0.00473669303900799,0.04210990452578396,0.20520697971994997,0.1818207181791654,18.18207181791654,3.109716750012012
10,2,Plain,58,0.02329848536941717,0.08133866084761814,0.28519933528607344,0.2526968041569649,25.269680415696488,3.1126162500004284
10,2,ResDyNet,59,0.006255949666024445,0.03356926042090459,0.18321915953552617,0.1623387236457328,16.23387236457328,3.158933041995624
10,2,Plain,59,0.028339052677536797,0.053581386129949005,0.2314765347285746,0.2050964827970824,20.50964827970824,3.161874707991956
10,2,ResDyNet,60,0.005559140116006278,0.04017354374322591,0.2004333897912868,0.1775911468931065,17.75911468931065,3.2254792079911567
10,2,Plain,60,0.027853128489232177,0.06679523127153035,0.2584477341195514,0.22899392941470403,22.899392941470403,3.228426582994871
10,2,ResDyNet,61,0.005013574091721853,0.04391828530885422,0.2095668993635546,0.18568376280798599,18.5683762807986,3.276579750003293
10,2,Plain,61,0.024474289621466902,0.127484224206837,0.35704933021479957,0.31635846760008374,31.635846760008373,3.2794941249885596
10,2,ResDyNet,62,0.004996253119901522,0.03133162473083575,0.17700741433859699,0.15683489539197165,15.683489539197165,3.326758957991842
10,2,Plain,62,0.04366315057252651,0.10672319956280728,0.3266851688748776,0.28945473543041267,28.945473543041267,3.3307616249949206
10,2,ResDyNet,63,0.005472752379720118,0.0413867687122472,0.20343738277968285,0.18025279204426434,18.025279204426432,3.3777252919971943
10,2,Plain,63,0.07276384742286146,0.11813815971158209,0.3437123211518349,0.30454140090235426,30.454140090235427,3.380671833001543
10,2,ResDyNet,64,0.00449821015932291,0.028537891741279506,0.16893161853625716,0.1496794516801954,14.96794516801954,3.4278907919942867
10,2,Plain,64,0.05188338114188585,0.07876910791499439,0.2806583473103809,0.24867332651448826,24.867332651448827,3.43177337499219
10,2,ResDyNet,65,0.004184544960144656,0.037234234618988525,0.19296174392606563,0.17097100161808285,17.097100161808285,3.4786151250009425
10,2,Plain,65,0.09564692910703684,0.0702866078145615,0.2651162156763737,0.2349024424071989,23.49024424071989,3.4815500830009114
10,2,ResDyNet,66,0.004606693819922296,0.03225355040675246,0.17959273483844623,0.1591255817548206,15.912558175482062,3.5281081249995623
10,2,Plain,66,0.06369030153413698,0.12029754823719488,0.34683936950293703,0.30731207750289824,30.731207750289823,3.5310599580116104
10,2,ResDyNet,67,0.004870178567304938,0.028510448268702984,0.16885037242690046,0.14960746472354966,14.960746472354966,3.577302666992182
10,2,Plain,67,0.04849146154614821,0.05455189418749191,0.23356346929152236,0.20694558140740218,20.69455814074022,3.5811400419916026
10,2,ResDyNet,68,0.004844137017884086,0.03236825811027724,0.1799118064782777,0.15940829063140918,15.940829063140919,3.627270791999763
10,2,Plain,68,0.03445194688331017,0.050390657239863176,0.22447863426139952,0.19889609287650314,19.889609287650316,3.6301859579980373
10,2,ResDyNet,69,0.004979602840950624,0.0288101879802569,0.16973564145534342,0.1503918447224802,15.03918447224802,3.678850666998187
10,2,Plain,69,0.01838508877562957,0.04839343697247619,0.2199850835226702,0.1949146463213943,19.49146463213943,3.682643125008326
10,2,ResDyNet,70,0.004560278207957036,0.03543767551578482,0.1882489721506729,0.16679531738947714,16.679531738947713,3.7307043749897275
10,2,Plain,70,0.018889920809770512,0.05310666634353111,0.23044883671550853,0.2041859056273293,20.41859056273293,3.733608542010188
10,2,ResDyNet,71,0.0039049882842712913,0.03820921700364402,0.19547178058135148,0.17319498380398574,17.319498380398574,3.7803404169972055
10,2,Plain,71,0.022064682803883854,0.0936915937047472,0.3060908259075192,0.2712074115145141,27.120741151451412,3.7832612920028623
10,2,ResDyNet,72,0.004015002217207138,0.033388552339121746,0.18272534673416752,0.16190118785473956,16.190118785473956,3.829988832992967
10,2,Plain,72,0.03008050944350336,0.05371497307613359,0.23176490906980202,0.20535199276997887,20.535199276997886,3.8329002920072526
10,2,ResDyNet,73,0.0037813573790735776,0.04218971746018082,0.20540135700666834,0.1819929434022893,18.19929434022893,3.879608749994077
10,2,Plain,73,0.04541768701048473,0.07937812191629397,0.2817412321906291,0.24963280122095674,24.963280122095675,3.882488875009585
10,2,ResDyNet,74,0.003983834950388856,0.0261859180750988,0.16182063550455733,0.1433788665658489,14.337886656584889,3.9288749580155127
10,2,Plain,74,0.03967891778756163,0.08999908815572155,0.29999848025568654,0.2658093755250773,26.580937552507727,3.9326081250037532
10,2,ResDyNet,75,0.003979033024030867,0.03207496808648119,0.1790948577890532,0.15868444489481173,15.868444489481174,3.9787790419941302
10,2,Plain,75,0.04693717238859973,0.07484877882747756,0.27358504861829996,0.24240613107189155,24.240613107189155,3.9817094999889378
10,2,ResDyNet,76,0.003993129212011124,0.029591169815719732,0.17202084122489267,0.15241661339189555,15.241661339189555,4.028272708004806
10,2,Plain,76,0.03690597881985422,0.05342412369197169,0.23113659098457712,0.20479528049022866,20.479528049022868,4.031179917015834
10,2,ResDyNet,77,0.0036190147894394763,0.029556379118101172,0.17191968798861046,0.1523269880093083,15.23269880093083,4.077709750010399
10,2,Plain,77,0.04580745683173909,0.098305367739012,0.3135368682292594,0.2778048711349368,27.780487113493677,4.080635708000045
10,2,ResDyNet,78,0.0034903540172382726,0.03672071694465474,0.19162650376358364,0.16978793111231613,16.978793111231614,4.127323499997146
10,2,Plain,78,0.035651430535652645,0.04785162399233361,0.21875014055386025,0.19382044271386706,19.382044271386707,4.130243791994872
10,2,ResDyNet,79,0.0035780788962770584,0.02947480657415902,0.17168228380983003,0.15211663942202583,15.211663942202582,4.176921667007264
10,2,Plain,79,0.03740282787422209,0.05085677550588244,0.2255144685067511,0.19981387903885212,19.98138790388521,4.179842500016093
10,2,ResDyNet,80,0.003161594957270697,0.029358550486780818,0.1713433701278833,0.15181634978696373,15.181634978696373,4.226368500007084
10,2,Plain,80,0.03260556445088994,0.09408624268239779,0.3067348083970872,0.27177800301636196,27.177800301636196,4.229288542002905
10,2,ResDyNet,81,0.0032405627601790744,0.035828381611144135,0.18928386516326248,0.1677122695859591,16.77122695859591,4.2754922499880195
10,2,Plain,81,0.0372376086630464,0.04886080673794177,0.22104480708205243,0.19585359926978432,19.585359926978434,4.278369125007885
10,2,ResDyNet,82,0.003304501562470042,0.033090287519259534,0.18190735971713606,0.16117642212259506,16.117642212259504,4.324675750016468
10,2,Plain,82,0.03426958470940005,0.05341069518816489,0.23110754031005756,0.20476954055432617,20.476954055432618,4.32754616701277
10,2,ResDyNet,83,0.003166181707097991,0.02773508872033967,0.16653855025290593,0.1475591076523046,14.755910765230459,4.373783666989766
10,2,Plain,83,0.03895882104475961,0.0835191214612228,0.28899674991463625,0.2560614492383926,25.60614492383926,4.376699832995655
10,2,ResDyNet,84,0.003123394268147006,0.02926134574485827,0.17105948013734365,0.1515648131090484,15.15648131090484,4.423089457995957
10,2,Plain,84,0.03884632500990818,0.0575101550836072,0.23981275004387737,0.21248266750480047,21.248266750480045,4.42600962499273
10,2,ResDyNet,85,0.003781953148754592,0.03477012610906408,0.18646749343803623,0.16521686357959922,16.521686357959922,4.472384583001258
10,2,Plain,85,0.03811028550814783,0.056135170355151316,0.23692861869168805,0.2099272240472058,20.992722404720578,4.475310542009538
10,2,ResDyNet,86,0.0033137019298158845,0.028390070113228826,0.16849353136909687,0.14929129079274964,14.929129079274963,4.521645750006428
10,2,Plain,86,0.037538003122737466,0.08081991105362155,0.28428842933475423,0.25188970892809615,25.188970892809614,4.5245541670010425
10,2,ResDyNet,87,0.0033690513086687707,0.036088845690395756,0.18997064428588897,0.1683207804342588,16.83207804342588,4.570799625013024
10,2,Plain,87,0.032770047091271,0.05133647803540461,0.22657554597838797,0.2007540316018889,20.07540316018889,4.57370379200438
10,2,ResDyNet,88,0.0035687790626910466,0.03263999899683103,0.18066543387386264,0.16007603143872356,16.007603143872355,4.620217207993846
10,2,Plain,88,0.030156090442477294,0.07934292253066885,0.2816787576844744,0.2495774465756497,24.95774465756497,4.623088749998715
10,2,ResDyNet,89,0.003202331185434105,0.03496191472919266,0.18698105446593422,0.1656718970051127,16.56718970051127,4.669484832993476
10,2,Plain,89,0.04604902854102025,0.08678965488191243,0.29460083992058206,0.2610268732751983,26.10268732751983,4.672340874996735
10,2,ResDyNet,90,0.003859770938278259,0.03353458919352643,0.18312451827520645,0.16225486810658787,16.225486810658786,4.718757249996997
10,2,Plain,90,0.031237631246786753,0.045492827751574386,0.21329047740481613,0.18898298603412717,18.898298603412716,4.721632083004806
10,2,ResDyNet,91,0.003672062195482739,0.02915154544139454,0.17073823661205637,0.15128017986432224,15.128017986432225,4.7723211249976885
10,2,Plain,91,0.030945272939248633,0.07299050332736132,0.2701675467693359,0.23937810229136336,23.937810229136335,4.775206958001945
10,2,ResDyNet,92,0.0032142756140093095,0.026746878690121094,0.16354472993686192,0.14490647585242447,14.490647585242447,4.823111208010232
10,2,Plain,92,0.04468773621254077,0.07275480651074084,0.2697309891553821,0.23899129664272512,23.89912966427251,4.825975792016834
10,2,ResDyNet,93,0.003959908332175421,0.026913896825412717,0.16405455441837852,0.14535819856429893,14.535819856429894,4.872327624994796
10,2,Plain,93,0.03175736399223833,0.0607475853154419,0.24647025239456768,0.21838145252826288,21.838145252826287,4.8752442080003675
10,2,ResDyNet,94,0.00313514674331398,0.03116772695708664,0.17654383862680295,0.15642415074301363,15.642415074301363,4.921536500012735
10,2,Plain,94,0.030541896287987483,0.06055785470748755,0.2460850558394141,0.21804015461337836,21.804015461337837,4.924448167002993
10,2,ResDyNet,95,0.0028333013862481423,0.027343760933399495,0.16535949000102623,0.14651441812923943,14.651441812923943,4.970638250000775
10,2,Plain,95,0.03152479560222656,0.10391629176501353,0.32236049969717684,0.28562292397424316,28.562292397424315,4.973572582995985
10,2,ResDyNet,96,0.0032926264213910157,0.031186303371441976,0.1765964421256611,0.15647075932306378,15.647075932306379,5.020059958013007
10,2,Plain,96,0.03811383380358416,0.06579306035260717,0.2565015796298478,0.22726956698079256,22.726956698079256,5.022916916990653
10,2,ResDyNet,97,0.0029878506424913104,0.02673735386392237,0.16351560740162502,0.14488067224535808,14.488067224535808,5.069343917013612
10,2,Plain,97,0.02914325017994081,0.07041743900743087,0.26536284405965893,0.2351209639693479,23.51209639693479,5.072258000000147
10,2,ResDyNet,98,0.003295478954283183,0.0442771807843622,0.2104214361332091,0.18644091292725154,18.644091292725154,5.118504457990639
10,2,Plain,98,0.05282326353426226,0.09602649473743771,0.3098814204456887,0.27456601375210166,27.456601375210166,5.121474749990739
10,2,ResDyNet,99,0.0036421927720204196,0.02794236171835732,0.1671596892745297,0.14810945902512274,14.810945902512273,5.167881333007244
10,2,Plain,99,0.0297232119524655,0.06836434766406589,0.26146576767153645,0.23166801500701487,23.166801500701485,5.170807207992766
10,2,ResDyNet,100,0.0027762177343597094,0.02722159357577726,0.16498967717944435,0.14618675075211784,14.618675075211785,5.217212332994677
10,2,Plain,100,0.03969475571578617,0.12345708375363657,0.3513646023059758,0.31132159549930993,31.132159549930993,5.220198791997973
10,3,ResDyNet,0,1.2254374002988029,2.2082684415228355,1.4860243744713058,1.3166707066536016,131.66707066536017,0.0030894999799784273
10,3,Plain,0,1.0339808030228788,1.9699523748751668,1.4035499189110328,1.2435953913701292,124.35953913701292,0.006754625006578863
10,3,ResDyNet,1,1.1188593983082575,2.0330013604497443,1.4258335668828057,1.26333949989611,126.333949989611,0.05422808398725465
10,3,Plain,1,1.00268601257354,2.170550212506088,1.4732787287224667,1.3053776089876559,130.53776089876558,0.05808958399575204
10,3,ResDyNet,2,0.8580639251823484,1.8775992335341047,1.3702551709568933,1.2140950547203841,121.40950547203842,0.10459091700613499
10,3,Plain,2,0.9424951708544564,2.2981237485151498,1.5159563808088772,1.3431915340458653,134.31915340458653,0.10837770899524912
10,3,ResDyNet,3,0.6843878666646515,1.3383273330895316,1.1568609826117966,1.0250201770865142,102.50201770865142,0.15506787499180064
10,3,Plain,3,0.917180466370154,2.259260943099438,1.503083811069575,1.3317859771880751,133.1785977188075,0.15889991700532846
10,3,ResDyNet,4,0.4299025440409971,0.667887758146772,0.8172440015973027,0.724107393914295,72.4107393914295,0.2052919169946108
10,3,Plain,4,0.8899068751732969,2.082722179413744,1.4431639475173095,1.278694836530293,127.8694836530293,0.2091602089931257
10,3,ResDyNet,5,0.16028032973719264,0.5221330939149222,0.7225877759240895,0.6402385949313354,64.02385949313354,0.25552370899822563
10,3,Plain,5,0.8710348363680613,1.9758630970794433,1.4056539748741308,1.245459660152905,124.5459660152905,0.2591216249857098
10,3,ResDyNet,6,0.18456020046747568,0.46218867184776885,0.6798445938946407,0.6023666080015377,60.23666080015377,0.3053525839932263
10,3,Plain,6,0.8574206781623112,2.035158717859987,1.4265898912651762,1.2640096303301074,126.40096303301074,0.30914270898210816
10,3,ResDyNet,7,0.15080457277198892,0.2898673972131094,0.5383933480394324,0.4770357486719449,47.70357486719449,0.35553149998304434
10,3,Plain,7,0.8444141850785776,2.093157758643877,1.446774950931857,1.2818943146137212,128.18943146137212,0.3594007499923464
10,3,ResDyNet,8,0.09543023824733045,0.37770346785066605,0.6145758438554725,0.5445361627458578,54.453616274585784,0.40587020898237824
10,3,Plain,8,0.8092319064183583,1.8120641566527673,1.3461293238960241,1.192718691960821,119.27186919608211,0.40875762500218116
10,3,ResDyNet,9,0.09630807189081836,0.2793692535725561,0.5285539268348652,0.46831766982139506,46.831766982139506,0.4563646669848822
10,3,Plain,9,0.5512962058696556,0.8425051789349393,0.9178808086755814,0.8132752017695747,81.32752017695746,0.460048042004928
10,3,ResDyNet,10,0.07428300637820595,0.19235471682263247,0.4385826225725689,0.38859987864873663,38.859987864873666,0.5069679589942098
10,3,Plain,10,0.2776835256659099,0.8229282652048673,0.9071539368844007,0.8037708099815857,80.37708099815856,0.5108154589834157
10,3,ResDyNet,11,0.06447899501995247,0.15267043908346048,0.3907306477401798,0.3462013187060385,34.62013187060385,0.557573666999815
10,3,Plain,11,0.26957300658598404,0.9336104402876247,0.9662351889098351,0.8561189108544158,85.61189108544158,0.5614266250049695
10,3,ResDyNet,12,0.0504377766227567,0.13743777954275171,0.37072601681396966,0.3284765007350489,32.847650073504894,0.60783820899087
10,3,Plain,12,0.2769627202286127,0.9416586229301307,0.9703909639573787,0.8598010760749488,85.98010760749489,0.6116946669935714
10,3,ResDyNet,13,0.04527247316850762,0.10424245247687451,0.3228659977093818,0.2860708132796784,28.607081327967844,0.6579671670042444
10,3,Plain,13,0.26639331939054967,0.844409688698009,0.9189176724266483,0.8141939001107822,81.41939001107822,0.6616075839847326
10,3,ResDyNet,14,0.03677677444088064,0.0548541725562068,0.23420967647859214,0.2075181440707478,20.751814407074782,0.7078168749867473
10,3,Plain,14,0.259721486383059,0.7190276682537663,0.8479549918797379,0.7513184289227834,75.13184289227834,0.7116128339839634
10,3,ResDyNet,15,0.03068600931726372,0.046421675750471694,0.2154568999834345,0.1909025138672521,19.09025138672521,0.7577579589851666
10,3,Plain,15,0.2644305594808669,0.7709756298032586,0.878052179430846,0.7779856127738575,77.79856127738574,0.7612060419924092
10,3,ResDyNet,16,0.027878729272944075,0.0456072628921961,0.2135585701679895,0.1892205258039992,18.92205258039992,0.8077496670011897
10,3,Plain,16,0.2595830947457155,0.8023014795917333,0.8957128332181766,0.7936335832254876,79.36335832254876,0.8114034589962102
10,3,ResDyNet,17,0.02790106381720398,0.05091483234661681,0.22564315266946794,0.19992789780622247,19.992789780622246,0.8575847089814488
10,3,Plain,17,0.25076061673213246,0.7529731361166067,0.867740246915289,0.7688488720141016,76.88488720141015,0.8605190840025898
10,3,ResDyNet,18,0.024813038505590884,0.03679871075452514,0.1918299005747674,0.16996814795647636,16.996814795647637,0.9067314589919988
10,3,Plain,18,0.24781505311294427,0.7177872049303203,0.8472232320529934,0.750670063563014,75.0670063563014,0.9102805839793291
10,3,ResDyNet,19,0.024748981618389183,0.05584496834248745,0.2363154001382209,0.20938389049225387,20.938389049225385,0.9704304169863462
10,3,Plain,19,0.23880225075402745,0.8458993680941884,0.9197278771974831,0.814911770494657,81.4911770494657,0.9743786669860128
10,3,ResDyNet,20,0.02271289186992025,0.05114326270037903,0.2261487623233411,0.2003758860301659,20.03758860301659,1.0307924170047045
10,3,Plain,20,0.24642994267907695,0.79408707470117,0.8911156348651784,0.7895603011797456,78.95603011797456,1.034664624981815
10,3,ResDyNet,21,0.019944908760294793,0.05194000463532449,0.22790349851488564,0.20193064501057198,20.193064501057197,1.0933291249966715
10,3,Plain,21,0.23811072944829811,0.7130285025915409,0.844410150691914,0.7481775729368867,74.81775729368867,1.0964250839897431
10,3,ResDyNet,22,0.01922643069511815,0.042547997125056296,0.2062716585599105,0.18276406168325074,18.276406168325074,1.144641958991997
10,3,Plain,22,0.21915281824173222,0.7687017215718325,0.8767563638616104,0.7768374738667516,77.68374738667517,1.147556583979167
10,3,ResDyNet,23,0.018447993891253255,0.050067828101845555,0.22375841459450313,0.19825795251080713,19.825795251080713,1.2030209169897716
10,3,Plain,23,0.22758565466201855,0.6261584690214849,0.7913017559828139,0.7011216371176997,70.11216371176997,1.2069344999908935
10,3,ResDyNet,24,0.01710702651558567,0.04757264735575341,0.2181115479651488,0.19325462685681452,19.32546268568145,1.2612087499874178
10,3,Plain,24,0.20973282316454622,0.6287164752765291,0.7929164365029452,0.7025523017676099,70.25523017676099,1.2641587919788435
10,3,ResDyNet,25,0.015427848916383215,0.04530898249035433,0.21285906720258438,0.18860074117624442,18.860074117624443,1.3393319169990718
10,3,Plain,25,0.18768837390606824,0.7081881174337246,0.8415391360083764,0.7456337513165102,74.56337513165103,1.3463822089834139
10,3,ResDyNet,26,0.014764648769381423,0.0429800999740887,0.207316424757154,0.18368976187420608,18.368976187420607,1.40051479198155
10,3,Plain,26,0.17794500876661984,0.47333870808183476,0.6879961541184912,0.6095891816986113,60.95891816986113,1.4034492500068154
10,3,ResDyNet,27,0.01488956420020515,0.044910280060450745,0.21192045691827568,0.1877690989181874,18.77690989181874,1.4509790419833735
10,3,Plain,27,0.15510634287656783,0.49510581313360835,0.7036375580749,0.6234480246315655,62.34480246315655,1.4538638340018224
10,3,ResDyNet,28,0.014779697901781786,0.05617164829844345,0.23700558706166286,0.2099954207738717,20.999542077387172,1.500287417002255
10,3,Plain,28,0.14286949499974488,0.4325765202384793,0.6577054965852721,0.5827505765287229,58.275057652872285,1.503194041986717
10,3,ResDyNet,29,0.0147079303238508,0.057912292627047966,0.24064973016200947,0.2132242618033382,21.32242618033382,1.5506201249954756
10,3,Plain,29,0.12359455925717672,0.3036025377107817,0.5510013953800678,0.48820692923042164,48.82069292304217,1.5535066250013188
10,3,ResDyNet,30,0.015964709309115414,0.05050743250575519,0.22473858704226826,0.19912642033112835,19.912642033112835,1.6007385419798084
10,3,Plain,30,0.10455834358120095,0.3166535482562255,0.5627197777368639,0.49858983481637426,49.85898348163742,1.603643499984173
10,3,ResDyNet,31,0.015704264865688322,0.04179814358132372,0.20444594293192447,0.1811464123853352,18.11464123853352,1.6501194589945953
10,3,Plain,31,0.1001493797900987,0.2780804119097199,0.5273333024849842,0.4672361530219898,46.72361530219898,1.6530107090075035
10,3,ResDyNet,32,0.016874012428054495,0.05218502952741374,0.22844042883739676,0.20240638446633696,20.240638446633696,1.700495791999856
10,3,Plain,32,0.08304078976714249,0.19923476520743966,0.4463572170441962,0.39548844721649284,39.54884472164928,1.7033555420057382
10,3,ResDyNet,33,0.01629499312250691,0.05523541961331049,0.2350221683444149,0.20823804090252337,20.823804090252338,1.750472624989925
10,3,Plain,33,0.08932324135107063,0.3424323322575964,0.5851771802262938,0.518487896055028,51.8487896055028,1.7533969999931287
10,3,ResDyNet,34,0.012294881189642086,0.04704773257488556,0.21690489292518406,0.1921854873652616,19.21854873652616,1.799960792006459
10,3,Plain,34,0.09148876308959472,0.13657241723561675,0.36955705545371037,0.32744075919089627,32.744075919089624,1.802821208984824
10,3,ResDyNet,35,0.010602530632252779,0.04624016591712161,0.21503526668228543,0.19052893169315743,19.052893169315745,1.8504249590041582
10,3,Plain,35,0.07235253831896583,0.23761306991219758,0.4874557107186227,0.4319031814821795,43.19031814821795,1.8533580419898499
10,3,ResDyNet,36,0.011289428084451538,0.044448339633894586,0.21082774872842186,0.18680092040832086,18.680092040832086,1.901368458988145
10,3,Plain,36,0.0630639340189584,0.13276136473416736,0.3643643296676657,0.32283981855518,32.283981855518,1.9052385420072824
10,3,ResDyNet,37,0.010499632519746062,0.040489237767540855,0.20121937721685965,0.17828755984354552,17.82875598435455,1.9710032499860972
10,3,Plain,37,0.06152443076605809,0.20556867300613688,0.4533968162726078,0.40172578372985157,40.17257837298516,1.9740023339982145
10,3,ResDyNet,38,0.010449342104739006,0.04009567134309379,0.20023903551279354,0.17741894205609238,17.74189420560924,2.023385167005472
10,3,Plain,38,0.06936450417354702,0.12670779159302872,0.35596037924610197,0.3153936181224456,31.53936181224456,2.026407625002321
10,3,ResDyNet,39,0.010664012819998904,0.038305300755036804,0.1957174002357399,0.17341261159627996,17.341261159627997,2.076487708982313
10,3,Plain,39,0.055444512754596914,0.08839443352624908,0.29731201376037447,0.26342907019526585,26.342907019526585,2.079742667003302
10,3,ResDyNet,40,0.009553872123754418,0.05680046974696911,0.2383284912614711,0.21116756117581917,21.116756117581918,2.129053209006088
10,3,Plain,40,0.04798028696164089,0.20518452578273455,0.4529729857096718,0.401350254703283,40.1350254703283,2.1319693340046797
10,3,ResDyNet,41,0.012128250203448996,0.04153843940679884,0.2038098118511443,0.18058277751228463,18.058277751228463,2.17919179200544
10,3,Plain,41,0.058125427122727766,0.0914988519969489,0.302487771648622,0.268014976667097,26.8014976667097,2.182069208996836
10,3,ResDyNet,42,0.009078207249102424,0.03771507384514994,0.1942036916362558,0.1720714116768241,17.207141167682412,2.2297489999909885
10,3,Plain,42,0.0669695561981316,0.25487305583332437,0.5048495378162927,0.4473147339503197,44.73147339503197,2.23265508399345
10,3,ResDyNet,43,0.008684256054522997,0.05043596676869913,0.22457953328097183,0.19898549301399965,19.898549301399964,2.283003499993356
10,3,Plain,43,0.09604497407620714,0.09658382405646904,0.3107793816463201,0.27536163946921244,27.536163946921242,2.2859367500059307
10,3,ResDyNet,44,0.008866731976807584,0.044656721018914124,0.21132136905413546,0.18723828565901343,18.723828565901343,2.3324137089948636
10,3,Plain,44,0.11667419429877805,0.12850563429881692,0.3584768253301975,0.31762327929134837,31.762327929134837,2.3352849170041736
10,3,ResDyNet,45,0.012459382586938269,0.03799714732913281,0.19492856981246443,0.172713679648267,17.271367964826702,2.3815657919913065
10,3,Plain,45,0.07007097071202753,0.10718377291036991,0.3273893292555057,0.29007864669451217,29.007864669451216,2.384399417001987
10,3,ResDyNet,46,0.009036136950145834,0.03683372273873695,0.1919211367690827,0.17004898648544348,17.004898648544348,2.4315096249920316
10,3,Plain,46,0.05586544351591318,0.1285173719562792,0.3584931965271855,0.31763778475699034,31.763778475699034,2.434393083996838
10,3,ResDyNet,47,0.009812756783620624,0.03213093226778982,0.17925103142740859,0.15882282032007836,15.882282032007836,2.4812484589929227
10,3,Plain,47,0.04756616540457755,0.06337272895954087,0.25173940684672486,0.22305011169373387,22.305011169373387,2.485159250005381
10,3,ResDyNet,48,0.008127584151483864,0.03583085024446227,0.1892903860328418,0.16771804730946382,16.771804730946382,2.532592333998764
10,3,Plain,48,0.04777763168687823,0.21771630633028816,0.4666007997531596,0.41342498500719665,41.342498500719664,2.535505624982761
10,3,ResDyNet,49,0.0067782467681516525,0.03534731964324892,0.18800882863112817,0.1665825416483728,16.65825416483728,2.582240624993574
10,3,Plain,49,0.05716627705424204,0.09380001720013209,0.30626788470248084,0.27136429193497447,27.136429193497445,2.5851348339929245
10,3,ResDyNet,50,0.0073936506724841785,0.0336641491418315,0.18347792548923017,0.16256799952907255,16.256799952907254,2.6320518749998882
10,3,Plain,50,0.06581397584013919,0.14415787903812247,0.37968128613104235,0.3364111894134755,33.64111894134755,2.6349674169905484
10,3,ResDyNet,51,0.006899481312743855,0.033944238245421046,0.184239621811979,0.16324288969423956,16.324288969423957,2.681479666993255
10,3,Plain,51,0.0494373449611586,0.06847669633477109,0.26168052341504344,0.23185829627118448,23.185829627118448,2.68436329200631
10,3,ResDyNet,52,0.006586250205896339,0.038761334312366634,0.19687898392760622,0.17444181626255675,17.444181626255677,2.730832917004591
10,3,Plain,52,0.038834682566093556,0.11125903764989785,0.3335551493380035,0.29554178365551237,29.554178365551238,2.7337520839937497
10,3,ResDyNet,53,0.007516765602015123,0.03587928912554783,0.1894182914228397,0.16783137605637166,16.783137605637165,2.780503666988807
10,3,Plain,53,0.03773707001551198,0.14790660967912392,0.38458628378963794,0.34075719264479865,34.075719264479865,2.7834025000047404
10,3,ResDyNet,54,0.007114929685764223,0.03568887067033263,0.18891498265180723,0.1673854264968592,16.738542649685918,2.8302981249871664
10,3,Plain,54,0.0632179168669247,0.10499670807541482,0.32403195533066614,0.2871038934037449,28.710389340374494,2.8331861670012586
10,3,ResDyNet,55,0.006539582390607328,0.03545834057585152,0.18830385172866623,0.16684394265698868,16.684394265698867,2.879781499999808
10,3,Plain,55,0.06454004280295007,0.11294767692506556,0.33607689138806546,0.2977761372395405,29.77761372395405,2.88269808399491
10,3,ResDyNet,56,0.0071241046875074035,0.03420494426924255,0.18494578737901157,0.16386857762515927,16.386857762515927,2.929028084006859
10,3,Plain,56,0.05933864179543681,0.12115361634831935,0.3480712805566115,0.308403594725254,30.840359472525403,2.931920375005575
10,3,ResDyNet,57,0.007795379430200439,0.04236616290027176,0.20583042267913593,0.18237311092300693,18.237311092300693,2.9780278749822173
10,3,Plain,57,0.06486312751384904,0.09733098807648935,0.3119791468615961,0.27642467432984713,27.642467432984713,2.9809278750035446
10,3,ResDyNet,58,0.007411226561923624,0.031141272342544865,0.17646889908010666,0.1563577516262831,15.63577516262831,3.0272988750075456
10,3,Plain,58,0.05376493329934481,0.10892584603148273,0.3300391583304665,0.29242648996046205,29.242648996046206,3.031293124979129
10,3,ResDyNet,59,0.007696225143114403,0.04119680592619211,0.2029699631132452,0.1798386415141082,17.98386415141082,3.077763209003024
10,3,Plain,59,0.04393121498599336,0.12127323855722996,0.3482430739544291,0.30855580981565817,30.855580981565815,3.080655208992539
10,3,ResDyNet,60,0.0073232338703787805,0.032005456341460604,0.17890068848794463,0.15851240395437155,15.851240395437156,3.127063374995487
10,3,Plain,60,0.051670310183052626,0.09184447301722526,0.30305853067885297,0.26852068956694797,26.852068956694797,3.1299585420056246
10,3,ResDyNet,61,0.009146732080689654,0.04647168290320861,0.21557291783340646,0.1910053098288334,19.100530982883342,3.176260334003018
10,3,Plain,61,0.047507715962791845,0.09517492179808348,0.3085043302744444,0.27334586264284205,27.334586264284205,3.179147833987372
10,3,ResDyNet,62,0.009708103286619198,0.030010077813188617,0.1732341704548748,0.15349166645434106,15.349166645434106,3.2260545839963015
10,3,Plain,62,0.05173279132204101,0.10102427769734942,0.3178431652519044,0.28162040420510165,28.162040420510166,3.2300258750037756
10,3,ResDyNet,63,0.010027663873145824,0.031986619946336635,0.1788480359029325,0.15846575188223463,15.846575188223463,3.2764875839930028
10,3,Plain,63,0.04692081950550268,0.09131660738826959,0.3021863785617571,0.2677479316202726,26.77479316202726,3.2794162089994643
10,3,ResDyNet,64,0.013642946223114466,0.068803427420209,0.26230407434923503,0.23241078468474005,23.241078468474004,3.326033916993765
10,3,Plain,64,0.05279859782590388,0.10586804962645868,0.32537370764469997,0.28829273390853244,28.829273390853245,3.328907999995863
10,3,ResDyNet,65,0.018929353010325892,0.039212804688499976,0.19802223281364134,0.1754547756355767,17.54547756355767,3.375397333991714
10,3,Plain,65,0.04578430298916656,0.08000976629610498,0.28285997648325045,0.250624048648412,25.0624048648412,3.3782699589792173
10,3,ResDyNet,66,0.015285585386853569,0.05605386237765823,0.23675696901603177,0.20977513629977323,20.977513629977324,3.4247744169842917
10,3,Plain,66,0.05511833711358669,0.09553901721433293,0.3090938647309793,0.2738682112414366,27.386821124143662,3.4276683339849114
10,3,ResDyNet,67,0.014194369638047372,0.029014021359207727,0.17033502681247836,0.15092292157107998,15.092292157107998,3.475649458996486
10,3,Plain,67,0.048121691897788164,0.08295781100280594,0.2880239764373896,0.2551995371703917,25.51995371703917,3.479334250005195
10,3,ResDyNet,68,0.013408742265730394,0.03378507790829653,0.18380717588901835,0.16285972715077413,16.285972715077413,3.5258766670012847
10,3,Plain,68,0.04053198999291685,0.11104468604817426,0.3332336808429998,0.295256951079577,29.5256951079577,3.528782459005015
10,3,ResDyNet,69,0.009125856253096764,0.04872913758675666,0.22074677253984182,0.1955895300135588,19.55895300135588,3.575367583980551
10,3,Plain,69,0.04846041581601113,0.07090138299830182,0.26627313608079545,0.23592751523413275,23.592751523413273,3.578308541997103
10,3,ResDyNet,70,0.012868063332999106,0.030079102118935202,0.17343327857979046,0.15366808336918908,15.366808336918908,3.6245980839885306
10,3,Plain,70,0.042171793997126554,0.10317413153911614,0.32120730306005835,0.28460115053822826,28.460115053822825,3.6278782919980586
10,3,ResDyNet,71,0.009774013617762813,0.032176032912067665,0.17937679033829226,0.1589342472097753,15.893424720977531,3.678599624981871
10,3,Plain,71,0.043178053430684094,0.0811139603493287,0.28480512697163424,0.2523475215012709,25.234752150127086,3.681530375004513
10,3,ResDyNet,72,0.010890990616623105,0.05893311548173995,0.2427614373860477,0.21509530987676506,21.509530987676506,3.727920584002277
10,3,Plain,72,0.04969970146194304,0.08027662889582396,0.2833313058873374,0.25104166334586037,25.104166334586036,3.730785833991831
10,3,ResDyNet,73,0.012819890224774961,0.028675079435963854,0.16933717676861115,0.15003879076881074,15.003879076881073,3.7769610839895904
10,3,Plain,73,0.03930137780509339,0.09484537850605236,0.30796976881838967,0.2728722220874213,27.28722220874213,3.780903125007171
10,3,ResDyNet,74,0.00815050099538231,0.03113106959960404,0.17643998866357946,0.15633213596397472,15.633213596397471,3.8271822090027854
10,3,Plain,74,0.03992809036240794,0.10205730933429318,0.3194640970974566,0.2830566077527587,28.30566077527587,3.830122583982302
10,3,ResDyNet,75,0.00772826093224641,0.03010411705077596,0.1735053804663589,0.15373196821762766,15.373196821762766,3.876498875004472
10,3,Plain,75,0.04964577678918729,0.0845822940447878,0.29083035268827734,0.257686086829247,25.7686086829247,3.879429958993569
10,3,ResDyNet,76,0.0070768136718511974,0.04059697574833752,0.20148691210184724,0.1785246053134063,17.85246053134063,3.926213166996604
10,3,Plain,76,0.04118912529890993,0.06257457266773064,0.25014910087332043,0.22164104376337584,22.164104376337583,3.9291332089924254
10,3,ResDyNet,77,0.0071552579328180155,0.03313018082932954,0.18201697950831272,0.16127354917541553,16.127354917541552,3.976688666996779
10,3,Plain,77,0.04312434518603838,0.10198226557655579,0.31934662292962457,0.28295252144150423,28.295252144150425,3.979579916980583
10,3,ResDyNet,78,0.006613647231238292,0.032600605835525084,0.18055637855120235,0.15997940452518283,15.997940452518284,4.0259541249834
10,3,Plain,78,0.039333681614666875,0.0795606967037657,0.2820650575731877,0.24991972208350152,24.991972208350152,4.028873584000394
10,3,ResDyNet,79,0.005218024514568361,0.03153079543587432,0.17756912861157573,0.15733259431363536,15.733259431363535,4.075389208999695
10,3,Plain,79,0.045657025652592595,0.07748423968609668,0.2783599103428809,0.24663682921458785,24.663682921458786,4.078292958991369
10,3,ResDyNet,80,0.0052373486076659455,0.02866320211264355,0.16930210309574878,0.1500077142411131,15.000771424111308,4.12469716698979
10,3,Plain,80,0.03925276499573894,0.10118498858142305,0.3180958795417241,0.28184431809795196,28.184431809795196,4.1285540419921745
10,3,ResDyNet,81,0.0051332791289022735,0.030489688833844664,0.17461296868745077,0.15471333096698706,15.471333096698705,4.17507712499355
10,3,Plain,81,0.03782271376013712,0.07097983477949826,0.2664204098403466,0.236058005048695,23.6058005048695,4.177989499992691
10,3,ResDyNet,82,0.004792465739140583,0.028907887784486122,0.17002319778337932,0.150646629906453,15.0646629906453,4.22434250000515
10,3,Plain,82,0.041017578727922596,0.08723182276285714,0.2953503390261422,0.26169095627000466,26.169095627000466,4.227273500000592
10,3,ResDyNet,83,0.004818888620905159,0.028839719301786006,0.16982261127949366,0.15046890309499994,15.046890309499993,4.273525208991487
10,3,Plain,83,0.041265673668777814,0.0715784302562508,0.2675414552106847,0.2370512913132483,23.70512913132483,4.276462334004464
10,3,ResDyNet,84,0.004543585138323595,0.028853444454075408,0.16986301673429507,0.15050470377205477,15.050470377205476,4.3228132920048665
10,3,Plain,84,0.03697911826667038,0.0778443088619605,0.27900592979712907,0.24720922553994393,24.72092255399439,4.325780333980219
10,3,ResDyNet,85,0.004563239542420722,0.028635112712540753,0.16921912632010824,0.14993419385228546,14.993419385228545,4.371910416986793
10,3,Plain,85,0.04034835962494549,0.06638342530413062,0.25764981137996323,0.2282869413494764,22.828694134947643,4.375853959005326
10,3,ResDyNet,86,0.00441559779749412,0.0334165084343614,0.18280182831241432,0.1619689532665364,16.19689532665364,4.422237458988093
10,3,Plain,86,0.0439388998465796,0.08892514588966831,0.2982031956395979,0.2642186891913146,26.42186891913146,4.425157666992163
10,3,ResDyNet,87,0.004528139228840135,0.026308849739098215,0.16220003002187827,0.1437150236678474,14.37150236678474,4.4714497920067515
10,3,Plain,87,0.03068377608488099,0.074755299207268,0.2734141532680194,0.2422547116837016,24.22547116837016,4.475352042005397
10,3,ResDyNet,88,0.005639592135236021,0.03546495213132425,0.18832140646066833,0.16685949677695291,16.68594967769529,4.52182479199837
10,3,Plain,88,0.04357629936687721,0.07786333939655744,0.2790400318888984,0.24723944121206862,24.723944121206863,4.524717333988519
10,3,ResDyNet,89,0.0052335396206157755,0.027783016771229588,0.16668238290602155,0.147686548523579,14.768654852357898,4.571166124980664
10,3,Plain,89,0.04065044406623146,0.06836251401951746,0.26146226117647925,0.2316649081270712,23.166490812707117,4.57405095899594
10,3,ResDyNet,90,0.005062916543813665,0.03342425135603493,0.18282300554370867,0.1619877170503426,16.19877170503426,4.627292833989486
10,3,Plain,90,0.03482899752905664,0.08068035281079948,0.2840428714310561,0.2516721358491205,25.16721358491205,4.631546708988026
10,3,ResDyNet,91,0.004827493861109599,0.02728403252742486,0.16517878958094123,0.14635431109876723,14.635431109876723,4.680424624995794
10,3,Plain,91,0.03866243054847303,0.07220581691496902,0.26871140079082806,0.2380879049113945,23.80879049113945,4.683323792007286
10,3,ResDyNet,92,0.005714890888677256,0.03127769130155654,0.1768550007818737,0.15669985153341728,15.66998515334173,4.7302482499799225
10,3,Plain,92,0.03486842674054018,0.09177007667576852,0.3029357632828592,0.26841191326636094,26.841191326636093,4.733150124986423
10,3,ResDyNet,93,0.005613198888616727,0.0323324854177361,0.1798123616933388,0.15932017899777254,15.932017899777254,4.7795563339896034
10,3,Plain,93,0.04143597773359045,0.08386575481335402,0.28959584736897387,0.2565922709948242,25.65922709948242,4.782454750005854
10,3,ResDyNet,94,0.005378902087404329,0.027742491433468377,0.16656077399396407,0.14757879868116403,14.757879868116403,4.829278583987616
10,3,Plain,94,0.0476108803494093,0.0551654007217284,0.2348731587936953,0.20810601311494828,20.81060131149483,4.832221791992197
10,3,ResDyNet,95,0.004781669361165688,0.03331883903233078,0.182534487240989,0.16173207952241878,16.173207952241878,4.88010816698079
10,3,Plain,95,0.03381460156966948,0.11698125277109192,0.34202522241947586,0.30304657112816574,30.304657112816574,4.883031042001676
10,3,ResDyNet,96,0.004382654604888091,0.03151743920148864,0.1775315160795081,0.1572992682659424,15.72992682659424,4.93048558398732
10,3,Plain,96,0.04349052341925121,0.07468153085259571,0.2732792177473357,0.2421351539897476,24.21351539897476,4.934273458988173
10,3,ResDyNet,97,0.004529138423423531,0.030697774623901445,0.17520780411814266,0.1552403764181428,15.524037641814282,4.98420000000624
10,3,Plain,97,0.03826520389444533,0.06851643984728034,0.2617564513957208,0.23192557117574908,23.192557117574907,4.987124542007223
10,3,ResDyNet,98,0.004247844134346292,0.03372989398125311,0.1836570009045479,0.16272666674724287,16.272666674724288,5.033525459002703
10,3,Plain,98,0.03834806689735129,0.07577070072504936,0.2752647829364471,0.24389443571188238,24.389443571188238,5.036422584002139
10,3,ResDyNet,99,0.004541394181049284,0.03066199699708737,0.17510567380038652,0.15514988530644852,15.514988530644851,5.083161708986154
10,3,Plain,99,0.029417286680302846,0.0670489243330402,0.2589380704590196,0.22942838493621273,22.942838493621274,5.086121000000276
10,3,ResDyNet,100,0.003978312298675289,0.028898553114263644,0.1699957444004515,0.1506223052279884,15.062230522798838,5.132734874991002
10,3,Plain,100,0.034924197786358656,0.06869977912187997,0.2621064270899895,0.23223566214908745,23.223566214908743,5.135693583986722
10,4,ResDyNet,0,1.306625902324819,2.6315287271862156,1.6221987323340552,1.4373260546246176,143.73260546246175,0.003074207983445376
10,4,Plain,0,1.1202492713503147,2.5623300165386187,1.6007279645644412,1.4183021870102854,141.83021870102854,0.007279457990080118
10,4,ResDyNet,1,1.1763839792347828,2.1715056818555305,1.473602959367119,1.3056648889268998,130.56648889269,0.05498129199258983
10,4,Plain,1,1.073989977109566,2.3398969254380404,1.5296721627322765,1.355344207035374,135.5344207035374,0.05895199999213219
10,4,ResDyNet,2,0.9255137702197936,1.984920350662974,1.4088720135849722,1.2483109574641955,124.83109574641955,0.10611525000422262
10,4,Plain,2,0.971132897717616,2.2734591584105597,1.50779944236976,1.335964195057847,133.5964195057847,0.11001199999009259
10,4,ResDyNet,3,0.8140261095365776,1.6256393411884331,1.2750056239830603,1.1297005518596277,112.97005518596276,0.15733329197973944
10,4,Plain,3,0.928669803102899,2.150865586879446,1.4665829628355316,1.2994449211035326,129.94449211035325,0.16120599998976104
10,4,ResDyNet,4,0.667915028162397,1.2520559716875677,1.1189530694750194,0.991432411209308,99.14324112093081,0.20804379199398682
10,4,Plain,4,0.9105213385933123,2.108624308356832,1.4521102948319153,1.2866216199956595,128.66216199956594,0.21188099999562837
10,4,ResDyNet,5,0.4075962419437985,0.8140690759143431,0.9022577657822309,0.7994326273947191,79.9432627394719,0.2594611669774167
10,4,Plain,5,0.8948905249099737,2.1193241550906037,1.4557898732614551,1.2898818579932583,128.98818579932583,0.26330433299881406
10,4,ResDyNet,6,0.2507267527793001,0.6224350489969331,0.788945529803505,0.6990339365107361,69.90339365107361,0.30968374997610226
10,4,Plain,6,0.8721943206470634,2.072991876155019,1.4397888304036182,1.2757043621400572,127.57043621400572,0.3132737079868093
10,4,ResDyNet,7,0.18847433575546713,0.40444202574663213,0.6359575659952731,0.5634811327496629,56.348113274966295,0.36025524997967295
10,4,Plain,7,0.8524841216614573,2.0176280688585146,1.4204323527921048,1.2585538311710458,125.85538311710458,0.3639223329955712
10,4,ResDyNet,8,0.1400726350067553,0.36020355247398983,0.6001696030906513,0.5317717185456827,53.17717185456827,0.41096058298717253
10,4,Plain,8,0.8218087182626256,1.7758387227960837,1.3326059893292104,1.1807365342073626,118.07365342073626,0.41470724999089725
10,4,ResDyNet,9,0.0949428693943048,0.3364860424053447,0.5800741697449945,0.5139664463857628,51.396644638576284,0.46183208300499246
10,4,Plain,9,0.7230428108148297,1.2896282549960933,1.1356180057554977,1.0061981403626816,100.61981403626817,0.4656434579810593
10,4,ResDyNet,10,0.0818284613316689,0.2485560259190062,0.4985539348144854,0.44173660468433823,44.17366046843382,0.5132452079851646
10,4,Plain,10,0.3560050231837245,0.7922993622203313,0.8901119942009158,0.788671039680848,78.86710396808479,0.5178732499771286
10,4,ResDyNet,11,0.05911464205972508,0.13244860984064924,0.36393489780543065,0.32245932657724075,32.245932657724076,0.5688939169922378
10,4,Plain,11,0.32292482296497615,0.8577464953873336,0.9261460443079879,0.8205984959414154,82.05984959414154,0.5726922919857316
10,4,ResDyNet,12,0.05599013779016593,0.1008333868224777,0.31754273227784274,0.28135420985253556,28.135420985253557,0.6193011669965927
10,4,Plain,12,0.2749175807998725,0.9126262277696908,0.9553147270767319,0.8464429913703285,84.64429913703285,0.6231245829840191
10,4,ResDyNet,13,0.053527944106747764,0.2132408925437577,0.46178013441870547,0.40915370322912054,40.915370322912054,0.6701074999873526
10,4,Plain,13,0.26507578862779224,0.8665594917219389,0.9308917722925362,0.8248033805491959,82.48033805491959,0.6730450420000125
10,4,ResDyNet,14,0.06407082074174843,0.10119068651381101,0.31810483572842935,0.28185225359946914,28.185225359946912,0.7196660829940811
10,4,Plain,14,0.2575077403174672,0.8451589574037911,0.9193252729060543,0.814555048703276,81.4555048703276,0.7226260829775129
10,4,ResDyNet,15,0.0426864968842857,0.08268904128033924,0.2875570226587055,0.2547857994334361,25.47857994334361,0.7690768329775892
10,4,Plain,15,0.26138475830745156,0.9051320366595726,0.9513842739185742,0.8429604693968503,84.29604693968503,0.7729760829824954
10,4,ResDyNet,16,0.035671188064066994,0.14276264212099515,0.3778394396049665,0.33477924756333016,33.47792475633302,0.8193063749931753
10,4,Plain,16,0.2620745350273085,0.9840230541095272,0.99197936173568,0.8789291680811032,87.89291680811033,0.8222391250019427
10,4,ResDyNet,17,0.04026811191562534,0.07564903728853745,0.2750437006887041,0.24369854893884882,24.36985489388488,0.8688286669785157
10,4,Plain,17,0.26844175456067904,0.98136775406895,0.9906400729169752,0.8777425103212231,87.77425103212231,0.8726835830020718
10,4,ResDyNet,18,0.03393404771695589,0.07719761285164188,0.2778445839883187,0.24618023164655667,24.618023164655668,0.9195871249830816
10,4,Plain,18,0.2665248796910789,0.9668394419251273,0.9832799407722743,0.8712211701881079,87.12211701881078,0.9224874999781605
10,4,ResDyNet,19,0.032013510512801234,0.12139874052553987,0.3484232204166936,0.3087154260197028,30.87154260197028,0.9692124169960152
10,4,Plain,19,0.25614008719813447,1.0227877290276741,1.0113296836480545,0.8960742448806714,89.60742448806714,0.9721694999898318
10,4,ResDyNet,20,0.027813048314829968,0.07298186639436721,0.2701515618951096,0.23936393912149556,23.936393912149555,1.0187665830017067
10,4,Plain,20,0.2631241280850737,0.9852066777433512,0.9925757793455123,0.8794576153995248,87.94576153995249,1.0225617079995573
10,4,ResDyNet,21,0.027865835346936714,0.07757521305968035,0.27852327202530197,0.24678157350379915,24.678157350379916,1.0689049999928102
10,4,Plain,21,0.2662374777436358,0.8747039027676555,0.935256062673563,0.8286702978075837,82.86702978075837,1.0717979999899399
10,4,ResDyNet,22,0.026082764101458603,0.06479853675691992,0.25455556713008637,0.2255453303550446,22.55453303550446,1.1181068329897244
10,4,Plain,22,0.26733869576924446,0.8743289232748254,0.9350555722922704,0.8284926561641837,82.84926561641836,1.1219023329904303
10,4,ResDyNet,23,0.022280923601685387,0.06995579842074878,0.26449158478248186,0.23434899711075086,23.434899711075087,1.1681235829892103
10,4,Plain,23,0.2612689664369062,0.8895266846748594,0.9431472232238504,0.8356621480871328,83.56621480871328,1.1710611669986974
10,4,ResDyNet,24,0.019566397605083795,0.05814846614748464,0.2411399306367252,0.21365859694382033,21.365859694382035,1.219929916987894
10,4,Plain,24,0.2574198943829492,0.8526708287688143,0.9234017699619241,0.8181669707897714,81.81669707897714,1.2237275829829741
10,4,ResDyNet,25,0.0180497273503084,0.06421334347481863,0.2534035190655778,0.2245245745954124,22.45245745954124,1.3007501669926569
10,4,Plain,25,0.24722056033762616,0.8334523980001786,0.9129361412498569,0.8088940497067681,80.88940497067682,1.3045957919966895
10,4,ResDyNet,26,0.01791667767735686,0.04482008972425134,0.211707557078748,0.18758046205127393,18.758046205127393,1.3669743749778718
10,4,Plain,26,0.24288504785548543,0.6891201698066474,0.830132621818133,0.7355271720723674,73.55271720723674,1.3710977919981815
10,4,ResDyNet,27,0.01903950014116446,0.09802361584586712,0.3130872336040981,0.2774064787869932,27.74064787869932,1.419990541995503
10,4,Plain,27,0.22727120573126103,0.8860323216858442,0.9412928989883246,0.8340191505404585,83.40191505404584,1.4229546249844134
10,4,ResDyNet,28,0.022851521883528,0.06469582838535144,0.2543537465526141,0.22536651011028772,22.53665101102877,1.4702787499991246
10,4,Plain,28,0.2265859149718952,0.8679215895896822,0.9316230941693546,0.8254513578696786,82.54513578696786,1.4743558329937514
10,4,ResDyNet,29,0.02074151321247855,0.07132369614280995,0.26706496614646025,0.2366291049725106,23.66291049725106,1.5224787079787347
10,4,Plain,29,0.1989760997395895,0.6395616563274892,0.7997259882781659,0.7085858080154895,70.85858080154895,1.5254000829881988
10,4,ResDyNet,30,0.016055076587256047,0.04990724043488938,0.22339928476807927,0.19793975064920838,19.793975064920836,1.5770692079968285
10,4,Plain,30,0.2018055141836717,0.5614343230859037,0.7492892119107973,0.6638970215313651,66.38970215313651,1.5800050419929903
10,4,ResDyNet,31,0.01347327284166038,0.05124326313061657,0.22636974870909005,0.20057168786604657,20.057168786604656,1.628006999992067
10,4,Plain,31,0.1925934692232763,0.6529533967153426,0.8080553178559885,0.7159658917137023,71.59658917137023,1.6308884579921141
10,4,ResDyNet,32,0.015303516678070984,0.046450983074202735,0.21552490128568144,0.19096276545142596,19.096276545142597,1.6782160830043722
10,4,Plain,32,0.16453502608488604,0.5150369028795451,0.7176607157142887,0.6358730434911234,63.58730434911234,1.681117792002624
10,4,ResDyNet,33,0.014225005051735008,0.07253335284100101,0.26932016790615776,0.23862729433306118,23.862729433306118,1.728657999978168
10,4,Plain,33,0.16600035878860062,0.5670214739346234,0.7530082827795611,0.6671922512415858,66.71922512415858,1.7315271249972284
10,4,ResDyNet,34,0.015840647900362267,0.049373501636362636,0.22220148882571117,0.19687846063475237,19.687846063475238,1.7779215829796158
10,4,Plain,34,0.14660130856459097,0.37350743949350507,0.6111525500998135,0.5415030021289938,54.15030021289938,1.7807974169845693
10,4,ResDyNet,35,0.012933477180264717,0.0490532482310174,0.2214796790475763,0.1962389113736681,19.62389113736681,1.8294129169953521
10,4,Plain,35,0.12721269631818222,0.36464678025856045,0.6038599011845053,0.5350414545489874,53.50414545489875,1.8323154999816325
10,4,ResDyNet,36,0.014013079900648784,0.04415192944214909,0.21012360515217962,0.18617702403350783,18.617702403350783,1.8798732080031186
10,4,Plain,36,0.11748814066683294,0.38601312707031227,0.6212995469741727,0.5504936040158085,55.04936040158085,1.8835350000008475
10,4,ResDyNet,37,0.012131185244291362,0.05170853939162299,0.22739511734340953,0.20148020112297763,20.14802011229776,1.9339145419944543
10,4,Plain,37,0.12058591994988349,0.22145522053467692,0.4705902894606697,0.41695981547338157,41.69598154733816,1.9368474170041736
10,4,ResDyNet,38,0.012166304703584213,0.04764036917768078,0.21826673859679302,0.19339213130300217,19.339213130300216,1.9866147499997169
10,4,Plain,38,0.11712060332559891,0.3048492417519268,0.5521315438841787,0.48920828119684595,48.92082811968459,1.9895552079833578
10,4,ResDyNet,39,0.011383337150965324,0.06141594169370728,0.2478223994995353,0.2195795031893301,21.95795031893301,2.0369035829789937
10,4,Plain,39,0.13383944979745885,0.2968070427194318,0.5448000024958075,0.4827122734956794,48.271227349567944,2.039820374979172
10,4,ResDyNet,40,0.012553530901237363,0.06412579898420588,0.25323072282842357,0.22437147095351428,22.437147095351428,2.0862807079975028
10,4,Plain,40,0.10813338690718086,0.18502768910488285,0.43014845007843844,0.38112690037956387,38.11269003795638,2.0892207080032676
10,4,ResDyNet,41,0.01537510309487744,0.03779719249854996,0.19441500070352072,0.1722586390626582,17.225863906265822,2.1365177919797134
10,4,Plain,41,0.08725110740612468,0.21628041633136522,0.4650595836356512,0.41205941244364586,41.20594124436459,2.140475666994462
10,4,ResDyNet,42,0.011511462816177485,0.057813934434544995,0.24044528366043072,0.2130431148959718,21.30431148959718,2.2127103329985403
10,4,Plain,42,0.10104345277385401,0.24269060981396648,0.4926363870178151,0.436493445841893,43.6493445841893,2.2155832499847747
10,4,ResDyNet,43,0.010484973656217556,0.03799142885975874,0.19491390114550255,0.17270068268507707,17.270068268507707,2.263488917000359
10,4,Plain,43,0.09775756584698071,0.21938714718312766,0.468387817073766,0.4150083462216869,41.50083462216869,2.2664648329955526
10,4,ResDyNet,44,0.00976555821986028,0.05001077434318381,0.2236308886160045,0.19814495993604792,19.81449599360479,2.3145324579963926
10,4,Plain,44,0.07898510944262296,0.18482410742235625,0.42991174375952584,0.38091717012106596,38.0917170121066,2.3176901249971706
10,4,ResDyNet,45,0.010891210895268151,0.0369710411417212,0.19227855091434717,0.17036566819221613,17.036566819221612,2.365865792002296
10,4,Plain,45,0.08742370597242256,0.26822459140855887,0.5179040368722365,0.4588814866848524,45.88814866848524,2.369509082986042
10,4,ResDyNet,46,0.010599519237283674,0.036163281090931206,0.19016645627168638,0.1684942768520432,16.849427685204322,2.416255916992668
10,4,Plain,46,0.08186319631934247,0.16400969266051046,0.404981101609088,0.35882773014857317,35.882773014857314,2.4199645000044256
10,4,ResDyNet,47,0.008365095098927532,0.04327745903027913,0.20803235092234845,0.18432409804394337,18.432409804394336,2.4670896669849753
10,4,Plain,47,0.07669006182596023,0.16817055776837309,0.4100860370317101,0.3633508853846481,36.33508853846481,2.469976583000971
10,4,ResDyNet,48,0.007811269507519773,0.038675310943490644,0.1966603949540696,0.1742481386195803,17.42481386195803,2.5179542919795495
10,4,Plain,48,0.07359681645737451,0.26356250709327733,0.5133833919141496,0.45487603368303875,45.48760336830387,2.520871416985756
10,4,ResDyNet,49,0.007505439407127385,0.04377656947162214,0.2092285101787568,0.18538393789614346,18.538393789614346,2.567492707981728
10,4,Plain,49,0.07623048628358753,0.15580491367491595,0.3947213114020016,0.34973718933770104,34.9737189337701,2.570378874981543
10,4,ResDyNet,50,0.007215501911921475,0.042639739169207345,0.20649392041706058,0.18296099363237844,18.296099363237843,2.617607207997935
10,4,Plain,50,0.08175834666838643,0.16682946320941622,0.40844762602984513,0.36189919467978865,36.18991946797887,2.6204792499775067
10,4,ResDyNet,51,0.0073996797574476456,0.04919865441747484,0.2218076969301896,0.19652954694110228,19.652954694110228,2.666723375004949
10,4,Plain,51,0.058522254508276396,0.25334848645895164,0.5033373485635172,0.4459748802263494,44.59748802263494,2.669654792000074
10,4,ResDyNet,52,0.00750615759221255,0.04148408492508155,0.20367642211380665,0.1804645894376219,18.04645894376219,2.719926249992568
10,4,Plain,52,0.07383171241959258,0.12127421076684332,0.3482444698295198,0.30855704661087746,30.855704661087746,2.7228377499850467
10,4,ResDyNet,53,0.007234316298943996,0.03626526905401347,0.1904344219252745,0.16873170399827983,16.873170399827984,2.7699637500045355
10,4,Plain,53,0.07049815790751617,0.16496042460604426,0.4061532033679462,0.359866254198123,35.9866254198123,2.772869541979162
10,4,ResDyNet,54,0.007533157049720784,0.03760806430440676,0.19392798741905914,0.1718271278866522,17.18271278866522,2.8190038329921663
10,4,Plain,54,0.060084805304708847,0.16046858799999786,0.4005853067699786,0.3549328988143472,35.49328988143472,2.8219394579937216
10,4,ResDyNet,55,0.010131405369835169,0.0341351302009469,0.18475694899230963,0.16370126006541155,16.370126006541156,2.8686102079809643
10,4,Plain,55,0.07294798886988178,0.2091372090614768,0.45731521848881956,0.405197628138062,40.519762813806196,2.8724707920046058
10,4,ResDyNet,56,0.008304444066104456,0.03659671844972651,0.1913026880358102,0.1695010188042561,16.95010188042561,2.91918691698811
10,4,Plain,56,0.062484959308568636,0.10080872945905357,0.31750390463591716,0.2813198071740801,28.131980717408013,2.922096499998588
10,4,ResDyNet,57,0.007311529613031664,0.035259904590508775,0.18777620879788998,0.1663764321622344,16.63764321622344,2.969947167002829
10,4,Plain,57,0.053981502789972685,0.1173386161440256,0.3425472465865484,0.3035091031974625,30.350910319746248,2.972866583004361
10,4,ResDyNet,58,0.007979598289904657,0.03797718468433686,0.1948773580597214,0.1726683042050162,17.26683042050162,3.019714041991392
10,4,Plain,58,0.03769125057998882,0.1650580138238836,0.40627332403676664,0.3599726854038398,35.99726854038398,3.022654957982013
10,4,ResDyNet,59,0.007642213662379212,0.03494608552646967,0.18693872131388314,0.1656343883193983,16.56343883193983,3.0693487919925246
10,4,Plain,59,0.04585792621179681,0.08602985192070706,0.29330845865863986,0.2598817772870974,25.988177728709736,3.072227374999784
10,4,ResDyNet,60,0.007072313286597176,0.039469514148937526,0.19866935885772,0.17602815243907236,17.602815243907237,3.119942749995971
10,4,Plain,60,0.0771340447539467,0.17826294082921174,0.42221196196840716,0.3740948882620637,37.40948882620637,3.12286145798862
10,4,ResDyNet,61,0.006225472190806086,0.03828831948803352,0.19567401331815504,0.1733741692366408,17.33741692366408,3.169282166985795
10,4,Plain,61,0.05870786919707566,0.20005300083979508,0.44727284831498,0.3962997292472913,39.62997292472913,3.1722115419979673
10,4,ResDyNet,62,0.005909181046278812,0.036778630415219934,0.19177755451360812,0.1699217674754283,16.992176747542832,3.2189110000035726
10,4,Plain,62,0.08979794622905297,0.09237417487166512,0.30393120088543907,0.26929390655942836,26.929390655942836,3.2218180829950143
10,4,ResDyNet,63,0.005526283614312922,0.041488098058700414,0.20368627361386044,0.18047331821876453,18.04733182187645,3.2681274579954334
10,4,Plain,63,0.06184217153240282,0.147813791757367,0.38446559242325834,0.3406502557806476,34.06502557806476,3.2710189999779686
10,4,ResDyNet,64,0.006326282060241204,0.0441726616837273,0.2101729328046961,0.18622073009661969,18.622073009661968,3.3171720419777557
10,4,Plain,64,0.05456566937558726,0.1320187926432713,0.3633439040953781,0.32193568502787545,32.19356850278754,3.320043874991825
10,4,ResDyNet,65,0.006050400489846775,0.039901487361163925,0.19975356657933277,0.17698879923026856,17.698879923026855,3.3660081249836367
10,4,Plain,65,0.0834075625549489,0.10295202034816218,0.3208613724775268,0.2842946436784623,28.42946436784623,3.3688523749879096
10,4,ResDyNet,66,0.005345680446282241,0.039032047690310503,0.1975652998132782,0.17504991666635855,17.504991666635856,3.4149761669978034
10,4,Plain,66,0.06403558118772201,0.11350539402750937,0.336905615903786,0.29851041677928436,29.851041677928436,3.4178524169838056
10,4,ResDyNet,67,0.006164624930866566,0.0397691637894958,0.19942207447896984,0.17669508538173884,17.669508538173883,3.464241707988549
10,4,Plain,67,0.0504101477334163,0.2016679774058931,0.4490745788907374,0.3978961269317007,39.78961269317007,3.467073124978924
10,4,ResDyNet,68,0.006198885471660247,0.03103671299779682,0.1761723956747958,0.156095039012074,15.6095039012074,3.513722042000154
10,4,Plain,68,0.06769272963164062,0.08353206680811714,0.2890191460926372,0.25608129305254623,25.60812930525462,3.517398583004251
10,4,ResDyNet,69,0.0059583658596770875,0.03978917639482267,0.19947224467284333,0.17673953796660566,17.673953796660566,3.5641879169852473
10,4,Plain,69,0.047353698511702486,0.14359919113441816,0.37894483917110966,0.3357586710861819,33.57586710861819,3.5670319169876166
10,4,ResDyNet,70,0.0051076412038530425,0.03528799092963168,0.18785098064591432,0.166442682691948,16.6442682691948,3.6133983329928014
10,4,Plain,70,0.053673110111971595,0.1034120144039011,0.3215773847830427,0.2849290561716031,28.492905617160307,3.6162730419891886
10,4,ResDyNet,71,0.004723749937714557,0.03746839564104635,0.19356754800597736,0.17150776568446957,17.150776568446958,3.6628506669949275
10,4,Plain,71,0.04742907277257661,0.10147044914655029,0.31854426559985394,0.2822416041708816,28.22416041708816,3.6657747499994002
10,4,ResDyNet,72,0.00618676082742115,0.03200334947841322,0.17889480003178745,0.15850718657176144,15.850718657176143,3.712408041988965
10,4,Plain,72,0.056932283472211596,0.15570579311671254,0.3945957337791585,0.34962592307568735,34.962592307568734,3.7153415829816367
10,4,ResDyNet,73,0.006842544285004904,0.03440839408290046,0.18549499746057968,0.1643551973863303,16.43551973863303,3.766791292000562
10,4,Plain,73,0.044072275018064794,0.16101934453979355,0.4012721576932463,0.35554147328058117,35.554147328058114,3.7697212919883896
10,4,ResDyNet,74,0.006487134897136802,0.03553308438727342,0.18850221321584906,0.1670196980241204,16.70196980241204,3.816277916979743
10,4,Plain,74,0.05764274893159052,0.07916245384984436,0.2813582304640196,0.249293448002606,24.9293448002606,3.819188374996884
10,4,ResDyNet,75,0.006531793275668738,0.03894025786068737,0.197332860569869,0.174843967189263,17.484396718926302,3.8663207499776036
10,4,Plain,75,0.04382725769042122,0.1022816541554239,0.31981503115929977,0.28336754787402035,28.336754787402036,3.8692538749892265
10,4,ResDyNet,76,0.006937606334129412,0.0342385999157181,0.18503675287822713,0.1639491763085933,16.39491763085933,3.9156245419871993
10,4,Plain,76,0.05387511296530999,0.11853132253657947,0.34428378198308945,0.3050477356229947,30.50477356229947,3.918524291977519
10,4,ResDyNet,77,0.00646777401419243,0.037143888146256666,0.19272749712030368,0.17076345057614004,17.076345057614002,3.965650333004305
10,4,Plain,77,0.04186140274100402,0.06988464040496307,0.26435703207019684,0.2342297785987197,23.42297785987197,3.96853904199088
10,4,ResDyNet,78,0.006254695977805735,0.03630775158134861,0.190545930372046,0.16883050446745834,16.883050446745834,4.016857916984009
10,4,Plain,78,0.04879138292345703,0.1307332299817353,0.3615705048558791,0.32036438991995986,32.036438991995986,4.019742666976526
10,4,ResDyNet,79,0.005024238242058545,0.04087970987181072,0.20218731382510308,0.17914518627273865,17.914518627273864,4.0664601669996046
10,4,Plain,79,0.035702018968195304,0.12179314132709204,0.34898874097467963,0.30921649744592056,30.921649744592056,4.069432791991858
10,4,ResDyNet,80,0.005346978961905541,0.034660897027711544,0.18617437263950037,0.16495714807588793,16.495714807588794,4.1165200419782195
10,4,Plain,80,0.04630674127431369,0.09516386080406831,0.30848640294844165,0.27332997839127665,27.332997839127664,4.119441791990539
10,4,ResDyNet,81,0.0051424701887651135,0.044059864925488954,0.2099044185468447,0.18598281686739856,18.598281686739856,4.1664176670019515
10,4,Plain,81,0.05877109587199941,0.09151552701140307,0.302515333514523,0.26803939746535305,26.803939746535306,4.169334292004351
10,4,ResDyNet,82,0.005502122694054431,0.03339921793985198,0.18275452919107638,0.1619270445545489,16.19270445545489,4.216044417000376
10,4,Plain,82,0.049486229647215774,0.12346090498637236,0.35137003996694477,0.3113264134612717,31.132641346127173,4.218975916999625
10,4,ResDyNet,83,0.004505546027921495,0.03704619338436478,0.19247387714795164,0.17053873421619672,17.053873421619674,4.265746082994156
10,4,Plain,83,0.03784924066441642,0.07120957351489403,0.266851219811516,0.23643971808040407,23.643971808040405,4.268655457999557
10,4,ResDyNet,84,0.00564339058174271,0.039442702176271834,0.19860186851153197,0.17596835358022841,17.59683535802284,4.315151624992723
10,4,Plain,84,0.04736583281355128,0.09456227973657463,0.3075098042934154,0.27246467707905025,27.246467707905026,4.318083291989751
10,4,ResDyNet,85,0.005620673721502644,0.028283293793131076,0.168176377036524,0.1490102807189172,14.90102807189172,4.364645207999274
10,4,Plain,85,0.04888830949673378,0.09761144941088407,0.3124283108344762,0.27682264966304837,27.682264966304835,4.36841979197925
10,4,ResDyNet,86,0.006980679664992202,0.050164035896090774,0.2239732928187885,0.1984483422973239,19.84483422973239,4.415314999991097
10,4,Plain,86,0.030049028119490773,0.07476332620328362,0.27342883206290375,0.24226771762059288,24.226771762059286,4.418181999993976
10,4,ResDyNet,87,0.005283424938150821,0.028827402906830366,0.1697863448774087,0.15043676976658266,15.043676976658265,4.4648400000005495
10,4,Plain,87,0.04740354814733532,0.09521467055999545,0.3085687452740401,0.27340293663469156,27.340293663469158,4.467742957989685
10,4,ResDyNet,88,0.005461687891817484,0.04960702957202194,0.22272635580914518,0.19734351154094837,19.73435115409484,4.515105291997315
10,4,Plain,88,0.04275809248555942,0.10536593902645948,0.3246011999769247,0.2876082645052719,28.760826450527187,4.517980000004172
10,4,ResDyNet,89,0.005789544131924603,0.03133097422210999,0.17700557681076037,0.15683326727663474,15.683326727663474,4.564091999985976
10,4,Plain,89,0.03348989774940539,0.07312990092537441,0.2704254073221938,0.23960657595719423,23.96065759571942,4.567004249984166
10,4,ResDyNet,90,0.006416262617363338,0.03767823753150811,0.19410882909210522,0.1719873600722963,17.19873600722963,4.6160058329987805
10,4,Plain,90,0.044508166271040046,0.08387608847620884,0.2896136883439884,0.25660807873632785,25.660807873632784,4.619884707994061
10,4,ResDyNet,91,0.006911619663132314,0.037244629365888994,0.19298867678153814,0.1709948650906183,17.09948650906183,4.668509207986062
10,4,Plain,91,0.04063337768651886,0.13823069692785153,0.37179389038532024,0.3294226748853263,32.94226748853263,4.671738874982111
10,4,ResDyNet,92,0.005283568307718767,0.03427215278115339,0.18512739608484044,0.1640294894292629,16.40294894292629,4.720189416984795
10,4,Plain,92,0.03951713832483388,0.05249640451366573,0.2291209386190309,0.20300934045444965,20.300934045444965,4.723093042004621
10,4,ResDyNet,93,0.0044791436933532104,0.034520332424459156,0.18579648119504083,0.16462232275016478,16.46223227501648,4.774358416994801
10,4,Plain,93,0.03726684518665183,0.15225197982827987,0.39019479728499695,0.3457265360513211,34.57265360513211,4.7772445419977885
10,4,ResDyNet,94,0.004099579469335049,0.03566928782100922,0.18886314574582627,0.16733949714549645,16.733949714549645,4.825888583000051
10,4,Plain,94,0.03707653317315457,0.11278708310844472,0.3358378821819312,0.2975643665406585,29.756436654065848,4.828788124985294
10,4,ResDyNet,95,0.004184943100130907,0.03469772357843882,0.18627324976614013,0.16504475674398328,16.50447567439833,4.879679749981733
10,4,Plain,95,0.04544921491732807,0.06223221511613407,0.2494638553300539,0.22103389172119958,22.103389172119957,4.882596874987939
10,4,ResDyNet,96,0.004357597314883543,0.04171628797853195,0.2042456559600031,0.18096895096990784,18.096895096990785,4.929609374987194
10,4,Plain,96,0.034814353420316364,0.08733156488983645,0.29551914470950347,0.26184052413861886,26.184052413861885,4.932632832991658
10,4,ResDyNet,97,0.004808622454734146,0.034189015609290906,0.18490271931286167,0.16383041777928734,16.383041777928735,4.988084124983288
10,4,Plain,97,0.03527874520152062,0.13390410082503434,0.3659290926190952,0.32422625445515446,32.42262544551544,4.991070624993881
10,4,ResDyNet,98,0.005310382602250674,0.0526858708850233,0.22953402990629362,0.20337535409894736,20.337535409894734,5.038306250004098
10,4,Plain,98,0.04435598698935356,0.0569646563292106,0.23867269707532657,0.2114725398288945,21.14725398288945,5.041194332996383
10,4,ResDyNet,99,0.006558430258431414,0.038420414627270416,0.19601126148073844,0.17367298316202093,17.367298316202092,5.088009667000733
10,4,Plain,99,0.03401206334248547,0.10296474474965595,0.3208812003680738,0.2843122118981406,28.43122118981406,5.090911749983206
10,4,ResDyNet,100,0.007557588355146587,0.045496134963136314,0.21329823009846172,0.1889898551977803,18.89898551977803,5.137885292002466
10,4,Plain,100,0.035198527408116846,0.09875132976023389,0.31424724304317114,0.27843428860903097,27.843428860903096,5.1407033749856055
20,0,ResDyNet,0,1.2898386490639195,2.5819487753634784,1.6068443531852978,1.4475841280466997,144.75841280466997,0.005943249998381361
20,0,Plain,0,1.0313621874976355,2.5077372743846946,1.5835836808911283,1.426628906121199,142.6628906121199,0.012221791985211894
20,0,ResDyNet,1,1.1801031451308062,2.3282109247745857,1.5258476086341604,1.3746152673084133,137.46152673084134,0.106757417001063
20,0,Plain,1,1.0066899094071484,2.28983526722811,1.513220164823384,1.3632393756720855,136.32393756720856,0.11296483399928547
20,0,ResDyNet,2,0.9192729330467542,2.1139844470993117,1.453954761022265,1.3098479829620753,130.98479829620752,0.2053751669882331
20,0,Plain,2,0.942491869769853,2.296281600283145,1.5153486728417143,1.3651569194700564,136.51569194700562,0.21202283399179578
20,0,ResDyNet,3,0.8285521677781336,1.713854618313848,1.3091427035712524,1.179388778559159,117.9388778559159,0.3040948339912575
20,0,Plain,3,0.9391878061852896,2.26624467580261,1.5054051533732073,1.3561989386108648,135.6198938610865,0.3107032919942867
20,0,ResDyNet,4,0.6381263020705569,1.1295834884874958,1.062818652681395,0.9574788059364369,95.74788059364369,0.4034527089970652
20,0,Plain,4,0.9372571924829709,2.298838516349738,1.5161921106343148,1.3659167610559217,136.59167610559217,0.4097136250056792
20,0,ResDyNet,5,0.25929637912794146,0.6522492689834921,0.807619507555069,0.7275733821512155,72.75733821512155,0.5016546249971725
20,0,Plain,5,0.9204409586139712,2.2693830805415467,1.506447171507035,1.357137678513504,135.7137678513504,0.5079740000073798
20,0,ResDyNet,6,0.17991776211986046,0.543563634812906,0.7372676819262499,0.6641943834588365,66.41943834588365,0.5993527089885902
20,0,Plain,6,0.9107849063560965,2.188135401264648,1.4792347350115356,1.3326223662007246,133.26223662007246,0.605961124994792
20,0,ResDyNet,7,0.16609019762417526,0.35664162268371047,0.5971947945885919,0.5380046326732578,53.80046326732578,0.6982804169820156
20,0,Plain,7,0.911324453565364,2.196396279409322,1.4820243855650022,1.3351355242772924,133.51355242772925,0.7046024999872316
20,0,ResDyNet,8,0.10150934315936443,0.34688916015478144,0.5889729706487229,0.5305977037971936,53.05977037971936,0.7963020000024699
20,0,Plain,8,0.9113141200438483,2.188138259867669,1.4792357012551005,1.3326232366763533,133.26232366763534,0.8024089169921353
20,0,ResDyNet,9,0.09675505398512806,0.3008933350829743,0.5485374509392903,0.494169896446307,49.416989644630696,0.8938072499877308
20,0,Plain,9,0.8983440242064292,2.159821048040985,1.4696329637161059,1.3239722616023264,132.39722616023263,0.8999333340034354
20,0,ResDyNet,10,0.07967796686460672,0.1843747997506849,0.4293888677535608,0.3868305654420276,38.683056544202756,0.9949380419857334
20,0,Plain,10,0.864998643720242,1.9511508450867567,1.3968360122386438,1.2583904824336953,125.83904824336953,1.0015553749981336
20,0,ResDyNet,11,0.06362671681679828,0.1057544747986209,0.3251991309930285,0.2929674548420941,29.296745484209406,1.0967412919853814
20,0,Plain,11,0.6835071485846976,0.9677595782913854,0.983747720857022,0.8862448835767984,88.62448835767984,1.1039417919819243
20,0,ResDyNet,12,0.06690452025266952,0.12967978091923338,0.36011078978452365,0.3244188913487901,32.44188913487901,1.206088874983834
20,0,Plain,12,0.40401638773727616,1.004333758057361,1.0021645364197243,0.9028363411407389,90.28363411407389,1.2119521249842364
20,0,ResDyNet,13,0.06441522562715674,0.11349826702870575,0.3368950385931882,0.3035041382312036,30.35041382312036,1.3086640420078766
20,0,Plain,13,0.3522987314399921,1.084516854208622,1.041401389574943,0.9381842861669014,93.81842861669014,1.3145084999850951
20,0,ResDyNet,14,0.048625759575346206,0.12346364554758683,0.3513739397672896,0.31654798251496225,31.654798251496224,1.4140090000000782
20,0,Plain,14,0.34164126394947286,1.080162569767407,1.0393086980139283,0.936299008926068,93.6299008926068,1.4197054170072079
20,0,ResDyNet,15,0.04403221108923385,0.1153909424627302,0.33969242332252597,0.30602426392116366,30.602426392116367,1.5132728340104222
20,0,Plain,15,0.2940624291738232,1.003063633873964,1.00153064549916,0.9022652774694487,90.22652774694487,1.5189008339948487
20,0,ResDyNet,16,0.0395567798668032,0.09791701237810332,0.31291694166040823,0.28190259824890834,28.190259824890834,1.610025667003356
20,0,Plain,16,0.30983351637972695,1.0618399429841114,1.0304561819816074,0.9283238981592636,92.83238981592636,1.6167000840068795
20,0,ResDyNet,17,0.03879735159633063,0.10750449114087936,0.3278787750692005,0.2953815095859723,29.53815095859723,1.7087187919823918
20,0,Plain,17,0.31761824211548223,1.2442539429052248,1.1154613139437983,1.004903860360987,100.4903860360987,1.7142786670010537
20,0,ResDyNet,18,0.03734771695438813,0.1272967556766033,0.35678670894051434,0.32142427232387133,32.142427232387135,1.8052713339857291
20,0,Plain,18,0.3399931803751706,1.3437276169604153,1.159192657395834,1.044300830300132,104.4300830300132,1.8109143750043586
20,0,ResDyNet,19,0.03579031733577393,0.1571802674505381,0.39645966686478723,0.35716509817921743,35.71650981792175,1.9020194170007017
20,0,Plain,19,0.3540364002781101,1.3584191598909714,1.1655124022896417,1.049994202146288,104.9994202146288,1.9076704169856384
20,0,ResDyNet,20,0.041614173924746124,0.11786693372358395,0.3433175406581842,0.3092900826092047,30.929008260920472,1.9988369589846116
20,0,Plain,20,0.35119014249264974,1.3866766312938577,1.1775723465222243,1.0608588411647517,106.08588411647517,2.0045108339982107
20,0,ResDyNet,21,0.06460161931662022,0.1654112397391051,0.40670780634148773,0.366397507042635,36.6397507042635,2.100326124986168
20,0,Plain,21,0.35741102866243873,1.361019433007122,1.1666273753890408,1.0509986661808348,105.09986661808348,2.1059589170035906
20,0,ResDyNet,22,0.06686917530076618,0.1405518653042997,0.3749024743907403,0.33774451795387217,33.774451795387215,2.1973172499856446
20,0,Plain,22,0.35744972961999755,1.3349649806370258,1.155406846369289,1.0408902448610713,104.08902448610714,2.2029342919995543
20,0,ResDyNet,23,0.04544310614200169,0.09945249887807756,0.31536090258317934,0.2841043292593554,28.41043292593554,2.293669417005731
20,0,Plain,23,0.34062892929405525,1.3776443355780792,1.1737309468434745,1.057398176668269,105.7398176668269,2.2992058749950957
20,0,ResDyNet,24,0.04014311926065161,0.08487962994330456,0.2913410886629357,0.26246520701291454,26.246520701291452,2.390335709002102
20,0,Plain,24,0.33847951272841303,1.2615551422789213,1.123189717847756,1.011866273866891,101.18662738668911,2.3964050840004347
20,0,ResDyNet,25,0.035983048896534676,0.12735304295013591,0.35686558106678756,0.32149532714502566,32.14953271450256,2.4874567090009805
20,0,Plain,25,0.3149035126330816,1.1209725987106804,1.0587599344094394,0.9538223620879401,95.38223620879401,2.493102042004466
20,0,ResDyNet,26,0.035860113073280186,0.10568642364190285,0.32509448417637427,0.29287317995446166,29.287317995446166,2.5842699999921024
20,0,Plain,26,0.3121993982442135,1.221780783983431,1.1053419307994385,0.9957874463185442,99.57874463185442,2.5898583749949466
20,0,ResDyNet,27,0.03333528594562991,0.08725647067979904,0.2953920626553785,0.2661146741457862,26.61146741457862,2.6837177499837708
20,0,Plain,27,0.2804657501964133,1.1827487234809622,1.0875425157118972,0.9797521964088919,97.9752196408892,2.68959583400283
20,0,ResDyNet,28,0.03178193868351489,0.11309607304483253,0.33629759595458386,0.30296591031924214,30.296591031924216,2.781847167003434
20,0,Plain,28,0.27258600854100007,1.079117480874321,1.0388057955529133,0.9358459509686635,93.58459509686635,2.787428417010233
20,0,ResDyNet,29,0.027685446888985835,0.08874320496075591,0.2978979774364974,0.26837221854091964,26.837221854091965,2.8780582920007873
20,0,Plain,29,0.27354734065512687,1.1515944665661502,1.0731236958366683,0.9667624785465678,96.67624785465678,2.883715999982087
20,0,ResDyNet,30,0.026335967836899177,0.09003256689704772,0.30005427325243633,0.2703147959861707,27.031479598617068,2.974225249985466
20,0,Plain,30,0.2682277463667914,1.306617180693835,1.1430735674897898,1.0297793623929932,102.97793623929931,2.9798343750007916
20,0,ResDyNet,31,0.026231386580288226,0.07031797291687528,0.26517536257517454,0.23889286180824332,23.88928618082433,3.0703114999923855
20,0,Plain,31,0.27227716218637665,1.2546916245378033,1.1201301819600271,1.0091099797793612,100.91099797793612,3.077603416983038
20,0,ResDyNet,32,0.026043844103321584,0.08873218019306935,0.2978794725943185,0.26835554778137966,26.835554778137965,3.1690068340103608
20,0,Plain,32,0.26216302469906416,1.2852873078134492,1.1337051238366391,1.021339459480233,102.1339459480233,3.174632209003903
20,0,ResDyNet,33,0.026433924881924985,0.09763547899659711,0.31246676462721135,0.28149703990918795,28.149703990918795,3.2652399170037825
20,0,Plain,33,0.26678554972996776,1.1200071875895283,1.0583039202372484,0.9534115451494362,95.34115451494361,3.2708409589831717
20,0,ResDyNet,34,0.025482023540166543,0.12295434684321284,0.3506484661925856,0.3158944132815906,31.58944132815906,3.361367584002437
20,0,Plain,34,0.26775145951612067,1.1647797562649214,1.0792496264835683,0.9722812457852169,97.22812457852169,3.3670247920090333
20,0,ResDyNet,35,0.02805802316675403,0.07796994832431559,0.2792309945624153,0.2515553886634806,25.15553886634806,3.4580249589926098
20,0,Plain,35,0.2644699237472305,1.1043533477697776,1.050882175969208,0.9467253971205125,94.67253971205125,3.4635980839957483
20,0,ResDyNet,36,0.027155358736062344,0.09838930068381836,0.31367068827644445,0.2825816382790021,28.258163827900212,3.5607653339975514
20,0,Plain,36,0.25254570033765783,1.0809688365230858,1.0396965117394046,0.9366483850137551,93.66483850137551,3.5663722089957446
20,0,ResDyNet,37,0.026020324784459113,0.09083334493133695,0.3013857079082168,0.27151426727996364,27.151426727996363,3.687466667004628
20,0,Plain,37,0.26032055558284606,1.2061043962916294,1.0982278435241155,0.9893784622717184,98.93784622717185,3.6948455839883536
20,0,ResDyNet,38,0.023933573898663105,0.07660150524770812,0.2767697693891226,0.24933810452557092,24.933810452557093,3.7879814589978196
20,0,Plain,38,0.2565868896613494,1.114860774608303,1.0558696769053948,0.9512185685839029,95.12185685839029,3.793542041996261
20,0,ResDyNet,39,0.02258059015843204,0.07420908149323382,0.27241343853274536,0.24541354556520184,24.541354556520183,3.8850327089894563
20,0,Plain,39,0.2515478035917901,1.1571003547217822,1.0756859926213516,0.9690708167185257,96.90708167185257,3.8906634169979952
20,0,ResDyNet,40,0.021054643480865443,0.1147416267742103,0.33873533440462084,0.3051620355890029,30.51620355890029,3.9814255420060363
20,0,Plain,40,0.2536643508014648,1.0213873111792844,1.0106370818346635,0.9104691415688003,91.04691415688004,3.986980209010653
20,0,ResDyNet,41,0.025127763637919912,0.07628564445237342,0.27619855983037533,0.24882350963690483,24.882350963690484,4.077947999991011
20,0,Plain,41,0.25860621309198784,1.2444690824578484,1.1155577450127125,1.0049907337937087,100.49907337937087,4.083509708987549
20,0,ResDyNet,42,0.02895177391909258,0.13249852910196744,0.364003474024586,0.3279257574060042,32.79257574060042,4.174560166982701
20,0,Plain,42,0.2694588670706617,1.2549138727717857,1.120229383997664,1.0091993495399536,100.91993495399537,4.18017254199367
20,0,ResDyNet,43,0.026835224769374073,0.0647846019583973,0.2545281948201364,0.22930097381965822,22.930097381965822,4.27377745899139
20,0,Plain,43,0.2570908439397729,1.0119125021360635,1.0059386174792493,0.9062363592127445,90.62363592127444,4.280699541996
20,0,ResDyNet,44,0.023376298078733617,0.06717386288151958,0.2591792099716325,0.23349100983606763,23.349100983606764,4.373088458989514
20,0,Plain,44,0.26212311973266145,0.9262811429054462,0.9624350071072052,0.8670445508944955,86.70445508944955,4.378679291985463
20,0,ResDyNet,45,0.024233076052656784,0.11602667487381003,0.3406268851306515,0.3068661077992137,30.68661077992137,4.474792124994565
20,0,Plain,45,0.2692821118689438,0.892663682209011,0.9448088072245152,0.8511653481967478,85.11653481967478,4.480366292002145
20,0,ResDyNet,46,0.02677214206813036,0.05452224673566622,0.2334999930099918,0.21035695405732974,21.035695405732973,4.573757292004302
20,0,Plain,46,0.267122242167567,0.937529135144343,0.9682608817588073,0.8722930017857913,87.22930017857912,4.580146749998676
20,0,ResDyNet,47,0.020352385325366415,0.06847841629503673,0.2616838097686533,0.23574736957998998,23.574736957998997,4.6722576250031125
20,0,Plain,47,0.26603449084215763,0.9514140322995391,0.9754045480207375,0.878728633137598,87.8728633137598,4.677846375008812
20,0,ResDyNet,48,0.02085112044177787,0.0724693238678708,0.26920127018249895,0.24251974697717243,24.251974697717245,4.7696191249997355
20,0,Plain,48,0.2681124282434817,0.9499438653650943,0.974650637595387,0.8780494455339305,87.80494455339306,4.775205541984178
20,0,ResDyNet,49,0.018819584910722536,0.060642582783719964,0.24625714768046827,0.22184970043529145,22.184970043529145,4.866447499982314
20,0,Plain,49,0.2571806338275126,0.9798259275766174,0.9898615699059223,0.8917527666688461,89.1752766668846,4.872046500007855
20,0,ResDyNet,50,0.01786221258321949,0.08124098803538704,0.28502804780475033,0.2567778747408724,25.67778747408724,4.963203916995553
20,0,Plain,50,0.25683945041015166,1.0373893579350402,1.0185231258714944,0.9175735709170219,91.75735709170219,4.968769833998522
20,0,ResDyNet,51,0.0185406190836232,0.0649850850436406,0.25492172336550806,0.22965549831052384,22.965549831052385,5.062041833996773
20,0,Plain,51,0.26012678361101305,1.066439858023767,1.032685749888981,0.9303324854307803,93.03324854307803,5.072486291988753
20,0,ResDyNet,52,0.018592891547769885,0.12188573852138428,0.34912138078522814,0.3145186828983209,31.451868289832092,5.168897791998461
20,0,Plain,52,0.2589080211783741,1.0294617585728167,1.0146239493392697,0.9140608560424843,91.40608560424843,5.1751362920040265
20,0,ResDyNet,53,0.029828479632711537,0.04948368034035495,0.22244927588183996,0.20040151395105227,20.040151395105227,5.289928334008437
20,0,Plain,53,0.25936421571018625,1.0305477829963938,1.0151589939494177,0.914542870422976,91.4542870422976,5.297266125009628
20,0,ResDyNet,54,0.021107314019912827,0.08409655684785354,0.2899940634700192,0.2612516904171848,26.125169041718483,5.3970959589933045
20,0,Plain,54,0.26049998878119046,1.1046070029667419,1.0510028558318678,0.9468341159602776,94.68341159602775,5.403186584007926
20,0,ResDyNet,55,0.019678440577726847,0.0948393309297868,0.30795995020422184,0.27743691235928625,27.743691235928626,5.49586883399752
20,0,Plain,55,0.26092061904154495,1.037128984225741,1.018395298607442,0.917458413080977,91.7458413080977,5.501512541988632
20,0,ResDyNet,56,0.026396404889845154,0.041175633782229305,0.20291780055537095,0.182805874632356,18.2805874632356,5.593390083988197
20,0,Plain,56,0.2595493178331048,1.0280485745684917,1.013927302408063,0.9134332563384632,91.34332563384632,5.599491583998315
20,0,ResDyNet,57,0.019907894086554193,0.10752012432135469,0.3279026140813072,0.29540298582633473,29.540298582633472,5.691640292003285
20,0,Plain,57,0.23798569388247984,1.0359043321559809,1.0177938554324155,0.9169165811404006,91.69165811404007,5.697259499982465
20,0,ResDyNet,58,0.021787613827216643,0.052078442895150706,0.22820701762906132,0.20558858483949716,20.558858483949717,5.789187499991385
20,0,Plain,58,0.23289133322151775,0.9316209529325964,0.9652051351565617,0.8695401214137909,86.9540121413791,5.794804250006564
20,0,ResDyNet,59,0.015434053340661762,0.04290382598854738,0.20713238758954955,0.18660273851954845,18.660273851954845,5.8861857499869075
20,0,Plain,59,0.24066100348429625,1.1796864576081785,1.0861337199480452,0.9784830315496017,97.84830315496016,5.8918192090059165
20,0,ResDyNet,60,0.017907694387543034,0.0577025189999518,0.2402134862990665,0.21640504845411906,21.640504845411908,5.982901374984067
20,0,Plain,60,0.26771467674721494,0.7997332470346898,0.8942780591262932,0.805642887492754,80.5642887492754,5.988654209009837
20,0,ResDyNet,61,0.01700548665910539,0.08196444565399102,0.2862943339536971,0.25791865463479735,25.791865463479734,6.080855667009018
20,0,Plain,61,0.2578155056783763,0.8546760990768534,0.9244869382943457,0.8328576540773746,83.28576540773746,6.086495666997507
20,0,ResDyNet,62,0.015847199466661414,0.05477676901870668,0.23404437403771677,0.21084737948887963,21.084737948887962,6.177900584007148
20,0,Plain,62,0.2672202509713886,0.9318594893841395,0.9653286949967557,0.8696514347859755,86.96514347859755,6.183500124985585
20,0,ResDyNet,63,0.01377378571113833,0.053835954802693896,0.23202576323049537,0.20902884058718413,20.902884058718413,6.274616959010018
20,0,Plain,63,0.25665741529361813,1.1192821024706043,1.0579612953556496,0.9531028790739118,95.31028790739117,6.280256250000093
20,0,ResDyNet,64,0.013397850901363846,0.04624962531079006,0.21505726053958296,0.19374214830526532,19.374214830526533,6.371098458999768
20,0,Plain,64,0.26692003851966706,1.2097552911010006,1.0998887630578833,0.9908747619912767,99.08747619912766,6.37672291698982
20,0,ResDyNet,65,0.01323432056671023,0.049524175748799554,0.22254027893574582,0.2004834973592005,20.048349735920052,6.472441166988574
20,0,Plain,65,0.2734673444037281,1.1504419186249806,1.0725865553068343,0.9662785759806616,96.62785759806616,6.478051791986218
20,0,ResDyNet,66,0.01317448134447304,0.053907432736683775,0.23217974230471483,0.20916755823177088,20.916755823177088,6.569163584004855
20,0,Plain,66,0.2589509236225662,1.0404515066356999,1.0200252480383512,0.9189268122579262,91.89268122579261,6.574798124987865
20,0,ResDyNet,67,0.01334696154935303,0.04434808668286546,0.210589854178366,0.18971752293989444,18.971752293989443,6.666014084010385
20,0,Plain,67,0.2533901188170836,1.000637342296707,1.0003186203888774,0.9011733806040423,90.11733806040422,6.671620459004771
20,0,ResDyNet,68,0.012179706292061358,0.06348822608464193,0.2519687006051385,0.22699516044444634,22.699516044444636,6.762641417008126
20,0,Plain,68,0.25611289055593844,1.0905880164998982,1.0443122217516647,0.9408066151125004,94.08066151125004,6.76822120900033
20,0,ResDyNet,69,0.013282632521319927,0.04622506651441861,0.21500015468463882,0.19369070242062078,19.36907024206208,6.859284999984084
20,0,Plain,69,0.24779527958703174,1.119717751479287,1.0581671661317447,0.9532883452438697,95.32883452438698,6.86499304199242
20,0,ResDyNet,70,0.011732478483805013,0.05585275994777917,0.23633188516951997,0.21290816701977164,21.290816701977164,6.9561264170042705
20,0,Plain,70,0.2440715415520798,0.9719516105625252,0.985876062475667,0.8881622774675658,88.81622774675658,6.964028416987276
20,0,ResDyNet,71,0.011696806431071263,0.05992822723110292,0.24480242488811857,0.22053916054339792,22.05391605433979,7.065193084010389
20,0,Plain,71,0.23410294166891352,0.7701644190624196,0.877590120194171,0.7906089512685858,79.06089512685858,7.0708335420058575
20,0,ResDyNet,72,0.010618458171368115,0.052062572864745645,0.2281722438526335,0.2055572576193284,20.555725761932838,7.1655393749824725
20,0,Plain,72,0.2504189398925022,0.7984876160718053,0.8935813427281286,0.8050152252068994,80.50152252068995,7.1711379589978606
20,0,ResDyNet,73,0.01079782557697518,0.06334343215561293,0.2516812113678988,0.22673616531776375,22.673616531776375,7.262510417000158
20,0,Plain,73,0.23771286469458677,1.0125342367329073,1.006247602100451,0.9065147192372082,90.65147192372082,7.268099749984685
20,0,ResDyNet,74,0.012743406440156197,0.04881611079035404,0.22094368239520687,0.19904514534558024,19.904514534558025,7.3609392090002075
20,0,Plain,74,0.22827701651410598,1.1101201689230367,1.0536224033889166,0.9491940305710053,94.91940305710052,7.3665888749819715
20,0,ResDyNet,75,0.009995444985020847,0.06369824191807803,0.25238510637135075,0.22737029471106096,22.737029471106098,7.4583516670099925
20,0,Plain,75,0.23605252304843155,0.974981183571601,0.9874113547917104,0.8895454013427632,88.95454013427631,7.463981999986572
20,0,ResDyNet,76,0.010080671202740622,0.07343850768662787,0.2709954015968313,0.24413605546023678,24.41360554602368,7.555523249990074
20,0,Plain,76,0.22025467596782433,0.8892725761751401,0.9430125005402314,0.8495470800426987,84.95470800426988,7.561159792006947
20,0,ResDyNet,77,0.01021325930268235,0.05469207532953606,0.23386336893480358,0.21068431446422234,21.068431446422235,7.652478834002977
20,0,Plain,77,0.2245565627980009,0.8397039006257444,0.9163535893015012,0.8255304310725036,82.55304310725036,7.658108500007074
20,0,ResDyNet,78,0.010221417166665416,0.06283516011862501,0.25066942398031916,0.22582465988146266,22.582465988146268,7.7494637919880915
20,0,Plain,78,0.21671817351996114,1.2150433527253177,1.1022900492725667,0.9930380479401505,99.30380479401505,7.7550632919883355
20,0,ResDyNet,79,0.009679137451770688,0.062254098162653725,0.24950771162962823,0.22477808909389238,22.47780890938924,7.8456412499945145
20,0,Plain,79,0.2758980199098765,0.8460356075904655,0.9198019393274105,0.8286370025058601,82.86370025058602,7.8512407499947585
20,0,ResDyNet,80,0.008721054011493652,0.057701404725569526,0.24021116694602174,0.21640295898064377,21.640295898064377,7.942192458984209
20,0,Plain,80,0.23947137495251472,0.8379745200476697,0.9154094821705037,0.8246798978548346,82.46798978548347,7.947890209004981
20,0,ResDyNet,81,0.00848293649259312,0.06316289016076863,0.25132228345446933,0.22641281206356498,22.6412812063565,8.039009792002616
20,0,Plain,81,0.25269428351724316,0.9072649412107897,0.9525045623044489,0.8580983488230768,85.80983488230768,8.044619791995501
20,0,ResDyNet,82,0.009707509973373154,0.05357962858663243,0.23147273832275028,0.20853062800220082,20.853062800220084,8.135606333991745
20,0,Plain,82,0.23382886619472515,1.0663003823508743,1.0326182171310336,0.9302716460916532,93.02716460916533,8.14122554200003
20,0,ResDyNet,83,0.009857503872994116,0.06821065087255976,0.2611716884973556,0.23528600652233228,23.528600652233226,8.235958125005709
20,0,Plain,83,0.21664048862838534,0.9019286513096018,0.9496992425550322,0.8555710745819212,85.55710745819212,8.24156595900422
20,0,ResDyNet,84,0.010583604810453104,0.07583882205425523,0.27538849295904727,0.24809373145816188,24.80937314581619,8.333031124988338
20,0,Plain,84,0.1972929807760458,0.8912763795364197,0.9440743506400435,0.8505036862925858,85.05036862925857,8.338639583991608
20,0,ResDyNet,85,0.014547398518797314,0.05138373599755268,0.22667980941749682,0.20421274382359483,20.421274382359485,8.42986779200146
20,0,Plain,85,0.2016761030849677,0.7315974770013671,0.8553347163545785,0.7705593619616937,77.05593619616937,8.43551091698464
20,0,ResDyNet,86,0.015277927518330866,0.06536608238099151,0.2556679142579129,0.23032773149241045,23.032773149241045,8.527716999989934
20,0,Plain,86,0.19018040505037237,0.6682904256390217,0.8174903214344631,0.7364658635383448,73.64658635383448,8.53337212500628
20,0,ResDyNet,87,0.014179247441353402,0.07104965979839732,0.2665514205522029,0.24013253364258716,24.013253364258716,8.641527500003576
20,0,Plain,87,0.17900890516764872,0.5426782496706095,0.7366669869558493,0.6636532255655873,66.36532255655872,8.655075041984674
20,0,ResDyNet,88,0.012092925813623498,0.0537460677430403,0.23183198170882358,0.20885426546139502,20.885426546139502,8.777655459009111
20,0,Plain,88,0.19449925492079118,0.5779401674314179,0.7602237614225287,0.6848752018935013,68.48752018935012,8.783092875004513
20,0,ResDyNet,89,0.013377931951843931,0.0870697505819284,0.2950758386956282,0.2658297923001145,26.58297923001145,8.87644583400106
20,0,Plain,89,0.15974703548649902,0.6981077083117486,0.835528400661371,0.752716122710964,75.2716122710964,8.882002041995293
20,0,ResDyNet,90,0.011896290335408075,0.05513062274022253,0.2347991114553514,0.2115273121185989,21.15273121185989,8.973966499994276
20,0,Plain,90,0.1819501868680926,0.482286084185139,0.6944682024291242,0.625636917027267,62.5636917027267,8.979582375002792
20,0,ResDyNet,91,0.01415290838984034,0.06362637184530892,0.2522426844237686,0.22724198872398965,22.724198872398965,9.0738276669872
20,0,Plain,91,0.1621823720276725,0.6301174712481531,0.7937993898008193,0.7151230268513197,71.51230268513197,9.079352333996212
20,0,ResDyNet,92,0.01447999707632094,0.05135754674518916,0.2266220349948106,0.2041606956354042,20.41606956354042,9.2011551669857
20,0,Plain,92,0.1483369079873099,0.4647574315395515,0.6817312018233811,0.6141623271709159,61.41623271709159,9.213742416992318
20,0,ResDyNet,93,0.012498703838475816,0.06643396431798823,0.25774786966721613,0.23220153490814488,23.22015349081449,9.346159916982288
20,0,Plain,93,0.15151851418475845,0.46536948126146416,0.6821799478594076,0.6145665963448332,61.45665963448332,9.35203958398779
20,0,ResDyNet,94,0.009488237131192678,0.05432439568573468,0.2330759440305556,0.20997493412432913,20.997493412432913,9.446678624983178
20,0,Plain,94,0.1474264865514371,0.4720812719458129,0.6870817068921373,0.6189825240986465,61.898252409864654,9.452566041989485
20,0,ResDyNet,95,0.008395598733395642,0.05024892980298304,0.2241627306288515,0.20194514192658286,20.194514192658286,9.549906208994798
20,0,Plain,95,0.13030318018996107,0.413135930750458,0.6427565096912344,0.5790505594292795,57.90505594292795,9.555918124999152
20,0,ResDyNet,96,0.008736147708374505,0.04788369494174749,0.21882343325555306,0.19713504185859143,19.713504185859144,9.648714209004538
20,0,Plain,96,0.13617937003888952,0.6125575246580023,0.7826605424179772,0.7050881914024645,70.50881914024644,9.654309083998669
20,0,ResDyNet,97,0.007553140725727589,0.049280421526183,0.22199194022797988,0.19998950650776423,19.998950650776422,9.745929458993487
20,0,Plain,97,0.16116957944546323,0.3801791298661794,0.6165866766855893,0.5554745143583878,55.54745143583878,9.751495167001849
20,0,ResDyNet,98,0.007045463149944016,0.0688916336941057,0.26247215794081036,0.2364575816793305,23.64575816793305,9.84397929199622
20,0,Plain,98,0.16489161159896776,0.5238235901798838,0.7237565821323381,0.6520224182181769,65.20224182181768,9.849572209001053
20,0,ResDyNet,99,0.008471959135352545,0.04192146538761631,0.20474732083135133,0.18445406445746187,18.445406445746187,9.940795750007965
20,0,Plain,99,0.1753675834005629,0.3702888057485545,0.6085136035854536,0.5482015930818803,54.82015930818803,9.946403499983717
20,0,ResDyNet,100,0.008056975681457499,0.059393247595293214,0.24370729901932198,0.21955257660778477,21.955257660778475,10.039031583990436
20,0,Plain,100,0.15046244615908425,0.4467574094276117,0.6683991393079526,0.6021516541687654,60.21516541687654,10.044650416995864
20,1,ResDyNet,0,0.9861947872922967,2.4346883280912484,1.5603487841156696,1.4056969050084074,140.56969050084075,0.0059259999834466726
20,1,Plain,0,1.0219578517576557,2.519941513932004,1.5874323651519784,1.4300961331981872,143.00961331981873,0.012473249982576817
20,1,ResDyNet,1,0.9674853642778646,2.2992484681870873,1.5163272958656016,1.3660385475841372,136.60385475841372,0.10525033398880623
20,1,Plain,1,0.9994033684014405,2.3114971911946864,1.520360875317004,1.3696723442125975,136.96723442125975,0.11187329198583029
20,1,ResDyNet,2,0.9164835832313125,2.1772830286722966,1.4755619365761292,1.3293135922612516,132.93135922612515,0.2036906249995809
20,1,Plain,2,0.9481180256055348,2.237790551929858,1.4959246478114658,1.347658080655438,134.76580806554378,0.21010741699137725
20,1,ResDyNet,3,0.836863097426227,1.804811715139162,1.3434328100575637,1.2102802670846138,121.02802670846138,0.30505820899270475
20,1,Plain,3,0.9391385614482743,2.2452296233031577,1.4984090307066218,1.3498962272686361,134.98962272686362,0.31113504199311137
20,1,ResDyNet,4,0.5964262913411582,0.8877870258993462,0.9422245092860546,0.848837189485891,84.8837189485891,0.4034652090049349
20,1,Plain,4,0.9415186299986841,2.257272100450033,1.5024220779960713,1.3535115267528657,135.35115267528656,0.40946583400364034
20,1,ResDyNet,5,0.38609620908755193,0.6351153858172097,0.7969412687376716,0.7179535026669864,71.79535026669865,0.5011578749981709
20,1,Plain,5,0.9324083287395135,2.3105653482702415,1.5200543899052565,1.3693962356917917,136.93962356917916,0.5073407090094406
20,1,ResDyNet,6,0.4168014007244849,0.6519662791182805,0.8074442885538794,0.727415529746562,72.7415529746562,0.598863833991345
20,1,Plain,6,0.9179780622850889,2.2644434862853213,1.5048067936733012,1.3556598845309036,135.56598845309037,0.6044702919898555
20,1,ResDyNet,7,0.1913173405219308,0.7989183501883076,0.893822325850226,0.8052323236097308,80.52323236097308,0.7215047919889912
20,1,Plain,7,0.9121749357501269,2.247818980253237,1.4992728171527812,1.350674400678527,135.0674400678527,0.7274729589989875
20,1,ResDyNet,8,0.19108121596940014,0.5954510438540238,0.7716547439457777,0.6951732178997387,69.51732178997388,0.8226229590072762
20,1,Plain,8,0.9083525883438904,2.160736847728342,1.4699445049825324,1.3242529248735488,132.42529248735488,0.8295012089947704
20,1,ResDyNet,9,0.15292993436683164,0.4597057390148866,0.6780160315323573,0.6108153810055231,61.081538100552315,0.9223317499854602
20,1,Plain,9,0.9061683102112656,2.1000796949500344,1.449165171728204,1.305533107393573,130.5533107393573,0.9289931670064107
20,1,ResDyNet,10,0.12409809707448466,0.4741788867031586,0.6886064817464025,0.6203561729361978,62.03561729361978,1.0213400420034304
20,1,Plain,10,0.894123762521915,2.166019351675884,1.4717402459931181,1.3258706834198908,132.58706834198907,1.026959499984514
20,1,ResDyNet,11,0.13022683042490493,0.3718078347519392,0.6097604732613776,0.5493248809404911,54.93248809404911,1.1180722499848343
20,1,Plain,11,0.8511061455092491,1.9032116519417732,1.3795693719207356,1.2428352020362212,124.28352020362212,1.1247245839913376
20,1,ResDyNet,12,0.11379754861283597,0.4092704469248743,0.6397424848522055,0.5763352656238355,57.63352656238355,1.2161212920036633
20,1,Plain,12,0.490020405948701,1.1119446279255758,1.0544878510089986,0.9499737005097911,94.99737005097911,1.2217395839979872
20,1,ResDyNet,13,0.09152249418888894,0.3047404873914585,0.5520330491840669,0.4973190331546233,49.731903315462326,1.3141765839827713
20,1,Plain,13,0.4073430056181071,1.2245073421495531,1.1065745985470448,0.9968979398539339,99.6897939853934,1.3207732499868143
20,1,ResDyNet,14,0.08845046520644544,0.3052815457621843,0.5525228916182426,0.49776032551225013,49.776032551225015,1.4165675840049516
20,1,Plain,14,0.40915280286487626,1.3357309768639456,1.1557382821659692,1.041188830842837,104.1188830842837,1.4222305839939509
20,1,ResDyNet,15,0.07596458160314432,0.2946010372960028,0.5427716253600613,0.4889755429440328,48.89755429440328,1.514241791999666
20,1,Plain,15,0.41781675803217105,1.273504830975783,1.128496712877704,1.0166472731950131,101.66472731950131,1.5206587499997113
20,1,ResDyNet,16,0.07637674146271449,0.24704490029781037,0.49703611568759304,0.44777304703411525,44.777304703411524,1.6122658340027556
20,1,Plain,16,0.370602605946778,1.152555993229838,1.0735716060095097,0.9671659947027597,96.71659947027597,1.6188972090021707
20,1,ResDyNet,17,0.05877588870933758,0.15258559953814954,0.39062206739782324,0.35190608456192496,35.19060845619249,1.7101435840013437
20,1,Plain,17,0.35381742432078417,1.1804605944406115,1.0864900342113644,0.978804030202119,97.8804030202119,1.7161534169863444
20,1,ResDyNet,18,0.054307234872267976,0.19615128352728786,0.4428896967951364,0.3989932779022077,39.89932779022077,1.8077929590072017
20,1,Plain,18,0.3655358166039278,1.2288909497954799,1.1085535394357278,0.9986807406679153,99.86807406679154,1.8134535840072203
20,1,ResDyNet,19,0.049603042088092665,0.19592901607590407,0.4426386969932747,0.3987671556094059,39.87671556094059,1.904094792000251
20,1,Plain,19,0.38113498230443277,1.346406744887545,1.1603476827604495,1.0453413768732922,104.53413768732922,1.9097068749833852
20,1,ResDyNet,20,0.0375212334397847,0.11157974125408948,0.33403553890879556,0.3009280540267343,30.092805402673427,2.0003879999858327
20,1,Plain,20,0.39008935334223915,1.3230798050558426,1.1502520615307945,1.0362463696152153,103.62463696152153,2.007003792008618
20,1,ResDyNet,21,0.03439748917534025,0.12626967704853567,0.35534444845605184,0.3201249595549163,32.01249595549163,2.098368874983862
20,1,Plain,21,0.379529546916998,1.2575485026789337,1.1214047006673968,1.0102581762727116,101.02581762727117,2.103998209000565
20,1,ResDyNet,22,0.028854576896631533,0.10252152957464424,0.32018983365285697,0.2884546472960961,28.84546472960961,2.1956686670018826
20,1,Plain,22,0.37812537696041665,1.1988831340475734,1.09493521911005,0.9864121819148365,98.64121819148365,2.20221458398737
20,1,ResDyNet,23,0.03342799281482273,0.10131326333620243,0.31829744475286387,0.28674981998641214,28.674981998641215,2.292944583983626
20,1,Plain,23,0.3599732745687656,1.1663176027052307,1.0799618524305525,0.9729228804117404,97.29228804117403,2.299041499994928
20,1,ResDyNet,24,0.0283962257614586,0.06390678141240383,0.25279790626586257,0.2277421804971174,22.774218049711738,2.391265291982563
20,1,Plain,24,0.3527586488003737,1.06781883945365,1.0333532016951659,0.9309337836454792,93.09337836454792,2.3991859589878004
20,1,ResDyNet,25,0.028436317107970784,0.10068004994645346,0.3173011975181522,0.28585231446154896,28.585231446154896,2.491206584003521
20,1,Plain,25,0.34119177860541633,0.9536680661668254,0.9765592998721714,0.879768933306469,87.9768933306469,2.496879459009506
20,1,ResDyNet,26,0.03226637452735137,0.10611861171405725,0.3257585174850494,0.29347139849145126,29.347139849145126,2.5892107499821577
20,1,Plain,26,0.34853859258413294,1.0539413345222841,1.0266164495673562,0.9248647356785927,92.48647356785928,2.5948489169823006
20,1,ResDyNet,27,0.026792636683532857,0.07061723489574932,0.2657390353255414,0.2394006668891934,23.94006668891934,2.6862691669957712
20,1,Plain,27,0.37987796627687814,1.1834376222820935,1.087859192304819,0.9800374860256048,98.00374860256048,2.6919072919990867
20,1,ResDyNet,28,0.024868597269179952,0.09411562852867839,0.3067827057196647,0.2763763488844872,27.63763488844872,2.7831609999993816
20,1,Plain,28,0.39501789108584867,1.1815194377479654,1.0869772020368988,0.9792429130413566,97.92429130413566,2.7887842089985497
20,1,ResDyNet,29,0.03140190900015186,0.10521438175538776,0.32436766447256693,0.2922183980117692,29.22183980117692,2.8793680839880835
20,1,Plain,29,0.37624749917247813,1.174440472346944,1.083716047840459,0.9763049837736456,97.63049837736456,2.8849919170024805
20,1,ResDyNet,30,0.027229736758552527,0.07589069755097531,0.275482662886388,0.24817856785932765,24.817856785932765,2.9766562090080697
20,1,Plain,30,0.3900093248283767,1.1951425700362086,1.0932257635256355,0.9848721567302603,98.48721567302603,2.982489499991061
20,1,ResDyNet,31,0.0275091191673314,0.09480062215311434,0.30789709669484433,0.27738028849127655,27.738028849127655,3.0750247089890763
20,1,Plain,31,0.3805659530923785,1.228534894920751,1.1083929334494835,0.9985360529288101,99.85360529288101,3.080629999982193
20,1,ResDyNet,32,0.021951105596025373,0.0952191441894523,0.3085759941885504,0.27799189796951346,27.799189796951346,3.171481124998536
20,1,Plain,32,0.38058831030445783,1.1794634794646257,1.0860310674490974,0.9783905533155484,97.83905533155483,3.177014041983057
20,1,ResDyNet,33,0.021094965197162734,0.08746589882314348,0.2957463420283393,0.2664338395933766,26.64338395933766,3.267703541991068
20,1,Plain,33,0.3733410165411895,1.162071498555945,1.077994201540966,0.971150250603722,97.11502506037219,3.273324584006332
20,1,ResDyNet,34,0.02386822895601348,0.06927559343851294,0.26320257110923695,0.2371156009252112,23.71156009252112,3.3645480840059463
20,1,Plain,34,0.35262541221354765,1.0880606995772548,1.043101480958231,0.9397158752705992,93.97158752705992,3.3701528339879587
20,1,ResDyNet,35,0.024304009453366596,0.08546816057102663,0.2923493809999033,0.2633735638058622,26.33735638058622,3.4656004999997094
20,1,Plain,35,0.32897158035657426,0.9870996738919977,0.9935288993743452,0.8950566136906706,89.50566136906706,3.4712888750073034
20,1,ResDyNet,36,0.01968875816962954,0.06867483609405978,0.2620588409003974,0.23608523000359602,23.6085230003596,3.5630966250027996
20,1,Plain,36,0.3211596177559492,0.9605190733823323,0.9800607498427495,0.8829233417546244,88.29233417546244,3.568730583996512
20,1,ResDyNet,37,0.02017008278853275,0.10641045045113874,0.32620614716945284,0.29387466195944084,29.387466195944086,3.660594334010966
20,1,Plain,37,0.3280007054592261,1.0908943623449023,1.0444588849470822,0.9409387419818105,94.09387419818106,3.666267874999903
20,1,ResDyNet,38,0.02034529393313724,0.06530758714843136,0.2555534917555058,0.23022464982302063,23.02246498230206,3.758070834010141
20,1,Plain,38,0.3653292537635974,1.1333047787244201,1.0645678835679857,0.9590546641474068,95.90546641474069,3.763716333982302
20,1,ResDyNet,39,0.02092466828147952,0.07527187780997098,0.2743572084162743,0.24716466130108122,24.716466130108124,3.8553384589904454
20,1,Plain,39,0.3858022543075866,1.2053794637202824,1.0978977473882905,0.989081083172117,98.9081083172117,3.860994791990379
20,1,ResDyNet,40,0.02246333080127861,0.09252089842198892,0.3041724813686947,0.2740248334227594,27.40248334227594,3.9526346669881605
20,1,Plain,40,0.39277132707026513,1.297784687161541,1.1392035319298923,1.026292900222355,102.62929002223551,3.9582654169935267
20,1,ResDyNet,41,0.018972998468715183,0.05486233442372911,0.23422710010528056,0.21101199490708203,21.101199490708204,4.049422417010646
20,1,Plain,41,0.4020826870993446,1.3324903388359768,1.1543354533392696,1.0399250415157182,103.99250415157182,4.055591624986846
20,1,ResDyNet,42,0.01840092398021338,0.08666979702761157,0.2943973454832967,0.2652185470334454,26.521854703344538,4.1468464999925345
20,1,Plain,42,0.3908906404107301,1.317896493055118,1.147996730420047,1.0342145726257084,103.42145726257084,4.152483666985063
20,1,ResDyNet,43,0.019352190768780638,0.0702162380250122,0.2649834674560136,0.23871998611670767,23.871998611670765,4.243789792002644
20,1,Plain,43,0.38595876033962606,1.2808376919743791,1.1317410003946924,1.0195700075016079,101.95700075016079,4.249433624994708
20,1,ResDyNet,44,0.016840983852486866,0.05312167405526955,0.23048139633226267,0.2076375415448527,20.76375415448527,4.341307833994506
20,1,Plain,44,0.374767177719038,1.2598895398396601,1.1224480120877136,1.0111980812794825,101.11980812794825,4.347391499992227
20,1,ResDyNet,45,0.02280401432383402,0.09375520724967039,0.3061947211329261,0.2758466416022532,27.58466416022532,4.439580834005028
20,1,Plain,45,0.3581206186080033,1.23986561775017,1.1134925315197088,1.0031302111689917,100.31302111689917,4.445234374987194
20,1,ResDyNet,46,0.017346157167220277,0.06300166989190266,0.25100133444247397,0.2261236734828706,22.61236734828706,4.536746833997313
20,1,Plain,46,0.3509773206316691,1.1221124619424183,1.0592980987155685,0.9543071869599257,95.43071869599257,4.542333291989053
20,1,ResDyNet,47,0.01610367063063872,0.05858229817712755,0.2420378031984416,0.21804855062832015,21.804855062832015,4.6336538339965045
20,1,Plain,47,0.32689266588707205,1.0069506533056347,1.0034693086017303,0.904011792576122,90.4011792576122,4.639327916986076
20,1,ResDyNet,48,0.015414915031333931,0.05373346868025594,0.23180480728461164,0.20882978439382927,20.882978439382928,4.729916124982992
20,1,Plain,48,0.3253063642159574,1.015836935784628,1.007887362647547,0.9079919571147089,90.79919571147089,4.735496874985984
20,1,ResDyNet,49,0.013625229075236167,0.06501581930589538,0.2549819980035755,0.2297097989085981,22.97097989085981,4.826022249995731
20,1,Plain,49,0.320569829075292,1.0989599211244907,1.0483128927588798,0.9444107649731268,94.44107649731268,4.831605209008558
20,1,ResDyNet,50,0.013908042215485427,0.05815890148653136,0.24116156718376866,0.21725916157221836,21.725916157221835,4.922340458986582
20,1,Plain,50,0.3279005893279007,1.1261971261318546,1.0612243524023819,0.9560425225934579,95.60425225934578,4.927932499995222
20,1,ResDyNet,51,0.01423696807901186,0.07520988232885277,0.27424420199678384,0.24706285536144712,24.706285536144712,5.019245417002821
20,1,Plain,51,0.3266690062780171,1.0169084662676076,1.0084187950785168,0.9084707173323219,90.84707173323218,5.024859500001185
20,1,ResDyNet,52,0.013235795678776542,0.06749757408971432,0.259802952426862,0.2340529308935672,23.40529308935672,5.116188416985096
20,1,Plain,52,0.3133480753476775,0.9702136046524448,0.9849942155426319,0.8873678336117576,88.73678336117577,5.12179066700628
20,1,ResDyNet,53,0.01213240873448793,0.05376440354916909,0.23187152379964446,0.2088898883908646,20.88898883908646,5.217167541995877
20,1,Plain,53,0.3122287198411651,0.9095781986870936,0.9537180918316972,0.8591916009971771,85.9191600997177,5.222767875005957
20,1,ResDyNet,54,0.011888645992051545,0.0773696450764331,0.2781539952552059,0.25058513469958976,25.058513469958974,5.315208084008191
20,1,Plain,54,0.3097071956131466,0.8898397954643745,0.9433132011502726,0.8498179771146689,84.98179771146688,5.320816208986798
20,1,ResDyNet,55,0.02540089871105151,0.08654936884904008,0.2941927409863134,0.2650342216370416,26.50342216370416,5.412173833989073
20,1,Plain,55,0.31066151667810404,0.886583759089127,0.9415857683127581,0.848261756468347,84.8261756468347,5.417754875001265
20,1,ResDyNet,56,0.018307837963074336,0.054847107951970966,0.23419459419886482,0.2109827107800277,21.09827107800277,5.510164125007577
20,1,Plain,56,0.30871128643393614,0.7695483654590004,0.8772390583295984,0.7902926844303506,79.02926844303506,5.515792916994542
20,1,ResDyNet,57,0.01607651421312787,0.07623072992325317,0.2760991306093758,0.2487339352099246,24.873393520992458,5.6082297090033535
20,1,Plain,57,0.30244241095596075,0.7110433195290222,0.843233846289997,0.7596578534202354,75.96578534202354,5.613848874985706
20,1,ResDyNet,58,0.012291286590970297,0.09255188969183066,0.3042234206826139,0.27407072395483045,27.407072395483045,5.705972083989764
20,1,Plain,58,0.2931882315332135,0.7813738812804513,0.8839535515401538,0.7963416796427428,79.63416796427428,5.7115963750111405
20,1,ResDyNet,59,0.014289374859787743,0.053919273663831195,0.2322052403883926,0.2091905291070485,20.91905291070485,5.803609333990607
20,1,Plain,59,0.29422953333975205,0.8446693519040406,0.9190589490908844,0.8279676527511332,82.79676527511332,5.809152375004487
20,1,ResDyNet,60,0.013050030098638215,0.06335202569652292,0.2516982830623263,0.22675154497407154,22.675154497407153,5.900922625005478
20,1,Plain,60,0.30439969863485034,0.8725250177653787,0.9340904762202529,0.8415093502090375,84.15093502090374,5.906525124999462
20,1,ResDyNet,61,0.014060737068577325,0.07246375726279747,0.2691909308702607,0.24251043243201356,24.251043243201355,5.997394292004174
20,1,Plain,61,0.3201425907216362,0.9938617465131059,0.9969261489764956,0.8981171494503023,89.81171494503023,6.002948624984128
20,1,ResDyNet,62,0.015873595248265746,0.06567165614385022,0.25626481643770416,0.23086547251240994,23.086547251240994,6.093862250010716
20,1,Plain,62,0.3268516218940765,1.2915410496949546,1.1364598759722908,1.023821178048909,102.38211780489091,6.09938008399331
20,1,ResDyNet,63,0.017092582053115275,0.08809264258178078,0.29680404744844835,0.26738671195793606,26.738671195793607,6.198041374998866
20,1,Plain,63,0.3704113826167382,0.7767881453106361,0.8813558562298409,0.7940014514225945,79.40014514225945,6.203671875002328
20,1,ResDyNet,64,0.018643764819970408,0.050610514336269646,0.22496780733311522,0.20267042453198397,20.267042453198396,6.325663166993763
20,1,Plain,64,0.34066206191025133,0.7863935430207719,0.8867883304491393,0.7988954932383374,79.88954932383375,6.333742833987344
20,1,ResDyNet,65,0.012575506641301696,0.06445245642892257,0.2538748834148872,0.22871241449900223,22.87124144990022,6.4272285839833785
20,1,Plain,65,0.31686905021472006,0.9439539562701146,0.9715729289508404,0.8752767798580261,87.52767798580261,6.43288362500607
20,1,ResDyNet,66,0.013298733180068743,0.09220839316392375,0.30365834940591335,0.27356165896061047,27.356165896061047,6.524541833990952
20,1,Plain,66,0.28256169021504485,1.0228338202904141,1.0113524708480295,0.9111136257586192,91.11136257586192,6.530182333983248
20,1,ResDyNet,67,0.015976845939779234,0.04892332630946094,0.22118618019546551,0.19926360830127646,19.926360830127646,6.623512124991976
20,1,Plain,67,0.2905256299311994,1.070017052193425,1.034416285734822,0.931891501534916,93.1891501534916,6.631688916997518
20,1,ResDyNet,68,0.013021971372999772,0.08533954445093295,0.2921293282964464,0.2631753213312712,26.31753213312712,6.727318666991778
20,1,Plain,68,0.2890863055428039,1.1027466539471231,1.0501174476919823,0.9460364638618645,94.60364638618644,6.733626917004585
20,1,ResDyNet,69,0.012854034517470064,0.05728939336887345,0.239352028127763,0.21562897255524122,21.56289725552412,6.825563749996945
20,1,Plain,69,0.28530841433444337,1.0590860714677812,1.0291190754561792,0.9271193171555836,92.71193171555836,6.83119974998408
20,1,ResDyNet,70,0.011986654607516294,0.0540743202100936,0.23253885741977318,0.20949108013335993,20.949108013335994,6.922041499987245
20,1,Plain,70,0.2782498376276362,0.9802058802035822,0.99005347340615,0.8919256499107702,89.19256499107702,6.927600666997023
20,1,ResDyNet,71,0.013884727639268268,0.08602383785387081,0.2932982063597915,0.2642283476114869,26.42283476114869,7.0178259589883965
20,1,Plain,71,0.26922041427446736,0.9472494414917997,0.9732674049262102,0.8768033101174376,87.68033101174376,7.023576417006552
20,1,ResDyNet,72,0.01598852506482374,0.06488291832091965,0.2547212561230799,0.22947490011023328,22.947490011023326,7.114227666985244
20,1,Plain,72,0.2986793400510761,0.9801845989189928,0.9900427258047971,0.8919159675435252,89.19159675435252,7.119821333995787
20,1,ResDyNet,73,0.013263696458234223,0.05517146422438582,0.23488606647561244,0.2116056487085333,21.160564870853328,7.211558666982455
20,1,Plain,73,0.2935248989853199,1.0926540026820086,1.045300914895806,0.9416973152603586,94.16973152603586,7.217121833993588
20,1,ResDyNet,74,0.013634135170026675,0.07726286418842615,0.2779619833510082,0.2504121537980098,25.04121537980098,7.30798616699758
20,1,Plain,74,0.3014807601542549,1.1468664794412375,1.0709185213830403,0.9647758670043124,96.47758670043125,7.3136053339985665
20,1,ResDyNet,75,0.012202537301682465,0.05189728102433022,0.22780974743046054,0.20523068954434895,20.523068954434894,7.405027500004508
20,1,Plain,75,0.30744102440382753,1.2088135889413314,1.0994605899900785,0.9904890267234004,99.04890267234005,7.410729666997213
20,1,ResDyNet,76,0.010159542011692538,0.06092013290135127,0.24682004153097306,0.22235680381599573,22.235680381599572,7.506447749998188
20,1,Plain,76,0.3122704543532673,1.2255268886200603,1.1070351794862079,0.9973128709304204,99.73128709304204,7.51209099998232
20,1,ResDyNet,77,0.009958168398431864,0.07452024139626237,0.2729839581298915,0.24592751887688646,24.592751887688646,7.6040034589823335
20,1,Plain,77,0.296663946033965,1.0926288969829416,1.0452889059886465,0.9416864965999423,94.16864965999423,7.609670459001791
20,1,ResDyNet,78,0.013060086036132072,0.05174349045020194,0.22747195530482858,0.20492637723265889,20.49263772326589,7.700395833991934
20,1,Plain,78,0.30837277874126046,1.101509034887908,1.0495280057663579,0.9455054436829355,94.55054436829356,7.706052041990915
20,1,ResDyNet,79,0.010172412261675786,0.06372656943129706,0.25244121975481154,0.22742084649170344,22.742084649170344,7.797524124995107
20,1,Plain,79,0.30447708606646184,1.2183447524243864,1.1037865520218963,0.9943862268245668,99.43862268245668,7.80319879198214
20,1,ResDyNet,80,0.00951713634614583,0.06388761391451188,0.25275999270951066,0.2277080246921049,22.77080246921049,7.895438084000489
20,1,Plain,80,0.30292913961530993,1.2072766681511082,1.0987614245827473,0.9898591581586415,98.98591581586415,7.90113370900508
20,1,ResDyNet,81,0.008906463090307768,0.06838895674308292,0.2615128232861305,0.23559333019358655,23.559333019358654,7.992993291991297
20,1,Plain,81,0.2983576333459368,1.1934671660738407,1.0924592285636296,0.9841815958539732,98.41815958539732,7.998638499993831
20,1,ResDyNet,82,0.010288690399980776,0.05741503279137929,0.23961434178984214,0.21586528735016386,21.586528735016387,8.08931583398953
20,1,Plain,82,0.29367087020234517,1.2582201839252216,1.1217041427779526,1.0105279395796865,101.05279395796865,8.094979666988365
20,1,ResDyNet,83,0.012668409039548245,0.05632598946997056,0.23733097031354877,0.21380822917837236,21.380822917837236,8.18530133398599
20,1,Plain,83,0.29861326253528553,1.2208049357019082,1.1049004189074725,0.9953896942861914,99.53896942861914,8.19085112499306
20,1,ResDyNet,84,0.009822042957866614,0.08939078908898769,0.2989829244103878,0.2693496324491571,26.93496324491571,8.28193666698644
20,1,Plain,84,0.28775689985664255,1.1165891849038814,1.0566878370189947,0.9519556378540537,95.19556378540537,8.287531874986598
20,1,ResDyNet,85,0.01151572614744339,0.05924488412063307,0.2434027200354036,0.21927818556176792,21.927818556176792,8.401462417008588
20,1,Plain,85,0.2781760614008646,1.1484994621434026,1.0716806717224132,0.965462477833964,96.5462477833964,8.407155541994143
20,1,ResDyNet,86,0.010716150780681919,0.061893408293939474,0.24878385858801103,0.22412597977664192,22.41259797766419,8.498891249997541
20,1,Plain,86,0.27790158605961807,1.1654061714826853,1.0795397961551418,0.9725426556785757,97.25426556785757,8.504511084000114
20,1,ResDyNet,87,0.009887353564812868,0.07615894435779859,0.2759691003677741,0.2486167927414985,24.86167927414985,8.59654645898263
20,1,Plain,87,0.29855620441872915,1.258020768827219,1.1216152499084608,1.0104478572078515,101.04478572078514,8.602155959000811
20,1,ResDyNet,88,0.013778089790223203,0.045905836432530205,0.21425647349037133,0.1930207301915033,19.302073019150328,8.693565875000786
20,1,Plain,88,0.31284173866370113,1.3695651463830545,1.1702842160702052,1.0542930639974966,105.42930639974966,8.700258374999976
20,1,ResDyNet,89,0.010812245000827716,0.10230049792023134,0.31984449021396527,0.2881435321094424,28.814353210944237,8.79197774999193
20,1,Plain,89,0.3241286887831043,1.4062605262849972,1.1858585608262888,1.0683237784403374,106.83237784403374,8.797595334006473
20,1,ResDyNet,90,0.013839636845884474,0.04300617418108826,0.20737930027147902,0.18682517878183397,18.682517878183397,8.88828437498887
20,1,Plain,90,0.32276799999613803,1.3383113635285455,1.156854080482299,1.0421940383040442,104.21940383040442,8.894838667009026
20,1,ResDyNet,91,0.015889253307588443,0.07834814192880657,0.27990738098307905,0.2521647359503153,25.21647359503153,8.98545920898323
20,1,Plain,91,0.32172047677295423,1.2215539297079059,1.1052393087960208,0.9956949955574973,99.56949955574973,8.991020958987065
20,1,ResDyNet,92,0.020693727655991204,0.06820332350319966,0.2611576602422369,0.23527336865892393,23.527336865892394,9.08255716698477
20,1,Plain,92,0.2916036615129317,1.1942366282642587,1.0928113415701077,0.9844988096515922,98.44988096515922,9.088169041991932
20,1,ResDyNet,93,0.01333713412594215,0.06308424421966838,0.2511657703980946,0.22627181158906912,22.62718115890691,9.179098791995784
20,1,Plain,93,0.2888520842301416,1.1402388903040204,1.0678196899776762,0.9619841721217275,96.19841721217274,9.184635874989908
20,1,ResDyNet,94,0.014727708685108653,0.06642351985187513,0.2577276078573561,0.23218328132042138,23.21832813204214,9.275448333995882
20,1,Plain,94,0.27554318905830805,1.0745335565689729,1.0365971042642232,0.9338561711577411,93.38561711577411,9.281042624992551
20,1,ResDyNet,95,0.011869563235383383,0.08323102748821781,0.2884978812542959,0.259903800297116,25.990380029711602,9.372419791994616
20,1,Plain,95,0.27232359722658084,1.03299553308736,1.0163638782873778,0.9156283342641413,91.56283342641413,9.37800487500499
20,1,ResDyNet,96,0.014150043063576435,0.062068060051670655,0.2491346223463745,0.22444197805506538,22.444197805506537,9.469221417006338
20,1,Plain,96,0.2663099526800443,1.0142789723876897,1.0071141804123749,0.9072954078008291,90.72954078008291,9.474821541982237
20,1,ResDyNet,97,0.013900790120280454,0.06050330433990982,0.24597419445931687,0.22159479174354013,22.15947917435401,9.565735334006604
20,1,Plain,97,0.2644687010530565,1.0114921699102677,1.0057296703937235,0.9060481216376431,90.60481216376431,9.571314125001663
20,1,ResDyNet,98,0.011050483001279235,0.09086551433462127,0.3014390723423579,0.2715623425697151,27.156234256971512,9.662725750007667
20,1,Plain,98,0.2636014869128314,1.0316293085897874,1.0156915420489565,0.9150226357311626,91.50226357311627,9.668248250003671
20,1,ResDyNet,99,0.014662055698311612,0.06096245179567425,0.2469057548856937,0.2224340218064061,22.243402180640608,9.758286708995001
20,1,Plain,99,0.26404761153370554,1.0491806135125192,1.0242951788974306,0.9227735346409668,92.27735346409668,9.763826791982865
20,1,ResDyNet,100,0.010186840756198872,0.05491286065765027,0.2343349326448156,0.21110913976894027,21.11091397689403,9.858608874987112
20,1,Plain,100,0.2615879614555633,1.0020146503830434,1.0010068183499268,0.901793368746263,90.1793368746263,9.864188792009372
20,2,ResDyNet,0,0.9350195676584555,1.9350474705930638,1.3910598371720262,1.2531868052196085,125.31868052196084,0.005899542011320591
20,2,Plain,0,1.0157346237454112,2.1667541602949454,1.4719898641957239,1.3260955610487957,132.60955610487957,0.012145916989538819
20,2,ResDyNet,1,0.8820667300709126,2.3384739520832043,1.529206968360792,1.3776416685967716,137.76416685967718,0.10513295899727382
20,2,Plain,1,0.9967137605989922,2.274589488642633,1.5081742235705506,1.3586935561257318,135.86935561257317,0.11071599999559112
20,2,ResDyNet,2,0.684216879006327,0.7700872996920022,0.8775461809454829,0.7905693669996594,79.05693669996595,0.20311020899680443
20,2,Plain,2,0.9542474685752462,2.4440368674340407,1.5633415709415652,1.4083930657779342,140.83930657779342,0.20986129200900905
20,2,ResDyNet,3,0.20205114390221632,0.4226630383248709,0.6501254019993918,0.5856890938495104,58.56890938495104,0.302217958989786
20,2,Plain,3,0.9487078598953519,2.4122652017811466,1.5531468706407474,1.399208799538082,139.9208799538082,0.30879654199816287
20,2,ResDyNet,4,0.3551997593587503,0.4442244674061311,0.6665016634683901,0.6004422441047118,60.04422441047118,0.4008174169866834
20,2,Plain,4,0.9370539867576186,2.2734859958629468,1.5078083418866426,1.3583639383146984,135.83639383146985,0.40636537500540726
20,2,ResDyNet,5,0.13381892385019709,0.412792502545196,0.6424893015025199,0.5788098352221711,57.88098352221711,0.49845845901290886
20,2,Plain,5,0.9224782929118264,2.11130760763901,1.4530339320329066,1.3090184207042261,130.90184207042262,0.5050801250035875
20,2,ResDyNet,6,0.13178501734325385,0.5338254601196286,0.7306336018276388,0.6582178313205397,65.82178313205397,0.5975267920002807
20,2,Plain,6,0.9200765728315755,2.0082761328165533,1.41713659638602,1.2766790013830036,127.66790013830035,0.6031839589995798
20,2,ResDyNet,7,0.11234379629505188,0.27622114241826096,0.5255674480200053,0.47347653459005207,47.34765345900521,0.695960584009299
20,2,Plain,7,0.9217824931828171,2.0431784052861386,1.429397917056737,1.2877250576837498,128.77250576837497,0.7025058339932002
20,2,ResDyNet,8,0.0777720045102782,0.26986578942266864,0.5194860820297966,0.4679979150418562,46.79979150418562,0.7948747090122197
20,2,Plain,8,0.9110331424856919,2.2001252604453354,1.4832819221056175,1.3362684217685925,133.62684217685924,0.801268417009851
20,2,ResDyNet,9,0.06686006999045693,0.2567518583398547,0.5067068761521346,0.45648530303256385,45.648530303256386,0.8934186669939663
20,2,Plain,9,0.9063701822533081,2.2841195841752686,1.5113304020548481,1.361536914208358,136.1536914208358,0.8996673339861445
20,2,ResDyNet,10,0.06574452386607797,0.3041706666115976,0.5515166965846071,0.4968538581512249,49.68538581512249,0.9915589170122985
20,2,Plain,10,0.9002802129269774,2.173777644350936,1.4743736447559472,1.3282430763926962,132.82430763926962,0.9971906249993481
20,2,ResDyNet,11,0.06389962776166196,0.20876964760047959,0.45691317293385136,0.41162683599276184,41.162683599276185,1.0928203339863103
20,2,Plain,11,0.8821957358600003,1.9712518199848907,1.4040127563469254,1.2648559131654316,126.48559131654315,1.0993514170113485
20,2,ResDyNet,12,0.04945844540342557,0.10509917958028187,0.3241900362137644,0.292058375139843,29.2058375139843,1.1922743750037625
20,2,Plain,12,0.7522956520175844,1.1111275959311078,1.054100372797158,0.9496246266817553,94.96246266817553,1.1989684590080287
20,2,ResDyNet,13,0.045679387185849865,0.12234975759868329,0.3497853021478794,0.3151168005846668,31.51168005846668,1.290831749996869
20,2,Plain,13,0.3405653201801489,0.9910657667116218,0.9955228609688588,0.8968529464533497,89.68529464533496,1.2964248750067782
20,2,ResDyNet,14,0.04122352336542792,0.17962782773352576,0.4238252325352111,0.38181836247391854,38.18183624739186,1.3886641669960227
20,2,Plain,14,0.36349993127086133,1.000239912614473,1.0001199491133417,0.9009944003657919,90.0994400365792,1.3942628749937285
20,2,ResDyNet,15,0.04209405877372486,0.11010445236998145,0.33181990954429097,0.29893202379808576,29.893202379808574,1.4860559589869808
20,2,Plain,15,0.3336878319966178,0.9786847181245101,0.9892849529455656,0.891233300325936,89.1233300325936,1.4916661670140456
20,2,ResDyNet,16,0.04071043535176688,0.12287639916707188,0.3505373006786466,0.31579426578862074,31.579426578862073,1.5839727919956204
20,2,Plain,16,0.3163790935356435,0.858155426154455,0.9263667881322467,0.8345511851173052,83.45511851173052,1.5895793339877855
20,2,ResDyNet,17,0.033129597810922104,0.09275075957639993,0.30455009370610925,0.27436501921929435,27.436501921929434,1.68226208401029
20,2,Plain,17,0.3225536111721581,0.8610903676407159,0.9279495501592292,0.835977073806644,83.5977073806644,1.6887905840121675
20,2,ResDyNet,18,0.029605571426465773,0.12098871301893283,0.3478343183455779,0.3133591859279084,31.33591859279084,1.779836500005331
20,2,Plain,18,0.32720683385530874,0.974909360473874,0.9873749847316743,0.8895126360524972,88.95126360524972,1.7853747089975514
20,2,ResDyNet,19,0.02909905429649717,0.07960493722629725,0.2821434692249623,0.2541791973021229,25.41791973021229,1.8767159169947263
20,2,Plain,19,0.3421410513175007,1.0272385533906683,1.0135277763291286,0.913073328751538,91.3073328751538,1.8832956670084968
20,2,ResDyNet,20,0.028843753158254087,0.0803178535140462,0.28340404639674116,0.25531483405650285,25.531483405650285,1.9763162090093829
20,2,Plain,20,0.3463660926942833,1.0293532365208777,1.0145704689773292,0.914012676314962,91.4012676314962,1.9820595000055619
20,2,ResDyNet,21,0.02598979311345425,0.1165429831674324,0.3413839234167778,0.3075481132499269,30.754811324992694,2.0795402090006974
20,2,Plain,21,0.3553255909691893,1.0309356147378506,1.0153499961775991,0.9147149417212252,91.47149417212252,2.08510875000502
20,2,ResDyNet,22,0.026353941399370494,0.07062094660543564,0.26574601898323075,0.23940695837100792,23.940695837100794,2.1768696249928325
20,2,Plain,22,0.35848700362917924,1.0498795424408096,1.0246362976397085,0.9230808438561511,92.3080843856151,2.1834992920048535
20,2,ResDyNet,23,0.025881141087222694,0.1324959831677954,0.3639999768788391,0.32792260687517244,32.79226068751724,2.2761189170123544
20,2,Plain,23,0.35015153028979523,1.070915207245268,1.0348503308427108,0.9322825268434909,93.22825268434909,2.2818869999900926
20,2,ResDyNet,24,0.02826132712486581,0.07762360723019913,0.27861013483037395,0.25099606461192275,25.099606461192277,2.3753729590098374
20,2,Plain,24,0.34753006825094196,1.0152968780723788,1.0076194113217445,0.9077505634255492,90.77505634255492,2.381057291990146
20,2,ResDyNet,25,0.029792927699413427,0.10503885400243487,0.3240969824025439,0.2919745442324437,29.197454423244366,2.4728187499858905
20,2,Plain,25,0.3430630346241366,0.9903601477049652,0.995168401681326,0.8965336189231791,89.6533618923179,2.478428917005658
20,2,ResDyNet,26,0.028962885501704748,0.07367285633983932,0.2714274421274299,0.24452527487251383,24.452527487251384,2.569937583990395
20,2,Plain,26,0.3347261260228252,1.0053166812867085,1.0026548166177174,0.9032780278738088,90.32780278738089,2.575769916991703
20,2,ResDyNet,27,0.025367773735235518,0.07510227769696966,0.2740479478065283,0.24688605264230795,24.688605264230794,2.666789584007347
20,2,Plain,27,0.3459256801166984,1.0710438256300503,1.0349124724487817,0.9323385093675364,93.23385093675364,2.6723679169954266
20,2,ResDyNet,28,0.022726656644666353,0.09431922591408327,0.3071143531554383,0.2766751255290213,27.667512552902128,2.763405875011813
20,2,Plain,28,0.3476338694505017,1.065464670244752,1.0322134809450767,0.9299070247904824,92.99070247904824,2.769035167002585
20,2,ResDyNet,29,0.02296076667792104,0.12125104957207083,0.3482112140240041,0.3136987260961504,31.36987260961504,2.8606883749889676
20,2,Plain,29,0.34800522785825233,1.043319585018992,1.021430166491568,0.9201924841010297,92.01924841010297,2.8662913749867585
20,2,ResDyNet,30,0.035174592222485826,0.08412732390636515,0.29004710635751074,0.261299476029952,26.129947602995202,2.9581646249862388
20,2,Plain,30,0.34267003431471077,0.9958037264551515,0.9978996575082845,0.8989941699883165,89.89941699883165,2.9637684999906924
20,2,ResDyNet,31,0.07786974993954274,0.07052755212060213,0.26557023952356207,0.23924860105696652,23.924860105696652,3.0551776670035906
20,2,Plain,31,0.3304538629108431,0.9665850713940078,0.9831505842921561,0.8857069314024869,88.5706931402487,3.0614021249930374
20,2,ResDyNet,32,0.038476105915846256,0.1941560238783366,0.44063139229784415,0.39695880222937957,39.69588022293796,3.153246667003259
20,2,Plain,32,0.3145970367364581,0.9571408074808209,0.9783357335193379,0.8813692981128479,88.13692981128479,3.1588880000053905
20,2,ResDyNet,33,0.03976461094217634,0.08030361737262057,0.2833789289495967,0.2552922060914785,25.529220609147853,3.250748249993194
20,2,Plain,33,0.3207959449024726,0.8654315204498197,0.9302857197924839,0.8380816971168111,83.80816971168112,3.2563158750126604
20,2,ResDyNet,34,0.02655549113363386,0.07236532936135028,0.2690080470196947,0.24234567486925984,24.234567486925982,3.350952667009551
20,2,Plain,34,0.30651869016542166,0.7428311299287443,0.8618765166360808,0.7764527804733137,77.64527804733137,3.356534124992322
20,2,ResDyNet,35,0.020231366774778613,0.07255379838233922,0.26935812291879974,0.24266105346467362,24.266105346467363,3.449182959011523
20,2,Plain,35,0.3164547987572718,0.7106032148409289,0.8429728434777297,0.7594227195520019,75.9422719552002,3.4547446249925997
20,2,ResDyNet,36,0.018688320883004678,0.08945431856959722,0.2990891481976523,0.2694453280080706,26.944532800807057,3.5469021250028163
20,2,Plain,36,0.3051638612654806,0.7642582872687808,0.8742186724548846,0.7875716600547509,78.75716600547509,3.552484292013105
20,2,ResDyNet,37,0.01707348180435848,0.05681051237424651,0.238349559207158,0.2147258619985459,21.47258619985459,3.6444416670128703
20,2,Plain,37,0.3155762912776712,0.7944519995524161,0.8913203686399274,0.8029783445360883,80.29783445360883,3.6510527500067838
20,2,ResDyNet,38,0.019887554980948383,0.10142801979473702,0.3184776598047923,0.28691217326492946,28.691217326492946,3.7430372500093654
20,2,Plain,38,0.31644073603566736,0.7570884368834508,0.870108290319918,0.7838686729378037,78.38686729378037,3.748633042006986
20,2,ResDyNet,39,0.018168643912758575,0.07670309157991748,0.2769532299503248,0.24950338163905883,24.950338163905883,3.8395712499914225
20,2,Plain,39,0.31490342053580084,0.7634676628397614,0.8737663662786302,0.7871641835991343,78.71641835991343,3.8451082090032287
20,2,ResDyNet,40,0.01991208026867698,0.07756760968929419,0.27850962225620535,0.2509055142068713,25.09055142068713,3.935979417001363
20,2,Plain,40,0.3191923011294213,0.8678068493976819,0.9315615113333535,0.8392310402884744,83.92310402884743,3.9415079999889713
20,2,ResDyNet,41,0.019322926997697134,0.06665380126870342,0.2581739748090489,0.2325854072097611,23.25854072097611,4.032729333994212
20,2,Plain,41,0.332543634368122,0.8046927154771985,0.8970466629318669,0.8081370848416468,80.81370848416468,4.038416374998633
20,2,ResDyNet,42,0.038063795960899656,0.11098897064680703,0.3331500722599457,0.3001303492183944,30.013034921839438,4.129881250002654
20,2,Plain,42,0.30819764182690523,0.6930185487645505,0.8324773563073956,0.7499674785301969,74.99674785301968,4.135551542014582
20,2,ResDyNet,43,0.04162393100489295,0.07229158001986993,0.2688709356175746,0.2422221530800524,24.22221530800524,4.227666874998249
20,2,Plain,43,0.33603113314738187,0.7975860722875899,0.8930767449035888,0.8045606399196543,80.45606399196544,4.233325792010874
20,2,ResDyNet,44,0.020334287352240143,0.08840008812300951,0.29732152314121074,0.26785289874074913,26.785289874074913,4.32490333399619
20,2,Plain,44,0.3637902264715039,0.9724664632900624,0.9861371422322872,0.8883974806539159,88.83974806539159,4.33057037499384
20,2,ResDyNet,45,0.022693149182514433,0.07134222551313438,0.26709965464810015,0.24062643025061997,24.062643025062,4.421902667003451
20,2,Plain,45,0.36704621293801326,1.1139583974990437,1.0554422757778104,0.9508335287464265,95.08335287464264,4.427497833996313
20,2,ResDyNet,46,0.023748553309232576,0.07140934474714637,0.2672252696642785,0.24073959510277487,24.073959510277486,4.5206702499999665
20,2,Plain,46,0.36157702749102555,1.2298339048585092,1.1089787666400603,0.9990638220476303,99.90638220476303,4.527321417001076
20,2,ResDyNet,47,0.018431151897818694,0.08946970192227553,0.2991148640945072,0.26946849510826415,26.946849510826414,4.618879874993581
20,2,Plain,47,0.35623502327692963,1.2546192699935979,1.1200978841126332,1.0090808830898377,100.90808830898376,4.624596334004309
20,2,ResDyNet,48,0.02358710928232144,0.06780672881863445,0.2603972519414029,0.23458832720799544,23.458832720799546,4.766148750000866
20,2,Plain,48,0.348263665189518,1.134877716950919,1.0653063958086983,0.9597199797368755,95.97199797368755,4.824668374989415
20,2,ResDyNet,49,0.02473585873258398,0.09020150298109361,0.30033565053302214,0.27056828493459406,27.056828493459406,5.021280042012222
20,2,Plain,49,0.336689166643569,1.0141128929926873,1.0070317239256603,0.907221123878316,90.7221123878316,5.0448512920120265
20,2,ResDyNet,50,0.0188058286346499,0.07181171580431646,0.2679770807444481,0.24141689143504608,24.141689143504607,5.192373583995504
20,2,Plain,50,0.3222929480876885,1.0351540214646102,1.017425192072916,0.916584457355825,91.6584457355825,5.199126458988758
20,2,ResDyNet,51,0.013004856752600267,0.06306492698230994,0.2511273122985828,0.22623716521256243,22.62371652125624,5.307696917006979
20,2,Plain,51,0.32409261658562166,1.0378272617338886,1.0187380731738107,0.9177672140054659,91.77672140054659,5.314001708989963
20,2,ResDyNet,52,0.013888762632430844,0.088748840775222,0.29790743658932384,0.26838074016248753,26.838074016248754,5.424305541993817
20,2,Plain,52,0.31781363413128694,0.994121127619184,0.997056230921398,0.8982343384975258,89.82343384975258,5.431047999998555
20,2,ResDyNet,53,0.013790432111947783,0.07906400061192355,0.2811832153808679,0.2533141177311916,25.33141177311916,5.541499334009131
20,2,Plain,53,0.32137033781259833,0.997705118793423,0.9988519003302857,0.8998520325388758,89.98520325388758,5.548098250001203
20,2,ResDyNet,54,0.018348992381433362,0.07052005352448906,0.2655561212333262,0.23923588208215105,23.923588208215104,5.6481923749961425
20,2,Plain,54,0.3121412914988933,1.1300302061131249,1.0630287889390038,0.9576681148204235,95.76681148204234,5.655044084007386
20,2,ResDyNet,55,0.012012658993606366,0.06233099566409776,0.24966176251900843,0.22491687143577646,22.491687143577646,5.766559375013458
20,2,Plain,55,0.3177877402960514,1.1301417690255884,1.0630812617225405,0.9577153868343254,95.77153868343254,5.773684249987127
20,2,ResDyNet,56,0.011865623756045962,0.07816415013786787,0.2795785223114749,0.25186847166532655,25.186847166532655,5.886402834003093
20,2,Plain,56,0.31475457216735175,1.0617986761230263,1.030436158198569,0.9283058590066523,92.83058590066523,5.894354459014721
20,2,ResDyNet,57,0.012274596835028437,0.0765320674621895,0.27664429772216437,0.24922506881477027,24.922506881477027,6.01385079199099
20,2,Plain,57,0.3286839270126098,1.0522453773050144,1.0257901234195104,0.9241203097397391,92.41203097397391,6.021571499994025
20,2,ResDyNet,58,0.01157442720136956,0.05864835495724936,0.24217422438659603,0.21817145061319432,21.817145061319433,6.153247084002942
20,2,Plain,58,0.32045417860461356,1.092029710467201,1.0450022538096275,0.9414282555675764,94.14282555675764,6.1599782500125
20,2,ResDyNet,59,0.011617573076844322,0.08718636173683197,0.29527336780825997,0.26600774357940676,26.600774357940676,6.265574791992549
20,2,Plain,59,0.31803779541799887,1.0743330352042837,1.0365003787767197,0.9337690324873341,93.37690324873341,6.2720806669967715
20,2,ResDyNet,60,0.014941854394599222,0.07812328866133277,0.27950543583503484,0.25180262905707407,25.18026290570741,6.37169274999178
20,2,Plain,60,0.3094878373746159,1.047145705158305,1.0233013755283948,0.9218782307613074,92.18782307613074,6.377521791990148
20,2,ResDyNet,61,0.017193980663348426,0.07831127950686753,0.27984152570136467,0.25210540782661195,25.210540782661194,6.4785349589947145
20,2,Plain,61,0.3136961941168407,1.1943708375198823,1.092872745345899,0.9845541274744177,98.45541274744177,6.4852550420037005
20,2,ResDyNet,62,0.01345887928243846,0.07017671590396223,0.2649088822670207,0.238652793338789,23.8652793338789,6.591527250013314
20,2,Plain,62,0.3346746449187414,1.2776331897319573,1.1303243736786168,1.0182937878444314,101.82937878444314,6.597607167001115
20,2,ResDyNet,63,0.01052125096007456,0.05642609415116507,0.2375417734866124,0.213998138877382,21.3998138877382,6.70256104200962
20,2,Plain,63,0.35139616189682965,1.220450822577468,1.1047401606610796,0.995245319821168,99.5245319821168,6.710401416989043
20,2,ResDyNet,64,0.010099492928101436,0.10095319335163903,0.31773132258504044,0.2862398082587348,28.62398082587348,6.813596124993637
20,2,Plain,64,0.34982162331475325,1.1630026006501593,1.078425982926116,0.9715392365554042,97.15392365554042,6.820457875001011
20,2,ResDyNet,65,0.012869455337097836,0.048714339796932335,0.22071325242706277,0.19883755413498758,19.883755413498758,6.924845125002321
20,2,Plain,65,0.352186718804213,1.1750284233287582,1.0839872800585615,0.9765493331738608,97.65493331738608,6.931602041993756
20,2,ResDyNet,66,0.01361398369440131,0.09133200358816079,0.30221185216361185,0.27225852935439304,27.225852935439303,7.031254000001354
20,2,Plain,66,0.3394291735442621,1.1407154302608706,1.0680428035715004,0.9621851721106381,96.21851721106381,7.036908709007548
20,2,ResDyNet,67,0.01052988204530784,0.05621618039425024,0.23709951580349176,0.21359971497196575,21.359971497196575,7.140802125009941
20,2,Plain,67,0.3208169893327583,1.0205784203483406,1.0102368139937985,0.9101085457386846,91.01085457386846,7.14768558400101
20,2,ResDyNet,68,0.011275901596800064,0.12047841084566381,0.3471000012181847,0.3126976496587234,31.269764965872337,7.295189708995167
20,2,Plain,68,0.2947950910980761,0.9522191858752082,0.9758171887578166,0.8791003755408974,87.91003755408974,7.301570125011494
20,2,ResDyNet,69,0.01875018156042868,0.05414414669644589,0.23268894837625162,0.2096262950257861,20.96262950257861,7.406415208999533
20,2,Plain,69,0.2940916548395911,0.934705032754949,0.9668014443281252,0.8709782145406267,87.09782145406267,7.412211249989923
20,2,ResDyNet,70,0.0186346746999463,0.05040160942799063,0.22450302765885058,0.2022517108723999,20.22517108723999,7.533647042000666
20,2,Plain,70,0.27638700708441755,0.9701586614909775,0.9849663250543023,0.8873427074518098,88.73427074518098,7.5399992919992656
20,2,ResDyNet,71,0.01217711074107274,0.0635330220995776,0.25205757695331754,0.22707522793245644,22.707522793245644,7.6435788339877035
20,2,Plain,71,0.27875211206052497,0.9246425998808661,0.9615833816580162,0.8662773331606541,86.62773331606542,7.649338124989299
20,2,ResDyNet,72,0.009914586574506116,0.053136073325036774,0.23051263159540036,0.20766568096673502,20.766568096673502,7.745684291992802
20,2,Plain,72,0.27355423796218387,0.9084103671558311,0.953105643229454,0.8586398544175572,85.86398544175572,7.752209375001257
20,2,ResDyNet,73,0.009303578629238774,0.059441738849077844,0.24380676538824317,0.21964218450082018,21.96421845008202,7.849831792002078
20,2,Plain,73,0.27997883086528297,0.9954940063893055,0.997744459463096,0.898854354189435,89.8854354189435,7.8554423750028946
20,2,ResDyNet,74,0.008580737626064663,0.058119257435106535,0.2410793592058568,0.21718510152789103,21.718510152789104,7.946990500000538
20,2,Plain,74,0.26402410274372806,0.9557636530201292,0.9776316550828994,0.8807350034672788,88.07350034672788,7.95255712501239
20,2,ResDyNet,75,0.008565271233249476,0.05035973321945821,0.2244097440385738,0.20216767293316099,20.2167672933161,8.044563917006599
20,2,Plain,75,0.2696240083687925,0.9292337604407487,0.9639677175303895,0.8684253487776851,86.8425348777685,8.050202459009597
20,2,ResDyNet,76,0.009171404311068335,0.07406442185025573,0.2721477941307916,0.2451742301522246,24.51742301522246,8.142480334005086
20,2,Plain,76,0.26319647709551913,1.0221405968034356,1.0110096917455518,0.9108048207476116,91.08048207476116,8.148065749992384
20,2,ResDyNet,77,0.010833853845764296,0.054333678349561154,0.23309585656883983,0.2099928730580611,20.99928730580611,8.26714045900735
20,2,Plain,77,0.25874169694243515,1.0470176152411297,1.0232387870097233,0.9218218456198048,92.18218456198048,8.275186749990098
20,2,ResDyNet,78,0.009048121965299895,0.07142021267344814,0.2672456036559781,0.2407579137181316,24.07579137181316,8.375239584012888
20,2,Plain,78,0.26163619865123333,1.080156935227011,1.0393059872948924,0.9362965668763173,93.62965668763174,8.381193125009304
20,2,ResDyNet,79,0.009532316969896265,0.056597431851419515,0.23790214763935932,0.21432279502882604,21.432279502882604,8.47475583400228
20,2,Plain,79,0.264228215700602,1.0963344541871856,1.0470599095501583,0.9432819695163306,94.32819695163306,8.480405292008072
20,2,ResDyNet,80,0.008897993019885536,0.06667226847718827,0.2582097373787214,0.23261762522025686,23.261762522025688,8.608368999994127
20,2,Plain,80,0.26960965524933667,1.1012811809490726,1.049419449481032,0.9454076468083809,94.54076468083808,8.614236541994615
20,2,ResDyNet,81,0.008011945814663945,0.05349693697330004,0.23129404872002227,0.20836964898003027,20.83696489800303,8.708868249988882
20,2,Plain,81,0.2667572788171032,1.0829997011788908,1.0406727156886986,0.9375278338165798,93.75278338165798,8.714469458995154
20,2,ResDyNet,82,0.0072954373685200835,0.03637407767455415,0.19071989323233735,0.17181694655030186,17.181694655030185,8.806492584000807
20,2,Plain,82,0.26670127058487303,1.1461355029556315,1.070577182157191,0.9644683591584904,96.44683591584904,8.813240541989217
20,2,ResDyNet,83,0.010157839680709659,0.04942444287956959,0.222316087765977,0.2002815265968412,20.02815265968412,8.905774209008086
20,2,Plain,83,0.2654189548060318,1.2603834972868462,1.1226680263046802,1.01139628908212,101.139628908212,8.91140916699078
20,2,ResDyNet,84,0.008462540529957627,0.04361401804380139,0.20883969460761379,0.18814082809004934,18.814082809004933,9.003349292004714
20,2,Plain,84,0.2689501458051794,1.3107813621838018,1.1448936029971526,1.0314190075196148,103.14190075196149,9.008906792005291
20,2,ResDyNet,85,0.00984042419960386,0.0371997536601265,0.19287237661242862,0.17375608942417617,17.375608942417617,9.100820374995237
20,2,Plain,85,0.255194613417228,0.9571514339353357,0.978341164387626,0.8813741907079021,88.13741907079022,9.106406292004976
20,2,ResDyNet,86,0.008798095557205612,0.04533230447663582,0.21291384284878195,0.19181117258703392,19.18111725870339,9.197779084002832
20,2,Plain,86,0.2665277097490675,1.0479238557939512,1.0236815206859755,0.9222206983409312,92.22206983409312,9.203420959005598
20,2,ResDyNet,87,0.008704879555322153,0.040320833660151156,0.2008004822209129,0.1808984114677328,18.08984114677328,9.29656466699089
20,2,Plain,87,0.25252973273214513,1.1321649377221,1.064032395052942,0.9585722498590584,95.85722498590584,9.302172249997966
20,2,ResDyNet,88,0.00635453672548701,0.0400033771449946,0.20000844268428922,0.1801848738685689,18.01848738685689,9.399374625005294
20,2,Plain,88,0.25139783302988367,1.0621946792852262,1.0306282934624036,0.928478951041244,92.8478951041244,9.404823209013557
20,2,ResDyNet,89,0.008588839554361622,0.04344854422323757,0.20844314386239135,0.18778358094062186,18.778358094062185,9.498348749999423
20,2,Plain,89,0.3244396971087233,1.2179391675598992,1.1036028124102888,0.9942206983183806,99.42206983183806,9.50393454200821
20,2,ResDyNet,90,0.006385465370777939,0.04016263464756011,0.2004061741752487,0.18054318473570174,18.054318473570174,9.595363417000044
20,2,Plain,90,0.32197736298816626,0.8652018205430484,0.9301622549550419,0.837970469331308,83.7970469331308,9.600971500010928
20,2,ResDyNet,91,0.011304271072081458,0.053670098896787595,0.23166807914943222,0.2087066078845732,20.87066078845732,9.692824083991582
20,2,Plain,91,0.3082863775053733,0.8399714761817836,0.916499577840483,0.8256619501530467,82.56619501530467,9.69839437500923
20,2,ResDyNet,92,0.007305863249397563,0.04277131954683563,0.20681228093813875,0.18631435880999794,18.631435880999796,9.79015212500235
20,2,Plain,92,0.29489599342093914,0.9293159034729637,0.9640103233228178,0.8684637317540821,86.8463731754082,9.795742124988465
20,2,ResDyNet,93,0.006409102398163545,0.05893360172020728,0.2427624388578416,0.21870136499524043,21.870136499524044,9.894619333994342
20,2,Plain,93,0.24188453132164717,1.1269000281496104,1.0615554757758119,0.9563408271173854,95.63408271173854,9.901023542013718
20,2,ResDyNet,94,0.007230695662482403,0.04981277303262596,0.2231877528732837,0.20106679778493608,20.106679778493607,9.997933292004745
20,2,Plain,94,0.2540714682907484,1.101124787888749,1.0493449327503082,0.9453405157035816,94.53405157035816,10.003587374987546
20,2,ResDyNet,95,0.007740410421795876,0.05422666599889645,0.2328661976305201,0.20978597645770486,20.978597645770485,10.095630541996798
20,2,Plain,95,0.24660367569447172,1.027498595714858,1.01365605395265,0.9131888923102767,91.31888923102767,10.101288917008787
20,2,ResDyNet,96,0.006241906797423929,0.0440381581361825,0.2098527058109628,0.18905343604525954,18.905343604525953,10.193373833986698
20,2,Plain,96,0.23893026999985342,0.8374334444988847,0.9151138970089377,0.8244136092205182,82.44136092205181,10.19901545898756
20,2,ResDyNet,97,0.006058923538991015,0.043140341039550494,0.20770253017127763,0.18711637218319302,18.711637218319304,10.292345041991211
20,2,Plain,97,0.2361039061706044,0.9051777666847314,0.9514083070294959,0.8571107474208851,85.71107474208851,10.297980542003643
20,2,ResDyNet,98,0.005454301236467348,0.053638929285831825,0.23160079724783295,0.2086459945385034,20.864599453850342,10.3920440840011
20,2,Plain,98,0.2347319234761866,1.0335903452722301,1.016656453907725,0.9158919116438846,91.58919116438847,10.397680583992042
20,2,ResDyNet,99,0.0067301691300113275,0.03931665937586035,0.19828428928147673,0.17863160762017252,17.86316076201725,10.489429334003944
20,2,Plain,99,0.22671412223588625,0.8310522501235478,0.9116206722774268,0.8212666107778804,82.12666107778804,10.494960792013444
20,2,ResDyNet,100,0.005680289657340137,0.04172959002638258,0.20427821720972253,0.18403145541276322,18.403145541276324,10.585568459006026
20,2,Plain,100,0.23665049416410047,1.027315719318942,1.0135658436031385,0.9131076230386889,91.31076230386888,10.591243959002895
20,3,ResDyNet,0,1.2481843403398765,2.3110139778933148,1.520201952996152,1.369529173264645,136.9529173264645,0.005886750004719943
20,3,Plain,0,1.0390504527698656,2.044277308731568,1.4297822592029767,1.288071306273125,128.80713062731252,0.01196104200789705
20,3,ResDyNet,1,1.1514793117199662,2.0966675209873666,1.4479874036010696,1.3044720721763292,130.44720721763292,0.10467041700030677
20,3,Plain,1,1.0197388665774114,2.1787838905313426,1.4760704219417657,1.329771679781166,132.9771679781166,0.11066229199059308
20,3,ResDyNet,2,0.9024613108709696,2.073729419708314,1.440044936697572,1.2973168122382726,129.73168122382725,0.2017591669864487
20,3,Plain,2,0.9607614492858468,2.2224673444728427,1.4907941992350395,1.3430361296156421,134.3036129615642,0.2079335419985
20,3,ResDyNet,3,0.8362436801650178,1.8489301367332545,1.3597537044381436,1.224983537886182,122.4983537886182,0.29934891700395383
20,3,Plain,3,0.9377342872595412,2.343866525248501,1.5309691457532713,1.3792291901380453,137.92291901380455,0.3057718749914784
20,3,ResDyNet,4,0.6902962592787711,1.3343686006215933,1.1551487352811296,1.040657716107585,104.06577161075849,0.39733666699612513
20,3,Plain,4,0.9327200791344111,2.3855012955052337,1.544506813032961,1.3914250896637264,139.14250896637265,0.40341291698860005
20,3,ResDyNet,5,0.36423473331674944,0.6489974919718954,0.805603805832554,0.7257574640041935,72.57574640041935,0.4949177500093356
20,3,Plain,5,0.9234148412747086,2.2869129112963886,1.5122542482322172,1.3623691946096705,136.23691946096704,0.5010437500022817
20,3,ResDyNet,6,0.3127149760634224,0.7763829000941898,0.8811259274894763,0.7937943117612616,79.37943117612616,0.5925275000045076
20,3,Plain,6,0.9138468585534868,2.2343712745078848,1.4947813467219495,1.346628096321559,134.6628096321559,0.5980918339919299
20,3,ResDyNet,7,0.3096705588752782,0.7400773150355439,0.860277463982141,0.7750122157806815,77.50122157806814,0.6894160000083502
20,3,Plain,7,0.9102699412382997,2.1276580769570264,1.4586494016579263,1.3140773205812384,131.40773205812383,0.6950179169944022
20,3,ResDyNet,8,0.21551529894234125,0.6126641964549153,0.7827286863625961,0.705149581351315,70.5149581351315,0.7856596669880673
20,3,Plain,8,0.909488471667869,2.055189485384078,1.4335932077769056,1.2915045377852412,129.1504537785241,0.7919017919921316
20,3,ResDyNet,9,0.1853381882577584,0.7006575325158797,0.8370528851368232,0.7540895099502094,75.40895099502094,0.8826608750096057
20,3,Plain,9,0.8992235903967994,2.1349016934454483,1.46113027942256,1.3163123094702298,131.63123094702297,0.8882169999997132
20,3,ResDyNet,10,0.17460477504593944,0.548423159572413,0.7405559800396004,0.6671567663105024,66.71567663105023,0.9809437920048367
20,3,Plain,10,0.8678754840961629,2.0851623489023714,1.4440091235523311,1.3008880940243304,130.08880940243304,0.9869993339816574
20,3,ResDyNet,11,0.13684400864199756,0.42612273507019266,0.6527807710634502,0.5880812795665759,58.808127956657586,1.0826754169829655
20,3,Plain,11,0.600403067268705,1.06336518211491,1.0311959959750183,0.928990386479956,92.8990386479956,1.0892506249947473
20,3,ResDyNet,12,0.13281452463794657,0.32355026409871274,0.568814788924051,0.512437473245261,51.2437473245261,1.1813725419924594
20,3,Plain,12,0.363069502757607,1.0243963811393613,1.0121246865576203,0.9118093043428057,91.18093043428057,1.1878701669920702
20,3,ResDyNet,13,0.10084154882847458,0.3157246041677218,0.5618937659092881,0.5062024181534868,50.62024181534868,1.2798109169816598
20,3,Plain,13,0.3485498717195631,1.1435137135020157,1.0693520063580635,0.9633646150171439,96.33646150171438,1.286004875000799
20,3,ResDyNet,14,0.09171713067405196,0.2715239310017672,0.5210795822153917,0.46943347759160425,46.943347759160424,1.3772513750009239
20,3,Plain,14,0.3651485788390348,1.127117573366652,1.0616579361388734,0.9564331322588434,95.64331322588434,1.3835418749949895
20,3,ResDyNet,15,0.07979314312424403,0.27215700863440706,0.5216866958572042,0.4699804179782485,46.998041797824854,1.4744581670092884
20,3,Plain,15,0.3669634591999213,1.129715453383273,1.0628807333766441,0.9575347335867551,95.7534733586755,1.4801197089836933
20,3,ResDyNet,16,0.07613813999456642,0.12897054313059184,0.3591246902269347,0.3235305277276279,32.353052772762794,1.5722453749913257
20,3,Plain,16,0.3670586535060277,1.1356595173342576,1.0656732695034898,0.9600504912369627,96.00504912369627,1.5784943339822348
20,3,ResDyNet,17,0.06766959812535292,0.12485320507591466,0.35334573023586213,0.31832434161314194,31.832434161314193,1.6707605840056203
20,3,Plain,17,0.367742755196671,1.1343350934493581,1.065051685811237,0.9594905149795399,95.94905149795399,1.6768689999880735
20,3,ResDyNet,18,0.08121527712637466,0.1629305660420937,0.4036465855697205,0.3636396950660906,36.36396950660906,1.7681755840021651
20,3,Plain,18,0.3613957153169709,1.0933491987694628,1.0456333959708166,0.9419968429190938,94.19968429190938,1.773758833995089
20,3,ResDyNet,19,0.05859974411663834,0.12138612221857144,0.3484051122164705,0.31387340632906463,31.38734063290646,1.8651527919864748
20,3,Plain,19,0.36074476621309126,1.115563441304079,1.0562023675906427,0.9515182850776375,95.15182850776375,1.871096333983587
20,3,ResDyNet,20,0.053183115373582016,0.10827984092491051,0.32905902346677945,0.2964447792449788,29.64447792449788,1.9628717089944985
20,3,Plain,20,0.36736466111605076,1.1981548354467626,1.094602592472155,0.9861125231204871,98.61125231204872,1.9693783749826252
20,3,ResDyNet,21,0.049177989287141045,0.19838721537164303,0.4454067976262183,0.40126089965694967,40.126089965694966,2.0601163340033963
20,3,Plain,21,0.37734600760161485,1.1380566178446885,1.0667973649408253,0.9610631734611439,96.1063173461144,2.065741041995352
20,3,ResDyNet,22,0.055195382113544494,0.1250603092808695,0.35363867051111575,0.31858824750550924,31.858824750550923,2.1598060420074034
20,3,Plain,22,0.3551966024651277,1.0133508769482407,1.0066533052388198,0.9068802116525981,90.68802116525981,2.1654991249961313
20,3,ResDyNet,23,0.04691474432964934,0.0872879906940796,0.2954454106837329,0.26616273465578855,26.616273465578853,2.257114125008229
20,3,Plain,23,0.35166221688338883,0.9213455664259314,0.9598674733659492,0.864731494819899,86.47314948198989,2.2634142919851
20,3,ResDyNet,24,0.059389999546452396,0.11006254002911829,0.3317567482796971,0.2988751226776056,29.887512267760556,2.355313624982955
20,3,Plain,24,0.34861763161715054,0.963311361882155,0.9814842647144961,0.8842057668571516,88.42057668571516,2.3608933340001386
20,3,ResDyNet,25,0.03452873320470593,0.10741373533310851,0.3277403474293461,0.2952568020161701,29.52568020161701,2.4515921249985695
20,3,Plain,25,0.3527761885985335,0.9657117666034694,0.9827063481037809,0.8853067250887134,88.53067250887135,2.457154667004943
20,3,ResDyNet,26,0.031768797767964777,0.12345680292177973,0.35136420267548557,0.31653921050196615,31.653921050196615,2.5483564999885857
20,3,Plain,26,0.3417813996631632,0.9715957068097065,0.9856955446839082,0.8879996514548708,88.79996514548708,2.553928499983158
20,3,ResDyNet,27,0.04339721276952415,0.0765493220225147,0.276675481426372,0.2492531617879168,24.92531617879168,2.644509834004566
20,3,Plain,27,0.35415781519863915,1.0488453284517647,1.0241314995896595,0.92262607818848,92.262607818848,2.6511022500053514
20,3,ResDyNet,28,0.040109770122783855,0.08542909981308533,0.292282568438635,0.26331337328208526,26.331337328208527,2.742257208999945
20,3,Plain,28,0.3693680240962804,1.1557148347769575,1.0750417828051881,0.968490456895148,96.8490456895148,2.7478425419831183
20,3,ResDyNet,29,0.03753841953639009,0.10517151577062793,0.3243015815111421,0.29215886477452485,29.215886477452486,2.838903791998746
20,3,Plain,29,0.37127367528476957,1.1349379852501722,1.0653346822713379,0.9597454626246701,95.97454626246702,2.8445209589845035
20,3,ResDyNet,30,0.02677574307258081,0.07533130583746363,0.2744654911595693,0.24726221174535695,24.726221174535695,2.9353630839905236
20,3,Plain,30,0.3618522843713527,1.049712871054642,1.0245549624371755,0.9230075700832403,92.30075700832403,2.9419543340045493
20,3,ResDyNet,31,0.025369328139666778,0.1374364393441781,0.3707242092771635,0.33398037598878694,33.398037598878695,3.0348973750078585
20,3,Plain,31,0.3514539988050618,1.0392949733766437,1.019458176374413,0.9184159451421694,91.84159451421694,3.0407142500043847
20,3,ResDyNet,32,0.03891972023070751,0.09911821785159107,0.31483045890064554,0.283626459791702,28.362645979170196,3.131173708999995
20,3,Plain,32,0.3442187028849256,1.1244870962964963,1.060418359090645,0.9553164142289053,95.53164142289053,3.1367730839992873
20,3,ResDyNet,33,0.03899788309026724,0.0895269709031943,0.299210579530862,0.26955472383738877,26.955472383738876,3.227263624983607
20,3,Plain,33,0.37703428814307516,1.1477857473210555,1.0713476314068444,0.9651624463630494,96.51624463630493,3.232710624986794
20,3,ResDyNet,34,0.033482888793913645,0.1135578922804778,0.3369835193009857,0.30358384929219845,30.358384929219845,3.3256475839880295
20,3,Plain,34,0.37228934337854164,1.129226517263381,1.0626507033185368,0.9573275026496517,95.73275026496518,3.332887500000652
20,3,ResDyNet,35,0.03672019460090334,0.08352196534915844,0.2890016701494274,0.26035765683090717,26.035765683090716,3.4247219169919845
20,3,Plain,35,0.364072705694199,1.0778408790630076,1.0381911572841525,0.9352922317483889,93.52922317483889,3.430322291998891
20,3,ResDyNet,36,0.03064013846325996,0.09604064248147882,0.3099042472788633,0.2791885030344374,27.918850303443737,3.5216542090056464
20,3,Plain,36,0.33252426405871327,1.052847056228281,1.0260833573488466,0.9243844801810581,92.43844801810582,3.5272389999881852
20,3,ResDyNet,37,0.03531084260396574,0.08585760128275616,0.293014677589291,0.2639729204151891,26.39729204151891,3.6186102500068955
20,3,Plain,37,0.3209409048859567,0.9785098782602898,0.989196582212196,0.8911536883394009,89.1153688339401,3.624238708987832
20,3,ResDyNet,38,0.027139951049471676,0.07041499765902293,0.26535824400048874,0.2390576171861208,23.90576171861208,3.7152639589912724
20,3,Plain,38,0.3195352418740824,0.9439543829423349,0.971573148528887,0.8752769776728888,87.52769776728888,3.7213199170073494
20,3,ResDyNet,39,0.03062117078305363,0.09869604613709783,0.3141592687429385,0.2830217937471832,28.30217937471832,3.812710625003092
20,3,Plain,39,0.33326562487662753,0.9871315540834922,0.9935449431623575,0.8950710673201303,89.50710673201303,3.8182554169907235
20,3,ResDyNet,40,0.029779407139283797,0.10198803381063935,0.31935565410782907,0.28770314633899974,28.770314633899975,3.9102008339832537
20,3,Plain,40,0.3401941386699764,1.0418284900542532,1.0207000000265765,0.9195346871069037,91.95346871069037,3.915794750006171
20,3,ResDyNet,41,0.025709949058550483,0.08546717795791356,0.29234770044916303,0.2633720498206568,26.337204982065682,4.0074408749933355
20,3,Plain,41,0.3371874378875326,0.9455899908807769,0.9724145159759684,0.8760349541127573,87.60349541127573,4.013005249988055
20,3,ResDyNet,42,0.03495664093271581,0.07989498544441298,0.28265701025167056,0.2546418393980359,25.464183939803593,4.107604958990123
20,3,Plain,42,0.3104382970237134,0.856492605978266,0.925468857378932,0.8337422515675145,83.37422515675145,4.115159791981569
20,3,ResDyNet,43,0.026140574092051953,0.10913679427387792,0.3303585843804849,0.29761553591993656,29.761553591993657,4.221606916980818
20,3,Plain,43,0.3068588546079314,0.8955262603345472,0.946322492776404,0.8525290068332699,85.252900683327,4.2274544590036385
20,3,ResDyNet,44,0.033411998102015,0.06620174340057168,0.2572969945424386,0.23179534766725549,23.17953476672555,4.343631625000853
20,3,Plain,44,0.3281077040154458,0.9654247696792528,0.9825603135071419,0.8851751645154562,88.51751645154562,4.3505103749921545
20,3,ResDyNet,45,0.026023590885988046,0.0915452498850898,0.30256445575296814,0.27257618511142556,27.257618511142557,4.4453018750064075
20,3,Plain,45,0.3402379367054075,1.0093741796036533,1.0046761565816387,0.9050990254354947,90.50990254354947,4.450951375009026
20,3,ResDyNet,46,0.02336168749464167,0.08689405670667412,0.29477797866644334,0.2655614542686351,26.55614542686351,4.543199374980759
20,3,Plain,46,0.350544155887477,1.0515002294150655,1.0254268522986247,0.923793043749272,92.3793043749272,4.548830291983904
20,3,ResDyNet,47,0.020742700229257918,0.08082671456328852,0.28430039494043713,0.25612234221526126,25.612234221526126,4.640653584006941
20,3,Plain,47,0.3459028928132404,1.1040095791685345,1.0507186013241292,0.9465780349572156,94.65780349572157,4.646284208982252
20,3,ResDyNet,48,0.018408520796695638,0.08240111872536957,0.28705595051377975,0.25860478458997793,25.860478458997793,4.737784750002902
20,3,Plain,48,0.34715023603037476,1.1004293506206044,1.0490135130781701,0.9450419442481955,94.50419442481956,4.743575583997881
20,3,ResDyNet,49,0.020098961134074077,0.07518621794229946,0.2742010538679592,0.24702398380159896,24.702398380159895,4.837823916983325
20,3,Plain,49,0.34298423919570764,1.0334698811601704,1.0165972069409646,0.9158385368608527,91.58385368608528,4.843437625007937
20,3,ResDyNet,50,0.017453313270519896,0.07476361493585132,0.2734293600472548,0.2463287753799812,24.63287753799812,4.934419958997751
20,3,Plain,50,0.33248730854794517,1.0080658471595427,1.0040248239757534,0.904512248788155,90.4512248788155,4.9400715839874465
20,3,ResDyNet,51,0.017529140566958173,0.0770136239352389,0.27751328605174724,0.2500079285303789,25.00079285303789,5.031243999983417
20,3,Plain,51,0.3349969613295902,1.054907924992742,1.0270871068184733,0.9252887443668746,92.52887443668746,5.036861917003989
20,3,ResDyNet,52,0.017752598090427636,0.07287001000721499,0.26994445726336924,0.24318927406628008,24.318927406628006,5.1285279589938
20,3,Plain,52,0.365163860715165,1.128098695723814,1.06211990647187,0.9568493150212553,95.68493150212552,5.134149208985036
20,3,ResDyNet,53,0.016925738019424125,0.06950001957232205,0.26362856365030335,0.23749937178633512,23.749937178633513,5.225746584008448
20,3,Plain,53,0.362843415662408,1.187124741566992,1.089552541902864,0.9815630015470708,98.15630015470708,5.231358666991582
20,3,ResDyNet,54,0.016888615069957123,0.07202621566905172,0.2683770028691947,0.24177717581423333,24.177717581423334,5.32280987498234
20,3,Plain,54,0.3381366621243992,1.117924172608086,1.0573193333180313,0.9525245442435203,95.25245442435202,5.328453958994942
20,3,ResDyNet,55,0.015520333549466213,0.07266284540238746,0.2695604670614507,0.24284334253873613,24.284334253873613,5.420177041989518
20,3,Plain,55,0.3287230520231377,1.1527653044423243,1.0736690851665258,0.9672538123437353,96.72538123437353,5.425789291999536
20,3,ResDyNet,56,0.017060905683802682,0.0686546854246113,0.26202039123818455,0.2360505912281367,23.60505912281367,5.522653374995571
20,3,Plain,56,0.3316321287691162,1.2627785044452782,1.1237341787296844,1.0123567712380022,101.23567712380022,5.529266833997099
20,3,ResDyNet,57,0.015010369603236444,0.0815922738139453,0.2856436132910122,0.2573324292787276,25.733242927872762,5.63212208400364
20,3,Plain,57,0.3448462181256837,1.261340583177718,1.123094200491534,1.0117802235854525,101.17802235854525,5.637914416991407
20,3,ResDyNet,58,0.021743302554258267,0.06293074598216694,0.2508600127205748,0.22599635867408782,22.599635867408782,5.732998958992539
20,3,Plain,58,0.3706672554928254,1.2970238497468822,1.1388695490471603,1.0259920196055587,102.59920196055587,5.7397523339896
20,3,ResDyNet,59,0.016801272790995022,0.057826672422997764,0.24047177053242189,0.2166377331917471,21.66377331917471,5.831809666997287
20,3,Plain,59,0.3684557499140706,1.246186291150048,1.1163271434261768,1.0056838743142995,100.56838743142995,5.838163042004453
20,3,ResDyNet,60,0.01990619470512011,0.06985604556440966,0.26430294278424077,0.23810691073597792,23.81069107359779,5.931372624996584
20,3,Plain,60,0.3476636961434952,1.0977435771981208,1.047732588592204,0.9438879768764117,94.38879768764117,5.936957917001564
20,3,ResDyNet,61,0.02234625589179487,0.10002706622796426,0.3162705585854685,0.28492382592577853,28.492382592577854,6.029234499990707
20,3,Plain,61,0.31040056092331386,1.065693801903865,1.032324465419601,0.9300070091875167,93.00070091875166,6.034773333987687
20,3,ResDyNet,62,0.027643933718738193,0.06876910725981594,0.26223864562610893,0.2362472136248297,23.62472136248297,6.126308125007199
20,3,Plain,62,0.29403880579309083,1.0915533738431957,1.044774317182039,0.9412229105734308,94.12229105734308,6.131854874984128
20,3,ResDyNet,63,0.022255725957878027,0.07959930541254435,0.282133488640651,0.2541702059300532,25.41702059300532,6.223222667002119
20,3,Plain,63,0.281473908072381,1.102756463826515,1.050122118530276,0.9460406717562788,94.60406717562788,6.228973416989902
20,3,ResDyNet,64,0.021460549256558235,0.07971739007495308,0.28234268199291634,0.25435866536349605,25.435866536349604,6.321157792001031
20,3,Plain,64,0.2934221692237107,1.0146967910495657,1.0073215926652053,0.9074822626661211,90.74822626661211,6.326803208998172
20,3,ResDyNet,65,0.021124363489124533,0.0602490467512566,0.24545681239529002,0.22112868930957594,22.112868930957593,6.418788999988465
20,3,Plain,65,0.3182106253347759,1.0346159078811556,1.017160708974327,0.9163461881451856,91.63461881451856,6.42445587500697
20,3,ResDyNet,66,0.021264218241863985,0.07110413721249957,0.26665359028616054,0.2402245769602555,24.02245769602555,6.515700666990597
20,3,Plain,66,0.2948916792375284,1.014704832629867,1.0073255842228306,0.9074858586058604,90.74858586058603,6.521280374989146
20,3,ResDyNet,67,0.021404507728057964,0.09793248488005547,0.3129416637011689,0.28192486999772276,28.192486999772274,6.638013874995522
20,3,Plain,67,0.26589680542303334,0.8561431403943268,0.9252800335003057,0.8335721427146229,83.35721427146228,6.6437836670083925
20,3,ResDyNet,68,0.022479585018420945,0.05826760415283843,0.24138683508600553,0.21746210234814978,21.746210234814978,6.738093333988218
20,3,Plain,68,0.25663339262209767,0.9291247627286602,0.9639111798960837,0.8683744147952517,86.83744147952517,6.743680458981544
20,3,ResDyNet,69,0.019276171648296984,0.07970434924267661,0.2823195870687626,0.2543378594618061,25.43378594618061,6.838324416981777
20,3,Plain,69,0.24902210197774186,0.9263208574667214,0.962455639220178,0.8670631380832349,86.70631380832349,6.8457391249830835
20,3,ResDyNet,70,0.020501580634257225,0.0721153362443072,0.2685429877027274,0.2419267092833849,24.19267092833849,6.938026916992385
20,3,Plain,70,0.25167756825677434,0.8403814527449769,0.9167232149045735,0.8258634217291695,82.58634217291694,6.9435873339825775
20,3,ResDyNet,71,0.015083829016477212,0.05826221765928969,0.241375677439318,0.21745205057666414,21.745205057666414,7.04541274998337
20,3,Plain,71,0.2581965696001476,0.9223206017291266,0.9603752400645941,0.8651889349025379,86.51889349025379,7.051836041995557
20,3,ResDyNet,72,0.015805574880212597,0.06891124512770198,0.2625095143565314,0.23649123556395932,23.64912355639593,7.15485875000013
20,3,Plain,72,0.24516247318525336,0.892803428886901,0.9448827593341413,0.851231970642113,85.1231970642113,7.160765000007814
20,3,ResDyNet,73,0.012568976393716616,0.0609380783289788,0.2468563921169124,0.22238955156231396,22.238955156231395,7.255954166990705
20,3,Plain,73,0.287069825380005,0.9827172179558267,0.9913209459886473,0.893067498646474,89.3067498646474,7.261892958980752
20,3,ResDyNet,74,0.011494053042772588,0.0647983005597333,0.2545551031893356,0.2293252152018974,22.932521520189738,7.3594446670031175
20,3,Plain,74,0.2459799846755922,0.8178070490870859,0.9043268485935193,0.8146957046557876,81.46957046557876,7.365156958985608
20,3,ResDyNet,75,0.011630388447811262,0.049472423496864176,0.2224239723970062,0.20037871838721497,20.037871838721497,7.459178208984667
20,3,Plain,75,0.2577223664079804,0.9129343452658089,0.9554759783824023,0.8607752569777101,86.07752569777101,7.46553645899985
20,3,ResDyNet,76,0.010828000974380348,0.06016900943554296,0.24529372074218075,0.22098176226714655,22.098176226714656,7.557487833983032
20,3,Plain,76,0.2367072161308219,0.7774548901011957,0.881734024579519,0.7943421381229824,79.43421381229824,7.563056416984182
20,3,ResDyNet,77,0.012407128824540838,0.06930129401199953,0.26325138938284737,0.2371595806410418,23.715958064104182,7.661163499986287
20,3,Plain,77,0.26636978109443166,1.0135647454434602,1.0067595271182985,0.9069759054928135,90.69759054928134,7.667183209006907
20,3,ResDyNet,78,0.013527659259309254,0.05725959808566256,0.23928977848136881,0.21557289269914431,21.55728926991443,7.770346874982351
20,3,Plain,78,0.23997457015103918,0.7163561783148598,0.8463782714099292,0.7624906230574575,76.24906230574575,7.77623954199953
20,3,ResDyNet,79,0.009899752975763931,0.057395383706982966,0.23957333680312373,0.2158283465177636,21.58283465177636,7.883898667001631
20,3,Plain,79,0.2501230992194802,0.7948632270078175,0.8915510232217883,0.8031861380981101,80.31861380981101,7.890248459007125
20,3,ResDyNet,80,0.009676722799880704,0.05283635987011788,0.22986161025738483,0.2070791847363672,20.70791847363672,7.992513625009451
20,3,Plain,80,0.23716478786171422,0.9925500521754148,0.9962680624086144,0.8975242882508606,89.75242882508606,7.998396999988472
20,3,ResDyNet,81,0.009286644599684375,0.05634816290475895,0.23737767987904623,0.21385030918786926,21.385030918786928,8.100013874995057
20,3,Plain,81,0.2603998252357593,1.0352817672505983,1.0174879690937866,0.9166410123163837,91.66410123163837,8.107465499982936
20,3,ResDyNet,82,0.01027711959298027,0.04807664763851905,0.21926387672965889,0.1975318313678886,19.75318313678886,8.210600874997908
20,3,Plain,82,0.25844430235624616,0.8195858040893679,0.9053097834936767,0.8155812172802993,81.55812172802993,8.216896083991742
20,3,ResDyNet,83,0.013418883343481451,0.05166701381267485,0.2273037919012238,0.20477488111948897,20.477488111948897,8.308532499999274
20,3,Plain,83,0.2645893396784872,0.818552419770047,0.9047388682763923,0.8150668875598364,81.50668875598363,8.314209874981316
20,3,ResDyNet,84,0.009551551399766937,0.05008322704506301,0.2237928217013741,0.2016118960268306,20.16118960268306,8.406364083988592
20,3,Plain,84,0.2682127061154623,0.9760442810365668,0.9879495336486408,0.8900302393233668,89.00302393233667,8.412000749987783
20,3,ResDyNet,85,0.012844517354659564,0.048362526356177854,0.21991481613610725,0.19811825378722675,19.811825378722673,8.503069792001043
20,3,Plain,85,0.260747789370765,1.10510388694185,1.0512392148991827,0.9470470486153207,94.70470486153208,8.508664499997394
20,3,ResDyNet,86,0.011471243993075865,0.05722322239759183,0.23921375879658727,0.21550440760356507,21.55044076035651,8.600476124993293
20,3,Plain,86,0.24375509377494556,0.8310607448026684,0.9116253313739524,0.8212708080942963,82.12708080942963,8.606047834007768
20,3,ResDyNet,87,0.011786448283833491,0.05114713272677517,0.22615731853463236,0.20374203892452708,20.37420389245271,8.697268374991836
20,3,Plain,87,0.2525372834054679,0.9344869293211402,0.9666886413531195,0.8708765918813498,87.08765918813498,8.70288083399646
20,3,ResDyNet,88,0.011657647378861368,0.05253611532037485,0.22920758128904647,0.2064899789729262,20.64899789729262,8.793757709005149
20,3,Plain,88,0.23003177010068757,0.9408177909127633,0.9699576232561725,0.873821573023021,87.3821573023021,8.79938433400821
20,3,ResDyNet,89,0.010941890918359997,0.050087261462593506,0.22380183525296102,0.20162001621232878,20.16200162123288,8.890393417008454
20,3,Plain,89,0.22697363293901168,1.0507211845314761,1.025046918209833,0.9234507663186369,92.34507663186369,8.895942458999343
20,3,ResDyNet,90,0.011474545835245807,0.053647700943297634,0.23161973349284737,0.20866305394296494,20.866305394296493,8.991330083983485
20,3,Plain,90,0.2250774091147893,0.9359021315960908,0.9674203489673404,0.8715357772757643,87.15357772757642,8.998897209006827
20,3,ResDyNet,91,0.008685400868651442,0.05411268340591095,0.2326213305049882,0.20956537900923528,20.95653790092353,9.098382333992049
20,3,Plain,91,0.24271289684765962,0.9342214440409019,0.966551314747904,0.8707528762186135,87.07528762186135,9.104070333996788
20,3,ResDyNet,92,0.008349234872139967,0.05382324254080331,0.23199836753909134,0.20900416018302753,20.900416018302753,9.198035417008214
20,3,Plain,92,0.243703587234951,1.0713484195619103,1.0350596212595244,0.9324710737210593,93.24710737210593,9.203632249991642
20,3,ResDyNet,93,0.008140660279370587,0.053859214325776554,0.23207588053431263,0.2090739905815831,20.907399058158312,9.295473959005903
20,3,Plain,93,0.2831108867290911,0.9325046859488338,0.9656628220806855,0.8699524453116612,86.99524453116612,9.301092292007525
20,3,ResDyNet,94,0.007654502643260895,0.05776089308007053,0.24033496017032255,0.2165144826053821,21.65144826053821,9.397860333992867
20,3,Plain,94,0.244227129580415,0.9675549605585586,0.9836437162705602,0.8861511872655734,88.61511872655734,9.403430917009246
20,3,ResDyNet,95,0.007964242610262393,0.05139753718779506,0.22671024941055282,0.20424016679752405,20.424016679752405,9.494963625009404
20,3,Plain,95,0.22123913145169496,0.9806349550737914,0.9902701424731493,0.8921208441134975,89.21208441134975,9.500613749987679
20,3,ResDyNet,96,0.008865921289663618,0.05337167328305003,0.2310231011891452,0.20812555605064756,20.812555605064755,9.591838791995542
20,3,Plain,96,0.2254256563857514,0.8069376584233697,0.8982970880635034,0.8092635757617409,80.92635757617408,9.597501249983907
20,3,ResDyNet,97,0.012245438201803975,0.06223542818158156,0.24947029518878908,0.22474438113345466,22.474438113345467,9.688754667004105
20,3,Plain,97,0.20900784975760917,0.8208859708854884,0.9060275773316663,0.8162278679437712,81.62278679437712,9.694334041996626
20,3,ResDyNet,98,0.010482938935496363,0.058665846284711894,0.24221033480161802,0.21820398199281388,21.82039819928139,9.785491416987497
20,3,Plain,98,0.19898521518702345,0.7435306498915039,0.8622822333154637,0.7768182850876183,77.68182850876182,9.7911026669899
20,3,ResDyNet,99,0.013711482631536497,0.05089616504293346,0.22560178421930413,0.203241565648531,20.324156564853098,9.882120166992536
20,3,Plain,99,0.18762622791040098,0.8373663630943363,0.9150772443320488,0.8243805893245901,82.43805893245901,9.887678125000093
20,3,ResDyNet,100,0.008943773333719296,0.06011139874141276,0.24517626055842512,0.22087594399212504,22.087594399212502,9.978950833989074
20,3,Plain,100,0.1924489091629708,0.5809763521399203,0.7622180476346124,0.686671827099715,68.6671827099715,9.984551500005182
20,4,ResDyNet,0,1.2597311446577835,2.615046358665554,1.617110496739649,1.4568327565377341,145.68327565377342,0.005930000013904646
20,4,Plain,0,1.1280072970128654,2.6612767328922136,1.6313420036559512,1.4696537267140848,146.9653726714085,0.01230812500580214
20,4,ResDyNet,1,1.1389141559397558,2.0589305248247456,1.4348973917408678,1.2926794593030237,129.26794593030237,0.10520408299635164
20,4,Plain,1,1.0888592434107354,2.3952481353399113,1.5476589208672276,1.3942647805533455,139.42647805533454,0.1115043330064509
20,4,ResDyNet,2,0.9081171368188259,1.8581424553171848,1.363136990664249,1.2280314942310766,122.80314942310766,0.20350941599463113
20,4,Plain,2,0.9755682712440682,2.238511192313367,1.4961654962982427,1.347875057767148,134.78750577671482,0.21027500001946464
20,4,ResDyNet,3,0.8196635783690114,1.6265282740135296,1.2753541759109621,1.1489491555464235,114.89491555464235,0.3020345830009319
20,4,Plain,3,0.9428786823416825,2.148410197869882,1.4657456115813146,1.3204701991659136,132.04701991659135,0.30832987499888986
20,4,ResDyNet,4,0.648520337620943,1.2003969297817683,1.0956262728603072,0.987034742798544,98.70347427985439,0.399855291005224
20,4,Plain,4,0.9468881487778494,2.24759052875985,1.499196627784311,1.3506057627172305,135.06057627172305,0.40647441599867307
20,4,ResDyNet,5,0.40348063097247394,0.8729625458327227,0.9343246469149376,0.8417203113890717,84.17203113890717,0.497670000011567
20,4,Plain,5,0.9442007018824825,2.3706472010885116,1.5396906186271682,1.387086245913495,138.7086245913495,0.5042622500041034
20,4,ResDyNet,6,0.34902572085326916,0.9702799871356038,0.9850279118561077,0.8873981901602712,88.73981901602713,0.5978141250088811
20,4,Plain,6,0.9327213292983302,2.282786841499603,1.5108894206723413,1.3611396401047302,136.113964010473,0.6036268750031013
20,4,ResDyNet,7,0.35884499156900096,0.7813507808837108,0.8839404849217569,0.7963299081047212,79.63299081047211,0.7011810000112746
20,4,Plain,7,0.9151709099426831,2.1374769799291857,1.4620112790020416,1.3171059899567967,131.71059899567967,0.7073281250195578
20,4,ResDyNet,8,0.29983632839645113,0.8349470336764806,0.9137543617824654,0.8231888225064469,82.31888225064469,0.799130083003547
20,4,Plain,8,0.9121619194338088,2.0691233736416668,1.4384447760138959,1.2958752493367867,129.58752493367868,0.80474945800961
20,4,ResDyNet,9,0.24854516281636424,0.8966828465722828,0.9469333907790362,0.8530793564988817,85.30793564988817,0.8969609579944517
20,4,Plain,9,0.9124503135586434,2.1012349395192422,1.4495637066094205,1.305892142024014,130.5892142024014,0.9025567909993697
20,4,ResDyNet,10,0.2814296956542049,1.0042941226960926,1.0021447613474277,0.9028185260482374,90.28185260482374,0.9948305000143591
20,4,Plain,10,0.9015874275525442,2.1076068820196983,1.4517599257520846,1.307870685848953,130.7870685848953,1.0007867499953136
20,4,ResDyNet,11,0.2500397809766316,0.8355520111546011,0.9140853412863599,0.8234869974202752,82.34869974202752,1.0940402910055127
20,4,Plain,11,0.878703689733368,2.1124524674603378,1.4534278335921387,1.3093732812381833,130.93732812381833,1.099705291009741
20,4,ResDyNet,12,0.20847852348164847,0.654527822691874,0.8090289381053524,0.7288431188809305,72.88431188809305,1.1912006250058766
20,4,Plain,12,0.7895544481210983,1.5443799860559357,1.242730858253683,1.1195592543084554,111.95592543084554,1.1972397080098744
20,4,ResDyNet,13,0.1923350586758311,0.640534454284336,0.8003339642201472,0.7210099356824131,72.10099356824131,1.289759083010722
20,4,Plain,13,0.4055885452521767,1.0731458887365166,1.0359275499457077,0.9332529788184042,93.32529788184041,1.2958228749921545
20,4,ResDyNet,14,0.17208154684462232,0.5944928418573318,0.7710336191485633,0.6946136550545874,69.46136550545874,1.3894355829979759
20,4,Plain,14,0.3704944060710699,1.1178970669400756,1.0573065151317642,0.9525129965146107,95.25129965146107,1.3960550000192598
20,4,ResDyNet,15,0.17856452272137116,0.5149773693505775,0.7176192370265567,0.6464933678494448,64.64933678494448,1.4876495829958003
20,4,Plain,15,0.36499717927301073,1.0804344903524,1.0394395077888852,0.9364168536654451,93.64168536654451,1.493715125019662
20,4,ResDyNet,16,0.1315664614988363,0.45094895320114825,0.6715273287075875,0.6049697972673541,60.49697972673541,1.5852188749995548
20,4,Plain,16,0.3391836846949904,1.0834063652285109,1.040868082529439,0.9377038371346621,93.77038371346622,1.5917708330089226
20,4,ResDyNet,17,0.1215506264850488,0.31822457013672595,0.5641139691026327,0.5082025688820581,50.820256888205805,1.6835106660146266
20,4,Plain,17,0.3623734952030652,1.2464101694704857,1.1164274134355918,1.005774206196078,100.57742061960779,1.6899981659953482
20,4,ResDyNet,18,0.1007006524423008,0.32970077687536714,0.5741957652886053,0.5172851213471334,51.72851213471334,1.7817219580174424
20,4,Plain,18,0.38053668196793444,1.3448279980284408,1.159667192787845,1.0447283327525692,104.47283327525692,1.7872869580169208
20,4,ResDyNet,19,0.08244854131698695,0.3298619270223975,0.5743360749790992,0.5174115244306479,51.741152443064784,1.8825583330180962
20,4,Plain,19,0.39412742310057486,1.3651883008819528,1.1684127271139906,1.0526070651616664,105.26070651616664,1.8882231659954414
20,4,ResDyNet,20,0.07118182140291633,0.23555085187504163,0.4853358135096169,0.4372324046298815,43.72324046298815,1.979626707994612
20,4,Plain,20,0.397821358608063,1.3838672903589084,1.1763788889464604,1.0597836715375577,105.97836715375577,1.986277666001115
20,4,ResDyNet,21,0.061596411177395935,0.2046142548715739,0.45234307209415053,0.407509694574547,40.7509694574547,2.0779378750012256
20,4,Plain,21,0.38786702375634463,1.3516004317209729,1.1625835160198053,1.0473556085148237,104.73556085148236,2.0848263330117334
20,4,ResDyNet,22,0.06657122443023811,0.24027002414487433,0.4901734633217861,0.44159057726263345,44.15905772626335,2.176541041000746
20,4,Plain,22,0.3730860062460745,1.295625810927877,1.13825559999847,1.025438921294231,102.5438921294231,2.1821475000178907
20,4,ResDyNet,23,0.0701276645718179,0.17581617309093756,0.419304391928987,0.3777455989271406,37.77455989271406,2.273155916016549
20,4,Plain,23,0.35897069492643213,1.207404422268011,1.0988195585572778,0.989911530262177,98.9911530262177,2.2792299580178224
20,4,ResDyNet,24,0.05465300670170036,0.15570395481053223,0.39459340441843704,0.35548380783472905,35.54838078347291,2.389887916011503
20,4,Plain,24,0.3537262759497671,1.2136293190128444,1.1016484552763846,0.9924600446732614,99.24600446732615,2.3982309160055593
20,4,ResDyNet,25,0.05055705314473346,0.15295108963977164,0.39108961842494827,0.3523272948954439,35.23272948954439,2.507754249993013
20,4,Plain,25,0.3541596831574011,1.2142494706817089,1.1019298846486145,0.9927135805503355,99.27135805503356,2.514147125009913
20,4,ResDyNet,26,0.0512872466961849,0.18409272963765586,0.42906028671697855,0.38653455127463754,38.65345512746375,2.6105964580201544
20,4,Plain,26,0.3483237256366304,1.1664017856788873,1.0800008267028722,0.9729579918012787,97.29579918012787,2.616281082999194
20,4,ResDyNet,27,0.04376916112918707,0.11220314331511748,0.3349673764937676,0.30176753377799265,30.176753377799265,2.7102103749930393
20,4,Plain,27,0.348876471694722,1.2532634299108465,1.119492487652707,1.0085354896888978,100.85354896888978,2.7164367499935906
20,4,ResDyNet,28,0.05234023844211872,0.13435018537738336,0.3665381090383145,0.33020917546637296,33.02091754663729,2.8093788330152165
20,4,Plain,28,0.3583998647451418,1.286714832573649,1.1343345329194774,1.0219064855251383,102.19064855251384,2.815000458009308
20,4,ResDyNet,29,0.04843360601546927,0.1508029062631623,0.3883334987651237,0.3498443443429211,34.98443443429211,2.907652750000125
20,4,Plain,29,0.3584849037141067,1.2471838825018924,1.116773872590997,1.0060863265164979,100.60863265164978,2.9132632499968167
20,4,ResDyNet,30,0.039888881755469854,0.10292093321403767,0.32081292557195645,0.28901598229448255,28.901598229448254,3.0056160830135923
20,4,Plain,30,0.37600840442332517,1.3001294621981427,1.140232196615296,1.0272196101857194,102.72196101857193,3.0119323330000043
20,4,ResDyNet,31,0.05000488806673802,0.0811936740945648,0.28494503697128115,0.2567030914149406,25.67030914149406,3.1041718750202563
20,4,Plain,31,0.3606242751408616,1.320635201945421,1.1491889322236883,1.0352886109449513,103.52886109449513,3.1106483330077026
20,4,ResDyNet,32,0.037668308040553745,0.13972212530000985,0.37379422855363864,0.33674611441803376,33.67461144180338,3.208237165992614
20,4,Plain,32,0.36183422475128085,1.1973319873438333,1.0942266617770897,0.9857738522925733,98.57738522925733,3.213844625017373
20,4,ResDyNet,33,0.030108278236452082,0.15433949170108782,0.39286065175974016,0.35392279463417353,35.39227946341735,3.3098014580027666
20,4,Plain,33,0.35234045486192267,1.1722259286261147,1.082693829587162,0.9753840813129069,97.5384081312907,3.315560874994844
20,4,ResDyNet,34,0.04481189966411829,0.07379524630875062,0.271652804713573,0.24472830094788298,24.472830094788296,3.4128808329987805
20,4,Plain,34,0.34388768460756786,1.1568335344776948,1.0755619621749808,0.968959079383665,96.8959079383665,3.4203292909951415
20,4,ResDyNet,35,0.037866777170299626,0.1346365401830166,0.3669285218990432,0.3305608930795045,33.05608930795045,3.517633208015468
20,4,Plain,35,0.33624625084803483,1.1507284101034378,1.0727200986759957,0.9663988833777164,96.63988833777164,3.523323875007918
20,4,ResDyNet,36,0.0328453928554037,0.17200218073141663,0.41473145616340296,0.37362590356292313,37.362590356292316,3.6180094580049627
20,4,Plain,36,0.3408961073188088,1.1174138775884233,1.0570779903055514,0.9523071216203594,95.23071216203593,3.6237307080009487
20,4,ResDyNet,37,0.04010797146469092,0.07806298446606293,0.2793975384037285,0.25170542573510546,25.170542573510545,3.717042208008934
20,4,Plain,37,0.3296633860104006,1.1251845841244053,1.060747182001633,0.9556126462976434,95.56126462976434,3.7227329580055084
20,4,ResDyNet,38,0.031831230573100805,0.12708597228751187,0.3564911952454252,0.3211580480727275,32.11580480727275,3.825960791000398
20,4,Plain,38,0.3225561349311147,1.0867504387256688,1.0424732316590526,0.9391498940589501,93.91498940589501,3.833988208003575
20,4,ResDyNet,39,0.033554446697470465,0.14435965094203834,0.37994690542500587,0.34228897696494787,34.22889769649478,3.931296499999007
20,4,Plain,39,0.3177733212968855,0.9431742833683509,0.9711716034606608,0.8749152312060905,87.49152312060905,3.9365514579985756
20,4,ResDyNet,40,0.028200705219914315,0.07342484849196432,0.27097019853106413,0.24411335036256487,24.41133503625649,4.020349750004243
20,4,Plain,40,0.30596225294824436,0.965163011949569,0.9824271026135064,0.885055156641061,88.5055156641061,4.02589445799822
20,4,ResDyNet,41,0.03173349292444932,0.11184438686494373,0.33443143821259347,0.3012847143014812,30.128471430148117,4.121793958009221
20,4,Plain,41,0.29342889881029033,0.993053274901257,0.9965205842837653,0.897751781758697,89.7751781758697,4.127625875000376
20,4,ResDyNet,42,0.030337882076235494,0.11432995975100844,0.3381271354845814,0.30461411749002903,30.461411749002902,4.241667207999853
20,4,Plain,42,0.28395361339436515,0.9767886799005105,0.9883262011605838,0.8903695739395409,89.03695739395408,4.248061999998754
20,4,ResDyNet,43,0.02482363215778991,0.0715481835667687,0.2674849221297692,0.24097351246204332,24.097351246204333,4.346022375015309
20,4,Plain,43,0.2918303369470698,0.9920029305287218,0.9959934389988329,0.8972768837723859,89.7276883772386,4.35240212501958
20,4,ResDyNet,44,0.028167547120232027,0.10307502827529304,0.32105299916881797,0.2892322613184533,28.923226131845333,4.4462730410159566
20,4,Plain,44,0.2886254690769125,1.0415645822401094,1.0205707139831661,0.9194182150764624,91.94182150764624,4.452019916003337
20,4,ResDyNet,45,0.02581947796954189,0.11949316805040074,0.3456778385294619,0.3114164427194113,31.141644271941132,4.546105832996545
20,4,Plain,45,0.3004440442961458,1.0668971192495964,1.0329071203402542,0.9305319150463783,93.05319150463784,4.551842208020389
20,4,ResDyNet,46,0.028664409334763406,0.07370188502477405,0.27148091097676474,0.24457344422848698,24.4573444228487,4.645849332999205
20,4,Plain,46,0.3219787875189906,1.1077226523401935,1.0524840389954584,0.9481684936391693,94.81684936391693,4.651537291007116
20,4,ResDyNet,47,0.026199991789183783,0.08154722730479633,0.28556475150969934,0.2572613837772068,25.72613837772068,4.745341041008942
20,4,Plain,47,0.32653306855018693,1.1419457624550744,1.0686186234831743,0.9627039204032777,96.27039204032776,4.751073749997886
20,4,ResDyNet,48,0.03067420983470687,0.10134774522264894,0.31835160628250164,0.28679861336860807,28.679861336860807,4.844379000016488
20,4,Plain,48,0.30565994668885116,1.1705573999934111,1.081923010196849,0.974689660653684,97.4689660653684,4.850059499993222
20,4,ResDyNet,49,0.021652527597145182,0.07091827794496827,0.26630485903371776,0.2399104097386517,23.991040973865168,4.95138420801959
20,4,Plain,49,0.30144778659222543,1.132619932087055,1.064246180207876,0.9587648459848007,95.87648459848008,4.961698083003284
20,4,ResDyNet,50,0.02818070191346646,0.10323729684530226,0.3213056128443795,0.28945983752802545,28.945983752802544,5.084195250004996
20,4,Plain,50,0.2949391717811074,1.1590325446510197,1.0765837378722658,0.9698795831517378,96.98795831517378,5.091392916016048
20,4,ResDyNet,51,0.02528906442713962,0.11784597051800648,0.34328700895607234,0.3092625770158398,30.92625770158398,5.231412082997849
20,4,Plain,51,0.28966192145952985,1.1552534383812958,1.07482716674882,0.9682971122216539,96.8297112221654,5.243984500004444
20,4,ResDyNet,52,0.02759726433966545,0.07830419546205804,0.27982886817134867,0.25209400483072436,25.209400483072436,5.371910957997898
20,4,Plain,52,0.30292713182486414,1.1525746544391928,1.0735802971548951,0.967173824436915,96.7173824436915,5.380467790993862
20,4,ResDyNet,53,0.02196584747211737,0.08758748870607842,0.29595183511186146,0.26661896550525493,26.661896550525494,5.51448904100107
20,4,Plain,53,0.2874937265413884,1.0985746910015586,1.048129138513742,0.944245223283793,94.4245223283793,5.525938666018192
20,4,ResDyNet,54,0.027996895694685785,0.1281542440365803,0.3579863740934567,0.32250503427254884,32.250503427254884,5.635873332998017
20,4,Plain,54,0.28549343784106695,1.0749622422922647,1.036803859122961,0.9340424337856751,93.40424337856751,5.642367041000398
20,4,ResDyNet,55,0.025046217919710033,0.07291050842351858,0.2700194593423196,0.24325684241466664,24.325684241466664,5.752787125005852
20,4,Plain,55,0.28583814641743355,1.0854549464583962,1.0418516912010058,0.9385899567506328,93.85899567506328,5.762387583003147
20,4,ResDyNet,56,0.021075989217953752,0.1096278266021614,0.3311009311405835,0.2982843059755399,29.82843059755399,5.888588000001619
20,4,Plain,56,0.2856705758032787,1.0416378947134701,1.0206066307414772,0.9194505719933964,91.94505719933964,5.895007750019431
20,4,ResDyNet,57,0.0275983271304324,0.09597118408146188,0.3097921627179453,0.2790875275845985,27.908752758459848,6.000999041018076
20,4,Plain,57,0.31552193024982034,1.109941725627402,1.0535377191289366,0.9491177396779891,94.91177396779891,6.007204499997897
20,4,ResDyNet,58,0.017703973942812413,0.0739258712038211,0.27189312459828974,0.24494480184921816,24.494480184921816,6.1090327910205815
20,4,Plain,58,0.2832620700649301,1.1812494635720587,1.0868530091838817,0.9791310293965667,97.91310293965667,6.1151465000002645
20,4,ResDyNet,59,0.02410160513288092,0.12936346777809207,0.3596713329945717,0.32402299072976887,32.40229907297689,6.2302620410046075
20,4,Plain,59,0.28321285084695463,1.0117958876542188,1.0058806527885,0.9061841396146549,90.61841396146549,6.236867875006283
20,4,ResDyNet,60,0.025610141549989356,0.0845651891389696,0.2908009441851412,0.2619785982313251,26.197859823132507,6.344918791000964
20,4,Plain,60,0.28966648156981806,1.0909456975687166,1.0444834596913044,0.9409608810331855,94.09608810331855,6.350988207996124
20,4,ResDyNet,61,0.021017251526957197,0.08140178978401327,0.2853099889313609,0.2570318716504772,25.70318716504772,6.452474916004576
20,4,Plain,61,0.2712298893028225,1.137852062656886,1.0667014871354057,0.9609767984559466,96.09767984559467,6.458555916004116
20,4,ResDyNet,62,0.014791197910510359,0.09589970013235823,0.3096767671821027,0.2789835693226784,27.89835693226784,6.5586580829985905
20,4,Plain,62,0.26552165384899756,1.133551083433845,1.0646835602346103,0.9591588756762081,95.9158875676208,6.564811832999112
20,4,ResDyNet,63,0.018580340985925526,0.07316124041784906,0.270483345915879,0.24367475149202528,24.367475149202527,6.670548875001259
20,4,Plain,63,0.3066896896607191,1.2053594771655731,1.09788864515741,0.9890728830966545,98.90728830966545,6.676696583017474
20,4,ResDyNet,64,0.018853162895242553,0.12223820088536201,0.3496258012294888,0.31497310838609544,31.497310838609543,6.779575249995105
20,4,Plain,64,0.277326217069115,1.2197355290038217,1.1044163748350626,0.9949536255934729,99.49536255934729,6.785687750001671
20,4,ResDyNet,65,0.01960979686805781,0.08870090438316228,0.297826970543573,0.268308249401049,26.830824940104904,6.886557833000552
20,4,Plain,65,0.2574275453782495,1.064100598038129,1.031552518313115,0.9293115725841979,92.93115725841979,6.892618707992369
20,4,ResDyNet,66,0.018345527776592246,0.08904731448298012,0.2984079665206345,0.26883166074029047,26.883166074029045,6.993933666002704
20,4,Plain,66,0.2703097601300153,1.0639902515607285,1.03149903129413,0.9292633868594352,92.92633868594352,7.000121791003039
20,4,ResDyNet,67,0.019903427903177034,0.10022117906807079,0.3165772876693317,0.285200153967465,28.5200153967465,7.1009005829982925
20,4,Plain,67,0.2683950949488637,1.126238465267282,1.0612438293188244,0.9560600690814234,95.60600690814233,7.106981541001005
20,4,ResDyNet,68,0.014706878820768073,0.10069055556113309,0.31731775172708676,0.28586722792224506,28.586722792224506,7.209680041007232
20,4,Plain,68,0.2616677564728106,1.100789255874378,1.0491850436764614,0.9451964738210621,94.51964738210621,7.216061500017531
20,4,ResDyNet,69,0.01927812404704418,0.0945099390752932,0.30742468846091914,0.27695470236650155,27.695470236650156,7.338759625010425
20,4,Plain,69,0.25651532695500207,1.0910568903408489,1.0445366869291135,0.9410088327246355,94.10088327246355,7.344891874992754
20,4,ResDyNet,70,0.033674624351213725,0.17110505705096998,0.413648470383936,0.3726502564679516,37.26502564679516,7.4467496249999385
20,4,Plain,70,0.2555903863758555,1.1703489501414654,1.0818266728739245,0.9746028716754437,97.46028716754437,7.452941541007021
20,4,ResDyNet,71,0.044303539218620694,0.07586533735140519,0.27543663037331323,0.24813709779710968,24.81370977971097,7.551643540995428
20,4,Plain,71,0.2627264467921058,1.021990265853616,1.0109353420736737,0.9107378401438445,91.07378401438446,7.5575188329967204
20,4,ResDyNet,72,0.03062780432665522,0.15080408212043936,0.38833501274085414,0.3498457082629755,34.98457082629755,7.654603250004584
20,4,Plain,72,0.26888000803477696,1.126361678983587,1.0613018792895765,0.9561123655071025,95.61123655071026,7.660514499992132
20,4,ResDyNet,73,0.03562320065265546,0.0876505591785736,0.2960583712354265,0.26671494244367505,26.671494244367505,7.756660540995654
20,4,Plain,73,0.25938130762597134,1.272710985779767,1.1281449311944662,1.0163303578819756,101.63303578819756,7.762562125019031
20,4,ResDyNet,74,0.028060501502708186,0.14908156921866839,0.38611082504725036,0.3478419679525496,34.784196795254964,7.858712832996389
20,4,Plain,74,0.25813295867091474,1.41322228965342,1.1887902631050693,1.0709649089757922,107.09649089757922,7.864587040996412
20,4,ResDyNet,75,0.032918358918100556,0.08621153252229338,0.2936180044246153,0.2645164493195965,26.45164493195965,7.960229415999493
20,4,Plain,75,0.2609547239644189,1.2796434623918116,1.1312132700741322,1.0190945824646915,101.90945824646916,7.966788582998561
20,4,ResDyNet,76,0.03246544168202349,0.15403008379790986,0.3924666658429858,0.35356785810367697,35.3567858103677,8.06203704100335
20,4,Plain,76,0.2722826332649359,1.1162510322718715,1.0565278189767988,0.9518114797857101,95.18114797857102,8.067917708016466
20,4,ResDyNet,77,0.03216745017793444,0.07297019247143983,0.27012995478369267,0.24335638624841513,24.33563862484151,8.164124416012783
20,4,Plain,77,0.2795357921925451,1.1037598127865071,1.0505997395709306,0.9464709540274285,94.64709540274285,8.169997707998846
20,4,ResDyNet,78,0.02657233913946054,0.16181560625270755,0.40226310575630414,0.36239333700072823,36.23933370007283,8.266163916006917
20,4,Plain,78,0.2974538714486447,1.1106255340174724,1.0538621987800267,0.949410058963215,94.9410058963215,8.27205637501902
20,4,ResDyNet,79,0.03622520112907655,0.08293317066541522,0.28798119845818965,0.2594383278240694,25.94383278240694,8.36829516600119
20,4,Plain,79,0.279789748484937,1.2342608907919368,1.1109729478218346,1.000860352633473,100.0860352633473,8.37418520799838
20,4,ResDyNet,80,0.024591792349841008,0.1586053324638657,0.3982528499130492,0.3587805522922438,35.87805522922438,8.470636832993478
20,4,Plain,80,0.27323891874572215,1.274707657443645,1.1290295201825526,1.0171272720177227,101.71272720177227,8.476519749994623
20,4,ResDyNet,81,0.03374639320905104,0.08270941470766498,0.28759244549825186,0.2590881055928859,25.908810559288593,8.571627083001658
20,4,Plain,81,0.28015672850510653,1.071254466415256,1.0350142348853255,0.9324301857565283,93.24301857565283,8.577343291020952
20,4,ResDyNet,82,0.02958765335956153,0.13167402756789007,0.36286916039791817,0.32690386975463565,32.69038697546357,8.670107333018677
20,4,Plain,82,0.2659884826780591,0.762578158850999,0.8732572123097517,0.7867054937436923,78.67054937436923,8.675823249999667
20,4,ResDyNet,83,0.029916721443299255,0.07723079430794623,0.2779042898336516,0.2503601784963255,25.036017849632554,8.769538791006198
20,4,Plain,83,0.2588959738954636,0.7321957481942672,0.8556843741674072,0.7708743639088923,77.08743639088922,8.775252499995986
20,4,ResDyNet,84,0.028448764416715067,0.1538136964850235,0.39219089291443715,0.3533194180394476,35.33194180394476,8.86815066600684
20,4,Plain,84,0.2637340552056747,0.7641858997802674,0.8741772702262781,0.7875343613525599,78.753436135256,8.873833082994679
20,4,ResDyNet,85,0.029093621759842068,0.0746475752879644,0.27321708454627136,0.2461375392808608,24.61375392808608,8.966605583002092
20,4,Plain,85,0.24733560815830594,0.8692528112016106,0.9323372840349198,0.8399299233181424,83.99299233181424,8.972339833009755
20,4,ResDyNet,86,0.03267683832644485,0.1359390845410606,0.36869917892648013,0.33215605380807844,33.215605380807844,9.064890250010649
20,4,Plain,86,0.2503701082662313,1.0867212933189823,1.0424592525940677,0.9391373005102613,93.91373005102614,9.070537082996452
20,4,ResDyNet,87,0.02555589938074081,0.07627290447445412,0.2761754957892791,0.2488027315573395,24.88027315573395,9.163110458001029
20,4,Plain,87,0.26480526236149915,1.0893872629317445,1.043737161804515,0.9402885514615195,94.02885514615194,9.169022707996191
20,4,ResDyNet,88,0.026732824494172216,0.16605240907083008,0.4074952871762201,0.36710693776953757,36.710693776953754,9.261509333009599
20,4,Plain,88,0.2720841969259268,1.2174494984446402,1.1033809398592311,0.9940208163679454,99.40208163679453,9.267223916016519
20,4,ResDyNet,89,0.03530708277994235,0.07933578268499844,0.28166608366112955,0.2537491271688253,25.37491271688253,9.359845208004117
20,4,Plain,89,0.2790368837154278,1.162211976031528,1.0780593564509924,0.9712089477721387,97.12089477721388,9.36557824999909
20,4,ResDyNet,90,0.02254803649744247,0.13576891141903683,0.36846833163656934,0.33194808663800685,33.194808663800686,9.45759104102035
20,4,Plain,90,0.2737600081674427,1.099035906005505,1.0483491336408426,0.9444434138886312,94.44434138886312,9.463296208006795
20,4,ResDyNet,91,0.02934233716840507,0.07859661902934664,0.2803508855512082,0.2525642831574031,25.256428315740308,9.554051540995715
20,4,Plain,91,0.2712751568126097,1.077494314879144,1.038024236171364,0.9351418547980457,93.51418547980457,9.559033124998678
20,4,ResDyNet,92,0.03260231032929842,0.11346454364839112,0.3368449845973532,0.303459045270101,30.3459045270101,9.651080375013407
20,4,Plain,92,0.2648336338591809,1.2341132565403954,1.1109065021595632,1.0008004926439904,100.08004926439904,9.656101625005249
20,4,ResDyNet,93,0.027538143006651097,0.08331344613749882,0.288640686905881,0.26003245195788216,26.003245195788217,9.747821458004182
20,4,Plain,93,0.26343528435150343,1.2086369015035991,1.0993802351796211,0.9904166361723183,99.04166361723183,9.752884832996642
20,4,ResDyNet,94,0.02074516488888284,0.06607250237623435,0.25704572040054346,0.23156897822526512,23.156897822526513,9.851103416003752
20,4,Plain,94,0.26059682178331245,1.2843479871699361,1.1332907778544463,1.0209661808449046,102.09661808449046,9.857843625009991
20,4,ResDyNet,95,0.017975184337299135,0.11933272578479213,0.3454456915128515,0.31120730464331053,31.120730464331054,9.951281415997073
20,4,Plain,95,0.24930194913213555,1.1286813024638405,1.0623941370620607,0.9570963656139264,95.70963656139264,9.957001875009155
20,4,ResDyNet,96,0.016364652936706865,0.06563452419681204,0.256192357803296,0.2308001955184676,23.08001955184676,10.050444541004254
20,4,Plain,96,0.265593561288042,1.177554155334571,1.08515167388461,0.9775983196659515,97.75983196659514,10.05681729101343
20,4,ResDyNet,97,0.013594675039562907,0.0811346235242638,0.2848414006500175,0.25660972686880207,25.660972686880207,10.149945665994892
20,4,Plain,97,0.26026979415294893,0.9945939063663779,0.9972932900437954,0.89844790182263,89.844790182263,10.155667665996589
20,4,ResDyNet,98,0.013118488705340487,0.0619531305128233,0.2489038579709509,0.2242340855815227,22.423408558152268,10.24901604099432
20,4,Plain,98,0.2764680556409336,1.0687339691999005,1.033795903067864,0.931332607264775,93.1332607264775,10.255769665993284
20,4,ResDyNet,99,0.015297842966079016,0.12820943404786883,0.3580634497513937,0.3225744706799191,32.25744706799191,10.347504583012778
20,4,Plain,99,0.26190350357192216,1.1240356794485205,1.060205489255984,0.9551246427026935,95.51246427026935,10.353200832993025
20,4,ResDyNet,100,0.018787104265210765,0.0721194589773575,0.26855066370679015,0.24193362449058967,24.193362449058966,10.444492458016612
20,4,Plain,100,0.25161562374922614,0.9970105224708987,0.9985041424405302,0.8995387422064207,89.95387422064208,10.450159708008869
40,0,ResDyNet,0,1.314916687226153,2.611523875553,1.6160210009628588,1.4973265725362546,149.73265725362546,0.011752791004255414
40,0,Plain,0,1.0427459708725135,2.6181142083849007,1.6180587777905044,1.4992146775739454,149.92146775739454,0.023878583015175536
40,0,ResDyNet,1,1.2168299760205528,2.3210360445695972,1.523494681503548,1.4115961787462863,141.15961787462862,0.21774070800165646
40,0,Plain,1,1.0210363844586763,2.3557125470813096,1.53483306814823,1.4221017771281497,142.21017771281495,0.22955858299974352
40,0,ResDyNet,2,0.9865730492266821,2.2236946695618824,1.4912057770683034,1.3816788481050575,138.16788481050574,0.4147397080087103
40,0,Plain,2,0.9707881901704803,2.2558356703095113,1.5019439637714556,1.391628330371628,139.16283303716278,0.4270648330275435
40,0,ResDyNet,3,0.903522278365063,2.3309985030270783,1.5267607877552654,1.4146223941707823,141.46223941707822,0.6123921250109561
40,0,Plain,3,0.956823856202149,2.375256184189991,1.5411866156277088,1.4279886656433523,142.7988665643352,0.623524875001749
40,0,ResDyNet,4,0.8508584492200404,1.9879039577417421,1.4099304797548502,1.3063731049954634,130.63731049954634,0.8042766660219058
40,0,Plain,4,0.949842026972224,2.5258854388307412,1.5893034445412686,1.4725713823750821,147.2571382375082,0.8161403330159374
40,0,ResDyNet,5,0.5711183962971977,0.8289300356284581,0.9104559493069712,0.8435842635762756,84.35842635762756,0.9981136660207994
40,0,Plain,5,0.9516739188971888,2.5794452000166554,1.6060651294442125,1.4881019455241402,148.81019455241403,1.0103138750127982
40,0,ResDyNet,6,0.3442333169113729,0.8121505811813413,0.9011939753356883,0.8350025683303116,83.50025683303116,1.195950500026811
40,0,Plain,6,0.954553422221369,2.550030602698988,1.5968815243151222,1.4795928630411315,147.95928630411314,1.2081514580058865
40,0,ResDyNet,7,0.24473353440719262,0.9278272137511547,0.9632378801475546,0.8924894371787768,89.24894371787768,1.3905005830165464
40,0,Plain,7,0.9490481410715269,2.404115064954679,1.5505209011666625,1.4366373612758896,143.66373612758895,1.4012699580052868
40,0,ResDyNet,8,0.2091909376779072,0.6977424587435065,0.8353097980650691,0.7739574895360326,77.39574895360326,1.5820827500137966
40,0,Plain,8,0.9427323990140629,2.3469826986545543,1.5319865203893128,1.419464304225953,141.94643042259528,1.5943091660155915
40,0,ResDyNet,9,0.16950169989298097,0.5464626688484333,0.7392311335762539,0.6849356653721246,68.49356653721246,1.7759632080269512
40,0,Plain,9,0.9420219113337379,2.3386561361300697,1.529266535346298,1.4169440981894097,141.69440981894098,1.7874692500045057
40,0,ResDyNet,10,0.11831924679726757,0.44732456588139796,0.668823269542409,0.6196991581295936,61.969915812959364,1.9694212500180583
40,0,Plain,10,0.941381619267139,2.2670465509022555,1.5056714618077396,1.3950820490148133,139.50820490148132,1.9812642910110299
40,0,ResDyNet,11,0.1104538218638221,0.27329991794938013,0.5227809464291714,0.48438343452075044,48.438343452075046,2.162187291018199
40,0,Plain,11,0.9435972943145617,2.2096281748762703,1.486481811148818,1.3773018507177792,137.73018507177792,2.1739670830138493
40,0,ResDyNet,12,0.10290096580229423,0.17201065666913848,0.41474167462305794,0.38427949251976484,38.427949251976486,2.358653083007084
40,0,Plain,12,0.9458116231437852,2.2824024344934837,1.5107622031588834,1.3997988827035062,139.9798882703506,2.3718379580241162
40,0,ResDyNet,13,0.09975228342828572,0.26040886063090785,0.5103027147007038,0.4728217110442812,47.28217110442812,2.55491908302065
40,0,Plain,13,0.9418027698647626,2.4884827507863125,1.5774925517371905,1.4616279827346155,146.16279827346153,2.5657208330230787
40,0,ResDyNet,14,0.0944641706974214,0.16520226989465564,0.4064508210037909,0.37659759022657663,37.65975902265766,2.7530407500162255
40,0,Plain,14,0.9427155497406134,2.653342205888236,1.6289082865183773,1.5092673054219305,150.92673054219304,2.7650516249996144
40,0,ResDyNet,15,0.08651234902816198,0.2561748507724628,0.5061371857238538,0.46896213420586697,46.8962134205867,2.952735750004649
40,0,Plain,15,0.9528526397225978,2.65840340377812,1.6304611015838801,1.5107060684444573,151.07060684444573,2.9638149160018656
40,0,ResDyNet,16,0.07360062907217671,0.186722446345413,0.43211392750687055,0.40037577830581206,40.037577830581206,3.1479736660257913
40,0,Plain,16,0.9483524922848329,2.5211942804219962,1.5878269050567182,1.4712032926013112,147.12032926013111,3.1590823750011623
40,0,ResDyNet,17,0.06262868326719796,0.26796264696255473,0.5176510861212934,0.47963035510667834,47.96303551066784,3.3411134160123765
40,0,Plain,17,0.9318377230331824,2.242933807015115,1.4976427501293874,1.3876430347123594,138.76430347123593,3.3519627500209026
40,0,ResDyNet,18,0.06835745612940124,0.1569223341335908,0.39613423751752486,0.3670387450243354,36.70387450243354,3.5379618750012014
40,0,Plain,18,0.9332273003473679,2.0372335979543013,1.4273169227450158,1.3224825386448718,132.24825386448717,3.5503330000210553
40,0,ResDyNet,19,0.07225709254729049,0.25763280591261667,0.5075754189404927,0.4702947312522511,47.02947312522511,3.744658375013387
40,0,Plain,19,0.9526578850174063,2.0398999383114416,1.428250656681607,1.3233476911608997,132.33476911608997,3.755816083023092
40,0,ResDyNet,20,0.07629015268944286,0.1603685610464678,0.4004604363060948,0.3710471907068732,37.10471907068732,3.941588000016054
40,0,Plain,20,0.9250581498963181,2.1999464938082727,1.4832216603759105,1.3742811533507027,137.42811533507026,3.9527295000152662
40,0,ResDyNet,21,0.07568605003432229,0.34768248263613694,0.5896460655648751,0.5463374064048031,54.63374064048031,4.137100000021746
40,0,Plain,21,0.7736402062594072,1.3911659709330577,1.1794769904212026,1.0928460944508143,109.28460944508143,4.148267000011401
40,0,ResDyNet,22,0.08479548546243837,0.3696284501716915,0.6079707642409226,0.5633161822035195,56.331618220351956,4.333447708020685
40,0,Plain,22,0.479467442100668,1.644779273877084,1.282489482949893,1.1882924669141048,118.82924669141049,4.344607000006363
40,0,ResDyNet,23,0.38288479566175276,0.38876069814708514,0.6235067747403272,0.577711094978849,57.7711094978849,4.558727916009957
40,0,Plain,23,0.6177987356226381,1.8037921940963166,1.343053310221272,1.2444079677980044,124.44079677980045,4.573895625013392
40,0,ResDyNet,24,0.13708436919639297,0.46127677651456456,0.6791735982166596,0.629289269984084,62.9289269984084,4.809956541022984
40,0,Plain,24,0.6335319508183013,1.8660973956069637,1.3660517543661967,1.265717209153574,126.5717209153574,4.831100708019221
40,0,ResDyNet,25,0.12383211922492794,0.23631587631073322,0.48612331389343305,0.4504182526021201,45.04182526021201,5.087085750012193
40,0,Plain,25,0.6055092374314063,1.6803267517494334,1.2962741807771354,1.2010646984252145,120.10646984252145,5.102411666011903
40,0,ResDyNet,26,0.16561889690869117,0.2492435938286158,0.49924302081112343,0.4625743358337371,46.25743358337371,5.318401958007598
40,0,Plain,26,0.5531175740009804,1.6315428262246308,1.2773186079536423,1.1835013852817893,118.35013852817893,5.330437666008947
40,0,ResDyNet,27,0.07978857751859283,0.17519646480267043,0.418564767751265,0.38782178493226105,38.782178493226105,5.532309583009919
40,0,Plain,27,0.5336224249493394,1.5951537033118388,1.2629939442894564,1.1702288476512446,117.02288476512446,5.544404291023966
40,0,ResDyNet,28,0.06842278130448708,0.1919941920196238,0.43817141853345914,0.4059883552906451,40.59883552906451,5.7452443330257665
40,0,Plain,28,0.5198157765119498,1.4836995279243272,1.2180720536669114,1.128606405568111,112.8606405568111,5.7572029160219245
40,0,ResDyNet,29,0.050546296638190796,0.2004090716601612,0.4476707178944824,0.414789944716316,41.478994471631594,5.956302166014211
40,0,Plain,29,0.481404879243513,1.368531497995044,1.1698425099110752,1.0839192527378656,108.39192527378655,5.967822083010105
40,0,ResDyNet,30,0.04705904626919371,0.17663211199384024,0.42027623296332167,0.3894075454752595,38.940754547525955,6.165932083007647
40,0,Plain,30,0.45491206781070875,1.3619076924151916,1.1670080087193881,1.0812929415997865,108.12929415997866,6.177425583009608
40,0,ResDyNet,31,0.0510050661454321,0.13980486429697492,0.37390488669844224,0.34644210819114374,34.64421081911438,6.372710416006157
40,0,Plain,31,0.4541152744519822,1.3381463157091806,1.1567827435215225,1.0718187074884278,107.18187074884278,6.385066583025036
40,0,ResDyNet,32,0.049416449732325646,0.1961199527986622,0.4428543245793838,0.41032730859327904,41.032730859327906,6.598078875016654
40,0,Plain,32,0.4414662559946699,1.310145136115544,1.144615715476397,1.0605453302303935,106.05453302303935,6.610207625024486
40,0,ResDyNet,33,0.04753350628111345,0.20070483765601632,0.4480009348829713,0.4150959077398613,41.50959077398613,6.808889708016068
40,0,Plain,33,0.44906233523101363,1.379400233879411,1.1744787072907754,1.088214928058924,108.82149280589239,6.820454875007272
40,0,ResDyNet,34,0.0705267329511208,0.09987706508980754,0.31603332908066445,0.29282113361003853,29.28211336100385,7.015054041024996
40,0,Plain,34,0.46246921601198393,1.4801300534904047,1.2166059565407383,1.127247991176448,112.72479911764479,7.027202833007323
40,0,ResDyNet,35,0.051494533900099615,0.1427061040821223,0.37776461465060795,0.35001834465223874,35.00183446522387,7.230989125004271
40,0,Plain,35,0.4544857000953998,1.5594182429863854,1.24876668877192,1.1570465636784635,115.70465636784635,7.242511041025864
40,0,ResDyNet,36,0.0497387465199455,0.1792358911440662,0.423362600077128,0.3922672233441429,39.22672233441429,7.440712958021322
40,0,Plain,36,0.4383960415999989,1.4961489092909401,1.2231716597808093,1.133331452915428,113.33314529154279,7.452216000005137
40,0,ResDyNet,37,0.04384007214538276,0.1406903500471338,0.3750871232755582,0.3475375111845982,34.75375111845982,7.6482877080270555
40,0,Plain,37,0.4428107513442177,1.4691735855056085,1.2120947097919406,1.1230680890413778,112.30680890413778,7.6598460000241175
40,0,ResDyNet,38,0.04969101756001143,0.1837123010903596,0.4286167298302291,0.3971354447906366,39.713544479063664,7.856062875012867
40,0,Plain,38,0.4442940452897707,1.5304251891223943,1.2371035482619854,1.1462400641377124,114.62400641377124,7.867643291014247
40,0,ResDyNet,39,0.042550444304774414,0.18749316719407025,0.4330048119756526,0.4012012285860822,40.12012285860822,8.10303479101276
40,0,Plain,39,0.4445865950057091,1.5800116811317915,1.2569851554938076,1.1646613957882288,116.46613957882288,8.115355665999232
40,0,ResDyNet,40,0.038852074280994006,0.21508392764910048,0.4637714174559494,0.4297080709507172,42.97080709507172,8.324850041011814
40,0,Plain,40,0.4491339556873548,1.5303334825367452,1.2370664826664513,1.1462057209570935,114.62057209570935,8.337164958007634
40,0,ResDyNet,41,0.04206413020387058,0.14966410182103188,0.3868644488978431,0.3584498091047071,35.84498091047071,8.538870208023582
40,0,Plain,41,0.5051452736769698,1.510028025007737,1.228831975905468,1.1385760269261351,113.85760269261351,8.550360166002065
40,0,ResDyNet,42,0.044254967442933855,0.2250203029088212,0.4743630496874954,0.4395217629617592,43.95217629617592,8.770841958001256
40,0,Plain,42,0.4366099137505925,1.5488790296555361,1.2445396858499675,1.1531300280681855,115.31300280681856,8.792685250024078
40,0,ResDyNet,43,0.05916509501502083,0.19468743306925224,0.4412339890231171,0.40882598436334777,40.882598436334774,9.036952208000002
40,0,Plain,43,0.44703726749634815,1.5634865501776771,1.2503945578007276,1.1585548680581652,115.85548680581653,9.051493916020263
40,0,ResDyNet,44,0.12303077812006272,0.211874647315798,0.46029843288436034,0.4264901721227005,42.64901721227005,9.28536629100563
40,0,Plain,44,0.4410356776990735,1.5039980127496086,1.2263759671281922,1.1363004084766184,113.63004084766185,9.298099791019922
40,0,ResDyNet,45,0.07714969077618149,0.1974938398313741,0.44440279008054634,0.41176204152073786,41.17620415207379,9.505007500003558
40,0,Plain,45,0.53176921284212,1.5554999715922702,1.247196845566998,1.155592023208974,115.5592023208974,9.517120125005022
40,0,ResDyNet,46,0.05374892663504323,0.27651699904015764,0.525848836682328,0.4872259926279404,48.72259926279404,9.732099500019103
40,0,Plain,46,0.518717258772854,1.615987746828892,1.271215067102688,1.1778461407662482,117.78461407662482,9.745585125026992
40,0,ResDyNet,47,0.07084157609964241,0.18263347346632733,0.4273563775893924,0.39596766361710234,39.59676636171024,9.958020750025753
40,0,Plain,47,0.5091082455097273,1.655430990247288,1.2866355312392426,1.1921339938936197,119.21339938936197,9.973116750014015
40,0,ResDyNet,48,0.05085433584926101,0.21049891304444096,0.4588016053202527,0.42510328439976397,42.5103284399764,10.259861333004665
40,0,Plain,48,0.46118161184391665,1.5820771764074326,1.2578064940233982,1.1654224081789535,116.54224081789535,10.274402291019214
40,0,ResDyNet,49,0.040903291987361395,0.1997076423530639,0.4468866101742856,0.41406342858534867,41.40634285853487,10.524969416001113
40,0,Plain,49,0.42689692490788467,1.5262455290189243,1.2354131005533835,1.1446737773926363,114.46737773926363,10.538170458021341
40,0,ResDyNet,50,0.06402376737314842,0.27035845921188245,0.5199600554002994,0.48176973389851685,48.17697338985168,10.773436291026883
40,0,Plain,50,0.42292313942827053,1.5287587990560485,1.2364298601441364,1.145615857447418,114.5615857447418,10.786774666019483
40,0,ResDyNet,51,0.06940975356712703,0.21338472487509713,0.46193584497752194,0.4280073186423449,42.80073186423449,11.016201625025133
40,0,Plain,51,0.4211061655377697,1.524405702784013,1.2346682561660087,1.1439836407589192,114.39836407589192,11.031235791015206
40,0,ResDyNet,52,0.07129821265482829,0.20414255573927234,0.45182137592114024,0.4186357428545349,41.863574285453495,11.254564708011458
40,0,Plain,52,0.4256897479239274,1.5174891167962414,1.2318640821114322,1.1413854292731573,114.13854292731574,11.26752283301903
40,0,ResDyNet,53,0.04223932987408707,0.1467579538643382,0.3830900075234777,0.3549525950444008,35.49525950444008,11.474593165999977
40,0,Plain,53,0.4299448331135247,1.5393629319033195,1.2407106559965217,1.1495822349744182,114.95822349744182,11.486654958018335
40,0,ResDyNet,54,0.06043929643597382,0.24890477443905654,0.49890357228532306,0.46225981931607657,46.225981931607656,11.690711875009583
40,0,Plain,54,0.43266357821085577,1.5324968364969787,1.2379405625864994,1.1470156009586705,114.70156009586705,11.702811291004764
40,0,ResDyNet,55,0.058564784007594906,0.22551731993346755,0.4748866390344832,0.44000689542097515,44.00068954209752,11.904960166022647
40,0,Plain,55,0.4316504083351408,1.5465084531135826,1.2435869302600373,1.152247251012018,115.22472510120181,11.91699175001122
40,0,ResDyNet,56,0.06125182010916646,0.27219722842090116,0.5217252422692438,0.4834052703196325,48.34052703196325,12.119800208020024
40,0,Plain,56,0.42732037447332955,1.5784211758935913,1.2563523295212977,1.164075049977212,116.40750499772119,12.132069208018947
40,0,ResDyNet,57,0.05010308459108662,0.12828821562722698,0.3581734434980167,0.3318661169668296,33.18661169668296,12.339388750027865
40,0,Plain,57,0.42713172829655055,1.6239657262103318,1.2743491382703296,1.1807500188945232,118.07500188945232,12.351619000022765
40,0,ResDyNet,58,0.10088258185955847,0.1705495433340939,0.41297644404262807,0.38264391559770977,38.26439155977098,12.550930125027662
40,0,Plain,58,0.4217321666598673,1.61479399233803,1.2707454474984476,1.1774110140494578,117.74110140494578,12.562545250024414
40,0,ResDyNet,59,0.04880009987627147,0.1682367118087968,0.41016668783410093,0.38004053195921145,38.004053195921145,12.760473791015102
40,0,Plain,59,0.4612829462003307,1.5664170027772821,1.251565820393511,1.159640103090722,115.9640103090722,12.772080416005338
40,0,ResDyNet,60,0.04082354718642251,0.30823184695716815,0.5551863173360526,0.5144086773380507,51.44086773380507,12.967512250004802
40,0,Plain,60,0.42514345180545854,1.5496544886210109,1.2448511913562244,1.1534186539410745,115.34186539410744,12.979069332999643
40,0,ResDyNet,61,0.08390041056169553,0.23715995715747076,0.48699071567892416,0.4512219449685605,45.122194496856046,13.178199375019176
40,0,Plain,61,0.42175895074175024,1.5543162113857387,1.246722186930889,1.1551522275699904,115.51522275699904,13.189822166023077
40,0,ResDyNet,62,0.0552598575060813,0.20115908475132369,0.44850761950196977,0.4155653770991517,41.55653770991517,13.38486025002203
40,0,Plain,62,0.42716101732655204,1.5587019198035579,1.248479843571196,1.1567807868469786,115.67807868469787,13.396387000015238
40,0,ResDyNet,63,0.07578938737915498,0.1507140290426059,0.3882190477586151,0.35970491461890075,35.97049146189008,13.591215833002934
40,0,Plain,63,0.42426132139555417,1.5382355206397744,1.240256231848796,1.149161187629621,114.9161187629621,13.602765666000778
40,0,ResDyNet,64,0.0397638964285622,0.22914986549185223,0.47869600530174916,0.4435364691908099,44.353646919080994,13.796011124999495
40,0,Plain,64,0.4224596380606823,1.5703150598417865,1.25312212487123,1.1610820992331345,116.10820992331345,13.807587208022596
40,0,ResDyNet,65,0.0496406997552686,0.1489113811575976,0.38589037453349057,0.35754727910757067,35.75472791075707,14.002314666024176
40,0,Plain,65,0.4307330363533494,1.5978319867362538,1.2640537910770466,1.1712108502099554,117.12108502099554,14.0138610410213
40,0,ResDyNet,66,0.03711129340235608,0.17665282460432277,0.4203008739038295,0.3894303765739721,38.94303765739721,14.212928875000216
40,0,Plain,66,0.42467202256937336,1.6069299175115932,1.2676473947875226,1.1745405088738308,117.45405088738308,14.224461958016036
40,0,ResDyNet,67,0.03585397412607651,0.11264962001546386,0.33563316286604317,0.31098138767026157,31.098138767026157,14.419630958000198
40,0,Plain,67,0.4189181652364647,1.6322041917065888,1.2775774699432472,1.1837412342289404,118.37412342289404,14.431136708008125
40,0,ResDyNet,68,0.04024114419499549,0.18035680268544493,0.42468435653487985,0.3934918986827889,39.34918986827889,14.625808166019851
40,0,Plain,68,0.41987206039489583,1.62137864661755,1.2733336745007375,1.179809139484694,117.9809139484694,14.637670000025537
40,0,ResDyNet,69,0.0466480155451681,0.1364912658589134,0.36944724367480863,0.34231187266438345,34.23118726643835,14.836948458018014
40,0,Plain,69,0.41370302363135486,1.5885566633690174,1.2603795711487145,1.1678064964739854,116.78064964739853,14.849563000025228
40,0,ResDyNet,70,0.03773211593010195,0.15354611410787833,0.39184960649192735,0.36306881401210356,36.306881401210354,15.06333150001592
40,0,Plain,70,0.42189229352694746,1.5702409259980175,1.2530925448657084,1.1610546918366607,116.10546918366606,15.076121541002067
40,0,ResDyNet,71,0.03744777240980332,0.20769430106082132,0.4557349021753999,0.42226182620947267,42.22618262094727,15.275309708027635
40,0,Plain,71,0.42350890477253095,1.581350803035913,1.2575177148000394,1.165154839376027,116.5154839376027,15.28693950001616
40,0,ResDyNet,72,0.05617351462210371,0.11091637510706673,0.33304110122786157,0.30857970924764905,30.857970924764906,15.520396708016051
40,0,Plain,72,0.42315387406388005,1.5890663289699276,1.260581742280098,1.1679938184252718,116.79938184252718,15.53255029101274
40,0,ResDyNet,73,0.04221868761857063,0.15244743964233348,0.39044518135371253,0.3617675418891955,36.17675418891955,15.733816750027472
40,0,Plain,73,0.4264445134810797,1.6296719894993978,1.2765860681910162,1.1828226495157528,118.28226495157527,15.745841958007077
40,0,ResDyNet,74,0.05682556619499995,0.2931678180520531,0.5414497373275318,0.5016810294607807,50.16810294607807,15.946745875000488
40,0,Plain,74,0.41335515278293344,1.6403421347509948,1.2807584216982508,1.1866885496325674,118.66885496325675,15.958745875017485
40,0,ResDyNet,75,0.09727575309117455,0.21970117500421316,0.46872291922223425,0.43429589200267205,43.4295892002672,16.159697750001214
40,0,Plain,75,0.3951224441870016,1.5588318246715167,1.2485318677036308,1.1568289898813833,115.68289898813833,16.171769125008723
40,0,ResDyNet,76,0.06518876521256556,0.1501416374568448,0.3874811446468651,0.3590212094340534,35.90212094340534,16.371169707999798
40,0,Plain,76,0.3714502092961268,1.4608006762610353,1.2086358741411887,1.1198632999162237,111.98632999162237,16.38285600001109
40,0,ResDyNet,77,0.043687859670143936,0.28517128090184385,0.5340143077688498,0.4947917215558696,49.47917215558696,16.58222962502623
40,0,Plain,77,0.36490666465788524,1.421113787838092,1.1921047721731894,1.1045463837157266,110.45463837157266,16.59789204102708
40,0,ResDyNet,78,0.062442410039492344,0.16355398276015873,0.4044180791707496,0.3747141503703463,37.471415037034625,16.813285458018072
40,0,Plain,78,0.3568831264091343,1.3607977115787089,1.1665323448489153,1.0808522145594632,108.08522145594632,16.82528675001231
40,0,ResDyNet,79,0.10803158804682886,0.14762378948710272,0.38421841377932775,0.3559981214766029,35.599812147660295,17.035421833017608
40,0,Plain,79,0.35690635842342955,1.3553886817119178,1.1642116138021978,1.0787019378849092,107.87019378849092,17.047990000020945
40,0,ResDyNet,80,0.035549682872179515,0.18228701035794367,0.42695082896973474,0.39559190196282495,39.55919019628249,17.26121612501447
40,0,Plain,80,0.3721671743188051,1.4254306932207585,1.1939140225413045,1.1062227472350963,110.62227472350963,17.27432087500347
40,0,ResDyNet,81,0.03211611643947344,0.14439308351312438,0.3799908992503957,0.35208111183614554,35.208111183614555,17.483936791017186
40,0,Plain,81,0.3854929590642453,1.5306560222776702,1.2371968405543519,1.1463265042447963,114.63265042447964,17.49597241601441
40,0,ResDyNet,82,0.026662624383865734,0.10942953954434942,0.3308013596470689,0.3065044734787221,30.650447347872213,17.697602833010023
40,0,Plain,82,0.3905521286936889,1.6455713432120296,1.2827982472750847,1.1885785529417525,118.85785529417525,17.709664958005305
40,0,ResDyNet,83,0.03071816076748317,0.11585381876922253,0.3403730582305576,0.31537314450764187,31.537314450764185,17.914821875019697
40,0,Plain,83,0.40671808116904634,1.6852043753754702,1.2981542186410173,1.2028066502001526,120.28066502001526,17.927084916009335
40,0,ResDyNet,84,0.027084762953621236,0.1216802748742047,0.34882699848808246,0.32320615495904315,32.32061549590431,18.136190166027518
40,0,Plain,84,0.403454166744812,1.6626155366737099,1.289424498244744,1.1947181152662851,119.47181152662851,18.148370708018774
40,0,ResDyNet,85,0.038415294703675364,0.11283903204527981,0.33591521556083137,0.31124272399850866,31.124272399850867,18.351152416027617
40,0,Plain,85,0.40626381906894393,1.6439754905711244,1.2821760762746763,1.1880020795103938,118.80020795103938,18.363215958001092
40,0,ResDyNet,86,0.03280923898540936,0.16083475618862453,0.4010420878020467,0.3715861207333551,37.15861207333551,18.56442979100393
40,0,Plain,86,0.40513854254154164,1.6298878998934994,1.2766706309355986,1.182901001247837,118.29010012478369,18.576531875005458
40,0,ResDyNet,87,0.03945048057918615,0.17454278691790936,0.41778318170782003,0.38709760526449905,38.709760526449905,18.778137333021732
40,0,Plain,87,0.3992290773224935,1.6429525012306085,1.2817770871842766,1.1876323955973433,118.76323955973433,18.79021108301822
40,0,ResDyNet,88,0.03546570317952239,0.18089376888701414,0.4253160811526107,0.39407722403195833,39.407722403195834,18.990170250006486
40,0,Plain,88,0.4015475041760085,1.6721872883320354,1.2931308086701963,1.1981522024983144,119.81522024983144,19.00235504101147
40,0,ResDyNet,89,0.12942269689627728,0.11848847671315074,0.3442215517848218,0.31893897172127395,31.893897172127396,19.202360166003928
40,0,Plain,89,0.4000737650947013,1.6328219135282644,1.277819202206738,1.1839652116038313,118.39652116038313,19.21442079101689
40,0,ResDyNet,90,0.03641397861866524,0.16047572176337724,0.40059421084605956,0.37117113969843873,37.11711396984387,19.41382437502034
40,0,Plain,90,0.38191279156309804,1.602975065405398,1.2660865157663588,1.173094274181639,117.3094274181639,19.4253587500134
40,0,ResDyNet,91,0.03298456647999773,0.1351694119560278,0.36765392960776005,0.3406502749475871,34.06502749475871,19.62158454101882
40,0,Plain,91,0.37342560850214773,1.5488022413741058,1.244508835394151,1.1531014435341718,115.31014435341717,19.633135416021105
40,0,ResDyNet,92,0.02819512698674894,0.13874434113732206,0.37248401460642855,0.34512559711964175,34.51255971196417,19.829411208018428
40,0,Plain,92,0.3710774658390649,1.5516198198865634,1.2456403252490518,1.15414982707949,115.41498270794901,19.84158354101237
40,0,ResDyNet,93,0.02437980047279255,0.1640704800484135,0.40505614431633236,0.3753053505446763,37.53053505446763,20.037145250011235
40,0,Plain,93,0.3701878655474085,1.5889473404207202,1.2605345455086585,1.16795008818911,116.795008818911,20.04866233302164
40,0,ResDyNet,94,0.03295077223959416,0.10302061190978569,0.3209682412790799,0.2973935835741282,29.739358357412822,20.245007666002493
40,0,Plain,94,0.3765764016628174,1.6210603260195655,1.2732086733994414,1.17969331953529,117.96933195352901,20.256581500027096
40,0,ResDyNet,95,0.04595243872458807,0.15509100129421066,0.3938159485015947,0.3648907310169042,36.48907310169042,20.453486083017197
40,0,Plain,95,0.38634085199776663,1.6903094720720857,1.3001190222714556,1.2046271418174759,120.46271418174759,20.46529120800551
40,0,ResDyNet,96,0.046665042669737346,0.12355523946537303,0.35150425241435274,0.325686768418177,32.5686768418177,20.662645375006832
40,0,Plain,96,0.39696724821270435,1.7121687633333802,1.3084986676849848,1.2123913142747849,121.23913142747848,20.674160666007083
40,0,ResDyNet,97,0.030808055140814024,0.1853032906926955,0.43046868723833503,0.3988513785790652,39.88513785790652,20.87231875001453
40,0,Plain,97,0.39584130582692856,1.685482331586545,1.2982612724665805,1.2029058410755262,120.29058410755262,20.883917208004277
40,0,ResDyNet,98,0.03794281723211052,0.09391811655836413,0.3064606280721296,0.2839515337827568,28.39515337827568,21.08110933302669
40,0,Plain,98,0.3877256682818956,1.6307021190513664,1.2769894749180066,1.1831964265963122,118.31964265963121,21.09353920799913
40,0,ResDyNet,99,0.030192024661988386,0.11422072263294829,0.33796556427090063,0.3131424775318618,31.31424775318618,21.292140791018028
40,0,Plain,99,0.380594441034716,1.5500899113763913,1.2450260685529404,1.1535806866581106,115.35806866581106,21.303620958002284
40,0,ResDyNet,100,0.032229193794601284,0.14584529518501815,0.38189696933206757,0.35384718379975444,35.384718379975446,21.501110958022764
40,0,Plain,100,0.3830974039840807,1.5367129638592347,1.2396422725364098,1.1485923227495582,114.85923227495583,21.512601000024006
40,1,ResDyNet,0,0.9953143761283443,2.552804203039129,1.5977497310402307,1.4803973012255272,148.03973012255273,0.013683375000255182
40,1,Plain,0,1.034316926339137,2.6361601216856485,1.6236256100732238,1.5043726339970378,150.43726339970377,0.027386499976273626
40,1,ResDyNet,1,0.9784698172243138,2.5391815029787628,1.5934809390070415,1.476442045854392,147.6442045854392,0.24665958300465718
40,1,Plain,1,1.0119357006533232,2.5016041935428714,1.5816460392713887,1.4654764025570979,146.54764025570978,0.26063262499519624
40,1,ResDyNet,2,0.9533356129297199,2.5211618272916554,1.5878166856698714,1.4711938238137945,147.11938238137944,0.5033671249984764
40,1,Plain,2,0.9661266837350605,2.534546166272536,1.5920258057809666,1.475093790080065,147.5093790080065,0.517830957978731
40,1,ResDyNet,3,0.9339852430055398,2.3362585157318505,1.5284824224477855,1.4162175772604666,141.62175772604667,0.7235107079904992
40,1,Plain,3,0.9584753119677255,2.480853202269537,1.5750724434988814,1.4593856279808872,145.93856279808873,0.7368168749962933
40,1,ResDyNet,4,0.9015681976937605,2.327315865662153,1.5255542814538436,1.4135045040295189,141.35045040295188,0.9411737920017913
40,1,Plain,4,0.9608853611333183,2.495777518773056,1.5798029999886238,1.4637687318704744,146.37687318704744,0.9543633749999572
40,1,ResDyNet,5,0.8361334285760901,1.9444217237018295,1.3944252305885136,1.2920066941773376,129.20066941773376,1.1664186669804621
40,1,Plain,5,0.9627125350793043,2.4745772554787373,1.5730789094888842,1.4575385161892427,145.75385161892427,1.1815408749971539
40,1,ResDyNet,6,0.5496448477245389,0.8220178614430689,0.9066520068047437,0.8400597152037039,84.0059715203704,1.3910382079775445
40,1,Plain,6,0.9564187286376878,2.5120574869673638,1.5849471558911243,1.468535056888215,146.85350568882149,1.4039517499913927
40,1,ResDyNet,7,0.39735592480628884,0.8186783994521742,0.9048084877211168,0.8383515999569048,83.83515999569047,1.6101684169843793
40,1,Plain,7,0.948325455622484,2.5158894463162516,1.586155555522929,1.469654701297456,146.9654701297456,1.6235448329825886
40,1,ResDyNet,8,0.30885106117933986,1.152674982458045,1.0736270220416608,0.9947706546747364,99.47706546747364,1.824513166997349
40,1,Plain,8,0.945353410124362,2.4220401048046285,1.5562904949927017,1.4419831866972934,144.19831866972933,1.8365946669946425
40,1,ResDyNet,9,0.36077305412997546,1.0319026417010324,1.0158260883148416,0.9412151167609301,94.12151167609301,2.038418666983489
40,1,Plain,9,0.9420029161320849,2.348865116684674,1.5326007688516516,1.4200334370183185,142.00334370183185,2.0503789999929722
40,1,ResDyNet,10,0.22016180832277327,0.6726135817313824,0.8201302224228677,0.759892831988049,75.9892831988049,2.251793874980649
40,1,Plain,10,0.9419828176671229,2.249517778814384,1.49983925099138,1.3896782057313626,138.96782057313627,2.265117332979571
40,1,ResDyNet,11,0.30785793763778635,0.6223839154118002,0.7889131228543483,0.7309685836808772,73.09685836808772,2.4743223330006003
40,1,Plain,11,0.9455832378910924,2.2015858252364855,1.483774182696439,1.374793093697984,137.4793093697984,2.4872314169770107
40,1,ResDyNet,12,0.17146459633712052,0.8870011603033692,0.9418073902361189,0.8726329860635105,87.26329860635104,2.6907608750043437
40,1,Plain,12,0.9495662120529899,2.2642536725709923,1.5047437232203338,1.3942224514981585,139.42224514981584,2.7028523749904707
40,1,ResDyNet,13,0.252575549633819,0.752037605478439,0.8672010179182442,0.8035063449582726,80.35063449582725,2.903649707994191
40,1,Plain,13,0.9459236088726872,2.337278667148621,1.5288160998460938,1.4165267465316853,141.65267465316853,2.9157495419785846
40,1,ResDyNet,14,0.1687020596667384,0.5719648995300339,0.7562836105126396,0.7007356622961736,70.07356622961736,3.116786874976242
40,1,Plain,14,0.9380232207009588,2.3375174708584265,1.5288941987130524,1.4165991091487011,141.65991091487012,3.130239582998911
40,1,ResDyNet,15,0.1722003397918317,0.5747864238216874,0.758146703363991,0.7024619136454869,70.2461913645487,3.331077999988338
40,1,Plain,15,0.9335314717487743,2.415642848208794,1.5542338460504563,1.4400775956747958,144.00775956747958,3.3432104579987936
40,1,ResDyNet,16,0.13269414314031877,0.5548192537701487,0.744861902482701,0.6901528623654871,69.01528623654872,3.547302207996836
40,1,Plain,16,0.9283405126333412,2.489451491097493,1.5777995725368585,1.4619124532961927,146.19124532961928,3.560567499982426
40,1,ResDyNet,17,0.13884613813994695,0.4991868008585693,0.7065315285665384,0.6546377995255087,65.46377995255087,3.761422291980125
40,1,Plain,17,0.8966457618076952,1.9357636164987473,1.3913172235327023,1.2891269657892017,128.91269657892016,3.7742921249882784
40,1,ResDyNet,18,0.0965079841926258,0.36645817692974314,0.6053578916060673,0.5608952213221384,56.089522132213844,3.977267457987182
40,1,Plain,18,0.5955396482977785,1.4864311425671333,1.2191928241944066,1.129644857105272,112.9644857105272,3.990190624987008
40,1,ResDyNet,19,0.0968861575762505,0.40880247876417686,0.6393766329513277,0.5924153348294174,59.24153348294175,4.191900791978696
40,1,Plain,19,0.5612469240426553,1.3719939023841894,1.1713214342716476,1.0852895522219297,108.52895522219296,4.203953249991173
40,1,ResDyNet,20,0.08647983274970793,0.2890060330935338,0.5375928134690174,0.49810739113667385,49.81073911366739,4.405906957981642
40,1,Plain,20,0.5606749434519672,1.4307970013656317,1.1961592709023459,1.1083030853191482,110.83030853191482,4.419226457976038
40,1,ResDyNet,21,0.07843982652049088,0.3641448951731879,0.60344419391787,0.5591220819887808,55.912208198878076,4.621228167001391
40,1,Plain,21,0.5261653310329955,1.5395379441772854,1.240781183036431,1.1496475819042389,114.9647581904239,4.633303499984322
40,1,ResDyNet,22,0.19060353381116427,0.30517529797034226,0.5524267353870034,0.5118517827315197,51.18517827315196,4.843107458000304
40,1,Plain,22,0.5340819846178116,1.6035748848707616,1.2663233729465635,1.1733137345411302,117.33137345411302,4.8551702499971725
40,1,ResDyNet,23,0.08002595904463956,0.2215062032037985,0.4706444551928754,0.4360762939078521,43.607629390785206,5.058025499980431
40,1,Plain,23,0.5514956333936067,1.6382454519055996,1.279939628226894,1.185929895369194,118.59298953691939,5.071368042001268
40,1,ResDyNet,24,0.07173813074191404,0.2631828895745422,0.513013537418402,0.4753334277151822,47.53334277151822,5.2717122079920955
40,1,Plain,24,0.5684110396539551,1.7331639802008978,1.3164968591686415,1.2198020500471398,121.98020500471398,5.28388104197802
40,1,ResDyNet,25,0.056059248387906824,0.14451883892218484,0.3801563348442123,0.3522343964224952,35.223439642249524,5.484489333000965
40,1,Plain,25,0.5751341508450702,1.831895994307241,1.353475524088722,1.2540646849811912,125.40646849811911,5.497832374996506
40,1,ResDyNet,26,0.05729184382792861,0.14096576794237445,0.37545408233547606,0.34787751762703956,34.787751762703955,5.699820457986789
40,1,Plain,26,0.5860717090552588,1.8022642303741794,1.342484350141252,1.243880797021128,124.3880797021128,5.713220749981701
40,1,ResDyNet,27,0.060245222515913854,0.15416198427737363,0.3926346702436931,0.3637962159554901,36.37962159554901,5.920397999987472
40,1,Plain,27,0.5802020209535077,1.7966161456486747,1.3403791051969867,1.2419301793033706,124.19301793033706,5.932502791984007
40,1,ResDyNet,28,0.05671233507241396,0.14262723722174367,0.37766021397778143,0.3499216120593327,34.99216120593327,6.151958041999023
40,1,Plain,28,0.6105590164529385,1.7998929570655615,1.3416008933604513,1.243062228875793,124.30622288757931,6.1679342499992345
40,1,ResDyNet,29,0.05447485200464578,0.19411214359975235,0.44058159698261606,0.4082215095840155,40.82215095840155,6.375825708004413
40,1,Plain,29,0.611524498995814,1.8561463108938967,1.3624046061629036,1.2623379387632048,126.23379387632048,6.38795524998568
40,1,ResDyNet,30,0.05310789073141682,0.1924584948669555,0.43870091733087985,0.4064789631596218,40.64789631596218,6.591239166999003
40,1,Plain,30,0.6096927290912936,1.8646360569012426,1.3655167728377569,1.2652215212523203,126.52215212523204,6.603338416985935
40,1,ResDyNet,31,0.04458125740111136,0.16450793718628678,0.40559578053313966,0.37580535125410214,37.580535125410215,6.8057740420044865
40,1,Plain,31,0.579873578040409,1.7862822719553195,1.336518713656984,1.238353327994015,123.83533279940151,6.817874125001254
40,1,ResDyNet,32,0.03976381096489732,0.13936764571838012,0.3733197633643042,0.34589996132801887,34.589996132801886,7.021296833001543
40,1,Plain,32,0.5423083278395133,1.7016276802164993,1.3044645185732342,1.2086534676385106,120.86534676385105,7.034243332978804
40,1,ResDyNet,33,0.04002040364661727,0.1738906398385099,0.4170019662285897,0.3863737689435408,38.637376894354084,7.23857787498855
40,1,Plain,33,0.5499589656997951,1.6728943551771063,1.2934041731713666,1.1984054887683238,119.84054887683237,7.250678207987221
40,1,ResDyNet,34,0.041946824541977436,0.17499502745856454,0.4183240699010332,0.3875987659944566,38.75987659944566,7.454067291982938
40,1,Plain,34,0.5465317747899724,1.7325216069794054,1.3162528658959893,1.219575977730973,121.95759777309729,7.4661236249958165
40,1,ResDyNet,35,0.04107906327061121,0.17306950922040118,0.41601623672688687,0.3854604398622027,38.54604398622027,7.673957833001623
40,1,Plain,35,0.4985012805280812,1.716696366218073,1.3102276009220966,1.2139932598414118,121.39932598414119,7.686059625004418
40,1,ResDyNet,36,0.04518439931076351,0.13825808657069036,0.37183072300536213,0.34452028885117947,34.45202888511795,7.892405249993317
40,1,Plain,36,0.5143919418168229,1.697374596491366,1.3028332957410038,1.2071420557874448,120.71420557874448,7.906128499977058
40,1,ResDyNet,37,0.06054813951791765,0.1567144669794647,0.3958717809840261,0.3667955655473922,36.679556554739214,8.114654582983349
40,1,Plain,37,0.49000743748314746,1.6171113487090802,1.2716569304293828,1.1782555498643323,117.82555498643323,8.130743374989834
40,1,ResDyNet,38,0.04247587911441328,0.162421051672564,0.40301495216997096,0.37341408103853857,37.34140810385386,8.341579291998642
40,1,Plain,38,0.5320242289206322,1.6169004791962065,1.2715740164049463,1.1781787257562604,117.81787257562604,8.353876457986189
40,1,ResDyNet,39,0.04443126593215432,0.2049735319345112,0.4527400268747079,0.41948692021104395,41.94869202110439,8.559459291980602
40,1,Plain,39,0.441528839577142,1.5540876803136097,1.246630530796358,1.1550673034472918,115.50673034472918,8.571483874984551
40,1,ResDyNet,40,0.038596193567605144,0.13658268968110032,0.36957095351380137,0.342426496192851,34.242649619285096,8.789145416987594
40,1,Plain,40,0.417807092162846,1.5238553039477,1.234445342632755,1.1437770999054775,114.37770999054774,8.803335499978857
40,1,ResDyNet,41,0.0409870627458964,0.21422278490309174,0.46284207339338945,0.4288469858787592,42.88469858787592,9.020274541981053
40,1,Plain,41,0.43348351361771054,1.561452594910756,1.2495809677290848,1.1578010350122478,115.78010350122479,9.03234262499609
40,1,ResDyNet,42,0.051803428714974634,0.15589708207053563,0.39483804536864936,0.36583775633268617,36.583775633268615,9.246943499980262
40,1,Plain,42,0.47109934439772194,1.5996669047061494,1.2647793897380482,1.1718831546883421,117.18831546883422,9.259850667003775
40,1,ResDyNet,43,0.049315849733227224,0.12971680557212945,0.36016219342419803,0.3337087960587638,33.37087960587638,9.469923583004856
40,1,Plain,43,0.46109423253545806,1.6680751284912485,1.291539828457198,1.1966780775037245,119.66780775037245,9.482841832999839
40,1,ResDyNet,44,0.06352740701838344,0.2432141456258574,0.4931674620510333,0.45694501816455574,45.69450181645557,9.691951707995031
40,1,Plain,44,0.4720408048343793,1.71096148697307,1.3080372651316436,1.2119638010782718,121.19638010782718,9.704387207981199
40,1,ResDyNet,45,0.05090331416581437,0.2335546963597366,0.48327496972193434,0.4477791152312736,44.777911523127365,9.915039249986876
40,1,Plain,45,0.48468317139911815,1.7282194446490422,1.3146176039628565,1.2180608234451822,121.80608234451822,9.928025917004561
40,1,ResDyNet,46,0.1773759221746798,0.19274336605363104,0.43902547312614,0.40677968079647436,40.677968079647435,10.14038137497846
40,1,Plain,46,0.4710406571255725,1.692407051585122,1.300925459657517,1.2053743475323255,120.53743475323256,10.15240341698518
40,1,ResDyNet,47,0.054410006370438566,0.32179544740062394,0.5672701714356431,0.5256049896577467,52.56049896577467,10.359351582999807
40,1,Plain,47,0.46647005565435246,1.6372197637447377,1.2795388871561262,1.1855585881562245,118.55585881562246,10.372834874986438
40,1,ResDyNet,48,0.06397108774005275,0.1407482081866068,0.3751642416150649,0.3476089652924993,34.760896529249926,10.68647124999552
40,1,Plain,48,0.458378027149,1.6190518351091903,1.2724196772720824,1.1789622740436665,117.89622740436666,10.700752666976769
40,1,ResDyNet,49,0.05999941267406327,0.19732428996613946,0.4442119876434442,0.41158525324941747,41.15852532494175,10.942991957999766
40,1,Plain,49,0.4535945180042769,1.6365204558635205,1.2792655923863192,1.18530536649591,118.53053664959099,10.994665874983184
40,1,ResDyNet,50,0.04958332492288167,0.15409878416451833,0.3925541799096251,0.3637216375211997,36.37216375211997,11.303123082994716
40,1,Plain,50,0.45648489504118916,1.6483282099013064,1.2838723495353057,1.189573763929043,118.9573763929043,11.318429791979725
40,1,ResDyNet,51,0.04828769227805882,0.26441105729171605,0.5142091571449463,0.4764412308849038,47.64412308849038,11.5587881669926
40,1,Plain,51,0.4599169858389097,1.6775378369704987,1.295197991416949,1.2000675536324625,120.00675536324626,11.572707791987341
40,1,ResDyNet,52,0.054667892994681555,0.12282534476608621,0.3504644700480866,0.3247233565777757,32.47233565777757,11.806930249993457
40,1,Plain,52,0.4639751850846272,1.664362849475545,1.2901018756189546,1.1953457402423442,119.53457402423442,11.822393666981952
40,1,ResDyNet,53,0.04087587053827372,0.14698482438326205,0.3833859992008864,0.3552268465569551,35.52268465569551,12.06568754199543
40,1,Plain,53,0.4472407756665361,1.6442985488231356,1.282302050541578,1.188118801147783,118.8118801147783,12.080884124996373
40,1,ResDyNet,54,0.03017318816896012,0.16202494902253958,0.40252322792919615,0.37295847323911413,37.29584732391141,12.342538875003811
40,1,Plain,54,0.42571350369293837,1.4931753435674966,1.2219555407491292,1.1322046560851782,113.22046560851781,12.357031041989103
40,1,ResDyNet,55,0.030399514879635037,0.17296732347657473,0.4158934039830095,0.38534662900747024,38.53466290074702,12.595229124999605
40,1,Plain,55,0.4071999976700105,1.393556501828682,1.1804899414347765,1.093784645662957,109.37846456629569,12.609447249997174
40,1,ResDyNet,56,0.0706979042449835,0.11210284448605705,0.3348176286966638,0.3102257533178024,31.02257533178024,12.841243874980137
40,1,Plain,56,0.37796670188814036,1.3958579303557155,1.1814643161584337,1.0946874539584373,109.46874539584373,12.856388582993532
40,1,ResDyNet,57,0.047384097712867224,0.14445781207157998,0.38007606090305135,0.3521600184873626,35.21600184873626,13.091278832987882
40,1,Plain,57,0.37488156661262234,1.4446528348131022,1.2019371176617777,1.113656557507805,111.3656557507805,13.105242207995616
40,1,ResDyNet,58,0.039216723029651034,0.15838847445218254,0.39798049506500005,0.3687493975987346,36.874939759873456,13.350958499999251
40,1,Plain,58,0.3896268406169223,1.4976542056666071,1.2237868301573633,1.1339014399087297,113.39014399087297,13.365339999989374
40,1,ResDyNet,59,0.06470816561042908,0.23081617521994494,0.48043332026405594,0.4451461808569187,44.51461808569187,13.611344916978851
40,1,Plain,59,0.40055503484054805,1.5485389986017504,1.2444030691868895,1.1530034457033795,115.30034457033796,13.625208541983739
40,1,ResDyNet,60,0.06031264746603963,0.13806824192247896,0.37157535160782523,0.3442836741171074,34.428367411710745,13.856008292001206
40,1,Plain,60,0.412663947236078,1.6560074518294046,1.2868595307295216,1.1923415409420985,119.23415409420986,13.869941332988674
40,1,ResDyNet,61,0.049461517127106364,0.25511752701467655,0.5050916025976641,0.4679933476630519,46.799334766305186,14.105493249982828
40,1,Plain,61,0.432747486773115,1.6969377479494903,1.3026656316758687,1.206986706407804,120.69867064078039,14.139914625004167
40,1,ResDyNet,62,0.0636184949874175,0.12810291042016073,0.35791466918828674,0.33162634925959217,33.16263492595922,14.382690917002037
40,1,Plain,62,0.4381831953151582,1.744245319058664,1.3206987995219288,1.2236953638985322,122.36953638985322,14.39738291699905
40,1,ResDyNet,63,0.03456133599499471,0.1432731015229693,0.378514334633405,0.35071299877587614,35.07129987758761,14.64426720800111
40,1,Plain,63,0.44589417882866583,1.720922503775318,1.3118393589823862,1.2154866365801629,121.54866365801628,14.659580042003654
40,1,ResDyNet,64,0.037701851689736714,0.15205722611171685,0.38994515782570865,0.36130424437330466,36.13042443733047,14.899074332992313
40,1,Plain,64,0.44769081643630887,1.7181619142722009,1.3107867539276559,1.2145113438594033,121.45113438594034,14.912980583001627
40,1,ResDyNet,65,0.030552810948012005,0.14153330104763034,0.3762091187725656,0.34857709771901463,34.85770977190146,15.163930124981562
40,1,Plain,65,0.44732011170874986,1.7581276508862622,1.3259440602401982,1.2285553677281023,122.85553677281023,15.17896129199653
40,1,ResDyNet,66,0.032336665328596546,0.10545725151439661,0.32474182285993997,0.30089000099153096,30.089000099153097,15.410148625000147
40,1,Plain,66,0.4470174434208184,1.7914354018885799,1.3384451433990785,1.2401382642301428,124.01382642301428,15.425017125002341
40,1,ResDyNet,67,0.0329783865392214,0.14717386297602078,0.38363245818885133,0.35545520348517595,35.5455203485176,15.65411404200131
40,1,Plain,67,0.4447617302964037,1.807408575051613,1.3443989642407543,1.2456547854566924,124.56547854566924,15.6679501250037
40,1,ResDyNet,68,0.028611548105548085,0.14226214885516772,0.37717654865482786,0.34947347126175565,34.947347126175565,15.897722916997736
40,1,Plain,68,0.44886798914583675,1.803261027064927,1.3428555495900991,1.244224732402004,124.42247324020039,15.911622166982852
40,1,ResDyNet,69,0.05117022404438089,0.10271682867701408,0.320494662478198,0.2969547884580203,29.695478845802032,16.140240999986418
40,1,Plain,69,0.4373944259311906,1.7561038030086893,1.325180668063298,1.2278480456134404,122.78480456134405,16.15448466700036
40,1,ResDyNet,70,0.05810871836218498,0.1428252146543792,0.377922233606835,0.3501643867218366,35.01643867218366,16.392147124977782
40,1,Plain,70,0.43560093745640316,1.7614908004264611,1.327211663762213,1.2297298675865955,122.97298675865956,16.406056874984642
40,1,ResDyNet,71,0.031115294822630493,0.12915594801403,0.35938273193634385,0.3329865849010268,33.29865849010268,16.639096083003096
40,1,Plain,71,0.43191043403864354,1.7417638283624324,1.319759003895193,1.2228245949148204,122.28245949148204,16.65295654197689
40,1,ResDyNet,72,0.024862853872837144,0.09678319069181074,0.31109996896787173,0.28825012173310516,28.825012173310515,16.882038541982183
40,1,Plain,72,0.41895447696269944,1.694885430548877,1.301877655752981,1.2062566061880942,120.62566061880942,16.896031999989646
40,1,ResDyNet,73,0.030331699143423728,0.128433813380354,0.3583766362088271,0.3320543854639969,33.20543854639969,17.126213457988342
40,1,Plain,73,0.41520995986903,1.6952465474731047,1.3020163391728634,1.2063851035093767,120.63851035093766,17.139179041987518
40,1,ResDyNet,74,0.03242703733123698,0.15975194370560672,0.3996898093592164,0.37033316520572807,37.033316520572804,17.35527812500368
40,1,Plain,74,0.41330914051649437,1.6761750218790235,1.294671781525736,1.1995799931042423,119.95799931042424,17.368245207995642
40,1,ResDyNet,75,0.0369367019670164,0.11113967412318929,0.33337617509832534,0.3088901724221431,30.88901724221431,17.602620749996277
40,1,Plain,75,0.4073232641879099,1.662971141482613,1.289562383711084,1.1948458732425702,119.48458732425702,17.61683804198401
40,1,ResDyNet,76,0.028023756072203043,0.1067097415703644,0.326664570424104,0.3026715255004246,30.267152550042457,17.840412582998397
40,1,Plain,76,0.4172384445918642,1.6379064984508243,1.2798072114388261,1.1858072044045926,118.58072044045926,17.85348508300376
40,1,ResDyNet,77,0.03884628963619039,0.1364366200781465,0.36937328013561904,0.34224334164123377,34.22433416412338,18.092342999996617
40,1,Plain,77,0.3935028479265243,1.5741883401084986,1.2546666250875165,1.162513158120213,116.2513158120213,18.106275166996056
40,1,ResDyNet,78,0.028526087867345035,0.13054484095043756,0.3613098960040225,0.3347722015275762,33.47722015275762,18.334352749981917
40,1,Plain,78,0.3862279516120384,1.5580127923049758,1.2482038264261874,1.1565250427660227,115.65250427660227,18.347334541991586
40,1,ResDyNet,79,0.028047488540778234,0.12120583518975647,0.3481462841820324,0.3225754381440098,32.25754381440098,18.567528374987887
40,1,Plain,79,0.38726694130208833,1.633410144663822,1.2780493514195068,1.184178456686489,118.41784566864891,18.580511624983046
40,1,ResDyNet,80,0.027333873746497355,0.10382291010850132,0.32221562672921583,0.2985493503491706,29.85493503491706,18.820541583001614
40,1,Plain,80,0.38894561953681167,1.688817673451881,1.299545179457752,1.2040954469367129,120.4095446936713,18.83446970800287
40,1,ResDyNet,81,0.02760564692445156,0.15504121803557475,0.3937527371785176,0.36483216247499045,36.483216247499044,19.059983041981468
40,1,Plain,81,0.3938090055153471,1.715436458442212,1.3097467153775237,1.213547694651474,121.3547694651474,19.073318624985404
40,1,ResDyNet,82,0.029206302913575177,0.13495559333498292,0.36736302663031145,0.3403807383772676,34.03807383772676,19.295332874986343
40,1,Plain,82,0.400758260612052,1.7009718421723936,1.3042131122528993,1.2084205267523978,120.84205267523977,19.30833829200128
40,1,ResDyNet,83,0.02552567133323816,0.10742304111439199,0.3277545440026606,0.303681442080446,30.3681442080446,19.54076004200033
40,1,Plain,83,0.4027375728265774,1.6789963163704664,1.2957609024702306,1.2005891196749525,120.05891196749525,19.55488504198729
40,1,ResDyNet,84,0.025728656100053444,0.11260334879939157,0.33556422455230767,0.3109175127769523,31.091751277695227,19.777891249977984
40,1,Plain,84,0.41204550545910185,1.669533875810966,1.2921044368823156,1.1972012162485197,119.72012162485197,19.79114474999369
40,1,ResDyNet,85,0.03765009435535722,0.1257531680037943,0.3546169313552221,0.3285708255481034,32.85708255481034,20.014705666981172
40,1,Plain,85,0.41468024342718707,1.6642170567720478,1.2900453700440337,1.195293384920987,119.5293384920987,20.02776654198533
40,1,ResDyNet,86,0.023929604459899934,0.12046993774102777,0.3470877954365837,0.3215946938811898,32.15946938811898,20.29911754198838
40,1,Plain,86,0.4163784206478803,1.7044731371633457,1.3055547239251772,1.2096635989684952,120.96635989684953,20.325363957992522
40,1,ResDyNet,87,0.021304642637604076,0.1368987987481725,0.3699983766831586,0.34282252574247624,34.28225257424762,20.629423249978572
40,1,Plain,87,0.40966483923212604,1.7703947882564794,1.330561831805076,1.2328339705840516,123.28339705840517,20.644721666991245
40,1,ResDyNet,88,0.02629087740250065,0.14995489034404919,0.3872400939262994,0.3587978635437358,35.87978635437358,20.91444120797678
40,1,Plain,88,0.409540608520886,1.7897215135774276,1.337804736715126,1.2395448945000833,123.95448945000834,20.930311666976195
40,1,ResDyNet,89,0.023420361637293375,0.09279164832882057,0.3046172160742406,0.28224351775640144,28.224351775640145,21.169161458004965
40,1,Plain,89,0.4116500109465786,1.8060145716491343,1.3438804156803292,1.2451743235454844,124.51743235454845,21.18549824997899
40,1,ResDyNet,90,0.021433336880031715,0.13300990056313589,0.3647052242059824,0.33791814773511136,33.791814773511135,21.422695957997348
40,1,Plain,90,0.40978815636283084,1.7576643745214193,1.3257693519317073,1.228393491494693,122.8393491494693,21.43835266699898
40,1,ResDyNet,91,0.025032681069895747,0.09425539537051898,0.3070104157362075,0.2844609403301878,28.44609403301878,21.764015041990206
40,1,Plain,91,0.41117604001181635,1.6827006844212855,1.2971895329601166,1.201912819301113,120.1912819301113,21.780958666990045
40,1,ResDyNet,92,0.019771833685819744,0.12830951561120135,0.3582031764392959,0.3318936660661485,33.189366606614854,22.03630404197611
40,1,Plain,92,0.41293578606051445,1.6517103769125565,1.2851888487349072,1.1907935681476214,119.07935681476214,22.051418832998024
40,1,ResDyNet,93,0.03045992701224913,0.13501492791829772,0.3674437751796834,0.3404555560613178,34.04555560613178,22.301533041987568
40,1,Plain,93,0.4156641001029482,1.6751823698040802,1.2942883642388507,1.1992247372680365,119.92247372680364,22.316641332989093
40,1,ResDyNet,94,0.023843746073631603,0.11798922231329986,0.3434955928586273,0.3182663334386568,31.82663334386568,22.56918283298728
40,1,Plain,94,0.40517901760634384,1.7352992408799894,1.317307572619238,1.2205532177557077,122.05532177557077,22.590104499977315
40,1,ResDyNet,95,0.02016581481216535,0.08345646154546973,0.28888832019565924,0.26766988675678977,26.766988675678977,22.86217462498462
40,1,Plain,95,0.4183954878750989,1.741286023869235,1.319577971879356,1.2226568594413145,122.26568594413145,22.881728749984177
40,1,ResDyNet,96,0.01853479605990847,0.10897568375718897,0.33011465244243393,0.30586820393492326,30.586820393492324,23.149358624999877
40,1,Plain,96,0.40897959816457574,1.7435024939399124,1.320417545301452,1.2234347673978017,122.34347673978017,23.163531875004992
40,1,ResDyNet,97,0.019146148972909834,0.09081606733458093,0.3013570429483621,0.27922279967814756,27.922279967814756,23.416979624977103
40,1,Plain,97,0.40619274740672034,1.7666982355873966,1.3291720112864986,1.231546230392382,123.1546230392382,23.431194832985057
40,1,ResDyNet,98,0.025759429907712746,0.14523284680021384,0.38109427547552305,0.35310344665753934,35.31034466575393,23.667044082976645
40,1,Plain,98,0.408287320627968,1.814573815678104,1.3470611774073604,1.2481214628784216,124.81214628784217,23.680936541990377
40,1,ResDyNet,99,0.026725907525222296,0.09359229670580686,0.305928581054152,0.2834585648563741,28.345856485637412,23.912015082984
40,1,Plain,99,0.40781578071132357,1.7726755888716519,1.3314186377213035,1.233627845332653,123.3627845332653,23.92632595798932
40,1,ResDyNet,100,0.02434857196092718,0.13908986433550471,0.3729475356340416,0.345555073191525,34.555507319152504,24.169619624997722
40,1,Plain,100,0.40216572930186567,1.709549168428706,1.3074972919393393,1.2114634881437167,121.14634881437168,24.183606124977814
40,2,ResDyNet,0,0.9582137954162855,2.0468817753674116,1.4306927606468873,1.3256104260869506,132.56104260869506,0.01594329098588787
40,2,Plain,0,1.0226720162047618,2.2543203848937035,1.5014394376376636,1.3911608609598964,139.11608609598966,0.034016916004475206
40,2,ResDyNet,1,0.9227651235633085,2.421820036083959,1.5562197904164947,1.441917675270962,144.1917675270962,0.3200197909900453
40,2,Plain,1,1.0030561771708673,2.3501156751891923,1.5330087002979442,1.4204114064840268,142.0411406484027,0.336089999997057
40,2,ResDyNet,2,0.8116685708019636,1.252464144235994,1.119135444991353,1.036936549125485,103.6936549125485,0.6013304159860127
40,2,Plain,2,0.9612099472057065,2.343677945922723,1.5309075562955208,1.4184645884998055,141.84645884998054,0.6228886249882635
40,2,ResDyNet,3,0.4413060530479065,0.4863243521684542,0.6973695950989361,0.6461487969514849,64.61487969514849,0.8723015830037184
40,2,Plain,3,0.9630678749865476,2.332112840321638,1.5271256792817145,1.4149604849371276,141.49604849371275,0.8875637500023004
40,2,ResDyNet,4,0.4259146275755594,1.073151087970303,1.0359300594008762,0.9598424799589855,95.98424799589856,1.1863264580024406
40,2,Plain,4,0.972310890219549,2.2750883081121382,1.5083395864698832,1.3975542037411979,139.75542037411978,1.2082268329977524
40,2,ResDyNet,5,0.3822867303943028,0.4838438556664305,0.6955888553351258,0.6444988499733599,64.449884997336,1.490555916010635
40,2,Plain,5,0.9689072491185572,2.25485323048065,1.5016168720684546,1.3913252630858266,139.13252630858267,1.5081669999926817
40,2,ResDyNet,6,0.1451571012979399,0.572200899593522,0.7564396205868132,0.700880213653801,70.0880213653801,1.7828994159935974
40,2,Plain,6,0.9563389093514963,2.339083643131639,1.529406304136229,1.417073601161865,141.7073601161865,1.7981480410089716
40,2,ResDyNet,7,0.18559875126692352,0.7213032723519783,0.8492957508147432,0.7869161940837125,78.69161940837125,2.042602291010553
40,2,Plain,7,0.9429847806588372,2.4670512332978953,1.5706849567299914,1.4553203958324212,145.53203958324212,2.0591166249942034
40,2,ResDyNet,8,0.15415887418697596,0.4426548841716381,0.6653231426695138,0.6164561105634347,61.645611056343476,2.292260832997272
40,2,Plain,8,0.943589856172507,2.466781842037155,1.5705991984071412,1.455240936335581,145.5240936335581,2.307696957985172
40,2,ResDyNet,9,0.12194312054235536,0.45042038112765126,0.6711336536992101,0.6218398478784792,62.183984787847926,2.582188500004122
40,2,Plain,9,0.9429785920444107,2.397426553505659,1.54836253942856,1.434637528116741,143.46375281167408,2.5975211249897256
40,2,ResDyNet,10,0.12594484334119593,0.34650007423422513,0.5886425691658947,0.5454076153793508,54.540761537935076,2.8392287500028033
40,2,Plain,10,0.9420012864849742,2.3062958829256313,1.5186493614148169,1.407106740479718,140.7106740479718,2.8546526249847375
40,2,ResDyNet,11,0.10131696274075386,0.49677083089577306,0.7048197151724496,0.6530517163739497,65.30517163739496,3.0855068330129143
40,2,Plain,11,0.942827353916997,2.3022146696610926,1.5173050680931282,1.4058611835775192,140.58611835775193,3.0994272909883875
40,2,ResDyNet,12,0.11452393851695902,0.3803243322770084,0.6167044124027397,0.5714083564141762,57.14083564141762,3.3290512500097975
40,2,Plain,12,0.9402527811249537,2.2632449277196174,1.5044084976227758,1.393911847740708,139.3911847740708,3.3429222909908276
40,2,ResDyNet,13,0.09382844261845313,0.33844398229503897,0.5817593852229966,0.5390299914405433,53.902999144054334,3.5762478329997975
40,2,Plain,13,0.9387485219361308,2.2219049049219253,1.4906055497420923,1.3811227066164489,138.11227066164489,3.5916940000024624
40,2,ResDyNet,14,0.09529334182352397,0.17254090068128822,0.41538042886164994,0.3848713311742094,38.48713311742094,3.8221445409872103
40,2,Plain,14,0.9373638625211459,2.259226621363458,1.5030723939196868,1.39267387894135,139.267387894135,3.837397499999497
40,2,ResDyNet,15,0.1209067005067975,0.3466685744050142,0.5887856778191995,0.5455402129069976,54.55402129069976,4.067386000009719
40,2,Plain,15,0.9328813329837601,2.3261433838048053,1.5251699524331068,1.4131484034250072,141.31484034250073,4.081313291011611
40,2,ResDyNet,16,0.07957364873982561,0.2267399534149866,0.4761721888298251,0.44119802342471837,44.119802342471836,4.313111875002505
40,2,Plain,16,0.9212596382542687,2.3558547290596175,1.5348793858344758,1.4221446928466663,142.21446928466662,4.3270265409955755
40,2,ResDyNet,17,0.06898542691914415,0.33589303715883845,0.5795627982875009,0.5369947406700125,53.699474067001255,4.55710641600308
40,2,Plain,17,0.8451931051270317,1.5069728232661377,1.2275882140466068,1.1374236175947772,113.74236175947772,4.571016291010892
40,2,ResDyNet,18,0.06664008794045605,0.19589461308527184,0.4425998340321332,0.41009151001230115,41.009151001230116,4.8072078750119545
40,2,Plain,18,0.4868966644202574,1.5646880120731852,1.2508748986502147,1.1589999285600914,115.89999285600913,4.821192665986018
40,2,ResDyNet,19,0.12191555452592369,0.2285887689552437,0.47810957839729973,0.44299311450274637,44.29931145027464,5.052724207984284
40,2,Plain,19,0.6600498749760707,1.5481906457663508,1.244263093467917,1.1528737510005247,115.28737510005247,5.0666665410099085
40,2,ResDyNet,20,0.08768199466329821,0.2936179650991499,0.5418652647099184,0.502066036951954,50.2066036951954,5.295725540985586
40,2,Plain,20,0.6091084229441944,1.5982557049350834,1.2642213828816073,1.1713661326364575,117.13661326364576,5.309642250009347
40,2,ResDyNet,21,0.08608229598881872,0.1954532634295005,0.4421009651985624,0.40962928238019075,40.962928238019074,5.5385104159940965
40,2,Plain,21,0.5960631784669309,1.541449192231483,1.2415511234868595,1.1503609713311151,115.03609713311151,5.5524137080064975
40,2,ResDyNet,22,0.08107340125880037,0.3046273695939003,0.5519305840356198,0.5113920729864212,51.13920729864212,5.780929416010622
40,2,Plain,22,0.5810906273153457,1.5994970654379288,1.2647122461010365,1.1718209426553212,117.18209426553213,5.794785707985284
40,2,ResDyNet,23,0.10961174060904391,0.31641205611032625,0.5625051609632806,0.5211899623812257,52.11899623812257,6.0227687080041505
40,2,Plain,23,0.5855206814503889,1.714043352251332,1.3092147846137898,1.2130548334406273,121.30548334406272,6.036587375012459
40,2,ResDyNet,24,0.08892246448255108,0.17721963694516635,0.4209746274363413,0.390054643874316,39.0054643874316,6.265947000007145
40,2,Plain,24,0.5718302986666848,1.802449291714827,1.3425532733246852,1.243944657895434,124.3944657895434,6.27978537499439
40,2,ResDyNet,25,0.05490657506807142,0.1532538914702903,0.39147655289977495,0.3627231606720931,36.27231606720931,6.5074491660052445
40,2,Plain,25,0.5793103496281565,1.7994022250470074,1.3414179904291605,1.2428927599028943,124.28927599028943,6.523341374995653
40,2,ResDyNet,26,0.059250692369716924,0.26717448143697453,0.5168892351722703,0.478924461018913,47.8924461018913,6.751727208000375
40,2,Plain,26,0.5683907756094126,1.8471577757757318,1.3591018268605675,1.2592777438711433,125.92777438711434,6.76563566600089
40,2,ResDyNet,27,0.06982211375228942,0.16511654353775115,0.40634535008752243,0.3764998659980769,37.64998659980769,6.99034112499794
40,2,Plain,27,0.5783148632627769,1.8584326541962206,1.3632434317451232,1.2631151538075838,126.31151538075838,7.003299750009319
40,2,ResDyNet,28,0.04392062363504059,0.16526874007066986,0.4065325818070058,0.37667334581587447,37.66733458158745,7.2227767079893965
40,2,Plain,28,0.570503148304112,1.7630092035651381,1.327783568043052,1.2302597663169572,123.02597663169573,7.235799040994607
40,2,ResDyNet,29,0.04605979640265309,0.19826688672874257,0.44527169989652676,0.4125671311549876,41.25671311549876,7.452641665993724
40,2,Plain,29,0.5564108067735342,1.697158204616062,1.302750246446364,1.207065106344572,120.7065106344572,7.465546207997249
40,2,ResDyNet,30,0.04683996829079617,0.13897681969647033,0.37279594914171255,0.34541462050999017,34.541462050999016,7.689692957996158
40,2,Plain,30,0.5540211916553983,1.655732465386086,1.2867526822921669,1.1922425403694636,119.22425403694636,7.703660250001121
40,2,ResDyNet,31,0.057299104436483506,0.25487520210517406,0.5048516634667792,0.4677710317177448,46.777103171774485,7.919554624997545
40,2,Plain,31,0.5516967860970151,1.6597637693682354,1.2883181941462425,1.193693067619624,119.3693067619624,7.932431583001744
40,2,ResDyNet,32,0.07121360218075147,0.24014025641228343,0.49004107625002563,0.4540482609237404,45.40482609237404,8.147127125004772
40,2,Plain,32,0.5555551991853793,1.6850715239363832,1.2981030482732807,1.202759238222652,120.2759238222652,8.160032540996326
40,2,ResDyNet,33,0.04859260992921465,0.16577004559210004,0.40714867750258016,0.3772441901648396,37.724419016483964,8.375345582986483
40,2,Plain,33,0.5647249025465793,1.6989022910074465,1.3034194608825842,1.2076851679387473,120.76851679387472,8.388345832994673
40,2,ResDyNet,34,0.09854268407764348,0.18743609358520597,0.4329389028318037,0.40114016037446903,40.1140160374469,8.602049290988361
40,2,Plain,34,0.5699410627638304,1.762514162219467,1.3275971385248866,1.2300870297799393,123.00870297799393,8.615052832989022
40,2,ResDyNet,35,0.04801925189627525,0.1094535458588044,0.3308376427476239,0.3065380916374977,30.653809163749766,8.83661633299198
40,2,Plain,35,0.5667597976062521,1.7987046259214121,1.341157942198238,1.2426518118421517,124.26518118421517,8.851150708011119
40,2,ResDyNet,36,0.046109306792393424,0.12290125336211855,0.3505727504557628,0.32482368394456235,32.48236839445624,9.068342540995218
40,2,Plain,36,0.5665599359515135,1.7691161732861433,1.3300812656699377,1.2323887013433827,123.23887013433827,9.081311040994478
40,2,ResDyNet,37,0.03532921865780297,0.19652334140013974,0.4433095322685265,0.41074908192949816,41.07490819294981,9.296117165999021
40,2,Plain,37,0.5538207327967217,1.7133029837020273,1.3089320011757781,1.2127928200412001,121.27928200412002,9.309052708005765
40,2,ResDyNet,38,0.042381989561641666,0.18180623477658384,0.42638742333303387,0.3950698776633596,39.50698776633596,9.52299937501084
40,2,Plain,38,0.5495642871109296,1.701296980472471,1.3043377555190492,1.2085360151491344,120.85360151491345,9.535866707999958
40,2,ResDyNet,39,0.04771001187005644,0.09259899761621446,0.3043008340708491,0.2819503735581095,28.195037355810946,9.75001250000787
40,2,Plain,39,0.5419913120408956,1.6085396098104772,1.2682821491334162,1.175128641421968,117.51286414219679,9.764223707985366
40,2,ResDyNet,40,0.05658500887156357,0.1739765387681293,0.4171049493450411,0.38646918809755765,38.64691880975577,9.986058290989604
40,2,Plain,40,0.5097200293485362,1.5296825344513716,1.236803353185692,1.1459619179599023,114.59619179599024,9.999817250005435
40,2,ResDyNet,41,0.040382492685993275,0.1749526231359753,0.418273383250686,0.3875518022059956,38.75518022059956,10.219528165995143
40,2,Plain,41,0.4880790727830068,1.6119180048164952,1.2696133288590252,1.1763620479029409,117.63620479029409,10.232502208004007
40,2,ResDyNet,42,0.035914819816103574,0.13350416908468776,0.36538222327405007,0.33854542219107203,33.8545422191072,10.4513390409993
40,2,Plain,42,0.5451460081206498,1.692657704781073,1.3010217925849945,1.2054636049442256,120.54636049442256,10.464212499995483
40,2,ResDyNet,43,0.037923670655167406,0.09635481686136654,0.31041072285178317,0.28761149975726336,28.761149975726337,10.679672375001246
40,2,Plain,43,0.5653317141663846,1.82034777311001,1.349202643456501,1.2501056413127687,125.01056413127687,10.692631665995577
40,2,ResDyNet,44,0.04174373252624291,0.15194307684276817,0.3897987645475139,0.3611686034717625,36.11686034717625,10.90843979100464
40,2,Plain,44,0.5867741814106116,1.889491876384589,1.3745878932918727,1.2736263808986568,127.36263808986567,10.921380540996324
40,2,ResDyNet,45,0.04694371507962005,0.11945562088174523,0.3456235247805699,0.32023797180806807,32.02379718080681,11.136908207990928
40,2,Plain,45,0.5907682640146078,1.8986788343973835,1.3779255547370415,1.27671889589011,127.67188958901099,11.149965165997855
40,2,ResDyNet,46,0.03600954679451919,0.12282290767408514,0.35046099308494394,0.3247201349925969,32.47201349925969,11.364790749998065
40,2,Plain,46,0.5971066739085874,1.9034777814661485,1.3796658223882146,1.278331343374316,127.8331343374316,11.377718957985053
40,2,ResDyNet,47,0.03813298758323038,0.09138561237572174,0.30230053320449457,0.28009699192601717,28.009699192601715,11.593749291001586
40,2,Plain,47,0.5956487463837623,1.8986491341567096,1.3779147775376783,1.2767089102606075,127.67089102606076,11.607586416008417
40,2,ResDyNet,48,0.03451265584908047,0.168027919744009,0.40991208782372957,0.3798046319550222,37.98046319550222,11.82404145799228
40,2,Plain,48,0.6000675615407874,1.8538011945015995,1.361543680717442,1.2615402470588926,126.15402470588926,11.836948000011034
40,2,ResDyNet,49,0.03848027740262955,0.15147964884818838,0.38920386540756297,0.360617398821763,36.061739882176305,12.052699958003359
40,2,Plain,49,0.6006817478487961,1.8217842749283075,1.3497348906093773,1.2505987956744282,125.05987956744282,12.065625624993118
40,2,ResDyNet,50,0.03372994796757281,0.19662574406826897,0.443425015158447,0.4108560827665221,41.08560827665221,12.281376833008835
40,2,Plain,50,0.5884732677118331,1.8120550960059734,1.3461259584474157,1.247254934411879,124.72549344118791,12.294268833007663
40,2,ResDyNet,51,0.03924465448153574,0.10563642925957549,0.3250175830006363,0.3011455069447735,30.114550694477348,12.50945704098558
40,2,Plain,51,0.5892916116531095,1.8199674107476425,1.349061677888614,1.2499750294639844,124.99750294639844,12.522391625010641
40,2,ResDyNet,52,0.039069386244985876,0.10115574013922807,0.3180499019638712,0.2946895921026463,29.46895921026463,12.745732832991052
40,2,Plain,52,0.5868758486482049,1.8012970926007772,1.3421240973176725,1.243547004251569,124.3547004251569,12.759616208000807
40,2,ResDyNet,53,0.040299387988031864,0.20494660328843067,0.45271028626311405,0.419459364004784,41.9459364004784,12.97809354099445
40,2,Plain,53,0.5850754357265064,1.7836484776818498,1.3355330312956881,1.2374400425906884,123.74400425906884,12.9909867499955
40,2,ResDyNet,54,0.04450600735144288,0.1418814381763142,0.3766715255714377,0.3490055414006624,34.90055414006624,13.206655582995154
40,2,Plain,54,0.5809250548150966,1.8328723821679438,1.353836172573308,1.2543988443510223,125.43988443510223,13.219496333011193
40,2,ResDyNet,55,0.05057448588654032,0.2405854512178805,0.49049510825071485,0.4544689449241393,45.44689449241393,13.435792750009568
40,2,Plain,55,0.5789437883688938,1.826200820027342,1.3513699789574067,1.252113789124693,125.2113789124693,13.448709749995032
40,2,ResDyNet,56,0.05842695008096209,0.089086793044891,0.2984741078299607,0.2765516120159152,27.655161201591522,13.663726583006792
40,2,Plain,56,0.5720405240276814,1.7905848187999844,1.338127355224451,1.2398438171418786,123.98438171418786,13.678023582993774
40,2,ResDyNet,57,0.06789337866437385,0.17393284877045087,0.4170525731492984,0.38642065885839105,38.6420658858391,13.893907541001681
40,2,Plain,57,0.5791430472508571,1.7475491904424818,1.321949012043385,1.2248537501005545,122.48537501005545,13.906827166007133
40,2,ResDyNet,58,0.052480440567826296,0.1285234495052336,0.35850167294621316,0.3321702384320709,33.21702384320709,14.124158791004447
40,2,Plain,58,0.5698515851564708,1.7278610747481535,1.3144812949403857,1.2179345261252212,121.79345261252212,14.137120875006076
40,2,ResDyNet,59,0.04771105453069625,0.27390962217894793,0.5233637570361057,0.48492343852317293,48.49234385231729,14.352906540996628
40,2,Plain,59,0.5613970726746904,1.7456644828148196,1.3212359678781151,1.2241930780081658,122.41930780081658,14.365817540994613
40,2,ResDyNet,60,0.056219659962095096,0.09556632150280871,0.30913802985528765,0.2864322842389018,28.643228423890182,14.582077041006414
40,2,Plain,60,0.5652838081663846,1.7897579418598293,1.3378183515933055,1.2395575093849567,123.95575093849567,14.595022708002944
40,2,ResDyNet,61,0.0542372470963726,0.26632327608162476,0.516065185884133,0.4781609369709753,47.81609369709753,14.81852900001104
40,2,Plain,61,0.5607524434962295,1.7805502567773146,1.3343726079237817,1.2363648506537568,123.63648506537568,14.83246829098789
40,2,ResDyNet,62,0.18469729421873343,0.24667380950966922,0.49666267174981976,0.4601835097160029,46.01835097160029,15.050526415987406
40,2,Plain,62,0.559519358093248,1.751714184750412,1.3235233978855123,1.2263124995570513,122.63124995570513,15.063603499991586
40,2,ResDyNet,63,0.08034137379013176,0.19034046464068524,0.43628025928373754,0.4042360989797316,40.423609897973165,15.281548458006
40,2,Plain,63,0.5592320401856554,1.7465069628745507,1.3215547521289273,1.2244884480122453,122.44884480122454,15.294428666005842
40,2,ResDyNet,64,0.16303575048664884,0.43545845535864475,0.659892760498738,0.6114245821869563,61.14245821869563,15.511148165998748
40,2,Plain,64,0.5533683168365503,1.7247019230792153,1.3132790728094372,1.2168206054882444,121.68206054882444,15.524088790989481
40,2,ResDyNet,65,0.1414106069091965,0.33381012484918443,0.5777630352049051,0.5353271676086261,53.532716760862606,15.740643583005294
40,2,Plain,65,0.5568368238319137,1.7030306249322968,1.3050021551446944,1.2091516155736766,120.91516155736765,15.753537040989613
40,2,ResDyNet,66,0.06101665564882562,0.24570371890426587,0.4956851005469762,0.4592777397181552,45.92777397181552,15.97106545799761
40,2,Plain,66,0.5503321696024477,1.6917283753160497,1.3006645898601414,1.2051326382480092,120.51326382480092,15.98398258301313
40,2,ResDyNet,67,0.22375341710568603,0.19045798979228598,0.4364149284709289,0.404360876907966,40.436087690796604,16.200704582995968
40,2,Plain,67,0.5414141018600108,1.6647529127911558,1.2902530421553577,1.1954858038131146,119.54858038131147,16.21360904100584
40,2,ResDyNet,68,0.09932416450218833,0.19951844262564425,0.4466748735105258,0.4138672436763414,41.386724367634145,16.43083241599379
40,2,Plain,68,0.5319282858384926,1.6327813381039995,1.2778033252828853,1.1839505008173001,118.39505008173002,16.443710499996087
40,2,ResDyNet,69,0.04519994722032223,0.1874769435374455,0.43298607776399173,0.40118387037544095,40.118387037544096,16.66060987499077
40,2,Plain,69,0.5240498264922469,1.6669640914992836,1.2911096357394611,1.1962794818250821,119.62794818250822,16.673548249993473
40,2,ResDyNet,70,0.04305764589556415,0.17921210529801318,0.4233345075682033,0.39224119418977105,39.224119418977104,16.89123337500496
40,2,Plain,70,0.5225645443805077,1.7136201246292995,1.3090531404909809,1.212905061847169,121.2905061847169,16.90413912499207
40,2,ResDyNet,71,0.03570805361539764,0.14850683696009964,0.38536584820154945,0.35706127848360447,35.706127848360445,17.12118141600513
40,2,Plain,71,0.5230317919521618,1.6983887481444555,1.3032224476828411,1.2075026250764083,120.75026250764083,17.134060999989742
40,2,ResDyNet,72,0.03174800426690125,0.13089777364724256,0.3617979735256163,0.3352244304541215,33.522443045412146,17.351546332996804
40,2,Plain,72,0.5369079425459206,1.6514937767468563,1.2851045781362918,1.1907154871038013,119.07154871038013,17.36439512501238
40,2,ResDyNet,73,0.03202970067182016,0.10343006051585545,0.3216054422982538,0.2979839830908967,29.79839830908967,17.58256124999025
40,2,Plain,73,0.513496694278213,1.6663217670587163,1.290860862780616,1.1960489808838286,119.60489808838287,17.59549124998739
40,2,ResDyNet,74,0.04591443472632292,0.20148160125183034,0.4488670195635121,0.41589837974082394,41.58983797408239,17.812654500012286
40,2,Plain,74,0.49736669540958006,1.6828763236161195,1.2972572310903183,1.2019755451005931,120.19755451005932,17.825584790989524
40,2,ResDyNet,75,0.03776580386169795,0.10848873789749088,0.32937628617963816,0.30518406961681127,30.518406961681126,18.04333862499334
40,2,Plain,75,0.4839846157596257,1.6693612037174315,1.2920376169900905,1.1971393041816945,119.71393041816944,18.056262541009346
40,2,ResDyNet,76,0.02628283828553673,0.12697247824581362,0.35633197757963514,0.3301599040832286,33.01599040832286,18.27387470798567
40,2,Plain,76,0.4856606988135857,1.656915547988511,1.2872123165929197,1.1926684151890088,119.26684151890088,18.286825290997513
40,2,ResDyNet,77,0.029052196647358607,0.10121237507927838,0.31813892418136824,0.2947720757657453,29.477207576574532,18.50439291598741
40,2,Plain,77,0.4924449286960225,1.6795268052534051,1.2959655879896679,1.2007787713360907,120.07787713360906,18.517265208007302
40,2,ResDyNet,78,0.02561480991450124,0.09203243637831887,0.30336848283616885,0.28108650218651715,28.108650218651714,18.734770499984734
40,2,Plain,78,0.5029517643068724,1.6663504859291192,1.290871986654416,1.1960592877250271,119.60592877250271,18.74773187498795
40,2,ResDyNet,79,0.030152221078126505,0.11877500197610213,0.3446374935727425,0.3193243631804882,31.93243631804882,18.965290666004876
40,2,Plain,79,0.5140016684524139,1.6462055703300178,1.283045428007137,1.1888075786029912,118.88075786029913,18.978173040988622
40,2,ResDyNet,80,0.04444761374027814,0.11370220458496984,0.33719757499864944,0.31243089597191964,31.243089597191965,19.196237124997424
40,2,Plain,80,0.5197988171196494,1.72636672768536,1.3139127549747585,1.217407744605937,121.7407744605937,19.20917333298712
40,2,ResDyNet,81,0.0315151393468894,0.19817630308030196,0.44516997100018096,0.4124728741004057,41.24728741004057,19.42619633299182
40,2,Plain,81,0.5281270899834449,1.7944258374985582,1.3395618080172926,1.2411729114311798,124.11729114311798,19.43910774998949
40,2,ResDyNet,82,0.03168771800642379,0.11347145733116495,0.3368552468511734,0.312113711336672,31.2113711336672,19.658858457987662
40,2,Plain,82,0.541028163891571,1.904603285034451,1.3800736520325467,1.278709218515272,127.8709218515272,19.67173558298964
40,2,ResDyNet,83,0.035334914965152654,0.12309537738575713,0.35084950817374266,0.3250801142044655,32.50801142044655,19.892005208006594
40,2,Plain,83,0.5555168099297713,1.934355682125876,1.3908111597646446,1.2886580716802398,128.865807168024,19.904916541010607
40,2,ResDyNet,84,0.032317918358790235,0.20717383814846327,0.45516352901837737,0.42173241959264407,42.17324195926441,20.12343116599368
40,2,Plain,84,0.5625129632382754,1.8813039791666886,1.3716063499294135,1.2708638276266886,127.08638276266886,20.136562125000637
40,2,ResDyNet,85,0.03456596304196308,0.1212503936480105,0.34821027217474576,0.3226347263102872,32.26347263102872,20.358334415999707
40,2,Plain,85,0.5553178413952411,1.8038595066189462,1.3430783695000623,1.2444311865086517,124.44311865086517,20.371283582993783
40,2,ResDyNet,86,0.04151799467783633,0.15506089303018644,0.3937777203324059,0.3648553106520008,36.48553106520008,20.589614500000607
40,2,Plain,86,0.5549424811037503,1.7993655641015793,1.3414043253626324,1.2428800985159345,124.28800985159344,20.60251166598755
40,2,ResDyNet,87,0.027327007483209192,0.21127005444797606,0.4596412236168293,0.42588123393476546,42.58812339347654,20.82117070798995
40,2,Plain,87,0.5511433426391704,1.7916823619349538,1.3385373965395788,1.2402237415095774,124.02237415095773,20.834106958005577
40,2,ResDyNet,88,0.05529266158142258,0.12154166279107304,0.3486282587385495,0.323022012359524,32.302201235952396,21.052870832994813
40,2,Plain,88,0.5520945121769628,1.7537205833159641,1.324281157200375,1.2270146025353263,122.70146025353263,21.065793791000033
40,2,ResDyNet,89,0.06335053372684514,0.14887923337850922,0.38584871825432987,0.35750868242246375,35.750868242246376,21.283718416001648
40,2,Plain,89,0.5427795541844478,1.7652454053873647,1.3286253818843612,1.2310397501370745,123.10397501370744,21.296622791007394
40,2,ResDyNet,90,0.033354547524516207,0.11000516924641153,0.3316702718761685,0.30730956534885084,30.730956534885085,21.514579915994545
40,2,Plain,90,0.5536090424448271,1.7997496420762906,1.341547480365973,1.2430127389892736,124.30127389892735,21.527450833003968
40,2,ResDyNet,91,0.03555814027963612,0.14106357150940144,0.375584306793297,0.34799817728491117,34.799817728491114,21.746360874996753
40,2,Plain,91,0.5570625513753361,1.7942989679647245,1.339514452316482,1.2411290339387817,124.11290339387817,21.75925937498687
40,2,ResDyNet,92,0.02333675225317819,0.16244711983256596,0.40304729230273456,0.3734440458348608,37.34440458348608,21.97750283300411
40,2,Plain,92,0.5633987098723608,1.7735174090894792,1.331734736758593,1.233920727348298,123.3920727348298,21.99038366600871
40,2,ResDyNet,93,0.029170702573291542,0.10714381288715441,0.32732829527426194,0.30328650071077273,30.328650071077274,22.208382582990453
40,2,Plain,93,0.5582827910578326,1.6795266562542894,1.2959655305039133,1.2007787180725826,120.07787180725826,22.22129866600153
40,2,ResDyNet,94,0.032688407146415896,0.15114728897477883,0.38877665693143004,0.36022156819645224,36.022156819645225,22.43980570801068
40,2,Plain,94,0.5468826327044346,1.6363766934156578,1.2792094017070301,1.1852533029415513,118.52533029415513,22.45268820799538
40,2,ResDyNet,95,0.030458364738204506,0.16916815934740345,0.4113005705653755,0.3810911326275603,38.109113262756026,22.670419375004712
40,2,Plain,95,0.5451393290887059,1.6254261346205543,1.2749220111914903,1.1812808151199619,118.12808151199619,22.68333045800682
40,2,ResDyNet,96,0.03115883983426999,0.12460526146351537,0.3529947045828243,0.32706774900915764,32.70677490091576,22.906066333001945
40,2,Plain,96,0.5462698122029824,1.6560371650204557,1.2868710755240618,1.1923522377880114,119.23522377880114,22.918955958011793
40,2,ResDyNet,97,0.027794957618924084,0.1150628206622547,0.33920911052366315,0.3142946870930803,31.42946870930803,23.136825875000795
40,2,Plain,97,0.5388566685362917,1.7104230987500237,1.3078314489069391,1.211773101760549,121.1773101760549,23.149767458002316
40,2,ResDyNet,98,0.03230835234613639,0.19034950844526866,0.4362906238337797,0.4042457022684149,40.42457022684149,23.367804915993474
40,2,Plain,98,0.5341624710494101,1.795227509077982,1.3398610036410425,1.2414501315648045,124.14501315648046,23.38071550001041
40,2,ResDyNet,99,0.03268835330301124,0.11826588774880922,0.34389807755904833,0.31863925621417805,31.863925621417806,23.597932125005173
40,2,Plain,99,0.5379905599693992,1.8478167396313718,1.3593442314702233,1.259502344209336,125.95023442093361,23.610861166001996
40,2,ResDyNet,100,0.07586810317585627,0.12800483746428115,0.3577776368979497,0.33149938179475424,33.14993817947543,23.828787458012812
40,2,Plain,100,0.5467590700898187,1.8543684646275882,1.361751983522546,1.2617332503212453,126.17332503212452,23.841674291004892
40,3,ResDyNet,0,1.26641869504435,2.3503228161247756,1.5330762590702316,1.4204740031612317,142.04740031612317,0.014680791005957872
40,3,Plain,0,1.0457463892796375,2.1195737877842435,1.455875608623293,1.3489436299405801,134.894362994058,0.029613999999128282
40,3,ResDyNet,1,1.1687959347985977,2.1852797633836,1.4782691782566528,1.369692423951297,136.9692423951297,0.26128220799728297
40,3,Plain,1,1.02231015493362,2.2901427793773164,1.5133217699409853,1.4021704529706864,140.21704529706864,0.2765727910154965
40,3,ResDyNet,2,0.9449375223132429,2.1914494680386976,1.4803545075550983,1.3716245887989014,137.16245887989012,0.5047095000045374
40,3,Plain,2,0.970505120631215,2.292882611690229,1.5142267372128353,1.4030089516923052,140.30089516923053,0.5188143750128802
40,3,ResDyNet,3,0.8901323088504448,2.25879212753669,1.5029278517402922,1.3925399531780518,139.2539953178052,0.7474735410069115
40,3,Plain,3,0.9578049755468406,2.375119902881385,1.541142401882897,1.427947699334784,142.7947699334784,0.7613485830079298
40,3,ResDyNet,4,0.8596182726053079,2.0337121617591634,1.4260828032618453,1.3213390634705178,132.13390634705178,0.9868077079881914
40,3,Plain,4,0.951892568123986,2.469723842843947,1.5715355047990316,1.45610847236375,145.610847236375,1.0021191250125412
40,3,ResDyNet,5,0.8103324178585396,1.7347727582739771,1.3171077246277076,1.2203680483129788,122.03680483129789,1.2243728750036098
40,3,Plain,5,0.9485231870072461,2.386723443157727,1.5449024057064986,1.431431536261756,143.1431536261756,1.2460126660007518
40,3,ResDyNet,6,0.6501500683041023,1.1735352046096628,1.0832982989969395,1.0037315901866315,100.37315901866315,1.46064624999417
40,3,Plain,6,0.9444846285477155,2.2934394388468373,1.5144105912356918,1.4031793019004564,140.31793019004564,1.4744326660002116
40,3,ResDyNet,7,0.3798736311840327,0.7629695149292731,0.8734812619222424,0.8093253140333001,80.93253140333002,1.6921816660033073
40,3,Plain,7,0.943903709303006,2.295966256550624,1.5152446193768925,1.4039520718689895,140.39520718689894,1.7059078330057673
40,3,ResDyNet,8,0.6397864609387063,0.7445880082520079,0.8628951316654926,0.7995167198848842,79.95167198848841,1.9225176660111174
40,3,Plain,8,0.9427543734844526,2.2747098952917635,1.508214141059473,1.3974379721165482,139.74379721165482,1.936768999992637
40,3,ResDyNet,9,0.3612622663651555,0.9830806857855018,0.9915042540430685,0.9186796863882739,91.86796863882739,2.1592385830008425
40,3,Plain,9,0.9421403117046876,2.2511355933702974,1.5003784833735445,1.3901778322672218,139.01778322672217,2.17236908301129
40,3,ResDyNet,10,0.2920367204740946,0.8433435619739271,0.9183373900554889,0.8508868237878039,85.08868237878039,2.390095208014827
40,3,Plain,10,0.9451464293980687,2.281445840719248,1.5104455768809575,1.3995055121722946,139.95055121722945,2.4029427909990773
40,3,ResDyNet,11,0.27084081952093997,0.887101945342001,0.9418608949000914,0.8726825608865313,87.26825608865313,2.619570582988672
40,3,Plain,11,0.9432728988142173,2.4505519742392625,1.5654238960228193,1.4504457525005081,145.0445752500508,2.632345999998506
40,3,ResDyNet,12,0.32303757826805507,0.8342337658913652,0.9133639832462003,0.8462787065868866,84.62787065868866,2.849876583000878
40,3,Plain,12,0.9418110218004409,2.641933269144801,1.6254024945055305,1.5060190088122374,150.60190088122374,2.862675250013126
40,3,ResDyNet,13,0.21401487609298145,0.7092018940226006,0.8421412553856987,0.7802871860989061,78.02871860989062,3.078599333006423
40,3,Plain,13,0.9546793586852238,2.61823858860449,1.6180972123468014,1.4992502891671196,149.92502891671197,3.0928442500007804
40,3,ResDyNet,14,0.2659085100361349,0.7069639132946491,0.840811461205572,0.779055063397084,77.9055063397084,3.3127620829909574
40,3,Plain,14,0.9421344057708497,2.39746569903407,1.5483751803209937,1.4346492405537268,143.46492405537268,3.3266493330011144
40,3,ResDyNet,15,0.20092151513681802,0.7215135076160656,0.8494195121470106,0.7870308653233474,78.70308653233474,3.5474730000132695
40,3,Plain,15,0.9324468771534997,2.283807961000589,1.511227302890134,1.4002298215255053,140.02298215255053,3.5603743749961723
40,3,ResDyNet,16,0.17999858308053684,0.6568768449658554,0.8104793920673464,0.7509508413024382,75.09508413024382,3.7786415409937035
40,3,Plain,16,0.9306918569344742,2.2180749607660952,1.4893203016027463,1.3799318581125006,137.99318581125007,3.792905915994197
40,3,ResDyNet,17,0.16962422922168455,0.5153313830687349,0.717865853115145,0.6651396341664364,66.51396341664363,4.01086983300047
40,3,Plain,17,0.9239110080090517,2.322936083324017,1.5241181329949516,1.4121738386184104,141.21738386184103,4.025044582987903
40,3,ResDyNet,18,0.1499912320766849,0.5340414654605253,0.7307814074403681,0.6771065595211625,67.71065595211626,4.249662165995687
40,3,Plain,18,0.8376075412533562,1.5565349122022123,1.2476116832581412,1.155976391665738,115.5976391665738,4.2636263750027865
40,3,ResDyNet,19,0.11991030176920514,0.5172529991606674,0.7192030305558141,0.6663785978388869,66.63785978388869,4.485147666011471
40,3,Plain,19,0.5165785333152627,1.4342283492045742,1.197592730941773,1.1096312597713518,110.96312597713518,4.498104375001276
40,3,ResDyNet,20,0.10685746597619498,0.3952539220932137,0.6286922316151311,0.5825156874716189,58.25156874716188,4.716505124990363
40,3,Plain,20,0.6262903240812709,1.4027096933148058,1.1843604575106372,1.09737087787551,109.737087787551,4.730753457988612
40,3,ResDyNet,21,0.14194909656539106,0.390738413592422,0.6250907242892203,0.5791787057015446,57.91787057015446,4.9502807079989
40,3,Plain,21,0.5818987329874433,1.4923664467178905,1.2216245113445827,1.1318979403163714,113.18979403163713,4.964546250004787
40,3,ResDyNet,22,0.12465216845494782,0.3436685357646265,0.5862324929280418,0.5431745557900105,54.31745557900105,5.181961833004607
40,3,Plain,22,0.5561841747701818,1.6148531378343716,1.2707687192539685,1.1774325765278602,117.74325765278601,5.195752250001533
40,3,ResDyNet,23,0.08456737473718384,0.31865709807908643,0.5644972082119507,0.5230356966120335,52.303569661203355,5.415834332990926
40,3,Plain,23,0.574128918208889,1.6745069906404297,1.2940274304049468,1.1989829686505833,119.89829686505833,5.434078291000333
40,3,ResDyNet,24,0.14377443445992985,0.43137139048891054,0.6567886954637013,0.6085485062838141,60.854850628381406,5.663218583009439
40,3,Plain,24,0.5869619761113661,1.7419383914237978,1.3198251366843252,1.2228858703452912,122.28858703452912,5.6761793330078945
40,3,ResDyNet,25,0.1282999871388801,0.5747159567369179,0.7581002286880791,0.7024188524679704,70.24188524679704,5.896186583006056
40,3,Plain,25,0.5836380098777783,1.874231617369119,1.3690257913454804,1.268472807375462,126.84728073754621,5.909363457991276
40,3,ResDyNet,26,0.4096972860181116,0.4693649716324558,0.6851021614565639,0.634782388743544,63.478238874354396,6.127568291005446
40,3,Plain,26,0.5921475136281924,1.9710312855558925,1.403934216961711,1.30081725911801,130.08172591180102,6.140503250004258
40,3,ResDyNet,27,0.1374530464900107,0.3897423064384964,0.6242934457756996,0.5784399861531627,57.84399861531627,6.359274665999692
40,3,Plain,27,0.6130035440622104,1.9827053762446134,1.408085713387013,1.3046638340756933,130.46638340756934,6.372170415997971
40,3,ResDyNet,28,0.1115705351161123,0.32993344475569547,0.5743983328280954,0.5322095978032391,53.22095978032391,6.6063633330049925
40,3,Plain,28,0.6188445226771092,1.943589775252759,1.3941268863531608,1.2917302628988514,129.17302628988514,6.620280541013926
40,3,ResDyNet,29,0.11603922922339363,0.37309752051238676,0.6108170925181996,0.5659534517446883,56.595345174468825,6.842021374992328
40,3,Plain,29,0.6161037677536175,1.933752271185604,1.3905942151417157,1.2884570613292066,128.84570613292067,6.85507074999623
40,3,ResDyNet,30,0.08464876865347949,0.2661295141737785,0.5158774216553565,0.4779869637559297,47.79869637559297,7.073000375006814
40,3,Plain,30,0.6204507855062716,1.9124349064213366,1.3829081337606401,1.2813355116193306,128.13355116193307,7.087280375009868
40,3,ResDyNet,31,0.08906165267080253,0.3572838513181796,0.5977322572173762,0.5538296788596144,55.38296788596144,7.304471457988257
40,3,Plain,31,0.6145261105555726,1.8599774720560571,1.3638099105286108,1.2636400255356048,126.36400255356048,7.317501082987292
40,3,ResDyNet,32,0.1526979043641892,0.298506743070494,0.546357706150919,0.506228515002156,50.6228515002156,7.534667166008148
40,3,Plain,32,0.5961079709093293,1.7727598293986317,1.3314502729725326,1.23365715701998,123.36571570199798,7.54758212500019
40,3,ResDyNet,33,0.22070226099500337,0.30053380504869986,0.5482096360414507,0.5079444232941367,50.79444232941367,7.764207541011274
40,3,Plain,33,0.5765194296072523,1.69143653351401,1.3005523955281502,1.2050286844290439,120.50286844290439,7.777148916007718
40,3,ResDyNet,34,0.11223857187326704,0.3087589196064273,0.5556607954556695,0.5148483057192204,51.48483057192203,7.993179790995782
40,3,Plain,34,0.5496771616597944,1.6011234152394247,1.2653550550100254,1.1724165381704281,117.24165381704282,8.006073708005715
40,3,ResDyNet,35,0.09388464368410818,0.23288000598958183,0.4825764250246606,0.44713187764171936,44.713187764171934,8.231301749998238
40,3,Plain,35,0.522993423692564,1.5571537088035405,1.2478596510840234,1.1562061466098918,115.62061466098919,8.246526583010564
40,3,ResDyNet,36,0.05407260910281417,0.2707090679936635,0.5202970958920139,0.4820820192487469,48.208201924874686,8.468650833005086
40,3,Plain,36,0.5133863766352564,1.5685911084826107,1.2524340735075083,1.160444584256809,116.0444584256809,8.481626541004516
40,3,ResDyNet,37,0.08936553344495772,0.15346147655310144,0.39174159410649956,0.36296873498171495,36.29687349817149,8.705877708009211
40,3,Plain,37,0.521638203738405,1.55904182376174,1.248615963281641,1.1569069087596109,115.69069087596108,8.720084041007794
40,3,ResDyNet,38,0.07207168952989582,0.2371096995076325,0.4869391127313891,0.451174132183628,45.1174132183628,8.93786249999539
40,3,Plain,38,0.49179737658136446,1.6310833546637606,1.277138737437621,1.1833347259976006,118.33347259976006,8.95067341599497
40,3,ResDyNet,39,0.07213323437857912,0.22788580579548215,0.47737386375406243,0.4423114370465333,44.231143704653334,9.168491874996107
40,3,Plain,39,0.5145670142480201,1.6471677939930867,1.2834203496879293,1.1891549628232059,118.91549628232059,9.181259083008626
40,3,ResDyNet,40,0.05910198524209177,0.3339574043540996,0.5778904778191968,0.535445249745392,53.5445249745392,9.406691832991783
40,3,Plain,40,0.5539794879229745,1.6766675580675063,1.2948619841772737,1.1997562256433891,119.97562256433892,9.420530250004958
40,3,ResDyNet,41,0.44412883418222,0.3505980076309876,0.5921131713034152,0.5486233067596696,54.862330675966966,9.641109457996208
40,3,Plain,41,0.5715058742709379,1.6858311876410166,1.298395620618391,1.203030321547969,120.3030321547969,9.654092290991684
40,3,ResDyNet,42,0.13398306047509884,0.4576179993016613,0.676474684893427,0.6267885879796791,62.678858797967905,9.879229290992953
40,3,Plain,42,0.5821350570689467,1.6780587211422595,1.295399058646508,1.2002538527619329,120.02538527619329,9.893147124996176
40,3,ResDyNet,43,0.12932695681091957,0.24775857418869235,0.49775352755022473,0.4611942437199413,46.11942437199413,10.130134125007316
40,3,Plain,43,0.572572979723646,1.6236698180228213,1.274233031286986,1.1806424398028446,118.06424398028446,10.144449665996945
40,3,ResDyNet,44,0.2550867537634904,0.2610903765995223,0.5109700349330891,0.47344001756118065,47.34400175611807,10.400816208013566
40,3,Plain,44,0.5484283083863577,1.598753835158947,1.264418378211479,1.1715486589414417,117.15486589414417,10.415358333004406
40,3,ResDyNet,45,0.0787059768962244,0.2704901684448222,0.5200866932010684,0.4818870703341609,48.18870703341609,10.663083749997895
40,3,Plain,45,0.542665288345761,1.5973701577886608,1.2638711001477407,1.171041577667799,117.10415776677989,10.677619082998717
40,3,ResDyNet,46,0.07582400382279608,0.34549064729669315,0.5877845245467876,0.5446125929088227,54.46125929088227,10.914730499993311
40,3,Plain,46,0.5346010964120558,1.6524642730129788,1.2854821169557276,1.1910652962375738,119.10652962375738,10.928700040996773
40,3,ResDyNet,47,0.06602492488127862,0.2872183004606901,0.5359275141851648,0.49656440570056104,49.656440570056105,11.161698040988995
40,3,Plain,47,0.5248748325532613,1.6453312084377774,1.2827046458315248,1.1884918263901876,118.84918263901876,11.175598291010829
40,3,ResDyNet,48,0.12659726371680727,0.24101682995705082,0.4909346493750984,0.4548762023823468,45.487620238234676,11.523716750001768
40,3,Plain,48,0.5327066878005955,1.6828685319556986,1.2972542279583053,1.201972762544326,120.1972762544326,11.554509665991645
40,3,ResDyNet,49,0.07955981457415502,0.1276070592027213,0.35722130284002,0.3309839096767256,33.09839096767256,11.938800915988395
40,3,Plain,49,0.5540768840949625,1.7525025934637466,1.3238212090247483,1.2265884368945672,122.65884368945672,11.961764041014249
40,3,ResDyNet,50,0.0992036280207505,0.3036225866548434,0.5510195882678249,0.510547988553252,51.0547988553252,12.292103165993467
40,3,Plain,50,0.5632547296793602,1.7387702888692427,1.3186243926415295,1.2217733192330091,122.17733192330091,12.31039604099351
40,3,ResDyNet,51,0.08652677928047409,0.2907453757996617,0.5392081006435843,0.499604037781312,49.9604037781312,12.610692832997302
40,3,Plain,51,0.5694753652299195,1.735699507960769,1.3174594900644077,1.2206939770820708,122.06939770820708,12.627810125006363
40,3,ResDyNet,52,0.07713592218620573,0.34131161297053497,0.5842188057316667,0.5413087710346688,54.13087710346688,12.913604166009463
40,3,Plain,52,0.5645547758522667,1.7178400678192385,1.310663979751957,1.2143975872711006,121.43975872711006,12.930502833012724
40,3,ResDyNet,53,0.0706373623460547,0.1415679181931814,0.3762551238098711,0.3486197237522079,34.86197237522079,13.205716416006908
40,3,Plain,53,0.5544373741117029,1.7438368434637321,1.3205441467303287,1.223552070133017,122.3552070133017,13.221074500004761
40,3,ResDyNet,54,0.06356343461889044,0.08591893339794412,0.2931193159754985,0.2715901219552603,27.159012195526028,13.47805174998939
40,3,Plain,54,0.5504860305988277,1.7259730449985982,1.3137629333325698,1.2172689271488268,121.72689271488268,13.495078415988246
40,3,ResDyNet,55,0.07525035153212294,0.26229595032705366,0.5121483674942776,0.4745318032830871,47.45318032830871,13.750774124986492
40,3,Plain,55,0.5471127410608844,1.699676418511773,1.30371638729893,1.207960285535002,120.79602855350021,13.764844541001366
40,3,ResDyNet,56,0.17653447279660228,0.40365994141535644,0.6353423812523107,0.5886773931407645,58.86773931407645,14.002484083001036
40,3,Plain,56,0.5451617253015358,1.6699609717873523,1.2922696977749468,1.197354338965236,119.73543389652359,14.016749500005972
40,3,ResDyNet,57,0.10107106862003022,0.3133798977246939,0.5598034456170253,0.5186866841583767,51.86866841583767,14.251418541010935
40,3,Plain,57,0.5340131081531104,1.5963912940016487,1.263483792536196,1.170682717245709,117.0682717245709,14.265432000014698
40,3,ResDyNet,58,0.10159143056474959,0.21854643133622945,0.46748949863738054,0.43315306439355417,43.31530643935542,14.498898707999615
40,3,Plain,58,0.5167556798259261,1.5949835275933362,1.262926572526422,1.1701664242477305,117.01664242477305,14.513027375011006
40,3,ResDyNet,59,0.1365061943028063,0.2750267900995612,0.5244299668207006,0.4859113367258701,48.59113367258701,14.753500291000819
40,3,Plain,59,0.5129179992499706,1.5797417775408384,1.2568777894214054,1.1645619156000995,116.45619156000994,14.767583999986527
40,3,ResDyNet,60,0.08280994351647422,0.31796951143424595,0.5638878535970127,0.5224710982209849,52.247109822098494,15.00180833300692
40,3,Plain,60,0.5251823295557242,1.5778510834325428,1.2561254250402476,1.1638648113053742,116.38648113053742,15.016081750014564
40,3,ResDyNet,61,0.29750543778672,0.39919938035426844,0.6318222695934897,0.5854158286425886,58.54158286425886,15.25004737501149
40,3,Plain,61,0.5332819890355148,1.584279006783819,1.2586814556446835,1.1662331051220745,116.62331051220744,15.264117125014309
40,3,ResDyNet,62,0.11881918547468127,0.4142011456469316,0.6435846064403122,0.5963142386913293,59.631423869132924,15.49756029099808
40,3,Plain,62,0.5470729038016093,1.608194614450267,1.2681461329240675,1.1750026154084248,117.50026154084247,15.51173033300438
40,3,ResDyNet,63,0.09419718093717375,0.23754515044882465,0.48738603842213685,0.4515882318223747,45.15882318223747,15.745826708007371
40,3,Plain,63,0.5399023901103749,1.656568225243873,1.2870773967574263,1.1925434050222312,119.25434050222312,15.759889875014778
40,3,ResDyNet,64,0.08518312915259099,0.22362941124914662,0.47289471476127387,0.4381612751332566,43.81612751332566,15.991334749996895
40,3,Plain,64,0.5403547301424427,1.648934761119168,1.284108547249479,1.1897926132593384,118.97926132593383,16.005457499995828
40,3,ResDyNet,65,0.05442980646938804,0.16343740494036707,0.40427392315157684,0.3745805824043546,37.45805824043546,16.239000041008694
40,3,Plain,65,0.5403191406721815,1.6421570055768167,1.2814667399417032,1.187344842915329,118.73448429153291,16.253039541014004
40,3,ResDyNet,66,0.04203210303309478,0.15964570155212882,0.3995568814976521,0.37021000070524696,37.02100007052469,16.4960089160013
40,3,Plain,66,0.5462645600736327,1.648312186238399,1.2838661091556234,1.1895679818963123,118.95679818963123,16.511574541014852
40,3,ResDyNet,67,0.042516565443350834,0.1938352853907421,0.4402672885767714,0.40793028668049974,40.79302866804998,16.7570676250034
40,3,Plain,67,0.5365769936123623,1.626841149796118,1.2754768323243342,1.1817948854350857,118.17948854350857,16.771418624994112
40,3,ResDyNet,68,0.06965778234149127,0.19874706094909733,0.4458105662151777,0.4130664185141742,41.30664185141742,17.045461416011676
40,3,Plain,68,0.5363451336682225,1.62745977166803,1.275719315393488,1.1820195584700388,118.20195584700389,17.061420290992828
40,3,ResDyNet,69,0.06996131809680489,0.1541632450849854,0.39263627581387,0.3637977035988367,36.379770359883665,17.300311333005084
40,3,Plain,69,0.5333800867461099,1.627560157432739,1.2757586595562418,1.1820560128603779,118.20560128603779,17.314359457988758
40,3,ResDyNet,70,0.0424714402869037,0.1475981380291634,0.3841850309800779,0.3559671905961548,35.59671905961548,17.551847541006282
40,3,Plain,70,0.520427418494842,1.5624589967377238,1.249983598587487,1.1581740932106557,115.81740932106557,17.565954332996625
40,3,ResDyNet,71,0.05263961927330712,0.18145136080040503,0.4259710797699828,0.394684113938823,39.4684113938823,17.80383829100174
40,3,Plain,71,0.5281681815477522,1.5519396595951689,1.2457687022859296,1.1542687750068414,115.42687750068414,17.817918457993073
40,3,ResDyNet,72,0.05284303299799171,0.22520237692646097,0.4745549250892471,0.43969954539001216,43.969954539001215,18.05396895800368
40,3,Plain,72,0.512749160531162,1.579327151052238,1.2567128355564121,1.1644090773602809,116.4409077360281,18.06808374999673
40,3,ResDyNet,73,0.06597546187672391,0.24484178378092167,0.49481489850339155,0.4584714527685684,45.847145276856835,18.305616666009882
40,3,Plain,73,0.49445259977416084,1.546751553064506,1.2436846678577758,1.15233780992316,115.233780992316,18.320205083000474
40,3,ResDyNet,74,0.05176552323878416,0.22184934206327517,0.4710088556102477,0.436413929636379,43.6413929636379,18.555691457993817
40,3,Plain,74,0.4808347275794018,1.5331947956964456,1.2382224338528378,1.1472767691841277,114.72767691841277,18.569734249991598
40,3,ResDyNet,75,0.058226382409379523,0.19004850263955012,0.43594552714708534,0.40392595243919005,40.392595243919004,18.804941999987932
40,3,Plain,75,0.5091532491160488,1.653060669079108,1.2857140697212224,1.1912802124045927,119.12802124045928,18.818964041012805
40,3,ResDyNet,76,0.09157429813222032,0.39118974955226105,0.6254516364614142,0.5795131093915064,57.95131093915064,19.05483091599308
40,3,Plain,76,0.5463319489636769,1.768347733001445,1.3297923646199226,1.2321210196617935,123.21210196617936,19.068871833005687
40,3,ResDyNet,77,0.10006820180118874,0.2931481549235583,0.5414315791709589,0.5016642049948062,50.16642049948062,19.303725583013147
40,3,Plain,77,0.588494384081841,1.8904111171331108,1.3749222222122641,1.2739361538385945,127.39361538385945,19.31776216599974
40,3,ResDyNet,78,0.06877555474562388,0.2953622365014079,0.5434723879843464,0.503555119323228,50.355511932322806,19.553325332992245
40,3,Plain,78,0.5983752040882533,1.9638119102425362,1.4013607352293471,1.2984327959337387,129.84327959337386,19.5673867079895
40,3,ResDyNet,79,0.0654671528442257,0.1812023216628376,0.42567866009801053,0.39441317207302085,39.441317207302085,19.80142516599153
40,3,Plain,79,0.604303393177454,1.8941271048022565,1.3762729034614671,1.275187629484179,127.5187629484179,19.81544604100054
40,3,ResDyNet,80,0.05103561018087578,0.2623854118583699,0.5122356995157307,0.4746127208926213,47.46127208926213,20.050319458008744
40,3,Plain,80,0.5946752730289466,1.8660611024288214,1.3660384703326702,1.2657049008132877,126.57049008132877,20.064380625000922
40,3,ResDyNet,81,0.05523298924606257,0.18383396901810495,0.42875863725189833,0.3972669293153915,39.72669293153915,20.298308916011592
40,3,Plain,81,0.5835077923637595,1.7837816136300824,1.3355828741152989,1.2374862245265723,123.74862245265723,20.312476499995682
40,3,ResDyNet,82,0.055685614114283834,0.1445342450949518,0.3801765972478472,0.3522531705815983,35.225317058159824,20.54713525000261
40,3,Plain,82,0.5745558467818774,1.7364479313037338,1.3177434998146391,1.2209571267228414,122.09571267228414,20.561250666010892
40,3,ResDyNet,83,0.03888432762489158,0.2073326720966341,0.4553379756803007,0.42189405339705155,42.189405339705154,20.80001966599957
40,3,Plain,83,0.5534915537181379,1.6809927094177453,1.2965310290994756,1.201302681606078,120.13026816060778,20.814102541015018
40,3,ResDyNet,84,0.037271162742041966,0.18096497832185585,0.4253997864619302,0.3941547813061718,39.41547813061718,21.050173750001704
40,3,Plain,84,0.5476989330769798,1.6647239065797426,1.2902418015936945,1.1954753888546095,119.54753888546095,21.06422550001298
40,3,ResDyNet,85,0.04524120184404231,0.12742749699518463,0.3569698824763577,0.3307509557787478,33.07509557787478,21.29859883300378
40,3,Plain,85,0.5272085079606766,1.7147152139353956,1.3094713490318892,1.21329255356961,121.329255356961,21.3126521660015
40,3,ResDyNet,86,0.0994106523635238,0.3012731622088669,0.5488835597910242,0.5085688483093429,50.85688483093429,21.548521040997002
40,3,Plain,86,0.5263795327838121,1.720315166737271,1.3116078555487807,1.2152721367422497,121.52721367422497,21.562669375009136
40,3,ResDyNet,87,0.0582230488678719,0.28515968419119214,0.534003449606079,0.49478166090960574,49.47816609096057,21.804770082992036
40,3,Plain,87,0.5305905192101412,1.7013619495850087,1.3043626603000442,1.2085590907096284,120.85590907096284,21.819506041007116
40,3,ResDyNet,88,0.06319696010645667,0.2881116278720554,0.5367603076532909,0.4973360316809887,49.733603168098874,22.059036165999714
40,3,Plain,88,0.5288662390938547,1.6794101668434551,1.295920586626918,1.200737075258994,120.07370752589941,22.07294758298667
40,3,ResDyNet,89,0.05718357560961743,0.20985285370884632,0.4580969915954986,0.4244504235441071,42.44504235441071,22.308445416012546
40,3,Plain,89,0.5341002218921707,1.6382621939947748,1.2799461683972395,1.1859359551733928,118.59359551733928,22.32236608301173
40,3,ResDyNet,90,0.06222182884078876,0.34787339330167266,0.5898079291614116,0.5464873813519577,54.64873813519577,22.557398166012717
40,3,Plain,90,0.5380192975439206,1.6257710682884023,1.2750572803950426,1.1814061489942147,118.14061489942146,22.57148679101374
40,3,ResDyNet,91,0.08291510596755328,0.24398518736046512,0.49394856752547134,0.45766875256041617,45.766875256041615,22.840306500002043
40,3,Plain,91,0.5470504778647146,1.62921477943918,1.276406980331579,1.1826567154031427,118.26567154031426,22.85556645799079
40,3,ResDyNet,92,0.15113343081295574,0.32387005579259887,0.5690958230321137,0.5272965497587355,52.72965497587355,23.09839191599167
40,3,Plain,92,0.5570019603608227,1.719839047816036,1.3114263409799407,1.2151039541585675,121.51039541585675,23.11241758300457
40,3,ResDyNet,93,0.11467829285130975,0.25499192621673866,0.504967252618166,0.46787813101148246,46.787813101148245,23.352658374991734
40,3,Plain,93,0.5720217864607995,1.7810804470958022,1.3345712596545012,1.2365489116993182,123.65489116993183,23.366663916007383
40,3,ResDyNet,94,0.07612657797641384,0.19709985868417143,0.44395929845445453,0.41135112371951565,41.135112371951564,23.606508083001245
40,3,Plain,94,0.5772187895682743,1.8058698926664938,1.34382658578646,1.245124447380237,124.5124447380237,23.620450415997766
40,3,ResDyNet,95,0.05874374376724568,0.18658875219795942,0.43195920200634624,0.4002324171717389,40.02324171717389,23.859618665999733
40,3,Plain,95,0.5619322544994727,1.7714440732141041,1.3309560748627671,1.2331992570536998,123.31992570536998,23.873472915991442
40,3,ResDyNet,96,0.03707535028685796,0.22479234079825586,0.4741227064782447,0.43929907261706364,43.92990726170636,24.113749457988888
40,3,Plain,96,0.5535636785038407,1.7655012613735426,1.3287216643727695,1.231128960814583,123.1128960814583,24.128041749994736
40,3,ResDyNet,97,0.046504975041980395,0.15323155681330736,0.3914480256857957,0.36269672874113046,36.26967287411305,24.367320582998218
40,3,Plain,97,0.5443252901608753,1.7410473218576616,1.319487522433487,1.2225730533777235,122.25730533777235,24.381338500010315
40,3,ResDyNet,98,0.04459731920144005,0.1456700584311538,0.38166747101522,0.3536345418056445,35.36345418056445,24.624030333012342
40,3,Plain,98,0.5417369385128397,1.7236291536679182,1.3128705776533796,1.2164421137164463,121.64421137164463,24.63815362501191
40,3,ResDyNet,99,0.04583136047254841,0.311716480652706,0.5583157535415834,0.517308260935545,51.730826093554505,24.877992458001245
40,3,Plain,99,0.5434710216469233,1.7072849947108693,1.3066311624597313,1.2106609746341142,121.06609746341141,24.891978750005364
40,3,ResDyNet,100,0.12657095749068062,0.2751175928691989,0.5245165325032176,0.4859915442829657,48.59915442829657,25.135362583008828
40,3,Plain,100,0.5468195607622709,1.7260931504708934,1.3138086430187972,1.217311279524056,121.73112795240559,25.1494199160079
40,4,ResDyNet,0,1.2417694175551413,2.608488297989224,1.6150815143481843,1.4964560898681107,149.64560898681108,0.01647366600809619
40,4,Plain,0,1.1412285013938102,2.7426523884553546,1.6560955251601142,1.534457680316751,153.4457680316751,0.033335458021610975
40,4,ResDyNet,1,1.1281283620658926,2.321026176461626,1.5234914428580246,1.4115931779746391,141.1593177974639,0.29405591601971537
40,4,Plain,1,1.1039639888894333,2.58707412460783,1.608438411816825,1.490300913704954,149.0300913704954,0.3111945830169134
40,4,ResDyNet,2,0.918144639367606,2.1878696274989147,1.4791448973981267,1.3705038227758335,137.05038227758334,0.556293583009392
40,4,Plain,2,0.9989656558624178,2.634687034190461,1.623171905310852,1.5039522531997704,150.39522531997704,0.5719895829970483
40,4,ResDyNet,3,0.8608494526723112,1.8491885446446172,1.359848721235056,1.2599697799233562,125.99697799233563,0.8164565000042785
40,4,Plain,3,0.9715491694476294,2.645400192018065,1.626468626201583,1.5070068346618837,150.70068346618837,0.8325451660202816
40,4,ResDyNet,4,0.7319966787270467,1.2568863613266232,1.121109433252001,1.0387655507750808,103.87655507750809,1.0869682080228813
40,4,Plain,4,0.9656062968943735,2.4659143807394526,1.570323017961417,1.4549850409481129,145.4985040948113,1.1088310830236878
40,4,ResDyNet,5,0.40098027096543754,0.8778497177154387,0.9369363466721946,0.8681197136741666,86.81197136741666,1.3496890410024207
40,4,Plain,5,0.9603355214489312,2.2715529642591368,1.507167198508227,1.3964679259965005,139.64679259965004,1.365176708000945
40,4,ResDyNet,6,0.46337852963035364,1.0529065134959934,1.026112329862571,0.9507458485965714,95.07458485965714,1.6083415409957524
40,4,Plain,6,0.9685246001457095,2.2396311295762037,1.4965397186764553,1.3866210193401367,138.66210193401366,1.6227088330197148
40,4,ResDyNet,7,0.43741683027645806,1.330856341793973,1.1536274709775132,1.0688951851945192,106.88951851945193,1.864019291009754
40,4,Plain,7,0.9637657929781237,2.2985779048847443,1.5161061654398562,1.404750338607337,140.4750338607337,1.8780191249970812
40,4,ResDyNet,8,0.4728532034892272,1.0981031630957332,1.0479041764854902,0.9709371152903149,97.0937115290315,2.1246055000228807
40,4,Plain,8,0.9491946568732801,2.4334002660712706,1.5599359814015672,1.445360917349656,144.5360917349656,2.1391126250091475
40,4,ResDyNet,9,0.3210131955428214,0.7999155879597522,0.894380001990067,0.8286890715695185,82.86890715695185,2.3772358749993145
40,4,Plain,9,0.9436998598111552,2.4491121754880525,1.564963953414919,1.450019592018534,145.0019592018534,2.3928492499981076
40,4,ResDyNet,10,0.39648086488881623,1.124395908262327,1.0603753619649634,0.9824923100546884,98.24923100546884,2.6286556250124704
40,4,Plain,10,0.9441720625162847,2.4219512293854524,1.5562619411222047,1.441956730067696,144.1956730067696,2.642971082997974
40,4,ResDyNet,11,0.31459285092333167,1.0762302837011788,1.0374151934983307,0.9612185330836499,96.12185330836499,2.8827397910063155
40,4,Plain,11,0.9446289318584453,2.413807423951426,1.5536432743559332,1.439530400625554,143.9530400625554,2.896974791015964
40,4,ResDyNet,12,0.26535255297323707,0.7431687768133065,0.8620723733036029,0.7987543919465097,79.87543919465097,3.149161666020518
40,4,Plain,12,0.9444681473718077,2.3397435276679066,1.529622021176443,1.4172734740943758,141.72734740943758,3.1658743750012945
40,4,ResDyNet,13,0.3161210634044502,0.814777783489772,0.9026504215308228,0.8363520406380012,83.63520406380012,3.4354486660158727
40,4,Plain,13,0.9410507883303976,2.3085709058147943,1.5193982051505768,1.4078005827154083,140.78005827154084,3.449362250015838
40,4,ResDyNet,14,0.28111956299253293,0.9069028087446481,0.9523144484594613,0.882368315906144,88.2368315906144,3.694767375010997
40,4,Plain,14,0.93870265309558,2.2190718307419157,1.4896549368031229,1.3802419148365972,138.0241914836597,3.70897762500681
40,4,ResDyNet,15,0.26350559436728016,0.8163539654043691,0.9035230851529855,0.8371606083667444,83.71606083667444,3.9488482080050744
40,4,Plain,15,0.9426668637186801,2.221904284091851,1.4906053414944718,1.381122513664318,138.1122513664318,3.962933666014578
40,4,ResDyNet,16,0.2511530089179149,0.9906882381968989,0.9953332297260545,0.9222274292903241,92.2227429290324,4.19776108302176
40,4,Plain,16,0.9332282660585147,2.3697119162273017,1.5393868637309147,1.4263211029461864,142.63211029461866,4.211890500009758
40,4,ResDyNet,17,0.26619924068555806,1.0057208915676659,1.0028563663694148,0.9291980023201379,92.9198002320138,4.4505642500007525
40,4,Plain,17,0.9141818957938929,2.1467418201587662,1.4651763785151486,1.3575612716023056,135.75612716023056,4.464506666001398
40,4,ResDyNet,18,0.24598571661797428,0.7186055365515233,0.8477060437153455,0.7854432486943522,78.54432486943523,4.700707915995736
40,4,Plain,18,0.6323965122199822,1.6578786131422554,1.2875863517225767,1.1930149779739998,119.30149779739997,4.716247291013133
40,4,ResDyNet,19,0.2076662808837997,0.603341174081371,0.7767503936795725,0.7196991895473215,71.96991895473215,4.959093125013169
40,4,Plain,19,0.5469903429952168,1.6685440162779694,1.2917213384774477,1.1968462558729038,119.68462558729038,4.974308583012316
40,4,ResDyNet,20,0.1620264357833245,0.6813163236740318,0.825418877706363,0.7647930431141691,76.47930431141691,5.210067083011381
40,4,Plain,20,0.6177075546247842,1.7026753023347636,1.3048660093414817,1.209025469484753,120.9025469484753,5.2242182080226485
40,4,ResDyNet,21,0.16756824935535186,0.6963054957450939,0.834449216995914,0.7731601169140805,77.31601169140805,5.457679083017865
40,4,Plain,21,0.5940443045493072,1.6126022719668947,1.26988277882917,1.1766117071586228,117.66117071586228,5.4717706660158
40,4,ResDyNet,22,0.12956454227288344,0.48823037090476207,0.6987348359032646,0.6474137627737198,64.74137627737197,5.7415156660135835
40,4,Plain,22,0.5380842728199489,1.5518382551141476,1.2457280020590962,1.1542310641533873,115.42310641533872,5.757463791000191
40,4,ResDyNet,23,0.11186769903841103,0.49131123505048535,0.700935970720925,0.6494532273909827,64.94532273909826,6.003234333009459
40,4,Plain,23,0.5528618349280392,1.6128420692961336,1.2699771924314758,1.1766991862170366,117.66991862170366,6.017242500005523
40,4,ResDyNet,24,0.1714814998926889,0.5012601478669128,0.7079972795618023,0.6559958932090822,65.59958932090822,6.253334666020237
40,4,Plain,24,0.5222385468144952,1.7587724183615059,1.32618717320049,1.2287806243895911,122.87806243895912,6.267757583002094
40,4,ResDyNet,25,0.11876310700665406,0.5522826719150453,0.7431572322968036,0.6885733977637067,68.85733977637068,6.50083450000966
40,4,Plain,25,0.5624361802930051,1.8273478195510227,1.3517942963154648,1.2525069409804115,125.25069409804115,6.514781750011025
40,4,ResDyNet,26,0.15710430248036422,0.5248187590669128,0.7244437583877114,0.6712344017160979,67.1234401716098,6.749144875007914
40,4,Plain,26,0.5728174851003762,1.823067616776976,1.3502102120695785,1.2510392054540238,125.10392054540237,6.76347600002191
40,4,ResDyNet,27,0.10652726920795576,0.39315918878857753,0.6270240735319319,0.5809700532108778,58.09700532108778,7.019514250016073
40,4,Plain,27,0.5818225784325286,1.7825139631870148,1.3351082215262606,1.2370464344905105,123.70464344905105,7.036564875015756
40,4,ResDyNet,28,0.15628557238903984,0.34943297714510646,0.5911285622815958,0.5477110158605719,54.77110158605719,7.287479291000636
40,4,Plain,28,0.6049398527917785,1.7635050992617205,1.3279702930644648,1.2304327766529317,123.04327766529318,7.305126624996774
40,4,ResDyNet,29,0.09602055860196221,0.40481093070657165,0.6362475388609151,0.5895160682191758,58.95160682191758,7.544284625008004
40,4,Plain,29,0.5857374581424909,1.8119699647036764,1.3460943372229437,1.2472256357210638,124.72256357210638,7.558457916020416
40,4,ResDyNet,30,0.09811438950602291,0.4006443034355505,0.6329646936722068,0.5864743433086411,58.647434330864115,7.796297958004288
40,4,Plain,30,0.5936922971372925,1.7456356020666526,1.3212250383892414,1.224182951274599,122.4182951274599,7.810451958008343
40,4,ResDyNet,31,0.08790031737494121,0.31449624959991057,0.5607996519256325,0.5196097205401545,51.96097205401545,8.044163750018924
40,4,Plain,31,0.5537604492804963,1.6303942047159758,1.2768689066290149,1.1830847138754967,118.30847138754967,8.059482416021638
40,4,ResDyNet,32,0.09392850112772969,0.3614163393446155,0.6011791241756616,0.557023378375625,55.702337837562496,8.306750000017928
40,4,Plain,32,0.5259905079703501,1.6002810084415247,1.265022137530219,1.1721080730027857,117.21080730027857,8.324257041007513
40,4,ResDyNet,33,0.09285687200626651,0.3573369382921108,0.5977766625522535,0.5538708226862321,55.38708226862321,8.565038666012697
40,4,Plain,33,0.503798355651017,1.6124124360631955,1.2698080311855,1.176542449622344,117.6542449622344,8.57919645801303
40,4,ResDyNet,34,0.19226875774136834,0.4272644630956951,0.6536546971419199,0.6056446956509749,60.56446956509749,8.814091125008417
40,4,Plain,34,0.49654753002923413,1.5963391199780832,1.2634631454767817,1.1706635866832429,117.06635866832428,8.82827729100245
40,4,ResDyNet,35,0.10054834186863025,0.4148813852772131,0.6441128668775474,0.5968036991559028,59.68036991559028,9.062716125015868
40,4,Plain,35,0.4975423498519779,1.560609384195474,1.2492435247762839,1.1574883767611217,115.74883767611217,9.076851833000546
40,4,ResDyNet,36,0.08070930227930533,0.2917653897575144,0.5401531169562149,0.5004796439990152,50.047964399901524,9.3209831250133
40,4,Plain,36,0.5046917267724133,1.5775312196095723,1.2559980969768914,1.1637468353059417,116.37468353059417,9.3362248330086
40,4,ResDyNet,37,0.07872270439182029,0.23887791648909767,0.4887513851531243,0.45285329579110706,45.28532957911071,9.571207500004675
40,4,Plain,37,0.512470331868936,1.5809044478303758,1.2573402275559211,1.1649903883158328,116.49903883158328,9.586677166022127
40,4,ResDyNet,38,0.07910897481397702,0.349490768906472,0.5911774428261553,0.547756306199129,54.775630619912896,9.822366458014585
40,4,Plain,38,0.5079648951037827,1.643329324185455,1.2819240711467488,1.1877685837982486,118.77685837982486,9.836508750013309
40,4,ResDyNet,39,0.07595925285539211,0.28148743525188974,0.5305538947664881,0.49158547093332255,49.15854709333225,10.069461458013393
40,4,Plain,39,0.5194998304909335,1.6573791708208427,1.2873923919383876,1.1928352642582147,119.28352642582148,10.083436707995133
40,4,ResDyNet,40,0.0954618828341221,0.4045919934054568,0.6360754620369008,0.5893566301914764,58.93566301914765,10.34856091599795
40,4,Plain,40,0.5261340283886733,1.6735731251314105,1.2936665432527081,1.198648588142897,119.8648588142897,10.362690750014735
40,4,ResDyNet,41,0.17173555110375432,0.20511512105405755,0.4528963690007434,0.41963177923179945,41.96317792317995,10.605729583010543
40,4,Plain,41,0.5317006107256098,1.6806627532718916,1.2964037770972021,1.2011847760811505,120.11847760811504,10.621438666014
40,4,ResDyNet,42,0.09153672843736735,0.21133245270703618,0.45970909574103075,0.4259441209486352,42.59441209486352,10.857922082999721
40,4,Plain,42,0.5378650178024095,1.6662191519261695,1.2908211153859275,1.196012152878363,119.6012152878363,10.872040707996348
40,4,ResDyNet,43,0.08056667312502253,0.22642494282645784,0.4758413000428376,0.44089143794531216,44.08914379453122,11.106796583015239
40,4,Plain,43,0.5399979252855798,1.6852841781832173,1.2981849553061449,1.2028351293012407,120.28351293012408,11.1211268750194
40,4,ResDyNet,44,0.05372062000260654,0.23761475415250494,0.4874574382984682,0.451654387480032,45.1654387480032,11.356020958017325
40,4,Plain,44,0.5240236373960763,1.6896723130560853,1.2998739604500449,1.2044000794359264,120.44000794359265,11.370062500005588
40,4,ResDyNet,45,0.06622906171491132,0.14092050353106336,0.37539379793899547,0.34782166103315504,34.782166103315504,11.604219333006768
40,4,Plain,45,0.4685766959949123,1.6429443852086951,1.2817739212547177,1.187629462200777,118.76294622007771,11.619969000021229
40,4,ResDyNet,46,0.05527721733235207,0.250093183857284,0.5000931751756706,0.46336204757760413,46.33620475776041,11.861515791009879
40,4,Plain,46,0.46120684195415085,1.621727914219139,1.2734708140429207,1.1799362063238834,117.99362063238834,11.875599708000664
40,4,ResDyNet,47,0.0513908655548274,0.13385689105311652,0.3658645802111985,0.33899235070190775,33.89923507019078,12.126211833005073
40,4,Plain,47,0.46024956841221587,1.6280106103765635,1.275935190507952,1.1822195778664721,118.22195778664721,12.14165029101423
40,4,ResDyNet,48,0.05580217251538937,0.12298909393325087,0.35069800959408204,0.32493974297853945,32.493974297853946,12.392456291010603
40,4,Plain,48,0.44417423937857453,1.6496737089584759,1.2843962429711775,1.1900591781422498,119.00591781422499,12.407807625015266
40,4,ResDyNet,49,0.04895135759228579,0.2914140566209028,0.5398278027490829,0.5001782236545569,50.017822365455686,12.646454833011376
40,4,Plain,49,0.4420982735132428,1.6746545940802242,1.2940844617258274,1.1990358111026123,119.90358111026123,12.66057050001109
40,4,ResDyNet,50,0.06956949062960449,0.18076061459087503,0.42515951664154833,0.39393215896003775,39.393215896003774,12.893596291018184
40,4,Plain,50,0.4363585314416324,1.6458267712024548,1.2828978023219366,1.1886707958129732,118.86707958129732,12.907649541011779
40,4,ResDyNet,51,0.058533224772309225,0.176121923300973,0.4196688257435534,0.3888447514459941,38.88447514459941,13.14077675002045
40,4,Plain,51,0.4294724334908767,1.6744382415093362,1.2940008661161462,1.198958355470756,119.89583554707559,13.155003457999555
40,4,ResDyNet,52,0.0580301989890495,0.13824741958178563,0.3718163788508861,0.3445069982543093,34.45069982543093,13.394333750009537
40,4,Plain,52,0.42928533510018574,1.6775228744245614,1.2951922152424178,1.2000622017096794,120.00622017096794,13.408410291012842
40,4,ResDyNet,53,0.05351967185403207,0.13434106242956584,0.3665256640803831,0.33960487890755325,33.960487890755324,13.647317082999507
40,4,Plain,53,0.42785245466522326,1.6415592536064407,1.2812334891058854,1.1871287240193937,118.71287240193938,13.661530166020384
40,4,ResDyNet,54,0.038585220044909156,0.17283708032408618,0.4157367921222347,0.3852015200636058,38.52015200636058,13.895171875017695
40,4,Plain,54,0.4217886764688535,1.4628184911046167,1.20947033494196,1.1206364707661014,112.06364707661014,13.909295707999263
40,4,ResDyNet,55,0.03901895959741053,0.13133162195897238,0.3623970501521396,0.33577950576028653,33.577950576028655,14.144695875002071
40,4,Plain,55,0.3959649977927487,1.4902314583111589,1.2207503669101063,1.1310880005388584,113.10880005388584,14.159002625005087
40,4,ResDyNet,56,0.03748216564214462,0.14228783643945433,0.37721059958523745,0.3495050212000866,34.95050212000866,14.393330749997403
40,4,Plain,56,0.3973354842086412,1.5032944458753106,1.22608908561952,1.1360345980039523,113.60345980039523,14.40749062501709
40,4,ResDyNet,57,0.13619545035531336,0.306380390804581,0.5535163871147638,0.512861401100225,51.2861401100225,14.640997250011424
40,4,Plain,57,0.40527279818250694,1.5549427317874793,1.2469734286613645,1.1553850159551329,115.53850159551328,14.655190165998647
40,4,ResDyNet,58,0.08666207085351356,0.20191221013264343,0.44934642552561094,0.4163425740215017,41.63425740215017,14.889609583013225
40,4,Plain,58,0.42261207951744384,1.65244100306652,1.285473065865839,1.191056909937277,119.10569099372769,14.905561749998014
40,4,ResDyNet,59,0.04961132316627918,0.33452349680147403,0.5783800625898805,0.5358988752157399,53.589887521573985,15.143753750016913
40,4,Plain,59,0.43342105336837067,1.8009206232430541,1.341983838666865,1.2434170473978172,124.34170473978172,15.158078708016546
40,4,ResDyNet,60,0.12696565691195927,0.17812883979297733,0.4220531243729601,0.3910539267553158,39.10539267553158,15.422076666000066
40,4,Plain,60,0.44196422094417626,1.8028767883024797,1.3427124741740055,1.2440921656703425,124.40921656703425,15.438480666023679
40,4,ResDyNet,61,0.08580028149461984,0.19314487367454442,0.4394825066763686,0.4072031458868972,40.72031458868972,15.694242708006641
40,4,Plain,61,0.44458157923491887,1.7545642324158701,1.3245996498625048,1.2273097023674946,122.73097023674946,15.708666582999285
40,4,ResDyNet,62,0.06540887887580626,0.22940261372332985,0.4789599291416035,0.44378100820255806,44.3781008202558,15.959438000019873
40,4,Plain,62,0.4381057359714655,1.691154665349058,1.3004440262268337,1.2049282746977275,120.49282746977275,15.974430041009327
40,4,ResDyNet,63,0.054806995490703996,0.15975327938900152,0.3996914802557111,0.3703347133772679,37.033471337726795,16.225595750001958
40,4,Plain,63,0.4353276453274844,1.5611363492182004,1.2494544206245382,1.1576837826113184,115.76837826113184,16.241512541018892
40,4,ResDyNet,64,0.04303057794348283,0.17108468667316473,0.4136238468381202,0.38324376758493456,38.32437675849346,16.48263254101039
40,4,Plain,64,0.4213923981029628,1.532362122584596,1.23788615089781,1.1469651857305996,114.69651857305996,16.49677787499968
40,4,ResDyNet,65,0.1247525278002609,0.2214066102790855,0.4705386384550004,0.43597824925784756,43.59782492578476,16.731775708001805
40,4,Plain,65,0.4263544166155839,1.545632227946242,1.243234582830707,1.151920782996821,115.1920782996821,16.74590479102335
40,4,ResDyNet,66,0.06638027302048095,0.1873934423568397,0.43288964223787996,0.4010945179006293,40.10945179006293,16.98122879100265
40,4,Plain,66,0.39809809292521336,1.5204006277290707,1.2330452658881064,1.142479856792855,114.24798567928549,16.996006041008513
40,4,ResDyNet,67,0.06604363691891117,0.2673177965923093,0.5170278489523648,0.4790528938153504,47.905289381535034,17.27730841599987
40,4,Plain,67,0.4222404617613776,1.5949571800668625,1.2629161413438592,1.17015675922059,117.01567592205899,17.292582833004417
40,4,ResDyNet,68,0.08048145365644306,0.14816922348967396,0.38492755615787494,0.35665517836291666,35.66551783629166,17.547855125012575
40,4,Plain,68,0.3828399669063129,1.5025432306105575,1.2257827012201459,1.135750717099979,113.5750717099979,17.561980750004295
40,4,ResDyNet,69,0.05380524480991679,0.30122074078356387,0.5488358049394773,0.5085246009832586,50.85246009832586,17.800362958019832
40,4,Plain,69,0.38480570834359307,1.430376254202149,1.1959833837483482,1.1081401168247467,110.81401168247467,17.814367790997494
40,4,ResDyNet,70,0.08503113828123615,0.1919540646628187,0.4381256265762352,0.40594592668710655,40.59459266871065,18.049216625018744
40,4,Plain,70,0.42351985354559973,1.5646052473339807,1.2508418154722765,1.1589692752941985,115.89692752941984,18.063297250017058
40,4,ResDyNet,71,0.04290666596472668,0.19584609351301918,0.4425450186286353,0.4100407207216961,41.00407207216961,18.297524499997962
40,4,Plain,71,0.345252849699008,1.6398834003815124,1.2805793221747384,1.1865226047125919,118.65226047125918,18.31165029099793
40,4,ResDyNet,72,0.03507344440574315,0.1279890706341723,0.3577556018208133,0.3314789651624799,33.14789651624799,18.54541537500336
40,4,Plain,72,0.3406554419958546,1.6612505348144246,1.2888950829351566,1.1942275847530799,119.42275847530799,18.559538666013395
40,4,ResDyNet,73,0.03299210077870179,0.11473942149757484,0.3387320792271893,0.31385269306223773,31.385269306223773,18.794945541012567
40,4,Plain,73,0.35358628581805684,1.6155191017814523,1.2710307241689527,1.1776753375570221,117.76753375570222,18.810558666009456
40,4,ResDyNet,74,0.03410460798424126,0.1442761817972615,0.37983704637286436,0.35193855923215617,35.193855923215615,19.048778291005874
40,4,Plain,74,0.34302977110657745,1.436748289665016,1.1986443549548031,1.1106056435065192,111.06056435065193,19.062833166011842
40,4,ResDyNet,75,0.03253912083074427,0.12935126603446354,0.3596543702424086,0.33323827176248905,33.323827176248905,19.298581833019853
40,4,Plain,75,0.3872703025036268,1.4844279877431683,1.2183710386180264,1.1288834305027042,112.88834305027042,19.31274991601822
40,4,ResDyNet,76,0.03249604805680832,0.1645110592089581,0.405599629202195,0.37580891724392657,37.58089172439266,19.547255166020477
40,4,Plain,76,0.34817509728876234,1.5958682904298753,1.2632768067331386,1.1704909342534888,117.04909342534889,19.561318583000684
40,4,ResDyNet,77,0.038258854535921684,0.21463404100347303,0.4632861329712697,0.42925842991652424,42.925842991652424,19.806591708009364
40,4,Plain,77,0.3490713275567134,1.6347330371690398,1.2785667902651936,1.1846578903899172,118.46578903899172,19.82059670801391
40,4,ResDyNet,78,0.09924219765592433,0.19195689639795338,0.4381288582117747,0.40594892096364327,40.594892096364326,20.054674957995303
40,4,Plain,78,0.3244288878408731,1.4421237834733132,1.2008845837437139,1.1126813306988255,111.26813306988255,20.068682333017932
40,4,ResDyNet,79,0.09662751261498757,0.30931472689284883,0.5561607023989099,0.5153114952133316,51.53114952133316,20.3017822910042
40,4,Plain,79,0.35971884732467707,1.512720398270582,1.2299269889999902,1.139590612876891,113.9590612876891,20.31571054100641
40,4,ResDyNet,80,0.07210341990869241,0.17698312299299687,0.42069362128869614,0.38979427722582294,38.979427722582294,20.54884783300804
40,4,Plain,80,0.33461484673505065,1.6479007177339058,1.2837058532755492,1.1894194965811478,118.94194965811478,20.562896415998694
40,4,ResDyNet,81,0.03311616105388613,0.21137127412527443,0.459751317698247,0.4259832417635545,42.59832417635545,20.797117458016146
40,4,Plain,81,0.39619698282291355,1.6713393684481086,1.2928029116799313,1.1978483890724458,119.78483890724459,20.81109670799924
40,4,ResDyNet,82,0.036663772952300354,0.11343980955825349,0.33680826824508553,0.31207018324192926,31.207018324192926,21.044077750004362
40,4,Plain,82,0.4226517141068485,1.8120109773970028,1.346109571096277,1.2472397506882151,124.72397506882152,21.059263666014886
40,4,ResDyNet,83,0.04591290172149239,0.28027057656100973,0.5294058712944254,0.49052176814134735,49.05217681413473,21.293875625007786
40,4,Plain,83,0.39103556274438694,1.8651418610846424,1.3657019664204348,1.2653931126315423,126.53931126315423,21.307924624998122
40,4,ResDyNet,84,0.05094442058025325,0.15210990664645913,0.39001270062199145,0.36136682624791977,36.13668262479198,21.54167483301717
40,4,Plain,84,0.43210258480162916,1.834555292869013,1.3544575640709504,1.2549745955329772,125.49745955329772,21.555755708017386
40,4,ResDyNet,85,0.055087122695605686,0.16504765617024403,0.4062605766872341,0.3764213190826467,37.64213190826467,21.790009083022596
40,4,Plain,85,0.4394878902397678,1.7630094024495786,1.3277836429364456,1.2302598357095382,123.02598357095383,21.80408520801575
40,4,ResDyNet,86,0.03912205016683531,0.17880448882389263,0.42285279805612336,0.3917948655515597,39.17948655515597,22.036422000004677
40,4,Plain,86,0.42485216807694237,1.6696440299098878,1.2921470620288884,1.1972407106391147,119.72407106391148,22.05344195800717
40,4,ResDyNet,87,0.03183313280053077,0.16111274997461356,0.40138852745764114,0.37190711489233746,37.19071148923375,22.30204199999571
40,4,Plain,87,0.41845154187626393,1.621765772583224,1.273485678201064,1.179949978730896,117.9949978730896,22.316008166002575
40,4,ResDyNet,88,0.0509423331932219,0.15872385126041869,0.39840162055445844,0.36913959202403146,36.91395920240315,22.555558457999723
40,4,Plain,88,0.40897665110265385,1.6716703995825326,1.2929309338021628,1.1979670081531233,119.79670081531233,22.56963604100747
40,4,ResDyNet,89,0.03390949886682927,0.11443671070344595,0.33828495488780747,0.31343840936531475,31.343840936531475,22.806722500012256
40,4,Plain,89,0.40323963506499955,1.6906129583977325,1.3002357318570092,1.2047352792510952,120.47352792510952,22.82088670801022
40,4,ResDyNet,90,0.04181319359727633,0.163967122755145,0.4049285403069843,0.37518711886708966,37.518711886708964,23.05615712501458
40,4,Plain,90,0.40281855058919847,1.6697381132839406,1.2921834673466228,1.197274442038393,119.7274442038393,23.070286875008605
40,4,ResDyNet,91,0.036240291536239706,0.1372043724443043,0.37041108574704446,0.34320492191660684,34.32049219166068,23.306106458010618
40,4,Plain,91,0.3999651020200272,1.7170868341807033,1.3103766001347488,1.2141313152752573,121.41313152752574,23.320234416023595
40,4,ResDyNet,92,0.03635962291715926,0.15053257636939435,0.3879852785472592,0.3594883154213684,35.94883154213684,23.587359166005626
40,4,Plain,92,0.4037841783765396,1.788715702596798,1.3374287654289472,1.2391965377664946,123.91965377664947,23.601609833014663
40,4,ResDyNet,93,0.08531372334894939,0.11957053050089236,0.3457897200624859,0.32039196028451405,32.03919602845141,23.837984250014415
40,4,Plain,93,0.39083682406586284,1.7512742501881011,1.323357189192737,1.2261584986547545,122.61584986547544,23.852138290996663
40,4,ResDyNet,94,0.036730128229644575,0.2057607659753775,0.4536086043886045,0.42029170195032206,42.02917019503221,24.085824541019974
40,4,Plain,94,0.3996110119231542,1.7698314640100843,1.3303501283534662,1.2326378164478096,123.26378164478096,24.09974787500687
40,4,ResDyNet,95,0.052059257859185144,0.16350202220231014,0.4043538329264484,0.37465462292069024,37.46546229206903,24.333871375012677
40,4,Plain,95,0.4092456002434777,1.7757649542896383,1.3325783107531197,1.2347023420408996,123.47023420408996,24.34783574999892
40,4,ResDyNet,96,0.02805251413976371,0.10886110288082254,0.3299410597073704,0.3057073613376705,30.570736133767053,24.580942583008436
40,4,Plain,96,0.36417188839867526,1.7209097271978122,1.3118344892545752,1.2154821245268863,121.54821245268863,24.59646516601788
40,4,ResDyNet,97,0.04251054864295248,0.17691646300775127,0.4206143875424987,0.38972086308482334,38.97208630848233,24.830129791022046
40,4,Plain,97,0.42364552908729775,1.7874750554689751,1.3369648669538685,1.2387667119701218,123.87667119701217,24.844177666003816
40,4,ResDyNet,98,0.03648075277335241,0.17875036446341758,0.42278879415544773,0.391735562645737,39.1735562645737,25.07639033300802
40,4,Plain,98,0.4029075915958946,1.8896666709730652,1.374651472546065,1.2736852903476723,127.36852903476723,25.090443166001933
40,4,ResDyNet,99,0.052729060522946916,0.14663098312777492,0.3829242524674755,0.35479901445990564,35.47990144599056,25.32341845802148
40,4,Plain,99,0.38110441800164313,1.7593064037562498,1.3263884814624447,1.2289671468479728,122.89671468479727,25.337442666001152
40,4,ResDyNet,100,0.030736242738205195,0.14413538707741766,0.3796516654479704,0.35176679427073565,35.176679427073566,25.569000415998744
40,4,Plain,100,0.4213323507708423,1.6794987551414924,1.295954765854693,1.200768744071433,120.0768744071433,25.58286725002108
80,0,ResDyNet,0,1.3469751039704212,2.534512698915306,1.5920152948119894,1.4834026131442473,148.34026131442474,0.028705167002044618
80,0,Plain,0,1.0699890180487017,2.679177939158898,1.6368194583273066,1.525150084701179,152.5150084701179,0.05701170800602995
80,0,ResDyNet,1,1.2475773319752144,2.407507690563354,1.551614543165716,1.4457581377674253,144.57581377674254,0.47975770800258033
80,0,Plain,1,1.045693354634596,2.5073980729214043,1.58347657795163,1.475446436501452,147.5446436501452,0.5056664580188226
80,0,ResDyNet,2,1.0315077046495507,2.465382201886921,1.5701535599701453,1.4630323599827737,146.30323599827736,0.9459912920137867
80,0,Plain,2,0.9949429931161317,2.4791696334527407,1.5745379110878026,1.4671175958005884,146.71175958005884,0.9715132920246106
80,0,ResDyNet,3,0.9565726472861094,2.6281621637422465,1.621160745805994,1.5105596626441264,151.05596626441263,1.39536412502639
80,0,Plain,3,0.9846589134554531,2.5958449309548493,1.611162602270438,1.5012436263625866,150.12436263625867,1.4202408750134055
80,0,ResDyNet,4,0.9604488984135209,2.5378157433282484,1.5930523354015236,1.4843689033083336,148.43689033083336,1.8269846250186674
80,0,Plain,4,0.9908258039187502,2.6860552782791878,1.6389189358474041,1.5271063287458808,152.71063287458807,1.852327458007494
80,0,ResDyNet,5,0.8663107232868588,1.9119759937218603,1.3827422007452657,1.2884068391645624,128.84068391645624,2.2682667920016684
80,0,Plain,5,0.9890688649299006,2.6355986463877095,1.6234526929934576,1.5126952454228546,151.26952454228547,2.295067917002598
80,0,ResDyNet,6,0.5403259805334073,1.0656263821888543,1.032291810579186,0.9618653629338478,96.18653629338479,2.7004346670000814
80,0,Plain,6,0.9826123508503755,2.535560673377777,1.592344395342219,1.4837092613203802,148.37092613203802,2.7271407920052297
80,0,ResDyNet,7,0.8020344274595294,1.1087852710967683,1.0529887326542333,0.9811502708051593,98.11502708051593,3.1505704170267563
80,0,Plain,7,0.9769362306019898,2.5070826474478154,1.5833769757855567,1.4753536295328824,147.53536295328823,3.175652917008847
80,0,ResDyNet,8,0.4927286035589556,1.876083095444961,1.3697018272036294,1.2762561241236465,127.62561241236466,3.590324667020468
80,0,Plain,8,0.976294233357216,2.4898639844618145,1.5779302850448795,1.470278530503345,147.0278530503345,3.615210833027959
80,0,ResDyNet,9,0.6415895222503656,1.767015307793404,1.329291280266821,1.2386025217242242,123.86025217242242,4.02080208301777
80,0,Plain,9,0.9776956449305395,2.517794145509957,1.5867558556721815,1.4785019907764292,147.8501990776429,4.045865625026636
80,0,ResDyNet,10,0.45857883450187353,1.0246366575178325,1.0122433785991551,0.9431847029643501,94.31847029643501,4.452045917016221
80,0,Plain,10,0.9775344037661501,2.5272015829204624,1.589717453801292,1.4812615386388914,148.12615386388913,4.478313917003106
80,0,ResDyNet,11,0.4870153499605657,1.1108616787899759,1.0539742306100164,0.9820685347487412,98.20685347487412,4.885154625022551
80,0,Plain,11,0.9764918569298843,2.5228831833424286,1.588358644432179,1.4799954318524329,147.99954318524328,4.910268542007543
80,0,ResDyNet,12,0.3211953506303869,1.2154371586665182,1.1024686656166325,1.0272545149627466,102.72545149627466,5.3183845420135185
80,0,Plain,12,0.975585455019382,2.513384726932113,1.5853658022463184,1.4772067715087154,147.72067715087155,5.343677708005998
80,0,ResDyNet,13,0.2772847309092838,0.8524843809930003,0.9233008074257275,0.8603100955856489,86.03100955856489,5.764976292004576
80,0,Plain,13,0.9754835333921258,2.5094743585535024,1.5841320521198674,1.4760571919993297,147.60571919993296,5.793789208022645
80,0,ResDyNet,14,0.23023318598934128,0.9461653111954543,0.972710291502796,0.906348697119743,90.6348697119743,6.24228166701505
80,0,Plain,14,0.9756001942038612,2.5263173164102337,1.589439308816236,1.4810023696478587,148.10023696478586,6.267208250006661
80,0,ResDyNet,15,0.2100704704771416,0.6923935075783464,0.8321018612996527,0.7753330508045575,77.53330508045575,6.673473583010491
80,0,Plain,15,0.9745357133457359,2.5742344401697594,1.6044420962346255,1.494981616036641,149.4981616036641,6.700224458007142
80,0,ResDyNet,16,0.17189367379476211,0.6746575338187755,0.8213753915346962,0.7653383771786183,76.53383771786183,7.113434417027747
80,0,Plain,16,0.9736529626710712,2.577292288348005,1.6053947453346187,1.49586927218476,149.586927218476,7.13990904201637
80,0,ResDyNet,17,0.13576107618260702,0.4369264876917822,0.6610041510397512,0.6159082065020983,61.590820650209835,7.544347125018248
80,0,Plain,17,0.9706605739358208,2.4992295826715853,1.5808951839611585,1.4730411539620827,147.30411539620826,7.570664458005922
80,0,ResDyNet,18,0.14021983509991884,0.5110615117803942,0.7148856634318485,0.6661137394156752,66.61137394156752,7.976598750014091
80,0,Plain,18,0.9674268074751693,2.4474076306093564,1.5644192630523814,1.4576892762447746,145.76892762447747,8.00152283301577
80,0,ResDyNet,19,0.14375814912051488,0.29403031726800327,0.5422456244802749,0.5052517893146665,50.525178931466655,8.41663525000331
80,0,Plain,19,0.9526702079554852,2.3617139322557064,1.536786885763835,1.431942073431589,143.1942073431589,8.442715625016717
80,0,ResDyNet,20,0.10328236601221281,0.24928796217138754,0.49928745445022704,0.4652243713079862,46.52243713079862,8.852044792001834
80,0,Plain,20,0.840629293174014,1.847805454340686,1.3593400804584135,1.266601290876327,126.66012908763268,8.878641250019427
80,0,ResDyNet,21,0.09511565954350641,0.35134890045703887,0.5927469109637257,0.5523077067928615,55.230770679286145,9.286003917019116
80,0,Plain,21,0.6675679763459658,1.5014427821462912,1.225333743168077,1.1417373203088519,114.17373203088519,9.311746333027259
80,0,ResDyNet,22,0.12098322978520103,0.32431587416235863,0.5694873784047884,0.5306350184142514,53.06350184142514,9.724586542026373
80,0,Plain,22,0.6700513461893949,1.6709627806739031,1.2926572556845466,1.2044677945187583,120.44677945187583,9.749515208008233
80,0,ResDyNet,23,0.18082003464007984,0.3881459070591859,0.6230135689206021,0.5805094707147815,58.050947071478156,10.150058083003387
80,0,Plain,23,0.7946144881687575,1.8267450353779944,1.3515713208624969,1.2593625424025987,125.93625424025987,10.174546583002666
80,0,ResDyNet,24,0.1880370288490467,0.35429176817619124,0.5952241327232888,0.5546159240841455,55.46159240841455,10.571099250024417
80,0,Plain,24,0.6627066630386773,1.7521148759542415,1.3236747621505223,1.2333691815184862,123.33691815184862,10.59514637500979
80,0,ResDyNet,25,0.13111078027226974,0.24493016063982126,0.4949041933948643,0.4611401511847202,46.11401511847202,11.007278375007445
80,0,Plain,25,0.6045248184045148,1.5852104670060678,1.2590514155530217,1.1731546587527486,117.31546587527487,11.033635667001363
80,0,ResDyNet,26,0.11138467158232396,0.42554043234069155,0.652334601520333,0.6078301230478766,60.78301230478766,11.446821458026534
80,0,Plain,26,0.6036114452426333,1.547405257904821,1.2439474498164387,1.1590811367737186,115.90811367737186,11.471891542023513
80,0,ResDyNet,27,0.1371115654056665,0.2204842883056093,0.46955754525468896,0.43752273732688146,43.752273732688145,11.877736500027822
80,0,Plain,27,0.5929791970965749,1.646140436841659,1.2830200453779586,1.1954880673774424,119.54880673774424,11.903661958000157
80,0,ResDyNet,28,0.1372375464384913,0.22555855932159907,0.4749300572943337,0.44252871837789837,44.25287183778984,12.311944583023433
80,0,Plain,28,0.5856718689245263,1.7397410782885012,1.318992448154462,1.229006310860175,122.9006310860175,12.33707575002336
80,0,ResDyNet,29,0.09905736069592433,0.3702555853934658,0.6084863066606067,0.5669733075456619,56.69733075456619,12.739944667002419
80,0,Plain,29,0.6012772312621935,1.7129091273150483,1.3087815430067191,1.2194920282850703,121.94920282850703,12.764846542006126
80,0,ResDyNet,30,0.09320640398266138,0.2558077993835031,0.5057744550523515,0.47126880673270755,47.126880673270755,13.163481625000713
80,0,Plain,30,0.6033291179194066,1.682195616211676,1.2969948404722649,1.2085094545642392,120.85094545642391,13.188675458019134
80,0,ResDyNet,31,0.14160416720936056,0.33298974579636753,0.577052636937366,0.5376841493572193,53.76841493572193,13.590166167006828
80,0,Plain,31,0.6065924251390397,1.7252083487513508,1.313471868275583,1.2238623636599895,122.38623636599894,13.615076583024347
80,0,ResDyNet,32,0.09632619262423717,0.31287960466918974,0.5593564200661236,0.5211952284058233,52.119522840582334,14.013140625000233
80,0,Plain,32,0.6200343209182192,1.7680248592176224,1.329670959003626,1.2389562974901778,123.89562974901777,14.037879958021222
80,0,ResDyNet,33,0.10827905420079117,0.2699693634306045,0.5195857613817035,0.48413785891245814,48.413785891245816,14.444666333001805
80,0,Plain,33,0.6184357738684466,1.8191201462241233,1.3487476213970215,1.2567314852893474,125.67314852893475,14.469541125028627
80,0,ResDyNet,34,0.10405159180796769,0.42921722335852447,0.6551467189557805,0.6104503882964615,61.045038829646145,14.871068375010509
80,0,Plain,34,0.6220767747598067,1.8836307033253419,1.3724542627444245,1.2788207791788033,127.88207791788034,14.895638750022044
80,0,ResDyNet,35,0.09691710434106697,0.2854465576514458,0.5342719884585433,0.49782214177959394,49.782214177959396,15.290903125016484
80,0,Plain,35,0.6230721521637395,1.9069027545648223,1.3809064974011898,1.2866963737271804,128.66963737271803,15.315866542019648
80,0,ResDyNet,36,0.11300001609477166,0.28277227345500405,0.5317633622721709,0.4954846625779847,49.54846625779847,15.709806958009722
80,0,Plain,36,0.6258095822032207,1.9156717960902394,1.3840779588196033,1.2896514672937383,128.96514672937383,15.734324625023874
80,0,ResDyNet,37,0.09361950613387,0.4373466795831464,0.6613219182691183,0.6162042945735828,61.620429457358284,16.17309741702047
80,0,Plain,37,0.632565347793749,1.906435006304928,1.380737124258245,1.286538555794363,128.65385557943628,16.19814691701322
80,0,ResDyNet,38,0.09287135789846555,0.26112669807228145,0.5110055753827755,0.4761430422963422,47.61430422963422,16.606392625020817
80,0,Plain,38,0.6310956162147301,1.9056240641577222,1.3804434302635231,1.286264898599828,128.6264898599828,16.631358667014865
80,0,ResDyNet,39,0.08507651142480012,0.3832458802212166,0.6190685585791097,0.5768336023556512,57.68336023556512,17.039238125027623
80,0,Plain,39,0.6316982992298142,1.9256858492798843,1.3876908334639544,1.2930178593792023,129.30178593792024,17.064175792009337
80,0,ResDyNet,40,0.12419839858976602,0.3076246387050273,0.5546391968703864,0.5167998301718085,51.67998301718085,17.470836708002025
80,0,Plain,40,0.6318656360626673,1.9375802501319754,1.3919699171073976,1.2970050094268382,129.70050094268382,17.495851000014227
80,0,ResDyNet,41,0.0829231515893556,0.20410664302685155,0.45178163201579097,0.42095955716426825,42.09595571642682,17.90112679201411
80,0,Plain,41,0.6292781678512481,1.9385523829382378,1.3923190664995713,1.297330338663571,129.73303386635712,17.927694042009534
80,0,ResDyNet,42,0.08102997658336421,0.4082551719898816,0.6389484893087092,0.5953572568013813,59.53572568013813,18.33433083302225
80,0,Plain,42,0.6284091962219208,1.8980353597431139,1.3776920409667444,1.283701218410373,128.3701218410373,18.359365958021954
80,0,ResDyNet,43,0.11171007589216085,0.2126979565625307,0.46119188692184376,0.42972781257204107,42.972781257204105,18.759946125006536
80,0,Plain,43,0.6272282352566317,1.9368057451125626,1.391691684645907,1.29674575892731,129.67457589273099,18.784592333016917
80,0,ResDyNet,44,0.08686744047903928,0.2140941630411963,0.46270310463751624,0.43113592989086563,43.11359298908656,19.191221417015186
80,0,Plain,44,0.6242620885463407,1.9500005364659658,1.3964241964625097,1.3011554027406336,130.11554027406336,19.21624766700552
80,0,ResDyNet,45,0.08573546046181169,0.38193174554652487,0.61800626659163,0.5758437835296105,57.58437835296105,19.609388500015484
80,0,Plain,45,0.6202771227520996,1.89835704055605,1.3778087822902167,1.283809995244908,128.3809995244908,19.63241525000194
80,0,ResDyNet,46,0.08410512116465646,0.21570809300834282,0.4644438534509234,0.4327579189176362,43.27579189176362,20.03168412501691
80,0,Plain,46,0.6167552369506429,1.9496298644898145,1.396291468315199,1.3010317297575913,130.10317297575912,20.054622250027023
80,0,ResDyNet,47,0.08841904417620314,0.31990650440592755,0.5656027797013797,0.5270154402064091,52.70154402064091,20.4791959580034
80,0,Plain,47,0.5975889372625727,1.927948205221563,1.3885057454766123,1.2937771753311276,129.37771753311276,20.50406070801546
80,0,ResDyNet,48,0.10038575982113702,0.27813903290183856,0.5273888820423109,0.4914086242225313,49.14086242225313,20.923256542009767
80,0,Plain,48,0.5815365026609456,1.839950381000955,1.3564477066960432,1.2639062446595777,126.39062446595777,20.948333542008186
80,0,ResDyNet,49,0.07712058202922752,0.22621868915899027,0.47562452539686206,0.4431758075116479,44.31758075116479,21.36140650001471
80,0,Plain,49,0.5754117306383365,1.8442075482758222,1.3580160338802418,1.265367575245337,126.5367575245337,21.386315125011606
80,0,ResDyNet,50,0.07473926204539166,0.4132673338360664,0.6428587199657997,0.5990007182641117,59.90007182641117,21.791950333019486
80,0,Plain,50,0.5660308675442883,1.8689511745418226,1.3670958907632715,1.2738279735035414,127.38279735035414,21.816832292010076
80,0,ResDyNet,51,0.09557663618871479,0.2252915493333136,0.47464886951652335,0.44226671418375063,44.22667141837506,22.22224537501461
80,0,Plain,51,0.46855697900612664,1.8323010555764752,1.3536251532741534,1.2612762554029324,126.12762554029324,22.24719087500125
80,0,ResDyNet,52,0.08082544794858687,0.2437382544678524,0.4936985461471934,0.46001675728043206,46.0016757280432,22.64728695800295
80,0,Plain,52,0.4940971305529169,1.9024016598386115,1.3792757736720425,1.2851769035003449,128.51769035003448,22.671179375000065
80,0,ResDyNet,53,0.08081429213802097,0.4278530089123584,0.6541047384879263,0.6094794952693046,60.94794952693046,23.07067229200038
80,0,Plain,53,0.4357599809053158,1.7976616718028442,1.340769059832022,1.2492972482482703,124.92972482482702,23.094573250011308
80,0,ResDyNet,54,0.0800202236579622,0.2453184970370679,0.49529637292944906,0.4615055749016408,46.150557490164076,23.520198958023684
80,0,Plain,54,0.44576602052022807,1.6237246756141546,1.2742545568347616,1.1873205901849573,118.73205901849573,23.545169792021625
80,0,ResDyNet,55,0.07318773902661595,0.34705321987783716,0.5891122302904915,0.5489209963597452,54.892099635974525,23.951051500014728
80,0,Plain,55,0.4648495846032141,1.6952972227127088,1.3020357993207057,1.213206502106997,121.32065021069971,23.976187042018864
80,0,ResDyNet,56,0.09639768390417401,0.29779245413971667,0.5457036321481805,0.5084738799739462,50.84738799739462,24.38099312502891
80,0,Plain,56,0.47583053609716836,1.7942486023950013,1.3394956522493835,1.24811071684883,124.81107168488299,24.40592975000618
80,0,ResDyNet,57,0.07845931080216452,0.3530651428671594,0.5941928498956878,0.5536549988679498,55.36549988679498,24.810050792002585
80,0,Plain,57,0.4857577626060992,1.4662616627947842,1.21089291962369,1.1282816987130626,112.82816987130626,24.83490937500028
80,0,ResDyNet,58,0.09056307613087881,0.3189094041991909,0.5647206426182692,0.5261934855062865,52.61934855062865,25.242880583013175
80,0,Plain,58,0.6312761287509396,1.5681233229334994,1.2522473090142776,1.1668147514336566,116.68147514336566,25.267826625000453
80,0,ResDyNet,59,0.08787348275486527,0.2501261363130527,0.5001261204066957,0.4660058206291296,46.60058206291296,25.673633667000104
80,0,Plain,59,0.5037444286544766,1.8778920814243316,1.3703620256794669,1.2768712816208405,127.68712816208405,25.6987350830168
80,0,ResDyNet,60,0.07443157311436677,0.27187941255435694,0.5214205716639466,0.485847492215714,48.5847492215714,26.116238583024824
80,0,Plain,60,0.42871905503832536,2.116980463306101,1.454984695213699,1.355720705698231,135.5720705698231,26.141203333012527
80,0,ResDyNet,61,0.06618658511728963,0.3670938220123367,0.6058826800729137,0.5645473091922405,56.45473091922405,26.554857500013895
80,0,Plain,61,0.46371495647034955,1.9873616034178456,1.4097381329232197,1.3135610173106784,131.35610173106784,26.579892375011696
80,0,ResDyNet,62,0.09677152180371393,0.18986733147664028,0.4357376865462067,0.4060101840569353,40.60101840569353,26.984655625012238
80,0,Plain,62,0.46909411710195126,1.881396673646605,1.3716401399954017,1.278062198644272,127.80621986442719,27.010797625000123
80,0,ResDyNet,63,0.05757014179409824,0.2146115622998101,0.46326187227076016,0.43165657650148276,43.165657650148276,27.415700625017053
80,0,Plain,63,0.4221780978232984,1.8144548647018135,1.3470170246518094,1.2551189557222555,125.51189557222555,27.440738458011765
80,0,ResDyNet,64,0.05141232517486577,0.19426138070790247,0.44075092819857165,0.41068140536471803,41.0681405364718,27.844163875008235
80,0,Plain,64,0.43299456586742974,1.7862218869439288,1.3364961230560786,1.2453158257079904,124.53158257079903,27.869063917023595
80,0,ResDyNet,65,0.05560824131489358,0.20637296610384842,0.45428291416676503,0.42329019336547646,42.329019336547645,28.270589125022525
80,0,Plain,65,0.5327260527535856,1.7202994404118228,1.3116018604789423,1.222119934136117,122.21199341361171,28.29460520800785
80,0,ResDyNet,66,0.05207826381526009,0.18528100645861134,0.4304428027724605,0.40107653520829295,40.107653520829295,28.686131792026572
80,0,Plain,66,0.4525433565491867,1.8489033505489982,1.3597438547568428,1.2669775183229868,126.69775183229868,28.71082475001458
80,0,ResDyNet,67,0.049798705080044,0.21001990430144565,0.45827928635434273,0.4270139194913928,42.70139194913928,29.10069133300567
80,0,Plain,67,0.5376300288744839,1.7030472817762772,1.3050085370511095,1.21597642958938,121.597642958938,29.123931833019014
80,0,ResDyNet,68,0.06152762826393743,0.18151845601063818,0.42604982808427255,0.3969832641491703,39.69832641491703,29.5156731250172
80,0,Plain,68,0.5108047595444678,1.7155056852078028,1.3097731426502082,1.2204159776385333,122.04159776385333,29.539950333011802
80,0,ResDyNet,69,0.08406450185146577,0.19711519471137445,0.44397657000271357,0.41368698294737344,41.36869829473734,29.93855687501491
80,0,Plain,69,0.6089749430573596,1.7280346787686625,1.3145473284627915,1.2248644523065224,122.48644523065224,29.96204245800618
80,0,ResDyNet,70,0.0622586135785773,0.21279089887807198,0.46129263908940926,0.4298216910851016,42.98216910851016,30.354724417004036
80,0,Plain,70,0.5050587758758002,1.9053125339790693,1.3803305886558732,1.2861597554292787,128.61597554292788,30.37974483301514
80,0,ResDyNet,71,0.06935535025563683,0.23736027306379756,0.48719633933743545,0.4539581530671237,45.39581530671237,30.806119333021343
80,0,Plain,71,0.4696913332812167,1.9239667187970921,1.38707127387063,1.2924405682421567,129.24405682421568,30.83086841701879
80,0,ResDyNet,72,0.0647396394011764,0.38046156232663264,0.6168156631657733,0.5747344071066014,57.47344071066014,31.301962167024612
80,0,Plain,72,0.4782837165106393,1.9503396703511349,1.3965456205764046,1.30126854288975,130.12685428897498,31.35140220800531
80,0,ResDyNet,73,0.08778757738770039,0.1861729093857111,0.43147758850919604,0.4020407243532843,40.20407243532843,31.775190042011673
80,0,Plain,73,0.46912649018516134,1.8506528310183599,1.3603870151608917,1.2675768001434229,126.75768001434228,31.79999037500238
80,0,ResDyNet,74,0.08713677994390837,0.22589884710093383,0.47528817269203516,0.4428624019288596,44.28624019288596,32.20352937502321
80,0,Plain,74,0.46374565593783834,1.7532118611661807,1.3240890684414628,1.233755222429416,123.3755222429416,32.22859404201154
80,0,ResDyNet,75,0.07909850961228529,0.35524768964835507,0.5960265846825584,0.5553636300497744,55.53636300497744,32.63343091701972
80,0,Plain,75,0.46192692796836815,1.868441528070758,1.366909480569492,1.2736542808452669,127.36542808452668,32.65835662500467
80,0,ResDyNet,76,0.08685964126511776,0.23485044451682852,0.48461370648881624,0.4515517161887102,45.15517161887102,33.06369833301869
80,0,Plain,76,0.4133687621267273,1.9251979629469071,1.387515031611156,1.2928540513249165,129.28540513249166,33.08863237500191
80,0,ResDyNet,77,0.06274296973154268,0.32431533180393185,0.5694869022233363,0.5306345747195126,53.06345747195126,33.493336500017904
80,0,Plain,77,0.42063962266285876,1.9211105163404243,1.386041311195458,1.2914808731131149,129.14808731131149,33.51821775001008
80,0,ResDyNet,78,0.0763546418303467,0.253977537543948,0.5039618413570098,0.46957985568992977,46.957985568992974,33.91884750002646
80,0,Plain,78,0.41793612040846406,1.7903137670620355,1.3380260711443688,1.2467413955499014,124.67413955499013,33.94202429201687
80,0,ResDyNet,79,0.0727599915173814,0.28991470398862795,0.538437279530892,0.5017032625711867,50.17032625711867,34.33276512500015
80,0,Plain,79,0.4626042676648225,1.77592479761643,1.3326382846130567,1.2417211820848317,124.17211820848317,34.35595037500025
80,0,ResDyNet,80,0.07375798204722704,0.29828270432206305,0.5461526383000114,0.5088922534035949,50.88922534035949,34.74736325000413
80,0,Plain,80,0.4219759358749652,1.8750783659555972,1.3693350086650078,1.2759143311895496,127.59143311895495,34.77034712501336
80,0,ResDyNet,81,0.05816433967595136,0.2105535026116014,0.4588610929372869,0.42755603325644037,42.75560332564404,35.15885100001469
80,0,Plain,81,0.4292743696543436,1.9391868173740974,1.3925468815713522,1.2975426114186726,129.75426114186726,35.181878750008764
80,0,ResDyNet,82,0.055461789297711825,0.26357396949958606,0.513394555385608,0.4783690379827527,47.83690379827527,35.59951137501048
80,0,Plain,82,0.4174885306685438,1.9533032593088189,1.3976062604713886,1.302256822334647,130.22568223346468,35.624503042025026
80,0,ResDyNet,83,0.062123252679039016,0.20947025360070573,0.45767920381060107,0.426454776613564,42.6454776613564,36.0274978330126
80,0,Plain,83,0.4188928561282129,1.958061372852844,1.3993074618727808,1.3038419620079487,130.38419620079486,36.05242220801301
80,0,ResDyNet,84,0.049377563308857474,0.1996628279123763,0.44683646663223037,0.4163517677313969,41.63517677313969,36.45708225000999
80,0,Plain,84,0.4172122987670643,1.8992562008198206,1.378135044478523,1.2841139987204278,128.41139987204278,36.48182050001924
80,0,ResDyNet,85,0.05652187510285198,0.23449499905451818,0.48424683690708625,0.4512098756938388,45.12098756938388,36.885642458015354
80,0,Plain,85,0.4481083328490909,1.9181086016152276,1.384957978284983,1.290471448847192,129.0471448847192,36.9104711250111
80,0,ResDyNet,86,0.04954858567341608,0.1816488455989336,0.4262028221386311,0.39712582043036343,39.71258204303634,37.31343241702416
80,0,Plain,86,0.4137199033523099,1.8622838784705906,1.3646552232965625,1.2715538166473035,127.15538166473036,37.33836262501427
80,0,ResDyNet,87,0.049088331717857314,0.21061520267896194,0.4589283197613348,0.4276186736385969,42.76186736385969,37.74268216700875
80,0,Plain,87,0.41002952950384164,1.830594635352756,1.3529946915464066,1.260688805912042,126.0688805912042,37.76744350002264
80,0,ResDyNet,88,0.05227525144862687,0.2016914535243952,0.4491007164594543,0.4184615427577179,41.84615427577179,38.17432566700154
80,0,Plain,88,0.41267124082334494,1.8514546185280394,1.3606816742089383,1.2678513565520724,126.78513565520724,38.19937950000167
80,0,ResDyNet,89,0.046715784123751165,0.21539878502617188,0.4641107465101103,0.4324475376618349,43.24475376618349,38.60453358301311
80,0,Plain,89,0.41052168347663454,1.8596917654853804,1.3637051607607051,1.2706685705991443,127.06685705991443,38.629471417021705
80,0,ResDyNet,90,0.056739166870079044,0.1835380803508035,0.4284134455765873,0.3991856276415306,39.91856276415306,39.035364750016015
80,0,Plain,90,0.4092077630610349,1.8363611672657114,1.3551240412839378,1.2626728841902126,126.26728841902126,39.06031570801861
80,0,ResDyNet,91,0.04962794566153862,0.23683985333958724,0.4866619497552559,0.4534602213542655,45.34602213542655,39.46474270801991
80,0,Plain,91,0.4283039859282255,1.925069930108693,1.38746889338417,1.2928110608042223,129.28110608042223,39.48956616700161
80,0,ResDyNet,92,0.045545569881007913,0.21889373183097227,0.4678608039053627,0.4359417534257703,43.59417534257703,39.894193375017494
80,0,Plain,92,0.47267087524571355,1.8356731069464927,1.3548701439423974,1.2624363085862351,126.24363085862352,39.919034750026185
80,0,ResDyNet,93,0.048547040689984465,0.2403862107304935,0.4902919647827134,0.4568425844477804,45.684258444778045,40.325430833006976
80,0,Plain,93,0.46170399033001197,1.8580147342588025,1.3630901416483072,1.2700955101760203,127.00955101760204,40.35050220802077
80,0,ResDyNet,94,0.0541052823751641,0.2059730381623206,0.45384252573147066,0.4228798497225209,42.28798497225209,40.75751162500819
80,0,Plain,94,0.45848112376563593,1.9380828943563175,1.392150456795643,1.297173232085372,129.71732320853718,40.78232433300582
80,0,ResDyNet,95,0.055376423805466174,0.25114542503065335,0.5011441160291652,0.4669543651383826,46.69543651383826,41.18897516702418
80,0,Plain,95,0.46941985169563427,1.9957860683904705,1.4127229269713402,1.3163421785879024,131.63421785879024,41.21400008301134
80,0,ResDyNet,96,0.051422235286324454,0.17671909254174886,0.4203797004396726,0.39169997183893257,39.16999718389326,41.61344770801952
80,0,Plain,96,0.5973842046386142,1.8862606178300776,1.373412034980791,1.2797132089455607,127.97132089455607,41.63788504200056
80,0,ResDyNet,97,0.05812985591030329,0.2620921111438498,0.511949324781125,0.4770224059106411,47.70224059106411,42.03151016702759
80,0,Plain,97,0.574231121615076,1.836448558248104,1.3551562855435177,1.262702928637069,126.2702928637069,42.0544555420056
80,0,ResDyNet,98,0.05025314094326993,0.28379199821876117,0.5327213138393856,0.49637725944103156,49.63772594410315,42.4457586670178
80,0,Plain,98,0.5745905028427828,1.8438743204290835,1.3578933391209649,1.2652532511385752,126.52532511385752,42.46882879201439
80,0,ResDyNet,99,0.06359124728155377,0.25323051235057514,0.5032201430294451,0.46888875853724554,46.88887585372456,42.87604604201624
80,0,Plain,99,0.5674270528928945,1.7952336141373986,1.3398632818826697,1.2484532655419631,124.8453265541963,42.900983083003666
80,0,ResDyNet,100,0.0580900010322767,0.19724332599976,0.4441208461666261,0.4138214161021677,41.38214161021677,43.3174398750125
80,0,Plain,100,0.570025695604676,1.8074082322605012,1.3443988367521378,1.2526793894789336,125.26793894789337,43.34260770800756
80,1,ResDyNet,0,1.0209082568479761,2.657713548415065,1.630249535627925,1.51902838440585,151.90283844058501,0.02653116700821556
80,1,Plain,0,1.0624858401189208,2.708810855529202,1.6458465467743952,1.533561314565071,153.35613145650711,0.053607875015586615
80,1,ResDyNet,1,1.0003642757076867,2.547850923342895,1.596198898428042,1.4873007971357177,148.73007971357177,0.4655140420072712
80,1,Plain,1,1.039649996545092,2.568064012309169,1.6025180224600186,1.4931888090991479,149.31888090991478,0.4914965000061784
80,1,ResDyNet,2,0.9851842863081721,2.619436524466289,1.618467338090667,1.5080500083360309,150.8050008336031,0.9059245419921353
80,1,Plain,2,0.9952653959832545,2.519392925657823,1.5872595646767493,1.4789713350447131,147.8971335044713,0.9310730830184184
80,1,ResDyNet,3,0.9773406335758853,2.587025746898968,1.6084233730268185,1.4986912766262317,149.86912766262316,1.3336830830085091
80,1,Plain,3,0.9842602228440249,2.5450191056859084,1.595311601439013,1.4864740345559548,148.64740345559548,1.3585429580125492
80,1,ResDyNet,4,0.9626652713005003,2.4947661249975295,1.579482866319711,1.4717251894190657,147.17251894190656,1.7605920000059996
80,1,Plain,4,0.9911620999805746,2.5922234641425157,1.6100383424448361,1.500196067354463,150.0196067354463,1.7861942920135334
80,1,ResDyNet,5,0.9454509371881036,2.437891733146375,1.56137494957053,1.4548526561514092,145.48526561514092,2.186435542011168
80,1,Plain,5,0.9903680606287577,2.599254486498271,1.6122203591625652,1.5022292194928575,150.22292194928576,2.2129249580029864
80,1,ResDyNet,6,0.9104598779719734,2.453348310984859,1.5663167977726788,1.4594573547122327,145.94573547122326,2.628867583000101
80,1,Plain,6,0.9843359042879007,2.583423984067782,1.6073033267145882,1.49764764367131,149.764764367131,2.6537640420137905
80,1,ResDyNet,7,0.8469743280533423,2.0737226685529673,1.4400425926176514,1.3417980040074384,134.17980040074383,3.050199833000079
80,1,Plain,7,0.9802579439355604,2.5559870062094956,1.5987454475961755,1.4896736120846819,148.9673612084682,3.0741137500153854
80,1,ResDyNet,8,0.6095177930749378,0.9853510359870237,0.99264849568567,0.9249266494061699,92.49266494061699,3.4738819579943083
80,1,Plain,8,0.978553098770613,2.523269635625662,1.5884802912298477,1.480108779493081,148.01087794930808,3.498766542004887
80,1,ResDyNet,9,0.5455064167273322,0.7048439287960926,0.8395498369936668,0.7822729003418951,78.22729003418951,3.888574417011114
80,1,Plain,9,0.9794230605222644,2.522150318308645,1.588127928823319,1.4797804564447272,147.97804564447273,3.913010457996279
80,1,ResDyNet,10,0.5033150962748899,1.0224598942961411,1.0111675896191201,0.9421823079563522,94.21823079563522,4.304459625011077
80,1,Plain,10,0.9791982084620124,2.534226401124382,1.5919253754885567,1.4833188284219605,148.33188284219605,4.327624875004403
80,1,ResDyNet,11,0.38406016866752185,0.8297637361153242,0.9109136820332233,0.8487680618900768,84.87680618900768,4.725122667005053
80,1,Plain,11,0.9773872754935049,2.5129934372030442,1.5852423906781714,1.4770917794962153,147.70917794962153,4.749938791996101
80,1,ResDyNet,12,0.26189274570674287,0.6152148444804737,0.7843563249445201,0.7308448768366425,73.08448768366425,5.144254250015365
80,1,Plain,12,0.9769362513680723,2.4987775721157655,1.5807522171788233,1.4729079408584147,147.29079408584147,5.167994957999326
80,1,ResDyNet,13,0.2210836891137006,0.8010821815671316,0.8950319444394885,0.8339698302872832,83.39698302872833,5.56350741701317
80,1,Plain,13,0.9762663428910472,2.5357113048290953,1.5923916932806121,1.4837533324330368,148.3753332433037,5.5874840000178665
80,1,ResDyNet,14,0.2062098033135048,0.6957047920966739,0.8340891991248142,0.7771848057045587,77.71848057045587,5.988047624996398
80,1,Plain,14,0.9762363790469769,2.5512130661001704,1.5972517228352487,1.4882817942919147,148.82817942919147,6.01229520799825
80,1,ResDyNet,15,0.1808451281008578,0.5918072590664619,0.7692901007204381,0.7168065215161556,71.68065215161556,6.418308499996783
80,1,Plain,15,0.9756986965920037,2.5477743591089808,1.596174914947914,1.487278449889928,148.7278449889928,6.4445314170152415
80,1,ResDyNet,16,0.13910830310646877,0.42506940714278574,0.6519734711955585,0.6074936302583904,60.749363025839045,6.857838750001974
80,1,Plain,16,0.9744692835609092,2.5041250224825444,1.5824427390849074,1.4744831296277907,147.44831296277908,6.883228042017436
80,1,ResDyNet,17,0.1251230345688676,0.3270033378181328,0.5718420567063364,0.5328290525777504,53.282905257775035,7.275132000009762
80,1,Plain,17,0.972651831719396,2.4997194900073496,1.5810501225474636,1.4731855221126593,147.31855221126594,7.298907749995124
80,1,ResDyNet,18,0.09163527677388486,0.3464606284804535,0.5886090625198133,0.5484521564005398,54.84521564005398,7.6984442500106525
80,1,Plain,18,0.9694475242300796,2.5415888695228532,1.5942361398246037,1.4854719445795896,148.54719445795897,7.721290250017773
80,1,ResDyNet,19,0.06807617453756648,0.2598291100090185,0.5097343523925167,0.47495854644898194,47.495854644898195,8.111918042006437
80,1,Plain,19,0.9582570357394715,2.4284929659777044,1.5583622704550135,1.4520455122206406,145.20455122206405,8.13619849999668
80,1,ResDyNet,20,0.056144323478444946,0.16373217932719902,0.4046383315100029,0.37703253247397517,37.70325324739752,8.5567257500079
80,1,Plain,20,0.8653416494229416,1.9887955731919003,1.4102466355896406,1.314034828200949,131.4034828200949,8.583217042003525
80,1,ResDyNet,21,0.07837887250753814,0.1364523333637075,0.3693945497211721,0.3441932009845051,34.41932009845051,8.98055808301433
80,1,Plain,21,0.6012951802441013,1.6002198595254804,1.2649979681902577,1.1786955174053142,117.86955174053142,9.004923375003273
80,1,ResDyNet,22,0.10536854953659601,0.17934788000576052,0.4234948405893046,0.3946025865646412,39.46025865646412,9.41025654200348
80,1,Plain,22,0.5395411004377517,2.007295554914174,1.4167905825894573,1.3201323249470165,132.01323249470164,9.433533792005619
80,1,ResDyNet,23,0.07972009552049855,0.19912638613753594,0.4462357965667209,0.4157920774145275,41.57920774145275,9.828976417018566
80,1,Plain,23,0.5532181571239618,2.145155077861137,1.4646347933396697,1.3647124414081908,136.47124414081907,9.851997082994785
80,1,ResDyNet,24,0.07149000423123192,0.2773894552968125,0.5266777528022354,0.49074601063053314,49.074601063053315,10.241550500009907
80,1,Plain,24,0.6342263630167402,1.5553027453488766,1.2471177752517508,1.1620351718577944,116.20351718577943,10.26438941701781
80,1,ResDyNet,25,0.06894816255136431,0.25308269323608873,0.5030732483804806,0.46875188553932845,46.875188553932844,10.654427208006382
80,1,Plain,25,0.8634131756273534,1.337944469305871,1.1566954954982194,1.0777818066357665,107.77818066357665,10.677290332998382
80,1,ResDyNet,26,0.0665951252139493,0.20985840270781198,0.4581030481319809,0.4268497048381546,42.68497048381546,11.08606066700304
80,1,Plain,26,0.8165543808637232,1.46020828984413,1.2083907852363531,1.125950268417946,112.5950268417946,11.112687292014016
80,1,ResDyNet,27,0.05718141954830977,0.20245250039883586,0.449947219570069,0.419250294555777,41.9250294555777,11.564673874992877
80,1,Plain,27,0.7739001073848731,1.5652205123082104,1.251087731659219,1.1657342843776917,116.57342843776917,11.589997292001499
80,1,ResDyNet,28,0.05539051151621386,0.22563616772444464,0.475011755353954,0.442604842718867,44.2604842718867,12.022158042003866
80,1,Plain,28,0.7429995591868708,1.6853906735572113,1.2982259716849032,1.2096565938309929,120.9656593830993,12.048525082995184
80,1,ResDyNet,29,0.051924834657336015,0.2557925791769015,0.505759408391877,0.47125478660643133,47.12547866064313,12.458001292019617
80,1,Plain,29,0.7449231956688929,1.9758963163576426,1.4056657911316055,1.309766504484713,130.9766504484713,12.483321042003809
80,1,ResDyNet,30,0.05138232247159973,0.21135873785718565,0.45973768374714036,0.4283728200688739,42.83728200688739,12.89001741699758
80,1,Plain,30,0.7596993940144261,2.1997250893084725,1.4831470221486718,1.3819617031959934,138.19617031959933,12.915124292019755
80,1,ResDyNet,31,0.048926839479349504,0.18323799098894492,0.42806306893838075,0.39885915488565066,39.88591548856507,13.32131779199699
80,1,Plain,31,0.669686084779233,2.2633102051975076,1.5044301928629016,1.401792863836452,140.1792863836452,13.346221707994118
80,1,ResDyNet,32,0.047090258280746713,0.21047299419707463,0.45877335820323595,0.4274742840834401,42.747428408344014,13.748302249994595
80,1,Plain,32,0.5734933765884451,2.0848553019961837,1.4439028021290712,1.345394856936669,134.5394856936669,13.771520375012187
80,1,ResDyNet,33,0.047479315312713516,0.2065676893545153,0.45449718299953773,0.4234898440519279,42.348984405192795,14.16092395799933
80,1,Plain,33,0.6535106187681764,1.960191795559671,1.4000684967385242,1.30455107649461,130.455107649461,14.18378079199465
80,1,ResDyNet,34,0.04534973500109388,0.17169899676251027,0.41436577653386175,0.386096338214179,38.6096338214179,14.570257707993733
80,1,Plain,34,0.6604965705770665,1.969222134371656,1.403289754245949,1.3075525688921368,130.75525688921368,14.593713917012792
80,1,ResDyNet,35,0.04355339711834613,0.1659836622988258,0.4074109256007082,0.37961597079441306,37.961597079441304,14.978546416998142
80,1,Plain,35,0.5727485887383807,2.106112532355204,1.4512451661780665,1.3522363000135222,135.22363000135223,15.001294792018598
80,1,ResDyNet,36,0.04799530800175854,0.18691711147843115,0.43233911629464106,0.40284347579191065,40.28434757919106,15.384538125013933
80,1,Plain,36,0.5792738875479838,2.1844877970074794,1.4780012845080615,1.377167025225555,137.7167025225555,15.407719250011723
80,1,ResDyNet,37,0.0467012684376769,0.18685167522830728,0.4322634326753852,0.40277295556579085,40.277295556579084,15.793956042005448
80,1,Plain,37,0.5268867889287353,1.917257062761817,1.3846505200814454,1.2901849664848386,129.01849664848385,15.816859667014796
80,1,ResDyNet,38,0.041145492664765033,0.16852465369572306,0.41051754371247406,0.3825106448845756,38.25106448845756,16.2053671250178
80,1,Plain,38,0.6469684781488694,1.779581473398821,1.334009547716515,1.24299889296965,124.299889296965,16.228673583013006
80,1,ResDyNet,39,0.04630412481511555,0.1746844221193949,0.4179526553563153,0.38943850800086294,38.943850800086295,16.652265625016298
80,1,Plain,39,0.6427445981993655,1.8894500078047314,1.3745726637048807,1.2807946556425964,128.07946556425964,16.677229583001463
80,1,ResDyNet,40,0.04416868859897211,0.20149784117606132,0.44888510910483687,0.4182606448679207,41.82606448679207,17.09557850001147
80,1,Plain,40,0.5195133671164809,1.9836431590426236,1.4084186732085824,1.3123315756118392,131.23315756118393,17.120361583016347
80,1,ResDyNet,41,0.04813063138351335,0.21921877127283348,0.46820804272548916,0.4362653024361594,43.62653024361594,17.521264083014103
80,1,Plain,41,0.4760568967200775,2.0094619102744984,1.41755490555904,1.3208445032119238,132.08445032119238,17.544253166997805
80,1,ResDyNet,42,0.043793045311546076,0.1916139115727535,0.43773726317593015,0.40787334278875154,40.78733427887515,17.937177000014344
80,1,Plain,42,0.45781818642082917,2.0665857365883036,1.4375624287620707,1.3394870453399033,133.94870453399034,17.960486166994087
80,1,ResDyNet,43,0.043403135921999625,0.17251513218549377,0.4153494097570066,0.38701286464350637,38.70128646435064,18.350196125014918
80,1,Plain,43,0.44427379558030416,2.0060831262614287,1.4163626393905724,1.319733577484243,131.9733577484243,18.373292167001637
80,1,ResDyNet,44,0.04736126425337782,0.24121193488237128,0.491133316811608,0.4576265365883808,45.76265365883808,18.78098529201816
80,1,Plain,44,0.4333266453695429,1.9321387763714484,1.39001394826507,1.295182483411295,129.5182483411295,18.803902042011032
80,1,ResDyNet,45,0.061309914828099284,0.14880382511238138,0.38575098847881306,0.35943374802817146,35.94337480281715,19.19530979200499
80,1,Plain,45,0.435351396208372,1.8705824754956093,1.3676923906696306,1.2743837781636578,127.43837781636577,19.220581833011238
80,1,ResDyNet,46,0.06393331759138146,0.22786282820634973,0.47734979648717746,0.44478337475807833,44.478337475807834,19.61008633300662
80,1,Plain,46,0.46815279302742624,1.6328371394048218,1.2778251599514003,1.1906475946496653,119.06475946496653,19.633173458016245
80,1,ResDyNet,47,0.04747181469338557,0.16405447447469032,0.40503638660580893,0.37740343090140754,37.740343090140755,20.019956208008807
80,1,Plain,47,0.4578015458391224,1.5395974286783962,1.2408051533896836,1.1561532184641947,115.61532184641948,20.04304004201549
80,1,ResDyNet,48,0.05766254396288493,0.2698239304653695,0.5194457916523817,0.4840074383926844,48.400743839268436,20.433187292015646
80,1,Plain,48,0.4623215559861063,1.543641379155836,1.242433651812376,1.1576706152025271,115.76706152025271,20.456510125019122
80,1,ResDyNet,49,0.05640882208460613,0.16964346928754667,0.4118779786387549,0.38377826632717993,38.37782663271799,20.844983457995113
80,1,Plain,49,0.4628225968718917,1.5937885729539745,1.2624533943690652,1.1763245430384246,117.63245430384247,20.868103125016205
80,1,ResDyNet,50,0.04755441725886159,0.2436218107959855,0.4935806021269328,0.4599068598011619,45.99068598011619,21.25700225000037
80,1,Plain,50,0.4610591485147449,1.685837199156266,1.2983979355945796,1.2098168257796504,120.98168257796505,21.28060212501441
80,1,ResDyNet,51,0.052590364179019584,0.16522504071419034,0.40647883181561906,0.3787474676079157,37.874746760791574,21.67349662500783
80,1,Plain,51,0.44753350527899266,1.6981181172149307,1.30311861210518,1.214215441731679,121.4215441731679,21.697673332993872
80,1,ResDyNet,52,0.060684086540040205,0.21913385191606033,0.46811734844594294,0.4361807956278928,43.61807956278928,22.084884667012375
80,1,Plain,52,0.4692725629693924,1.590842254494162,1.2612859527062696,1.175236748204463,117.5236748204463,22.107706250011688
80,1,ResDyNet,53,0.03684178858669407,0.1700859841282956,0.4124148204518063,0.38427848297140477,38.42784829714048,22.496217833017
80,1,Plain,53,0.4341137521065674,1.5862396287951752,1.2594600544658712,1.1735354189333378,117.35354189333378,22.519050500006415
80,1,ResDyNet,54,0.03430416294295032,0.18849169546590397,0.43415630303601943,0.4045366878920181,40.45366878920181,22.904571791994385
80,1,Plain,54,0.4927192279000726,1.6097928032746358,1.2687761044702237,1.1822158964172373,118.22158964172374,22.92787079201662
80,1,ResDyNet,55,0.043759934195672125,0.1629920169455242,0.4037226980806556,0.37617936666193663,37.617936666193664,23.313374249992194
80,1,Plain,55,0.445979544483274,1.358779897404638,1.1656671469182949,1.086141381574606,108.61413815746059,23.336540125019383
80,1,ResDyNet,56,0.04556512299150941,0.18596114994547322,0.43123213000131755,0.40181201185712173,40.181201185712176,23.72346445801668
80,1,Plain,56,0.4890792226188535,1.4071981610552171,1.1862538350012686,1.105323575990568,110.5323575990568,23.746276457997737
80,1,ResDyNet,57,0.048269445185894926,0.1798478141016367,0.4240846779849948,0.3951521832531582,39.51521832531582,24.134470499993768
80,1,Plain,57,0.3969438334391979,1.465039282587859,1.2103880710697124,1.1278112926392938,112.78112926392939,24.157674792018952
80,1,ResDyNet,58,0.0396266547527316,0.16111825326715318,0.40139538271778014,0.37401082864465085,37.40108286446508,24.54535145801492
80,1,Plain,58,0.36819315542560604,1.2960730688736921,1.138452049439805,1.0607829903279093,106.07829903279094,24.568476874992484
80,1,ResDyNet,59,0.03937565192878857,0.22024127713271574,0.46929870778930954,0.43728155863106444,43.728155863106444,24.9586191670096
80,1,Plain,59,0.40012936148247796,1.238563228587254,1.1129075561731325,1.0369812290089628,103.69812290089628,24.981937208009185
80,1,ResDyNet,60,0.039247840274255805,0.19929789216833568,0.4464279249423536,0.4159710981408996,41.59710981408996,25.371398000017507
80,1,Plain,60,0.3261684915384562,1.2745626970907622,1.1289653214739424,1.0519434791117743,105.19434791117743,25.394770999992033
80,1,ResDyNet,61,0.06435531001270747,0.16020055959599003,0.40025062098139214,0.37294416643561346,37.29441664356135,25.790989417000674
80,1,Plain,61,0.3008949410397232,1.223166867566192,1.1059687461977359,1.0305158081784234,103.05158081784234,25.814225708018057
80,1,ResDyNet,62,0.0555170304449128,0.26481356003756673,0.5146003886877338,0.47949260524823,47.949260524823,26.204773750010645
80,1,Plain,62,0.26893557759873826,1.201974100903788,1.0963457944023811,1.021549366784356,102.1549366784356,26.227789374999702
80,1,ResDyNet,63,0.04859030887020141,0.2362160954211476,0.4860206738618715,0.4528626954767863,45.28626954767863,26.616593208018458
80,1,Plain,63,0.2587247270771538,1.2348373841966354,1.1112323718271688,1.0354203314193486,103.54203314193487,26.63970287499251
80,1,ResDyNet,64,0.08084823843197224,0.2149177651113945,0.46359224013285044,0.43196440554779947,43.19644055477995,27.035261042008642
80,1,Plain,64,0.2566159574518748,1.1945602206523662,1.0929593865521108,1.0183939911603699,101.83939911603699,27.058251375012333
80,1,ResDyNet,65,0.04974877012131968,0.18991881583599182,0.4357967597814282,0.4060652271157426,40.606522711574264,27.44890616700286
80,1,Plain,65,0.25851654501518934,1.1911237059182214,1.0913861396949391,1.0169280765384094,101.69280765384094,27.472155750001548
80,1,ResDyNet,66,0.03751984262810109,0.17443776136449138,0.4176574689437403,0.3891634602062812,38.91634602062812,27.86154945800081
80,1,Plain,66,0.2579974491237893,1.2140916957938068,1.101858292065639,1.0266857831650757,102.66857831650758,27.88475991701125
80,1,ResDyNet,67,0.03893884857599629,0.17037701469945282,0.41276750683581287,0.3846071078943943,38.46071078943943,28.283471750008175
80,1,Plain,67,0.2571981740384459,1.3429239897592675,1.1588459732679177,1.0797855715201083,107.97855715201084,28.306994375016075
80,1,ResDyNet,68,0.04303638603453277,0.1656457035572346,0.4069959502958655,0.37922930651197806,37.9229306511978,28.712458249996416
80,1,Plain,68,0.25502822196950686,1.3974399800425208,1.1821336557439353,1.1014844893330038,110.14844893330039,28.73733508301666
80,1,ResDyNet,69,0.03458911249006366,0.18369927301829955,0.42860153174982885,0.3993608819382651,39.93608819382651,29.149827167013427
80,1,Plain,69,0.2662491452287744,1.4464597259586591,1.2026885407114591,1.120637050349891,112.0637050349891,29.174693417007802
80,1,ResDyNet,70,0.03546802860460558,0.15291664108348416,0.3910455741770825,0.3643671191370568,36.436711913705686,29.568033417017432
80,1,Plain,70,0.37414061684715244,1.4289649763463586,1.195393230843457,1.1138394512582506,111.38394512582505,29.591199457994662
80,1,ResDyNet,71,0.03943168862633243,0.19740268972567276,0.4443002247643735,0.41398855688373415,41.398855688373416,30.01215133300866
80,1,Plain,71,0.34336708579535585,1.5289555508023809,1.2365094220435122,1.1521505564765604,115.21505564765604,30.03594412500388
80,1,ResDyNet,72,0.037339218046453154,0.18340301241481977,0.42825577919605445,0.39903871779609784,39.90387177960979,30.424600750004174
80,1,Plain,72,0.43693310729287593,1.515076192304308,1.2308843131278862,1.146909211564955,114.6909211564955,30.448248083004728
80,1,ResDyNet,73,0.041134212422731437,0.22292877695678565,0.4721533405121536,0.4399414386299774,43.994143862997745,30.836776292009745
80,1,Plain,73,0.3499434622691642,1.6371641688988634,1.2795171624088766,1.1922241629621972,119.22241629621972,30.86004545801552
80,1,ResDyNet,74,0.04318463901589199,0.15512017494512745,0.39385298646211564,0.3669830002365429,36.69830002365429,31.24906858301256
80,1,Plain,74,0.3855805147641401,1.6349073087825083,1.2786349396064962,1.1914021283908642,119.14021283908642,31.272151417011628
80,1,ResDyNet,75,0.0352465123046232,0.15545985981282057,0.39428398371328827,0.3673845933938014,36.73845933938014,31.658072707999963
80,1,Plain,75,0.38781310924670254,1.703817493377693,1.3053036019936868,1.216251364201059,121.6251364201059,31.681207999994513
80,1,ResDyNet,76,0.0349019736033327,0.26139443727957484,0.5112674811481509,0.4763870799623254,47.63870799623254,32.06789887501509
80,1,Plain,76,0.3559568362164517,1.6273385331722217,1.275671796808341,1.1886411412419173,118.86411412419173,32.09114987499197
80,1,ResDyNet,77,0.045644389981776175,0.1512738919245035,0.3889394450611862,0.362404677290976,36.240467729097595,32.4793292079994
80,1,Plain,77,0.3648134640193261,1.6096361275818347,1.2687143601228115,1.1821583644785703,118.21583644785703,32.502274833008414
80,1,ResDyNet,78,0.046604144951657975,0.19839695048101716,0.4454177258271354,0.41502981823473656,41.502981823473654,32.8892723750032
80,1,Plain,78,0.3707570388312818,1.6221839311796502,1.2736498463783719,1.1867571351263737,118.67571351263737,32.91241900000023
80,1,ResDyNet,79,0.04487586156303398,0.15151769670860518,0.3892527414272187,0.36269659951658256,36.269659951658255,33.29958345799241
80,1,Plain,79,0.369935770484115,1.7133312152549234,1.3089427853252118,1.21964227010585,121.964227010585,33.32273216699832
80,1,ResDyNet,80,0.04319354024193735,0.2239468506382593,0.47323023005537096,0.4409448591170055,44.094485911700545,33.719078458001604
80,1,Plain,80,0.37276100339086043,1.5698139426344926,1.2529221614427979,1.1674435631411924,116.74435631411923,33.74419699999271
80,1,ResDyNet,81,0.04085364172881065,0.1521463740221228,0.39005944934345943,0.3634482710833667,36.344827108336666,34.13679170800606
80,1,Plain,81,0.3212135799531724,1.4453364220219997,1.2022214529869277,1.120201828933743,112.0201828933743,34.15952470799675
80,1,ResDyNet,82,0.03964617231448068,0.22155278969614992,0.47069394482630633,0.43858160786638356,43.85816078663836,34.54672133299755
80,1,Plain,82,0.3352008219278929,1.3723782749631808,1.171485499254336,1.0915627861852297,109.15627861852298,34.569474250019994
80,1,ResDyNet,83,0.04006187863169245,0.15118292976003353,0.38882249132481206,0.3622957025350677,36.22957025350677,34.955202583019855
80,1,Plain,83,0.3458396237459385,1.3167575267032154,1.1475005562975624,1.0692141773658683,106.92141773658683,34.97847791700042
80,1,ResDyNet,84,0.04033341235469246,0.2076779586297687,0.45571697206683964,0.4246264149729593,42.46264149729593,35.36443524999777
80,1,Plain,84,0.34229163579932564,1.3513820705585122,1.1624896001937015,1.08318061786209,108.318061786209,35.3875726670085
80,1,ResDyNet,85,0.03840418218378527,0.14198161720848906,0.3768044814071206,0.35109760200500817,35.109760200500816,35.77439891701215
80,1,Plain,85,0.3400657674339249,1.3927265869533687,1.1801383761887285,1.09962533451471,109.962533451471,35.79756154201459
80,1,ResDyNet,86,0.03738794855089553,0.23005549414169155,0.4796410054839886,0.4469182697080233,44.69182697080233,36.18939041701378
80,1,Plain,86,0.3332096221629034,1.4654658317436808,1.2105642617158665,1.1279754629621346,112.79754629621345,36.2126959580055
80,1,ResDyNet,87,0.03914082395984626,0.14652295582490074,0.3827831707702165,0.3566684049070253,35.666840490702526,36.60270925000077
80,1,Plain,87,0.3502903715602336,1.5080050642732579,1.228008576628542,1.1442296675607342,114.42296675607342,36.62560520801344
80,1,ResDyNet,88,0.03669784299192326,0.2194769961753357,0.468483720288481,0.43652217234102775,43.65221723410278,37.01637995801866
80,1,Plain,88,0.32841469577264437,1.4474656536680728,1.203106667618492,1.1210266512215281,112.10266512215281,37.039547624997795
80,1,ResDyNet,89,0.04429267676245982,0.15389145329932383,0.39229001172515704,0.3655266569359236,36.55266569359236,37.427346957992995
80,1,Plain,89,0.33783117717144323,1.3933141263770488,1.1803872781324987,1.0998572555238917,109.98572555238917,37.45065541699296
80,1,ResDyNet,90,0.03550774086040235,0.19970661935354653,0.44688546558771247,0.4163974238119888,41.63974238119888,37.83644587500021
80,1,Plain,90,0.33740487799324803,1.4556175378532907,1.2064897587021992,1.124178936360013,112.4178936360013,37.85918450000463
80,1,ResDyNet,91,0.049735017316111234,0.13651882633320375,0.36948454139950665,0.3442770531253971,34.42770531253971,38.244674582994776
80,1,Plain,91,0.3570275968118649,1.4663543639090124,1.210931197016995,1.1283173646928042,112.83173646928041,38.267698208015645
80,1,ResDyNet,92,0.037745501013221036,0.23119593499189,0.4808283841370952,0.448024641363214,44.802464136321404,38.653467916999944
80,1,Plain,92,0.3660880571691969,1.562377922116912,1.2499511678929351,1.16467526084544,116.467526084544,38.67631579199224
80,1,ResDyNet,93,0.036459977252419604,0.14541265632670805,0.3813301146339062,0.3553144811874026,35.53144811874026,39.06000091700116
80,1,Plain,93,0.36817412761655277,1.6393769957115096,1.2803815820729028,1.193029608985642,119.30296089856421,39.082841458002804
80,1,ResDyNet,94,0.04093669781390169,0.2019944886650229,0.44943796976337336,0.41877578749767447,41.877578749767444,39.46797041699756
80,1,Plain,94,0.38575473173157315,1.6915771699251863,1.300606462357152,1.211874679357738,121.1874679357738,39.49094887499814
80,1,ResDyNet,95,0.03739105967017636,0.15638056187828944,0.3954498222003513,0.36847089442611514,36.84708944261151,39.87572491701576
80,1,Plain,95,0.4018937999081728,1.7634328510788442,1.327943090301254,1.2373463098495932,123.73463098495931,39.898729125008686
80,1,ResDyNet,96,0.0382097136428257,0.21830622036036224,0.46723251209688116,0.43535632581489503,43.5356325814895,40.28509750001831
80,1,Plain,96,0.41123612756601036,1.7508527395372964,1.3231979215284826,1.2329248725805682,123.29248725805681,40.30806779200793
80,1,ResDyNet,97,0.037768562677642344,0.14151550881221042,0.37618547129336405,0.3505208228601711,35.05208228601711,40.69411454201327
80,1,Plain,97,0.4340225855495357,1.7984070822265106,1.341047009700447,1.24955623543419,124.95562354341901,40.717116874991916
80,1,ResDyNet,98,0.03463407123783154,0.22994817032480042,0.47952911311493945,0.4468140110157989,44.68140110157989,41.10418437499902
80,1,Plain,98,0.4207427921542537,1.8586503093423783,1.3633232592978006,1.2703127237490026,127.03127237490025,41.12741950000054
80,1,ResDyNet,99,0.038194176739686246,0.1460175941125822,0.3821224857458433,0.3560527940552864,35.60527940552864,41.51247658301145
80,1,Plain,99,0.4803170003665333,1.840118771603271,1.3565097757123872,1.2639640791171611,126.39640791171611,41.53567487502005
80,1,ResDyNet,100,0.03483300244961783,0.21473197768338861,0.46339181874887325,0.43177765759023234,43.17776575902323,41.9215654580039
80,1,Plain,100,0.42800166367681847,1.7737385179519676,1.3318177495258003,1.2409566266835244,124.09566266835243,41.945102666999446
80,2,ResDyNet,0,0.9857835814754827,2.158998645759495,1.4693531385475362,1.369108885106863,136.91088851068628,0.026519957988057286
80,2,Plain,0,1.0431125919385733,2.3164376660610744,1.5219847785247638,1.4181498161398194,141.81498161398193,0.052528583008097485
80,2,ResDyNet,1,0.9502906067806731,2.878581551236763,1.6966383089028618,1.5808878904548247,158.08878904548246,0.46205174998613074
80,2,Plain,1,1.0275906062341658,2.4043679428528146,1.5506024451331213,1.4448150884944682,144.4815088494468,0.4870228749932721
80,2,ResDyNet,2,0.8960306766699087,2.0759460609125977,1.4408143742039075,1.3425171320368987,134.25171320368986,0.8924716250039637
80,2,Plain,2,0.9920581340975881,2.5851777535426645,1.6078487968533186,1.498155899987579,149.8155899987579,0.9190116669924464
80,2,ResDyNet,3,0.6614779015075964,0.663010385891052,0.8142544970038864,0.7587032942184542,75.87032942184541,1.3072814579936676
80,2,Plain,3,0.9853706501383146,2.673276307703388,1.6350156903538842,1.5234693758951767,152.34693758951767,1.3320273330027703
80,2,ResDyNet,4,0.5984885717576843,0.7981175124539337,0.8933742286712404,0.8324252095097799,83.24252095097799,1.7233434579975437
80,2,Plain,4,0.9896673347396214,2.6537142446064514,1.6290224813078706,1.5178850438922444,151.78850438922444,1.7465549579937942
80,2,ResDyNet,5,0.8401972788963906,1.4113758907190435,1.1880134219439793,1.106963117945584,110.69631179455841,2.138596167002106
80,2,Plain,5,0.9893685976442694,2.5750703246551687,1.6047025657906728,1.4952243154763665,149.52243154763664,2.161777333007194
80,2,ResDyNet,6,0.4397575710073261,0.7562822147765974,0.8696448785433036,0.8103147561097997,81.03147561097998,2.5609185000066645
80,2,Plain,6,0.9841959049610033,2.5379881703271896,1.5931064529174406,1.4844193287438112,148.4419328743811,2.58607116699568
80,2,ResDyNet,7,0.2855503132402746,0.6229843803204758,0.7892935957680614,0.7354453103031482,73.54453103031481,3.023054499994032
80,2,Plain,7,0.9791390080564409,2.5111835080297373,1.5846714195787521,1.4765597619812652,147.65597619812652,3.0496360000106506
80,2,ResDyNet,8,0.22339646864998486,0.9695814005885637,0.9846732455939705,0.9174954979184555,91.74954979184555,3.4442651249992196
80,2,Plain,8,0.9773975847113737,2.5009964835501886,1.581453914456627,1.4735617659685893,147.35617659685894,3.4675102919864003
80,2,ResDyNet,9,0.21030131206381256,0.833827997505216,0.9131418277054315,0.8508441959092603,85.08441959092603,3.8552452079893555
80,2,Plain,9,0.9776072427468461,2.49988310357156,1.5811018637556404,1.4732337333601686,147.32337333601686,3.878711708006449
80,2,ResDyNet,10,0.17928113153147404,0.5840848587503968,0.7642544463399588,0.7121144165525682,71.21144165525682,4.274072958010947
80,2,Plain,10,0.9770948919017961,2.5017250259949604,1.5816842371329873,1.473776375250983,147.3776375250983,4.298866375000216
80,2,ResDyNet,11,0.1968941273828574,0.6454852385840845,0.8034209597614966,0.7486088576214399,74.860885762144,4.68422058300348
80,2,Plain,11,0.9752437935001763,2.4920255387691053,1.5786150698536694,1.4709165969704892,147.09165969704893,4.707316082989564
80,2,ResDyNet,12,0.14809548597240238,0.6455285008939033,0.8034478831224234,0.7486339441793917,74.86339441793916,5.089434708002955
80,2,Plain,12,0.974726334229409,2.4636352747219092,1.5695971695699216,1.4625139284222795,146.25139284222794,5.1125841249886435
80,2,ResDyNet,13,0.1289367342675308,0.4476533138339799,0.6690689903395463,0.6234228351183498,62.342283511834985,5.50839570799144
80,2,Plain,13,0.9739746125915221,2.5019591752970465,1.5817582543792987,1.4738453427897709,147.3845342789771,5.533028542005923
80,2,ResDyNet,14,0.10920426839028795,0.3708946946860888,0.6090112434808481,0.5674624313960542,56.746243139605426,5.920379624993075
80,2,Plain,14,0.9707430842531706,2.5917647743960286,1.6098958893034134,1.5000633328493826,150.00633328493825,5.944312707986683
80,2,ResDyNet,15,0.09531336204452451,0.31070108359007714,0.5574056723698434,0.5193775673320402,51.93775673320402,6.335574041993823
80,2,Plain,15,0.9701969132633746,2.575152336505625,1.6047281191858092,1.4952481255322392,149.5248125532239,6.360095749987522
80,2,ResDyNet,16,0.08089801847244855,0.40379676123196956,0.6354500462128944,0.5920974893561941,59.20974893561941,6.757335250003962
80,2,Plain,16,0.9631312196461951,2.416431758773369,1.5544876193696007,1.4484352029705636,144.84352029705636,6.78111979199457
80,2,ResDyNet,17,0.07984209299199499,0.2437977667774178,0.4937588143794679,0.4600729138095414,46.00729138095414,7.167989792011213
80,2,Plain,17,0.9307965667285177,2.2183041179477367,1.4893972330938905,1.387785503557117,138.7785503557117,7.192558582988568
80,2,ResDyNet,18,0.07048057013307366,0.19736894739314043,0.4442622506956228,0.4139531735347173,41.395317353471725,7.5927696250146255
80,2,Plain,18,0.6842508237521439,1.4973267719783132,1.223653043954173,1.1401712840942881,114.0171284094288,7.619903874990996
80,2,ResDyNet,19,0.06743139889762402,0.33167102139636745,0.5759088655302742,0.5366184099138556,53.66184099138556,8.02873845800059
80,2,Plain,19,0.6481964682773458,1.598386023185105,1.264272922744573,1.1780199370184412,117.80199370184413,8.051734167005634
80,2,ResDyNet,20,0.07439739039624857,0.19758174979963014,0.4445016870604994,0.4141762747388936,41.41762747388936,8.48090808300185
80,2,Plain,20,0.5949994273469974,1.9482445777879869,1.395795320879099,1.3005694311819342,130.05694311819343,8.505881874996703
80,2,ResDyNet,21,0.08249284904834717,0.20891193648083775,0.4570688531073166,0.425886066104854,42.5886066104854,8.909513291990152
80,2,Plain,21,0.5597537263567819,1.6881907858597283,1.2993039620734357,1.2106610400599358,121.06610400599358,8.93251554199378
80,2,ResDyNet,22,0.1095364408457897,0.29586993566210057,0.543939275712005,0.5068298939164819,50.68298939164819,9.324689500004752
80,2,Plain,22,0.5419237553633196,1.4162158439329697,1.1900486729260151,1.1088595172044322,110.88595172044322,9.34804849998909
80,2,ResDyNet,23,0.14334734244997105,0.310923358310109,0.5576050199828809,0.5195633147749621,51.95633147749621,9.737683457991807
80,2,Plain,23,0.5889436078204808,1.5770754408033976,1.2558166429871032,1.170140573339846,117.0140573339846,9.760691875009798
80,2,ResDyNet,24,0.07391814260092842,0.17659265065040053,0.4202292834279883,0.39155981678582413,39.155981678582414,10.147022707998985
80,2,Plain,24,0.438122491505305,1.648613378002777,1.283983402541784,1.1963857010489698,119.63857010489698,10.170866500004195
80,2,ResDyNet,25,0.06095766995557413,0.1855358311587636,0.4307387040408182,0.40135224908877193,40.13522490887719,10.59596416700515
80,2,Plain,25,0.4713050810564882,1.4468319308440973,1.2028432694429052,1.1207812229626188,112.07812229626188,10.62137970799813
80,2,ResDyNet,26,0.05931466127665239,0.1958948577625958,0.4426001104412377,0.41240443012452394,41.240443012452396,11.013866791996406
80,2,Plain,26,0.549519523655761,1.5911413361341373,1.2614045093205182,1.175347216484482,117.5347216484482,11.037110375007614
80,2,ResDyNet,27,0.06665357921693833,0.17620676540038588,0.4197698957767051,0.39113177011781763,39.113177011781765,11.423433249990921
80,2,Plain,27,0.42796675194119993,1.7035469528059528,1.3051999665974379,1.2161547991629524,121.61547991629524,11.447154416993726
80,2,ResDyNet,28,0.057720128330502524,0.20001090552670817,0.44722578808327695,0.41671452835292966,41.67145283529297,11.836949332995573
80,2,Plain,28,0.4372293817507874,1.728071072209163,1.3145611709651106,1.2248773504263957,122.48773504263957,11.859884917008458
80,2,ResDyNet,29,0.0593494801126354,0.18795721620164532,0.4335403282298491,0.4039627369757915,40.39627369757915,12.24457320800866
80,2,Plain,29,0.43964965237704146,1.94656741792316,1.3951944014807256,1.3000095085425345,130.00095085425346,12.267619291989831
80,2,ResDyNet,30,0.05023649277532551,0.1729850127828284,0.4159146700740771,0.38753956098504383,38.75395609850438,12.670846666995203
80,2,Plain,30,0.5468207497201849,1.7627459680673088,1.3276844384368256,1.237105304092401,123.71053040924009,12.698815083014779
80,2,ResDyNet,31,0.05218457310263163,0.19463826595721645,0.44117827004195986,0.4110795924985061,41.10795924985061,13.108032082993304
80,2,Plain,31,0.47703078986525604,1.6753087363776649,1.2943371803273152,1.2060331090060559,120.60331090060559,13.13145899999654
80,2,ResDyNet,32,0.06061599602000931,0.19951145372134643,0.44666705018542213,0.41619390944905255,41.619390944905255,13.56338604199118
80,2,Plain,32,0.4663024223499309,1.861869624546431,1.3645034351537673,1.2714123840062976,127.14123840062976,13.588296542002354
80,2,ResDyNet,33,0.046599158140066044,0.200615062694726,0.44790072861598024,0.41734342215388226,41.734342215388224,13.998574291996192
80,2,Plain,33,0.5339036872822297,1.7866388697015367,1.336652112444198,1.2454611729711185,124.54611729711185,14.023393542011036
80,2,ResDyNet,34,0.04556120316623785,0.17971918936083597,0.4239330010282709,0.395010854212733,39.5010854212733,14.428986916987924
80,2,Plain,34,0.5492635776873913,1.7433791294875278,1.320370830292584,1.2302906550949728,123.02906550949729,14.453837874985766
80,2,ResDyNet,35,0.044651958831691096,0.18178681857273318,0.4263646544599273,0.39727661200195463,39.72766120019546,14.857165082998108
80,2,Plain,35,0.4820401363998396,2.0668876841143873,1.4376674455917777,1.3395848975653932,133.95848975653934,14.881949542002985
80,2,ResDyNet,36,0.04544942134082172,0.196717399496472,0.4435283525283045,0.4132693443888985,41.32693443888985,15.285554833011702
80,2,Plain,36,0.521085989415437,1.992424434755417,1.4115326545126106,1.3152331105523205,131.52331105523206,15.310305332997814
80,2,ResDyNet,37,0.047534861821966486,0.17476451291352035,0.4180484576140909,0.38952777430376373,38.95277743037637,15.71311300000525
80,2,Plain,37,0.48485230918571287,1.9607484312445909,1.4002672713609323,1.3047362900382662,130.47362900382663,15.738052500004414
80,2,ResDyNet,38,0.05085491606261288,0.20355572526479684,0.45117150316126664,0.42039105336904375,42.03910533690438,16.143057375011267
80,2,Plain,38,0.5172927386859115,2.154379117334605,1.4677803368810352,1.367643385303156,136.7643385303156,16.16828104198794
80,2,ResDyNet,39,0.05975541953428819,0.2001662687163452,0.44739945095668726,0.41687634335625434,41.68763433562543,16.573415041988483
80,2,Plain,39,0.5207416185822582,1.975667092463746,1.405584253064805,1.3096905292213117,130.96905292213117,16.598590874986257
80,2,ResDyNet,40,0.05474148696850882,0.19351548648278033,0.4399039514289231,0.4098922122222504,40.98922122222504,16.99226241701399
80,2,Plain,40,0.46272034797407285,1.7391905290005254,1.3187837309432222,1.228811833044811,122.8811833044811,17.0164588750049
80,2,ResDyNet,41,0.05344923544622152,0.1996701155672894,0.44684462128047303,0.4163593660418854,41.63593660418854,17.417542332987068
80,2,Plain,41,0.48069317004454065,1.7495963677129018,1.3227230880697978,1.2324824338705151,123.24824338705152,17.441754833009327
80,2,ResDyNet,42,0.04203554991998923,0.2091518200011098,0.4573311929019382,0.42613050818913645,42.61305081891364,17.858884916990064
80,2,Plain,42,0.47748922807392463,1.9347412806780602,1.3909497764757937,1.2960544662482474,129.60544662482474,17.884863999992376
80,2,ResDyNet,43,0.04901173843500638,0.16130602395074922,0.401629212023664,0.37422870532241154,37.422870532241156,18.29062829198665
80,2,Plain,43,0.5018127400818616,1.7390628348096777,1.3187353164337707,1.2287667215373597,122.87667215373597,18.314494416990783
80,2,ResDyNet,44,0.04956217790129872,0.18150986103481448,0.4260397411449013,0.39697386537500606,39.697386537500606,18.746939708013088
80,2,Plain,44,0.45580145792811394,1.6674742304293901,1.291307178958357,1.2032098246047123,120.32098246047123,18.771540999994613
80,2,ResDyNet,45,0.04038235047557828,0.18739607094775015,0.4328926783254138,0.40335927194390847,40.33592719439085,19.17856641698745
80,2,Plain,45,0.4530335547444156,1.8142044411775695,1.3469240665967661,1.2550323395809324,125.50323395809325,19.203515875007724
80,2,ResDyNet,46,0.04336315525677221,0.20115023687219957,0.4484977557047522,0.4178997180302399,41.78997180302399,19.605063291994156
80,2,Plain,46,0.40929785510789096,1.9017932968742939,1.3790552189358822,1.2849713957561495,128.49713957561494,19.628859374992317
80,2,ResDyNet,47,0.04374727582064254,0.1911022111394041,0.43715238892107644,0.40732837063877403,40.732837063877405,20.01733287499519
80,2,Plain,47,0.4024221164872996,1.8850464348499183,1.3729699322453928,1.2793012679578672,127.93012679578672,20.040519583009882
80,2,ResDyNet,48,0.0427382599967543,0.14974751544542447,0.38697224118200585,0.3605716827308903,36.05716827308903,20.42542833299376
80,2,Plain,48,0.3950418394555822,1.8264972528547956,1.3514796531412507,1.2592771285641258,125.92771285641258,20.45005200000014
80,2,ResDyNet,49,0.0651432993803113,0.28723546656826443,0.5359435292717549,0.499379644410615,49.9379644410615,20.88837658299599
80,2,Plain,49,0.3974162742510894,1.769986361597702,1.3304083439296757,1.2396433755162242,123.96433755162242,20.91356558300322
80,2,ResDyNet,50,0.07659882279710563,0.1965758884994632,0.4433687951350018,0.4131206725419992,41.31206725419992,21.31954979200964
80,2,Plain,50,0.4560748216741364,1.6662649576340218,1.2908388581205719,1.2027734542024777,120.27734542024777,21.344468499999493
80,2,ResDyNet,51,0.06717662723963778,0.22342062628732035,0.4726739111557992,0.44042649417914614,44.04264941791462,21.75267858299776
80,2,Plain,51,0.43516613048510805,1.6991095062468735,1.3034989475434469,1.2145698293966938,121.45698293966937,21.777890875004232
80,2,ResDyNet,52,0.04446005356759638,0.15847019292049225,0.3980831482498251,0.3709245660433288,37.09245660433288,22.17505579200224
80,2,Plain,52,0.39606899049137934,1.750437433396865,1.3230409794850895,1.2327786376555394,123.27786376555395,22.198468832997605
80,2,ResDyNet,53,0.05938229868608807,0.27587241596627465,0.5252355813977901,0.4894022290494594,48.94022290494594,22.587621666985797
80,2,Plain,53,0.43588852031798836,1.7724367750164878,1.3313289507167219,1.2405011753866355,124.05011753866356,22.610643791995244
80,2,ResDyNet,54,0.08219303377337149,0.19046387046503926,0.43642166589783243,0.40664750001793437,40.664750001793436,23.043065542005934
80,2,Plain,54,0.3927785035411998,1.7401572803561904,1.319150211445304,1.229153311004367,122.9153311004367,23.068112000008114
80,2,ResDyNet,55,0.03822330080850713,0.18944850455758983,0.4352568259747224,0.40556212942415487,40.556212942415485,23.47449370799586
80,2,Plain,55,0.42710741852711226,1.8047215578913332,1.343399254835037,1.2517480024296315,125.17480024296314,23.499528167012613
80,2,ResDyNet,56,0.03773352202518063,0.1571311397801693,0.3963977040551185,0.3693541085666424,36.93541085666424,23.891594374988927
80,2,Plain,56,0.4440387542729117,1.7728174193519437,1.3314718995727788,1.2406343717870167,124.06343717870168,23.914873000001535
80,2,ResDyNet,57,0.04943949943627825,0.30633820283705016,0.5534782767526203,0.515718111960961,51.57181119609609,24.301529207994463
80,2,Plain,57,0.4840167206585351,1.790263272898222,1.338007202109997,1.246723813825036,124.6723813825036,24.32441612498951
80,2,ResDyNet,58,0.09610249969516911,0.21985806586058465,0.4688902492701087,0.4369009665370575,43.69009665370575,24.71035400000983
80,2,Plain,58,0.42280081302883055,1.7142674292414388,1.309300358680711,1.219975448594566,121.9975448594566,24.733754999993835
80,2,ResDyNet,59,0.149333831849257,0.24045391739065555,0.49036100720862336,0.4569069165652836,45.69069165652836,25.118519582989393
80,2,Plain,59,0.4517702474208379,1.75288260973646,1.323964731303844,1.2336393679929318,123.36393679929319,25.1418427079916
80,2,ResDyNet,60,0.1592541818838037,0.348021284430447,0.5899332881186202,0.5496860388387702,54.96860388387702,25.52924979198724
80,2,Plain,60,0.43785095151950254,1.868865679063562,1.3670646213926985,1.2737988374354579,127.37988374354579,25.552570750005543
80,2,ResDyNet,61,0.129978686777263,0.2941869750583279,0.5423900580378737,0.5053863691252161,50.5386369125216,25.939899457996944
80,2,Plain,61,0.5048977888953985,1.71652100435029,1.3101606788292381,1.22077707478536,122.07770747853598,25.96314666699618
80,2,ResDyNet,62,0.08917979825622051,0.16187487638144363,0.4023367698600808,0.3748879911640186,37.488799116401864,26.351944124995498
80,2,Plain,62,0.4363298234627713,1.6630651840948951,1.2895988461901224,1.2016180400905951,120.16180400905951,26.375150875013787
80,2,ResDyNet,63,0.07820505559212271,0.35811298300363253,0.5984254197505589,0.5575988084553902,55.75988084553902,26.762202250014525
80,2,Plain,63,0.4415441718838453,1.6515706394523506,1.2851344830220495,1.1974582509157516,119.74582509157517,26.785527083004126
80,2,ResDyNet,64,0.09010379413120541,0.18515784762517756,0.43029971836520825,0.40094321250447856,40.094321250447855,27.17168483301066
80,2,Plain,64,0.40049245744687645,1.6882215983975946,1.2993158193440095,1.2106720883873052,121.06720883873052,27.19465499999933
80,2,ResDyNet,65,0.11942535307550797,0.2171151781764648,0.4659561977015273,0.4341670859153593,43.41670859153593,27.58099424999091
80,2,Plain,65,0.3887403713038231,1.7558874308789536,1.325099026819865,1.2346962780226447,123.46962780226447,27.604316499986453
80,2,ResDyNet,66,0.07196415088216619,0.3393154814771834,0.5825079239608534,0.5427672582020051,54.27672582020051,27.9899025420018
80,2,Plain,66,0.47105506473529557,1.6833904116691631,1.297455360183603,1.208938556059325,120.89385560593252,28.012893542007077
80,2,ResDyNet,67,0.06405264581445523,0.1903865868974787,0.43633311460107943,0.4065649899909084,40.65649899909084,28.400413374998607
80,2,Plain,67,0.42131744303378443,1.7010574269784515,1.304245922737906,1.21526584341052,121.52658434105199,28.423444749991177
80,2,ResDyNet,68,0.11494850015333785,0.2683924447386876,0.5180660621375305,0.48272183870376667,48.272183870376665,28.80905791700934
80,2,Plain,68,0.39640028917377923,1.691631103010838,1.3006271960138456,1.2118939984940675,121.18939984940675,28.832077166996896
80,2,ResDyNet,69,0.07910965038093029,0.23799518497579084,0.48784750176237535,0.45456489098345215,45.456489098345216,29.21818450000137
80,2,Plain,69,0.3946554955758664,1.7924747069025815,1.3388333379859427,1.2474935879102371,124.74935879102371,29.24140774999978
80,2,ResDyNet,70,0.08245728547977024,0.18264787807739313,0.42737323041738723,0.3982163794876855,39.821637948768554,29.628679374989588
80,2,Plain,70,0.39946123179430515,1.8182238128048285,1.34841529685955,1.2564218330586787,125.64218330586787,29.6520047080121
80,2,ResDyNet,71,0.07296029921531402,0.35888717556826677,0.5990719285430313,0.5582012102258378,55.82012102258378,30.03933241701452
80,2,Plain,71,0.4356005593455748,1.7559438347262017,1.3251203095289883,1.2347161087531855,123.47161087531855,30.062218625011155
80,2,ResDyNet,72,0.07237576547159162,0.1940859924417787,0.44055191798672116,0.4104959723043301,41.04959723043301,30.45026000001235
80,2,Plain,72,0.409824842506353,1.7933300813963218,1.3391527475968983,1.2477912063144692,124.77912063144692,30.473205374990357
80,2,ResDyNet,73,0.0923692364813622,0.20429829952357317,0.45199369411925777,0.4211571516719697,42.115715167196974,30.858838082989678
80,2,Plain,73,0.40957618267251217,1.8472591554927813,1.3591391229350958,1.266414043356663,126.64140433566631,30.882029958011117
80,2,ResDyNet,74,0.06560239512701689,0.35400815383636863,0.5949858433915622,0.5543938916586283,55.43938916586283,31.26800495799398
80,2,Plain,74,0.47138856226643144,1.8597474136032808,1.3637255638886003,1.270687581756471,127.06875817564709,31.291085500008194
80,2,ResDyNet,75,0.06597795054434541,0.18281058937817896,0.4275635501047522,0.39839371492063647,39.83937149206365,31.677382583002327
80,2,Plain,75,0.4069098195794243,1.889148847959405,1.3744631126223086,1.2806925785063468,128.06925785063467,31.700131457997486
80,2,ResDyNet,76,0.06926057347072359,0.3211641067455744,0.566713425591431,0.528050314067828,52.805031406782796,32.08453570801066
80,2,Plain,76,0.4134525840102171,1.8568412706318926,1.3626596312476174,1.2696943706546537,126.96943706546537,32.10748700000113
80,2,ResDyNet,77,0.09536508335585511,0.2996654899936989,0.5474171078745155,0.510070456576123,51.0070456576123,32.49137574998895
80,2,Plain,77,0.4301421008758085,1.7819113268039701,1.3348825142326086,1.2438123027499333,124.38123027499333,32.51465487500536
80,2,ResDyNet,78,0.057159206695165464,0.1885907705008386,0.43427038869906687,0.4046429902442872,40.46429902442872,32.901491166994674
80,2,Plain,78,0.4366000121383122,1.7859248415883822,1.3363849900340778,1.245212274557584,124.52122745575839,32.92430783298914
80,2,ResDyNet,79,0.04659156866267964,0.24331792562309465,0.49327266863581104,0.4596199345769551,45.96199345769551,33.30992537501152
80,2,Plain,79,0.49233605972355615,1.7302054054106117,1.315372724899909,1.2256335373999194,122.56335373999194,33.333005166990915
80,2,ResDyNet,80,0.041388882559625834,0.21253789516851013,0.4610183241135976,0.4295660908070957,42.95660908070957,33.722023457987234
80,2,Plain,80,0.45415682403393903,1.8349385376215046,1.3545990320465702,1.262183692863236,126.2183692863236,33.74504999999772
80,2,ResDyNet,81,0.0368258260462368,0.20707331875671958,0.45505309443703335,0.42400782932615555,42.400782932615556,34.13758362500812
80,2,Plain,81,0.443169737093997,1.7955138572799492,1.3399678568084943,1.248550706011752,124.8550706011752,34.16096416700748
80,2,ResDyNet,82,0.04644495758172345,0.22209848753711436,0.47127326206471165,0.4391214021184177,43.91214021184177,34.5489374170138
80,2,Plain,82,0.4794811392215924,1.704876670458624,1.3057092595438786,1.2166293464176605,121.66293464176606,34.57202320799115
80,2,ResDyNet,83,0.038146176779310446,0.19505801007498902,0.4416537219077736,0.41152260742585683,41.15226074258568,34.95995866699377
80,2,Plain,83,0.422245488043499,1.5751698862908545,1.2550577222944188,1.1694334287901886,116.94334287901886,34.983240667002974
80,2,ResDyNet,84,0.053596225194728044,0.20487628308433703,0.45263261380985026,0.42175248209480093,42.175248209480095,35.37113333301386
80,2,Plain,84,0.449956714112857,1.7493944623158564,1.3226467639985577,1.2324113168862172,123.24113168862172,35.39408887500758
80,2,ResDyNet,85,0.03881818189860072,0.24786702509580166,0.49786245600145596,0.46389659108532,46.389659108532,35.79196345800301
80,2,Plain,85,0.40926021086187564,1.8614277613696961,1.364341512001191,1.2712615078002443,127.12615078002443,35.81694575000438
80,2,ResDyNet,86,0.04078373707696275,0.17321583276804067,0.41619206235587997,0.38779802862479157,38.77980286247916,36.20865366701037
80,2,Plain,86,0.4316756648410388,1.8317110371828194,1.3534071956299107,1.2610731675682376,126.10731675682376,36.23205345799215
80,2,ResDyNet,87,0.033787915019417074,0.16375203623527376,0.40466286737885127,0.3770553944226537,37.70553944226537,36.622254999994766
80,2,Plain,87,0.41741445113569153,1.8499488240948518,1.3601282381065587,1.2673356777372058,126.73356777372058,36.64553891698597
80,2,ResDyNet,88,0.03845656732234843,0.21217115155405383,0.4606203985431538,0.4291953130683661,42.91953130683661,37.04016904201126
80,2,Plain,88,0.44405359101768377,1.7617649470792853,1.3273149389196541,1.2367610130852016,123.67610130852016,37.06403574999422
80,2,ResDyNet,89,0.035867038827302786,0.2279581801543843,0.47744966242985687,0.4448764275075196,44.48764275075196,37.45719074999215
80,2,Plain,89,0.39130911684607605,1.7649950512701797,1.3285311630782997,1.2378942623077331,123.78942623077332,37.48022729199147
80,2,ResDyNet,90,0.033621859648047196,0.17874530888605764,0.4227828152681441,0.3939391380252482,39.39391380252482,37.86993091698969
80,2,Plain,90,0.4257915338613747,1.6736197862927285,1.2936845775894248,1.2054250290398103,120.54250290398103,37.892645707994234
80,2,ResDyNet,91,0.03436178447762897,0.17757415396111031,0.42139548403027566,0.3926464552286337,39.26464552286337,38.29469712500577
80,2,Plain,91,0.4194319975934176,1.5985453880694391,1.2643359474718099,1.1780786619850796,117.80786619850797,38.32368079200387
80,2,ResDyNet,92,0.033294336560933904,0.22188911737139966,0.4710510772425849,0.43891437549824774,43.89143754982477,38.725460582994856
80,2,Plain,92,0.44756262459970697,1.5398671802567743,1.2409138488455893,1.1562544983475305,115.62544983475304,38.74871295801131
80,2,ResDyNet,93,0.033965568400270006,0.23022413941275469,0.4798167769188096,0.4470820494195495,44.708204941954946,39.14265745799639
80,2,Plain,93,0.4564916293625871,1.619141461522563,1.2724548956731485,1.1856437080101374,118.56437080101374,39.165996583004016
80,2,ResDyNet,94,0.03378757131412741,0.17732514232973057,0.4210999196505867,0.3923710552531361,39.23710552531361,39.55279424999026
80,2,Plain,94,0.4166045317149383,1.5937340327259653,1.2624317932965587,1.17630441566433,117.630441566433,39.575875582988374
80,2,ResDyNet,95,0.032998809657402414,0.17206854077242967,0.41481145207483083,0.3865116082585325,38.651160825853246,39.964337707991945
80,2,Plain,95,0.4123807648774527,1.7941547787231542,1.3394606297772078,1.2480780837284613,124.80780837284613,39.98701300000539
80,2,ResDyNet,96,0.03365824476848262,0.2106813133886805,0.45900034138187795,0.42768578169997346,42.76857816999735,40.372952542005805
80,2,Plain,96,0.5183583896970849,1.710217824504229,1.3077529676908515,1.2185336258649768,121.85336258649768,40.3959249999898
80,2,ResDyNet,97,0.0341423914344566,0.21892821873000798,0.4678976583933798,0.43597609357564754,43.59760935756476,40.7817297920119
80,2,Plain,97,0.4100290949482969,1.6207152720925146,1.2730731605420462,1.1862197927532467,118.62197927532468,40.80491599999368
80,2,ResDyNet,98,0.03294510648834853,0.17351977555490164,0.4165570495801285,0.3881381151829917,38.81381151829917,41.19067675000406
80,2,Plain,98,0.4200297672141984,1.6189898700796257,1.2723953277498412,1.185588204012543,118.5588204012543,41.21365695798886
80,2,ResDyNet,99,0.032380754396316304,0.17023759557656898,0.4125985889173265,0.38444971412907925,38.444971412907925,41.60361250001006
80,2,Plain,99,0.3905640775775577,1.7288203566044973,1.3148461341938444,1.225142872497403,122.51428724974029,41.62675362499431
80,2,ResDyNet,100,0.0343579032618212,0.2134181135643744,0.4619719835275451,0.43045468834212525,43.04546883421253,42.016376082989154
80,2,Plain,100,0.3821209030907262,1.6703044769154014,1.2924025986183256,1.2042305110210942,120.42305110210943,42.03931520800688
80,3,ResDyNet,0,1.2898724395680858,2.2870304634626244,1.5122931142680722,1.40911935008152,140.911935008152,0.026551457995083183
80,3,Plain,0,1.0636331874959204,2.167599415431105,1.4722769492969403,1.371833223572793,137.1833223572793,0.05232516600517556
80,3,ResDyNet,1,1.198346726133004,2.2826403093436842,1.5108409278754942,1.4077662367687631,140.7766236768763,0.46039058300084434
80,3,Plain,1,1.044220763880582,2.36980182238175,1.5394160653902993,1.4343918815088308,143.43918815088307,0.486755666002864
80,3,ResDyNet,2,1.000110647030993,2.5140210309256203,1.5855664700433156,1.4773937490681708,147.7393749068171,0.8954301660123747
80,3,Plain,2,1.0023099179107113,2.5466050334964336,1.5958085829749236,1.486937110326305,148.6937110326305,0.9206059160060249
80,3,ResDyNet,3,0.9480063755239375,2.508302869962914,1.5837622517167513,1.475712620633645,147.57126206336451,1.31832387499162
80,3,Plain,3,0.9850764049663135,2.62105521610556,1.618967330153873,1.5085158892452961,150.8515889245296,1.3416185000096448
80,3,ResDyNet,4,0.9513831245096679,2.291006762306814,1.5136072021191014,1.4103437864035016,141.03437864035016,1.7451656250050291
80,3,Plain,4,0.9873819532078126,2.64499180412572,1.6263430770061156,1.5153884376373636,151.53884376373637,1.7717620409966912
80,3,ResDyNet,5,0.917893632808521,2.301487573812908,1.5170654480980403,1.4135660991154277,141.35660991154276,2.1820917500008363
80,3,Plain,5,0.9898120904699401,2.652578076818877,1.6286737171142895,1.51756007357455,151.756007357455,2.2070644159975927
80,3,ResDyNet,6,0.8730209235510412,2.200961041746701,1.4835636291533643,1.3823498878581817,138.23498878581816,2.6168689579935744
80,3,Plain,6,0.9859546862259488,2.5998500376526814,1.6124050476392964,1.5024013078954586,150.24013078954584,2.643233415990835
80,3,ResDyNet,7,0.6884545767359235,1.6435861182182792,1.2820242268452962,1.194560186961731,119.4560186961731,3.0412711249955464
80,3,Plain,7,0.9815256765128136,2.5442383065364718,1.595066865851232,1.4862459956598293,148.62459956598292,3.0661181249888614
80,3,ResDyNet,8,0.5224809532331596,0.9615132941745322,0.9805678427189688,0.913670179548316,91.3670179548316,3.4592786249995697
80,3,Plain,8,0.9782988193311756,2.4833924363151945,1.575878306315305,1.4683665447206162,146.8366544720616,3.484650041005807
80,3,ResDyNet,9,0.7430909104699931,0.9794348651047278,0.9896640162725568,0.9221457812984861,92.21457812984862,3.882195165992016
80,3,Plain,9,0.9780625871446549,2.463319978703106,1.5694967278408407,1.4624203391685373,146.24203391685373,3.9055715409922414
80,3,ResDyNet,10,0.6337929808265741,1.3657385114790488,1.1686481555536932,1.0889190156927993,108.89190156927992,4.2948500830098055
80,3,Plain,10,0.977547127947806,2.49764800904135,1.580394890222488,1.4725749919586761,147.2574991958676,4.318040915997699
80,3,ResDyNet,11,0.5829373422472696,1.411871594567807,1.1882220308375901,1.1071574948331153,110.71574948331153,4.705025790986838
80,3,Plain,11,0.9769433607281651,2.529168858488613,1.5903360835020417,1.4818379633237868,148.18379633237868,4.728309291007463
80,3,ResDyNet,12,0.44014784939078694,1.2939190449805145,1.1375056241533554,1.0599011333836703,105.99011333836702,5.118443624989595
80,3,Plain,12,0.9765072314522523,2.538764995314981,1.5933502425126063,1.4846464861861453,148.46464861861452,5.141344583011232
80,3,ResDyNet,13,0.38026543225443726,1.3391947312765613,1.1572358148953745,1.0782852636115159,107.82852636115159,5.527593750011874
80,3,Plain,13,0.9751779610785778,2.5192252179056696,1.5872067344570049,1.478922109081698,147.8922109081698,5.5504573750076815
80,3,ResDyNet,14,0.4918906698731183,1.2693156459785422,1.126639093045569,1.0497759538746334,104.97759538746334,5.936844082985772
80,3,Plain,14,0.9746175577661184,2.501922398369616,1.5817466290052955,1.4738345105382018,147.38345105382018,5.959915749990614
80,3,ResDyNet,15,0.35389450653665805,1.2343455306732039,1.1110110398520816,1.0352140994621013,103.52140994621013,6.3485571659985
80,3,Plain,15,0.9734370286047425,2.5191200236112676,1.5871735959280786,1.4788912313755822,147.88912313755822,6.371383958001388
80,3,ResDyNet,16,0.3205540732928458,1.176431059176175,1.0846340669443197,1.0106366530859785,101.06366530859785,6.788881874992512
80,3,Plain,16,0.9704779384284888,2.595982013303493,1.611205143147046,1.5012832649563435,150.12832649563435,6.815340000001015
80,3,ResDyNet,17,0.3019044866170513,1.112073518831988,1.054548964644121,0.9826040584782131,98.2604058478213,7.230350083002122
80,3,Plain,17,0.9675087590650616,2.5476946388020547,1.5961499424559256,1.4872551811060204,148.72551811060205,7.255280249984935
80,3,ResDyNet,18,0.33415318869618876,1.0745293821989956,1.0365950907654327,0.9658750587540905,96.58750587540905,7.6616909579897765
80,3,Plain,18,0.9519266665243165,2.3216083404493286,1.5236824933198283,1.4197317070748996,141.97317070748997,7.687067291000858
80,3,ResDyNet,19,0.2761404102649207,0.8652760625669236,0.9302021622028857,0.8667406165385779,86.67406165385779,8.084596583008533
80,3,Plain,19,0.7920629879296167,1.6530855871530972,1.2857237600484395,1.1980073254652621,119.8007325465262,8.108738874987466
80,3,ResDyNet,20,0.24040372854664405,0.8023289795054458,0.8957281839405556,0.8346185699687567,83.46185699687567,8.501592332992004
80,3,Plain,20,0.7235859576438349,1.6916315223268215,1.3006273572114426,1.211894148694218,121.18941486942181,8.526003250008216
80,3,ResDyNet,21,0.22269694033816,0.7275609037897547,0.8529718071482519,0.7947791781808948,79.47791781808948,8.914917499991134
80,3,Plain,21,0.9225174703991498,1.7489490849792793,1.3224783873391954,1.2322544274534935,123.22544274534934,8.938949208008125
80,3,ResDyNet,22,0.18748102205714473,0.6047833357023594,0.7776781697478459,0.7246223280319846,72.46223280319846,9.334214333008276
80,3,Plain,22,0.8424162826600994,1.8996149324302467,1.378265189442963,1.284235264754094,128.4235264754094,9.358315290999599
80,3,ResDyNet,23,0.16309563983095218,0.47453551264635907,0.6888653806415003,0.6418686485476801,64.186864854768,9.75414112501312
80,3,Plain,23,0.832449165604666,1.9297552978565065,1.3891563259246622,1.2943833709750028,129.43833709750027,9.77837250000448
80,3,ResDyNet,24,0.13947425574652209,0.4753594458355723,0.689463157707192,0.642425643234989,64.2425643234989,10.165381166007137
80,3,Plain,24,0.8058004565446395,1.897011489573694,1.377320401930391,1.2833549338492451,128.33549338492452,10.188335082988488
80,3,ResDyNet,25,0.1242619740213673,0.32710505071460666,0.5719309842232773,0.5329119131579473,53.29119131579473,10.585268666007323
80,3,Plain,25,0.7984687084689729,1.9240065924445384,1.3870856471193616,1.2924539608991226,129.24539608991225,10.61084937499254
80,3,ResDyNet,26,0.12373293898571149,0.3387047752287462,0.5819834836391374,0.5422785969773255,54.22785969773255,11.004147916013608
80,3,Plain,26,0.8234029397437516,2.0285239244666204,1.424262589716735,1.3270945664117537,132.70945664117536,11.02798654101207
80,3,ResDyNet,27,0.18244340737226294,0.7179760307829417,0.8473346628003258,0.789526618934991,78.9526618934991,11.419755332986824
80,3,Plain,27,0.8292028367323903,2.1405714809080134,1.463069198947204,1.3632536571738458,136.32536571738459,11.442714333010372
80,3,ResDyNet,28,0.22999432298769787,0.21495951599648855,0.4636372676958665,0.4320063611777857,43.200636117778565,11.852797791012563
80,3,Plain,28,0.8348254766285168,2.2077057926071357,1.4858350489227046,1.3844663436688558,138.44663436688558,11.879022415989311
80,3,ResDyNet,29,0.5481130454643581,0.22038156061295328,0.4694481447539795,0.43742080049928905,43.74208004992891,12.31137862498872
80,3,Plain,29,0.8381600527988318,2.1915736515445245,1.4803964508011105,1.379398785152487,137.9398785152487,12.336428582988447
80,3,ResDyNet,30,0.193326392162011,0.42387055507759624,0.6510534195268436,0.6066363476342554,60.66363476342554,12.74128820799524
80,3,Plain,30,0.8354289103210409,2.147079661253655,1.4652916642271787,1.3653244983364154,136.53244983364155,12.76617708298727
80,3,ResDyNet,31,0.19672514187945303,0.30616762054208263,0.553324155032186,0.5155745049468955,51.55745049468955,13.168403290997958
80,3,Plain,31,0.8334289696357196,2.1050947457147404,1.4508944640168493,1.351909523942915,135.19095239429151,13.192122707987437
80,3,ResDyNet,32,0.41613134585835587,0.3080252715242858,0.5550002446164198,0.5171362460163554,51.713624601635544,13.582269540987909
80,3,Plain,32,0.8343028595989944,2.099689322406319,1.449030476700307,1.3501727041615743,135.01727041615743,13.605152208008803
80,3,ResDyNet,33,0.1310601183521627,0.23666832922999823,0.48648569272898273,0.4532959891799826,45.32959891799826,13.997429874987574
80,3,Plain,33,0.8306145717229755,2.1014293300233673,1.4496307564422628,1.3507320307840864,135.07320307840865,14.02030479098903
80,3,ResDyNet,34,0.1672881921795436,0.4401299236626131,0.6634228844881771,0.6181619257531549,61.81619257531549,14.4112922080094
80,3,Plain,34,0.8301970194767663,2.1208340284646,1.4563083562434846,1.3569540620842528,135.69540620842528,14.434230582992313
80,3,ResDyNet,35,0.165471356200573,0.3439019994536254,0.5864315812212243,0.5464232302596128,54.64232302596128,14.824111333000474
80,3,Plain,35,0.8291254046583469,2.1251953463034368,1.4578049754008375,1.3583485768079078,135.83485768079078,14.847645500005456
80,3,ResDyNet,36,0.1056322313647793,0.23515162668565803,0.48492435150821,0.451841167951536,45.1841167951536,15.237922083004378
80,3,Plain,36,0.8257015225684612,2.1150833560426117,1.4543326153403189,1.3551131129249057,135.51131129249057,15.261059250013204
80,3,ResDyNet,37,0.10077807751133619,0.31300792683129386,0.5594711134913882,0.5213020970567104,52.130209705671035,15.651020499994047
80,3,Plain,37,0.8230233076732673,2.0952669230241505,1.4475036867048563,1.348750076956701,134.8750076956701,15.674151332990732
80,3,ResDyNet,38,0.12131944375186347,0.2687170585641742,0.5183792613175938,0.4830136703737604,48.30136703737604,16.065626416006126
80,3,Plain,38,0.8214565149308244,2.108634854578648,1.4521139261706184,1.3530457902535633,135.30457902535633,16.088700082997093
80,3,ResDyNet,39,0.1084257462710791,0.4553210444520724,0.6747748101789754,0.6287393845808593,62.87393845808593,16.47632024998893
80,3,Plain,39,0.8201333817289168,2.097836049750723,1.4483908484075434,1.349576713479815,134.9576713479815,16.4995519160002
80,3,ResDyNet,40,0.10200445450823209,0.2923669777601321,0.5407096982301428,0.5038206491613856,50.38206491613856,16.905353083013324
80,3,Plain,40,0.8172977998563883,2.1187708681820787,1.4555998310600613,1.3562938748913322,135.62938748913322,16.93032320801285
80,3,ResDyNet,41,0.11227170292316897,0.33985709566286715,0.5829726371476341,0.5432002670794196,54.32002670794196,17.339817166008288
80,3,Plain,41,0.8118964734171201,2.1189745124504147,1.455669781389452,1.3563590529720622,135.63590529720622,17.364278374996502
80,3,ResDyNet,42,0.09752421956820398,0.2606651234117537,0.5105537419427594,0.4757220344656951,47.57220344656951,17.75407762499526
80,3,Plain,42,0.8102688869157391,2.109321312737585,1.4523502720547772,1.3532660118200959,135.3266011820096,17.77710737500456
80,3,ResDyNet,43,0.10435834568604196,0.41326578320701773,0.6428575139228114,0.5989995945014656,59.899959450146554,18.16563924998627
80,3,Plain,43,0.8076967159180931,2.1022188874681818,1.4499030614038242,1.35098575817783,135.098575817783,18.188626832998125
80,3,ResDyNet,44,0.09577940737836689,0.2611796370592933,0.5110573715927531,0.47619130479324295,47.6191304793243,18.579203458008124
80,3,Plain,44,0.8069585895293047,2.1074574253881155,1.4517084505464986,1.3526679775514205,135.26679775514205,18.602089416002855
80,3,ResDyNet,45,0.09739772355982856,0.32817699119784927,0.5728673417099716,0.5337843891618688,53.37843891618688,18.992169875011314
80,3,Plain,45,0.8046949449041018,2.1179430212339545,1.4553154370218007,1.356028883178694,135.6028883178694,19.015423041011672
80,3,ResDyNet,46,0.08831056210099265,0.2620565003180543,0.511914543960273,0.47698999795532354,47.69899979553235,19.405570041009923
80,3,Plain,46,0.8009650370771492,2.141620645220049,1.4634277041316557,1.3635877039189837,136.35877039189836,19.429152916010935
80,3,ResDyNet,47,0.0934668557621326,0.36626888983127837,0.605201528279034,0.5639126278834102,56.391262788341024,19.853062040987425
80,3,Plain,47,0.8012933732412544,2.1540328513130533,1.46766237647255,1.3675334725537216,136.75334725537215,19.8780128750077
80,3,ResDyNet,48,0.08534847334306864,0.2540216522327574,0.5040056073425745,0.4696206358115561,46.96206358115561,20.28036483298638
80,3,Plain,48,0.7985903093251854,2.147969144036244,1.4655951501135107,1.3656072793865124,136.56072793865124,20.303851333010243
80,3,ResDyNet,49,0.09656681977681779,0.3166331795372736,0.562701678989208,0.5243122624219655,52.43122624219655,20.69492400001036
80,3,Plain,49,0.7983244484976274,2.1372902637603666,1.4619474216812198,1.362208411356705,136.2208411356705,20.718317165999906
80,3,ResDyNet,50,0.08233698464073136,0.24513521428726598,0.4951113150466933,0.46133314229514677,46.133314229514674,21.1080148750043
80,3,Plain,50,0.7963196835183873,2.1541831369176054,1.4677135745497503,1.3675811777244913,136.75811777244914,21.130970875005005
80,3,ResDyNet,51,0.09376548673596939,0.33364739712693625,0.5776221923774538,0.5382148477939178,53.82148477939178,21.51830812499975
80,3,Plain,51,0.7955476454186399,2.1865562881859057,1.4787008785369358,1.3778188905775741,137.7818890577574,21.54127887499635
80,3,ResDyNet,52,0.0798392765305204,0.25191961612392477,0.501915945277618,0.46767353757836294,46.7673537578363,21.92806016598479
80,3,Plain,52,0.7949327786275913,2.175455752618911,1.474942626890589,1.3743170396021391,137.43170396021392,21.9512405830028
80,3,ResDyNet,53,0.09027660687225623,0.32981337056736365,0.5742938016097368,0.5351135311303868,53.51135311303869,22.339621708000777
80,3,Plain,53,0.7913676122934591,2.172844912429607,1.4740572961827525,1.3734921091571985,137.34921091571985,22.36282833298901
80,3,ResDyNet,54,0.07605485539491715,0.2489024949372404,0.49890128776867315,0.4648645502268741,46.48645502268741,22.752304416004336
80,3,Plain,54,0.7916473374597719,2.1571261864428295,1.4687158290298465,1.3685150550054792,136.85150550054792,22.77536912501091
80,3,ResDyNet,55,0.09139745999010417,0.3249666431566137,0.5700584559118598,0.5311671350773628,53.11671350773628,23.166349041013746
80,3,Plain,55,0.7881426555727449,2.1754940630903907,1.474955613939074,1.3743291406301397,137.43291406301395,23.18956929098931
80,3,ResDyNet,56,0.07567373338814427,0.24531485302319703,0.49529269429620804,0.4615021472372331,46.15021472372331,23.586057874985272
80,3,Plain,56,0.7868800971403448,2.193870368899831,1.4811719579102998,1.3801213845370732,138.01213845370734,23.608951708010864
80,3,ResDyNet,57,0.09387086634688738,0.333649859199091,0.5776243235867851,0.5382168336049219,53.82168336049219,24.00391754100565
80,3,Plain,57,0.785936552837839,2.194317135438812,1.4813227654494519,1.3802619034745414,138.02619034745413,24.027633666002657
80,3,ResDyNet,58,0.07347330412760092,0.24799534481423247,0.4979913099786305,0.4640166542072496,46.40166542072496,24.418615625007078
80,3,Plain,58,0.7835615853726652,2.1937583139422863,1.4811341309760864,1.3800861382845766,138.00861382845767,24.44143841598998
80,3,ResDyNet,59,0.09735091297235977,0.3192199851814227,0.5649955620900244,0.5264496490394731,52.64496490394731,24.83181199998944
80,3,Plain,59,0.7826200689822762,2.214230541318523,1.4880290794599826,1.3865106900032929,138.65106900032927,24.854796083003748
80,3,ResDyNet,60,0.07388724371127603,0.24261064960104223,0.49255522492512677,0.4589514373089445,45.895143730894446,25.24373633301002
80,3,Plain,60,0.78107054655473,2.1664918689439854,1.471900767356273,1.3714827060396875,137.14827060396874,25.266702708002413
80,3,ResDyNet,61,0.09107604876086013,0.2914514192083049,0.5398624076635684,0.5030311636302826,50.30311636302825,25.654099665989634
80,3,Plain,61,0.7790396507306867,2.1669945617819346,1.4720715206069082,1.3716418099245689,137.1641809924569,25.677225624996936
80,3,ResDyNet,62,0.08553846212665404,0.2282232424520286,0.4777271631925786,0.44513499622725006,44.51349962272501,26.126056165987393
80,3,Plain,62,0.7777130372329074,2.161809706643274,1.4703093914694532,1.3699998992119542,136.9999899211954,26.15185566598666
80,3,ResDyNet,63,0.07824646693581387,0.29166339642343597,0.5400586972019208,0.5032140616307438,50.32140616307438,26.567198125005234
80,3,Plain,63,0.7759923293413491,2.165932261521408,1.4717106582210404,1.3713055667942886,137.13055667942885,26.592202625004575
80,3,ResDyNet,64,0.08905550476517982,0.2540053738541377,0.5039894580783786,0.4696055883049231,46.96055883049231,27.007814332988346
80,3,Plain,64,0.7744716972082921,2.1692205180316804,1.472827389082536,1.3723461104897667,137.23461104897666,27.03449737498886
80,3,ResDyNet,65,0.07459047418105401,0.27705375468574733,0.5263589599177992,0.49044896687764616,49.04489668776462,27.443737291003345
80,3,Plain,65,0.7729409253026442,2.1626703729046954,1.4706020443698204,1.3702725863391216,137.02725863391217,27.468911000003573
80,3,ResDyNet,66,0.0893366677061297,0.22428999113126238,0.47359264260676853,0.4412825466552668,44.128254665526676,27.872638291009935
80,3,Plain,66,0.7715072639642875,2.168811339137431,1.4726884732140164,1.372216671932838,137.2216671932838,27.896633875003317
80,3,ResDyNet,67,0.07266941339241859,0.27008657312557327,0.5196985406229012,0.4842429439714059,48.424294397140585,28.288512125000125
80,3,Plain,67,0.7708949222790918,2.1564953104992677,1.4685010420490916,1.3683149215208579,136.8314921520858,28.311919875006424
80,3,ResDyNet,68,0.08701329463264702,0.23203847996767976,0.48170372633775604,0.44884026475080785,44.88402647508079,28.701871124998434
80,3,Plain,68,0.7687156935919772,2.1617657258227942,1.470294435078496,1.3699859631967026,136.99859631967027,28.725719957990805
80,3,ResDyNet,69,0.07096306718873856,0.2768465811731064,0.5261621244189916,0.4902655601640032,49.02655601640032,29.11622883300879
80,3,Plain,69,0.7674315513808916,2.156758645323327,1.468590700407478,1.3683984630820187,136.83984630820188,29.13924879100523
80,3,ResDyNet,70,0.08676287025793677,0.25144199873682216,0.5014399253518034,0.4672299933459908,46.72299933459908,29.528552291012602
80,3,Plain,70,0.7673299283498496,2.165444918187753,1.471545078544233,1.3711512835244857,137.11512835244858,29.551508750009816
80,3,ResDyNet,71,0.07022996995546452,0.2832270177157493,0.5321907719190077,0.4958829128894401,49.588291288944006,29.943051040987484
80,3,Plain,71,0.7654993465877756,2.154302546297553,1.4677542526927159,1.3676190806666109,136.76190806666108,29.966281250002794
80,3,ResDyNet,72,0.08122435104390581,0.23703062340933484,0.4868579088495275,0.4536428114546616,45.364281145466165,30.358330707997084
80,3,Plain,72,0.7619837277230084,2.1042765554920226,1.4506124759879955,1.3516467740935636,135.16467740935636,30.38244816599763
80,3,ResDyNet,73,0.07062582516110777,0.28593020286831466,0.5347244176847684,0.4982437047498947,49.82437047498947,30.77529720799066
80,3,Plain,73,0.7558999049659636,2.0861827198328853,1.4443623921415585,1.345823092160112,134.5823092160112,30.798694375000196
80,3,ResDyNet,74,0.07662546412073383,0.24024866226521996,0.4901516727149056,0.4567118635805453,45.67118635805453,31.191794832993764
80,3,Plain,74,0.7483841506600623,2.063612694106245,1.4365279997640996,1.338523188595748,133.8523188595748,31.215155290992698
80,3,ResDyNet,75,0.07425851823296066,0.28997848367987805,0.5384965029411779,0.5017584455596062,50.17584455596062,31.607011124986457
80,3,Plain,75,0.7462102538962379,2.049040695234696,1.4314470633714318,1.3337888909123874,133.37888909123873,31.630774624994956
80,3,ResDyNet,76,0.07703993677296311,0.24729999376159031,0.49729266409388173,0.46336567231374887,46.336567231374886,32.021708165993914
80,3,Plain,76,0.7418692032331746,2.020872031431138,1.421573786840183,1.324589202784718,132.4589202784718,32.04566295800032
80,3,ResDyNet,77,0.07358729314153248,0.29701404674557164,0.5449899510500827,0.507808888620333,50.7808888620333,32.43688683299115
80,3,Plain,77,0.7293151589235823,1.941503611264522,1.3933784881590938,1.2983174829851605,129.83174829851606,32.46032295800978
80,3,ResDyNet,78,0.07490402787013828,0.24626971511305937,0.49625569529533803,0.4623994490428283,46.23994490428283,32.851927290990716
80,3,Plain,78,0.7147708367704653,1.867295876000808,1.3664903497649765,1.2732637445654376,127.32637445654376,32.87492554099299
80,3,ResDyNet,79,0.07242504351282888,0.30649346899405133,0.5536185229867687,0.5158487901214645,51.584879012146445,33.267793083010474
80,3,Plain,79,0.7077523143134423,1.8063391761142995,1.3440011815896218,1.2523088636999862,125.23088636999861,33.2908732079959
80,3,ResDyNet,80,0.07145196885353142,0.25328230666043167,0.5032716032724593,0.46893670798798837,46.89367079879884,33.68464712498826
80,3,Plain,80,0.70227789778635,1.8286836879622541,1.3522883153981085,1.2600306211397831,126.00306211397832,33.707774957991205
80,3,ResDyNet,81,0.0772977814574159,0.30034052859880267,0.548033328000043,0.5106446360751884,51.06446360751884,34.098531833005836
80,3,Plain,81,0.707105053191764,1.874695363925786,1.3691951518778416,1.2757840159066347,127.57840159066347,34.121619290992385
80,3,ResDyNet,82,0.0696108325933262,0.24053516853491272,0.49044384850348843,0.45698410614611207,45.698410614611205,34.51545541599626
80,3,Plain,82,0.7188727287795594,1.9171909905357913,1.3846266610663653,1.2901627352126692,129.01627352126692,34.53839075000724
80,3,ResDyNet,83,0.07764584500273632,0.30265815192415413,0.5501437556895054,0.5126110832315709,51.26110832315709,34.931235791009385
80,3,Plain,83,0.7256407511227944,1.9850499304721294,1.4089179999106156,1.312796836553127,131.2796836553127,34.95418804101064
80,3,ResDyNet,84,0.06820500649319296,0.25014744242197595,0.5001474206891163,0.46602566773405785,46.60256677340578,35.347399040998425
80,3,Plain,84,0.7321341581440047,1.9741190299354712,1.4050334622120113,1.3091773151881345,130.91773151881344,35.37040962500032
80,3,ResDyNet,85,0.07397441473302155,0.30652515038080197,0.553647135259275,0.515875450367721,51.5875450367721,35.763085000013234
80,3,Plain,85,0.7336078392641374,1.9844479057449234,1.4087043358153348,1.3125977493469252,131.25977493469253,35.78595583300921
80,3,ResDyNet,86,0.0678466352268658,0.2524801705500226,0.5024740496284585,0.4681935661579514,46.81935661579514,36.178894000011496
80,3,Plain,86,0.7357835814478738,1.9847626787563646,1.4088160556851859,1.3127018473084318,131.27018473084317,36.202215124998474
80,3,ResDyNet,87,0.07188629615338615,0.3032041772475058,0.5506397890159281,0.5130732754824997,51.30732754824997,36.600480749999406
80,3,Plain,87,0.7360212884779003,1.9774884087211742,1.4062319896521962,1.3102940750223453,131.02940750223453,36.62404866600991
80,3,ResDyNet,88,0.06714892122584001,0.24648122372423706,0.49646875402610896,0.4625979721845398,46.25979721845398,37.02123220800422
80,3,Plain,88,0.7344911530600777,1.9742813240174106,1.4050912155505815,1.3092311283981155,130.92311283981155,37.0440844160039
80,3,ResDyNet,89,0.07513202062296288,0.3002866055830413,0.5479841289517803,0.5105987935528239,51.05987935528239,37.441241833003005
80,3,Plain,89,0.7335302611588002,1.9844954274643924,1.4087212028873537,1.3126134656900976,131.26134656900976,37.464745500008576
80,3,ResDyNet,90,0.06648897054783064,0.24542724437742397,0.4954061408353998,0.46160785406884314,46.160785406884315,37.855471666000085
80,3,Plain,90,0.7339645966163346,2.006058160060445,1.4163538258713622,1.3197253652531982,131.9725365253198,37.87902445800137
80,3,ResDyNet,91,0.0768906588529068,0.30651096161516167,0.5536343212041336,0.5158635105308715,51.58635105308716,38.27096487500239
80,3,Plain,91,0.7329918685693644,1.9922784605972452,1.4114809458852944,1.3151849296628952,131.51849296628953,38.29572550000739
80,3,ResDyNet,92,0.06420898374181117,0.2660149771253693,0.5157663978249933,0.4805790652884051,48.05790652884051,38.691549457988
80,3,Plain,92,0.7347477981575469,1.956771505321305,1.3988464909779432,1.3034124401106317,130.34124401106317,38.715395582985366
80,3,ResDyNet,93,0.0730220002787948,0.3207320524759635,0.5663321044016165,0.5276950079025785,52.76950079025785,39.11230899998918
80,3,Plain,93,0.7322169523938638,1.9129584346438213,1.3830974060578023,1.2887378111662366,128.87378111662366,39.13607516599586
80,3,ResDyNet,94,0.0661961629560001,0.261158650416936,0.5110368386104235,0.47617217264059175,47.61721726405918,39.54047370800981
80,3,Plain,94,0.732038544525012,1.8903794432250747,1.3749107037277275,1.2811096334288479,128.1109633428848,39.565366916009225
80,3,ResDyNet,95,0.07457206119643725,0.30329458654764757,0.5507218776729753,0.5131497637730142,51.31497637730143,39.9596867079963
80,3,Plain,95,0.7101037411220879,1.8702826878419914,1.3675827901235054,1.2742816549384264,127.42816549384264,39.98267529098666
80,3,ResDyNet,96,0.06507855630924103,0.24431537644266796,0.49428268879525605,0.46056104773631457,46.05610477363145,40.37984474998666
80,3,Plain,96,0.6671144080841144,1.7995130175847274,1.3414592865923018,1.2499403853985211,124.99403853985211,40.40442366601201
80,3,ResDyNet,97,0.0718132722807016,0.2976931828724635,0.5456126674413484,0.5083891211878602,50.83891211878602,40.79727433298831
80,3,Plain,97,0.6356540030172511,1.6447668466766545,1.2824846379885626,1.1949891872956273,119.49891872956273,40.82019954099087
80,3,ResDyNet,98,0.06645562778444675,0.2635687923702453,0.5133895133037344,0.47836433988880145,47.836433988880145,41.21455008300836
80,3,Plain,98,0.7207396828984647,1.5668295748582244,1.2517306319085686,1.1663333237920641,116.63333237920641,41.23809345799964
80,3,ResDyNet,99,0.06755528937019017,0.2998783741880433,0.5476115175816185,0.5102516029937969,51.02516029937969,41.63133999999263
80,3,Plain,99,0.6612989241557872,1.5615904303690262,1.2496361191839112,1.1643817058276227,116.43817058276227,41.654348624986596
80,3,ResDyNet,100,0.06566848624870993,0.25805372807073734,0.5079898897327951,0.47333309694708553,47.333309694708554,42.048834165994776
80,3,Plain,100,0.6446391755982328,1.6346225200614881,1.278523570397311,1.191298357166764,119.1298357166764,42.071821082994575
80,4,ResDyNet,0,1.2519763630523923,2.5333025013052826,1.5916351658923857,1.4830484179084922,148.30484179084922,0.028760874993167818
80,4,Plain,0,1.170054267986933,2.742247517232842,1.6559732839731571,1.5429971714140736,154.29971714140734,0.05779979098588228
80,4,ResDyNet,1,1.1287237296153867,2.2481011310097885,1.499366910068976,1.397075015363467,139.7075015363467,0.4890208329888992
80,4,Plain,1,1.1304572274851663,2.6094181574025437,1.6153693563400735,1.5051633814051972,150.51633814051974,0.5148550829908345
80,4,ResDyNet,2,0.9501683857747818,2.3129095041111314,1.5208252707366259,1.4170694139046838,141.7069413904684,0.9322053749929182
80,4,Plain,2,1.0369171314461474,2.52014434988222,1.5874962519269833,1.4791918746881694,147.91918746881694,0.9574961249891203
80,4,ResDyNet,3,0.9024779411785375,1.9703186607326106,1.4036803983573365,1.3079165619376372,130.7916561937637,1.3680419999873266
80,4,Plain,3,0.9944563939491081,2.4960000044474118,1.5798734140580415,1.4720890926664059,147.20890926664057,1.3939318749762606
80,4,ResDyNet,4,0.6402285347363407,1.4863427018748632,1.2191565534724664,1.1359815594400853,113.59815594400852,1.8005639999755658
80,4,Plain,4,0.9867517249396274,2.5862107702082473,1.6081700066249984,1.4984551957394665,149.84551957394666,1.826780957984738
80,4,ResDyNet,5,0.5167688555273385,1.0642492348542933,1.0316245609979888,0.9612436353816108,96.12436353816108,2.238293332979083
80,4,Plain,5,0.9936158972105483,2.6636681385543,1.6320747956372281,1.5207291189881695,152.07291189881695,2.2650374159857165
80,4,ResDyNet,6,0.5637949766028932,1.12923108776169,1.0626528538340685,0.9901550728686992,99.01550728686992,2.66607574999216
80,4,Plain,6,0.9956319941170388,2.627757319453972,1.6210358785215002,1.5104433142291849,151.04433142291848,2.690259957977105
80,4,ResDyNet,7,0.5761991593854096,1.270573252981978,1.1271970781464873,1.0502958713399335,105.02958713399335,3.0796908749907743
80,4,Plain,7,0.990189515164527,2.5571579159744156,1.5991116021011216,1.4900147862877322,149.0014786287732,3.1028104159922805
80,4,ResDyNet,8,0.5734461195900131,1.1636418377625004,1.0787223172635767,1.0051282230142031,100.51282230142031,3.4996646659856196
80,4,Plain,8,0.9829513757428088,2.511085549462356,1.584640511113595,1.4765309621964064,147.65309621964064,3.523724790982669
80,4,ResDyNet,9,0.49045412546970363,1.6080113406017487,1.2680738703252854,1.1815615710668244,118.15615710668243,3.9151123329938855
80,4,Plain,9,0.9794745941902904,2.4967981474953187,1.5801259910194878,1.4723244379710965,147.23244379710965,3.9384379999828525
80,4,ResDyNet,10,0.4341532279734809,1.5967179156266977,1.2636130403041501,1.177405073995654,117.7405073995654,4.333286249981029
80,4,Plain,10,0.9782455519690341,2.5076260543182163,1.583548563927932,1.4755135113503584,147.55135113503584,4.35837224998977
80,4,ResDyNet,11,0.43430269500079277,1.535366099815515,1.2390989063894435,1.154563377419907,115.45633774199071,4.749306290992536
80,4,Plain,11,0.9784549396188377,2.5277952116488644,1.589904151717601,1.4814354993902885,148.14354993902884,4.772462499997346
80,4,ResDyNet,12,0.4164438845972357,1.5518090139658076,1.245716265433589,1.160729277791711,116.07292777917111,5.189048040978378
80,4,Plain,12,0.9785423711130805,2.5369546260828697,1.5927820397288732,1.4841170481229984,148.41170481229983,5.21570287499344
80,4,ResDyNet,13,0.41102352587550245,1.426279829955906,1.1942695801015388,1.1127924597800567,111.27924597800568,5.618792458000826
80,4,Plain,13,0.9778075134459906,2.517274490972607,1.586592099744798,1.4783494068336804,147.83494068336805,5.643104582995875
80,4,ResDyNet,14,0.3508542196492595,1.198752994495666,1.0948757895285044,1.0201796506275143,102.01796506275143,6.036235290986951
80,4,Plain,14,0.9759660469983104,2.5207744905758442,1.5876947095004896,1.479376792813075,147.9376792813075,6.059649249975337
80,4,ResDyNet,15,0.3384724858157276,1.1327923757276577,1.064327193924715,0.9917151838009566,99.17151838009566,6.451633749995381
80,4,Plain,15,0.9756220640413586,2.5002059786418953,1.5812039649083527,1.473328868826035,147.3328868826035,6.47449129098095
80,4,ResDyNet,16,0.3131261433823208,0.9024957679708797,0.9499977726136413,0.8851857032835317,88.51857032835318,6.8684178330004215
80,4,Plain,16,0.9751846914101104,2.518909401131991,1.5871072431099265,1.4788294053716755,147.88294053716754,6.89301699999487
80,4,ResDyNet,17,0.25500543222904093,0.8361139179988049,0.9143926497948268,0.85200968267439,85.20096826743901,7.2847661249979865
80,4,Plain,17,0.9754590595018804,2.5418517026764142,1.5943185700092732,1.4855487510975542,148.55487510975541,7.310711165977409
80,4,ResDyNet,18,0.23999279860291112,0.6720196444489429,0.8197680430761758,0.763840687482186,76.38406874821861,7.736174499994377
80,4,Plain,18,0.9734509660592979,2.5037874156476323,1.5823360628032315,1.474383731163772,147.4383731163772,7.762114290992031
80,4,ResDyNet,19,0.20686595212430456,0.6659155426198875,0.8160364836328627,0.7603637076771852,76.03637076771852,8.171702249994269
80,4,Plain,19,0.9713322574033908,2.4803558083656534,1.5749145400197604,1.4674685298297228,146.74685298297229,8.197105165978428
80,4,ResDyNet,20,0.18318086444818266,0.6537982488816417,0.8085779176317157,0.7534139903393773,75.34139903393773,8.594557332980912
80,4,Plain,20,0.966709149796956,2.476970684490159,1.5738394722747804,1.4664668068516789,146.6466806851679,8.619090332998894
80,4,ResDyNet,21,0.16200782953480616,0.3632446702280622,0.602697826632934,0.5615797372532377,56.15797372532377,9.014652957994258
80,4,Plain,21,0.9545428687639166,2.2962060335363277,1.5153237388546144,1.411943215182431,141.1943215182431,9.039373457984766
80,4,ResDyNet,22,0.13990758924921567,0.3888455951654187,0.623574851293266,0.5810324605007682,58.10324605007682,9.442982332984684
80,4,Plain,22,0.849935632636587,1.8218416403691835,1.3497561410748178,1.257671200335004,125.76712003350039,9.467965915973764
80,4,ResDyNet,23,0.19989023822245175,0.26031409068334516,0.5102098496534001,0.4754016036743967,47.54016036743967,9.876964165974641
80,4,Plain,23,0.6738729800069465,1.60182166507215,1.265630935570141,1.1792853016042562,117.92853016042561,9.903206457995111
80,4,ResDyNet,24,0.1438097324283041,0.4034289043126602,0.6351605342845699,0.5918277289133062,59.182772891330615,10.303236040985212
80,4,Plain,24,0.7517032760401001,1.7145050144274996,1.3093910853627726,1.2200599855947385,122.00599855947385,10.327267374988878
80,4,ResDyNet,25,0.11105674251394343,0.35674695005753415,0.597282973185687,0.5565343034690178,55.65343034690178,10.72859645797871
80,4,Plain,25,0.8399694603532097,2.028805942115169,1.4243615910698972,1.3271868135569065,132.71868135569065,10.753541082987795
80,4,ResDyNet,26,0.1486765473716704,0.3820846816215592,0.6181299876414015,0.5759590639098493,57.59590639098493,11.157626999978675
80,4,Plain,26,0.8464565330889045,2.0544260809662336,1.4333269274545266,1.3355405042934312,133.5540504293431,11.182716582989087
80,4,ResDyNet,27,0.11626937489421549,0.2666500282489468,0.516381669164337,0.4811523607306973,48.11523607306973,11.601615499996115
80,4,Plain,27,0.8220577353128715,1.9659982799185898,1.4021406063296897,1.3064818197432917,130.64818197432916,11.626799874997232
80,4,ResDyNet,28,0.1008410714315997,0.3554321359848406,0.5961812945613445,0.5555077850960345,55.55077850960345,12.029677207989153
80,4,Plain,28,0.8172215240185392,2.0277580459760025,1.423993695904586,1.3268440174472433,132.68440174472434,12.054634999978589
80,4,ResDyNet,29,0.12570817794683709,0.2723100345561812,0.5218333398281305,0.48623209993611,48.623209993611,12.449713457986945
80,4,Plain,29,0.8085594350436934,2.1074534761851864,1.4517070903543823,1.3526667101562226,135.26667101562225,12.473617790994467
80,4,ResDyNet,30,0.08469114937371933,0.38371287947150085,0.6194456226913714,0.5771849418756134,57.71849418756134,12.871782207977958
80,4,Plain,30,0.812585978174606,2.1656765995858027,1.4716237968943702,1.371224631441856,137.1224631441856,12.895137499988778
80,4,ResDyNet,31,0.11529785602328632,0.31018712874193655,0.5569444575017661,0.5189478181061651,51.89478181061651,13.290633540978888
80,4,Plain,31,0.8172971813257187,2.131424994956667,1.4599400655357968,1.360338003854129,136.03380038541292,13.313785790989641
80,4,ResDyNet,32,0.09141045588246102,0.37884143598039066,0.6155009634276706,0.5735094006425574,57.35094006425574,13.70659849999356
80,4,Plain,32,0.824364459119715,2.088529403158861,1.445174523425756,1.3465798170943013,134.65798170943012,13.729593083000509
80,4,ResDyNet,33,0.10846121791538263,0.2823599218590182,0.5313754998671073,0.4951232614613706,49.512326146137056,14.121128624974517
80,4,Plain,33,0.8275107235554517,2.0966762851551195,1.447990429925253,1.349203612904138,134.9203612904138,14.144179832976079
80,4,ResDyNet,34,0.08316588815420749,0.35729185336897706,0.5977389508547833,0.5569591727953849,55.695917279538484,14.538279582979158
80,4,Plain,34,0.8290992238022292,2.137946248367647,1.4621717574784594,1.3624174422051718,136.24174422051718,14.561073416
80,4,ResDyNet,35,0.11342063944345981,0.2602332734034806,0.5101306434664366,0.4753278012020827,47.532780120208265,14.952580874989508
80,4,Plain,35,0.822910823831955,2.138261079840371,1.462279412369733,1.3625177525147232,136.2517752514723,14.976477499993052
80,4,ResDyNet,36,0.0700771012526697,0.35970416298622626,0.5997534184864862,0.5588362066145326,55.88362066145326,15.37050595798064
80,4,Plain,36,0.8191904643738659,2.122337067877327,1.4568243092004358,1.3574348149809714,135.74348149809714,15.39367887499975
80,4,ResDyNet,37,0.12419193148793448,0.22398095162907608,0.4732662587054734,0.44097842977043084,44.097842977043086,15.81600204098504
80,4,Plain,37,0.8162128948197658,2.136203036284761,1.4615755321859905,1.3618618934238547,136.18618934238546,15.841838540975004
80,4,ResDyNet,38,0.06947612023353145,0.277418598428662,0.5267054190234443,0.4907717893683196,49.07717893683196,16.266149457980646
80,4,Plain,38,0.8146973525329867,2.1377713644256517,1.4621119534514626,1.3623617182116823,136.23617182116823,16.291600832977565
80,4,ResDyNet,39,0.07687228426820338,0.2240224278789782,0.4733100758265961,0.4410192575389741,44.10192575389741,16.699382540973602
80,4,Plain,39,0.8110981676060307,2.1316999812923916,1.4600342397671335,1.3604257532000752,136.04257532000753,16.724764415994287
80,4,ResDyNet,40,0.07250866895259456,0.2750239216473994,0.5244272319849527,0.4886490279745424,48.86490279745424,17.13861837500008
80,4,Plain,40,0.8066895257284696,2.103961241885028,1.450503788993682,1.3515455020945415,135.15455020945416,17.163847707997775
80,4,ResDyNet,41,0.06507159830357798,0.21955223365621251,0.46856401233578804,0.4365969865926107,43.65969865926107,17.580812749976758
80,4,Plain,41,0.7891653532140559,2.067198382891686,1.437775498084345,1.3396855783505297,133.96855783505296,17.607379041000968
80,4,ResDyNet,42,0.055833889583362294,0.31093937139028766,0.5576193786000336,0.5195766937985651,51.95766937985651,18.01362579097622
80,4,Plain,42,0.7820001510087919,2.018476850829045,1.420731097297812,1.3238040043803456,132.38040043803457,18.03863545798231
80,4,ResDyNet,43,0.07797299025761709,0.25034998345839654,0.5003498610556383,0.4662142969323345,46.62142969323345,18.44351720798295
80,4,Plain,43,0.7528473573327994,2.051240233840004,1.4322151492844937,1.3345045754000102,133.45045754000103,18.468366916000377
80,4,ResDyNet,44,0.07242035796850453,0.22766499807547994,0.47714253433903786,0.44459025273647584,44.45902527364758,18.87453504098812
80,4,Plain,44,0.648382141135867,1.955228729706857,1.398294936594872,1.3028985146378016,130.28985146378017,18.897591499990085
80,4,ResDyNet,45,0.06276367204519584,0.22160974225046806,0.47075443943787515,0.43863797533042415,43.863797533042415,19.28890529097407
80,4,Plain,45,0.6310274791327387,1.9257587401735976,1.3877170965919523,1.2930423307475545,129.30423307475544,19.312344874982955
80,4,ResDyNet,46,0.05845881622458602,0.2280473489056328,0.4775430335641311,0.4449634285464078,44.49634285464078,19.703844207979273
80,4,Plain,46,0.6524513779139302,1.9879787812801655,1.4099570139831092,1.3137649655624735,131.37649655624733,19.727228749979986
80,4,ResDyNet,47,0.04638364473021636,0.2177496454547362,0.4666365239184951,0.43480099797093397,43.480099797093395,20.11823195798206
80,4,Plain,47,0.6473688871496935,2.065142417022904,1.437060338685507,1.3390192095508655,133.90192095508655,20.1430790409795
80,4,ResDyNet,48,0.0446902082793257,0.19104278418195142,0.4370844131079847,0.4072650323661459,40.72650323661459,20.53608345799148
80,4,Plain,48,0.6531638167518646,2.049274741822602,1.4315288127811476,1.333865063100174,133.3865063100174,20.561183207988506
80,4,ResDyNet,49,0.06662050345462864,0.1525507731899192,0.3905774867934904,0.36393096626197885,36.39309662619789,20.953672124975128
80,4,Plain,49,0.6497528267988126,2.0169975813744987,1.4202104003894982,1.3233188311807125,132.33188311807126,20.977449749974767
80,4,ResDyNet,50,0.08438599044538868,0.40961585488735575,0.6400123865108829,0.5963485713289265,59.63485713289265,21.410172374977265
80,4,Plain,50,0.6434622628419567,1.9825881919069608,1.4080441015490106,1.3119825585009928,131.1982558500993,21.43827758298721
80,4,ResDyNet,51,0.09908315996749267,0.21025394185524404,0.45853455906315727,0.42725177663042524,42.72517766304252,21.850344624981517
80,4,Plain,51,0.6400445288899226,1.9499854954323566,1.396418810898921,1.3011503845984544,130.11503845984544,21.875329457980115
80,4,ResDyNet,52,0.06175278964224491,0.2708789690280442,0.5204603433769418,0.484952773958421,48.4952773958421,22.360156874987297
80,4,Plain,52,0.6355664844211782,1.9805121262306467,1.4073066923136004,1.3112954578240528,131.12954578240527,22.387409999995725
80,4,ResDyNet,53,0.05576243248167443,0.19238839394445642,0.43862101402515635,0.4086968011583933,40.86968011583933,22.834666749986354
80,4,Plain,53,0.6320405071736755,1.9719726469404317,1.404269435308065,1.3084654127902617,130.84654127902618,22.859834624978248
80,4,ResDyNet,54,0.06256475899313396,0.1910899538014554,0.43713836917097015,0.4073153073635586,40.73153073635586,23.271793124993565
80,4,Plain,54,0.6299826412198777,2.0009709979628685,1.414556820337334,1.3180509575300445,131.80509575300445,23.297125499986578
80,4,ResDyNet,55,0.045574551367075736,0.2306287340552005,0.48023820553471225,0.4474747267462818,44.74747267462818,23.718976124975597
80,4,Plain,55,0.6283532206094904,1.9842233746166764,1.408624639361628,1.3125234900555276,131.25234900555276,23.744602708000457
80,4,ResDyNet,56,0.05353721926931956,0.26923177483383515,0.5188754906852271,0.48347604529130356,48.34760452913036,24.1592224999913
80,4,Plain,56,0.6306426252444085,2.0358547979293573,1.426833836832221,1.3294903943303558,132.94903943303558,24.184237040986773
80,4,ResDyNet,57,0.04525151823939796,0.18185035701254681,0.4264391598018958,0.397346034336859,39.7346034336859,24.58985945797758
80,4,Plain,57,0.6285438052510436,2.0436877165476695,1.4295760618266065,1.3320455354372012,133.20455354372012,24.614797791000456
80,4,ResDyNet,58,0.042579158142488534,0.14544775965800866,0.3813761393401646,0.35535736593213807,35.535736593213805,25.018151625001337
80,4,Plain,58,0.6201619698587482,1.9773405686772003,1.40617942264748,1.3102450943169366,131.02450943169367,25.04491220798809
80,4,ResDyNet,59,0.05833420328064942,0.199848006415346,0.4470436292078727,0.4165447969736755,41.65447969736755,25.455573332990753
80,4,Plain,59,0.6162225336427171,1.987471818630315,1.4097772230499097,1.3135974405763775,131.35974405763776,25.48044454099727
80,4,ResDyNet,60,0.04284200655249755,0.2466269635010777,0.4966155087198523,0.4627347147754555,46.273471477545556,25.88586783298524
80,4,Plain,60,0.567918455747248,2.0372700568391955,1.4273296945132177,1.329952422918985,132.9952422918985,25.910898749978514
80,4,ResDyNet,61,0.0480826275052255,0.17981512630882707,0.42404613700495736,0.3951162716694649,39.51162716694649,26.32330933297635
80,4,Plain,61,0.4855649113561016,1.8430303591679933,1.3575825423037795,1.264963657934118,126.4963657934118,26.348417499975767
80,4,ResDyNet,62,0.04195935514019633,0.15985326326681462,0.3998165370101825,0.3725396971448253,37.25396971448253,26.753985499992268
80,4,Plain,62,0.5942701532737422,1.7970114910572152,1.3405265723055306,1.2490713040430705,124.90713040430705,26.77901716597262
80,4,ResDyNet,63,0.04426758443957037,0.20882714229014615,0.4569760850308757,0.42579962698114887,42.57996269811489,27.186260832997505
80,4,Plain,63,0.4433228880285609,1.8187959262552418,1.3486274230695598,1.2566194872993575,125.66194872993574,27.211461374972714
80,4,ResDyNet,64,0.04263461732979605,0.23803947373715265,0.4878928916649152,0.45460718423293117,45.460718423293116,27.625190708000446
80,4,Plain,64,0.43591764387141074,1.8915699860388282,1.3753435883584975,1.281512985202268,128.1512985202268,27.650356790982187
80,4,ResDyNet,65,0.04103611785431512,0.17762571406284217,0.42145665739532717,0.3927034551392928,39.27034551392928,28.046900624991395
80,4,Plain,65,0.42241105559288616,1.8732661907845023,1.3686731497273197,1.2752976265128426,127.52976265128426,28.070307165995473
80,4,ResDyNet,66,0.04349040006830629,0.17039469178293298,0.412788919162001,0.3846270593990843,38.46270593990843,28.46421654097503
80,4,Plain,66,0.5162382013431994,1.6933492281822158,1.3012875270985331,1.2125092795530863,121.25092795530863,28.48739637498511
80,4,ResDyNet,67,0.03992953370968759,0.21327975102565283,0.4618222071594791,0.4303151302257551,43.03151302257551,28.87767108299886
80,4,Plain,67,0.48216503896905255,1.688490007399837,1.2994191038305682,1.2107683264559705,121.07683264559705,28.90398966599605
80,4,ResDyNet,68,0.03967345403928907,0.2406217376387666,0.4905320964409634,0.4570663335100586,45.70663335100586,29.33585645799758
80,4,Plain,68,0.49432268084769854,1.7293085334246763,1.3150317613748637,1.2253158355627025,122.53158355627025,29.361056374997133
80,4,ResDyNet,69,0.04470085999206849,0.17547432758214682,0.41889655952531624,0.3903180158268346,39.031801582683464,29.764804207981797
80,4,Plain,69,0.4713254863997272,1.855944149960211,1.3623304114495172,1.2693876113475089,126.93876113475089,29.788912957999855
80,4,ResDyNet,70,0.04433443263447494,0.17628224944669418,0.41985979736894813,0.3912155383185967,39.12155383185967,30.182556665997254
80,4,Plain,70,0.44693997888419795,1.9508525280548994,1.3967292250307142,1.3014396212256147,130.14396212256148,30.205786207981873
80,4,ResDyNet,71,0.03944203971614229,0.2316315001586718,0.4812811030558667,0.4484464742622533,44.84464742622533,30.620664040994598
80,4,Plain,71,0.4298844504636622,1.8187206612936604,1.348599518498231,1.2565934864725041,125.65934864725041,30.645518165983958
80,4,ResDyNet,72,0.03851604405848631,0.2379291876856303,0.4877798557603935,0.4545018600211017,45.45018600211017,31.049167499993928
80,4,Plain,72,0.5032495496795111,1.8239709813986507,1.3505446980380362,1.2584059592683279,125.84059592683279,31.07357458298793
80,4,ResDyNet,73,0.0433929264596628,0.17470545937129406,0.41797782162609304,0.38946195734238187,38.94619573423819,31.46831633299007
80,4,Plain,73,0.45869133761286085,1.8605727363195423,1.364028128859351,1.2709695047189702,127.09695047189702,31.491273999999976
80,4,ResDyNet,74,0.041908673778803404,0.16830396417651006,0.4102486613951471,0.3822601066306713,38.22601066306713,31.884695957996882
80,4,Plain,74,0.4662252131548603,1.8481378831594972,1.3594623507694126,1.2667152194921116,126.67152194921117,31.908123124972917
80,4,ResDyNet,75,0.03779724152963255,0.2313412149544195,0.48097943298484136,0.4481653851463857,44.81653851463857,32.30157745798351
80,4,Plain,75,0.49181357168050105,1.9363982875679056,1.3915452876453231,1.2966093496265134,129.66093496265134,32.32558474998223
80,4,ResDyNet,76,0.03801195113556444,0.24681315342652202,0.49680293218390126,0.46290935157526564,46.29093515752656,32.72170095797628
80,4,Plain,76,0.48146904294241427,1.9252924770758564,1.387549089969741,1.2928857861067926,129.28857861067925,32.745740207989
80,4,ResDyNet,77,0.04276667679396073,0.17675857159895042,0.42042665424417425,0.3917437222956787,39.17437222956787,33.13928408297943
80,4,Plain,77,0.4406663345661859,1.7589344865740402,1.3262482748618527,1.2357671204663014,123.57671204663015,33.16235983298975
80,4,ResDyNet,78,0.04362255645626808,0.16471714035902102,0.4058535947346297,0.37816488632066503,37.8164886320665,33.5582494159753
80,4,Plain,78,0.45586988932254213,1.7746222760005632,1.3321494946140855,1.241265738996995,124.1265738996995,33.582289290992776
80,4,ResDyNet,79,0.03662460928539471,0.23730723382358204,0.487141903169479,0.4539074307191291,45.39074307191291,33.976595790998545
80,4,Plain,79,0.4602224191571374,1.8117475192975983,1.3460117084548702,1.2541822256051294,125.41822256051293,34.000042707979446
80,4,ResDyNet,80,0.03655047507643971,0.23610336861047784,0.4859046908710368,0.45275462523886517,45.27546252388652,34.39246049997746
80,4,Plain,80,0.46404047495011225,1.841228061301635,1.3569185905210508,1.2643450031933556,126.43450031933557,34.41612566600088
80,4,ResDyNet,81,0.0410962907275108,0.17070923387626002,0.4131697397877294,0.3849818991504269,38.498189915042694,34.80908583299606
80,4,Plain,81,0.4614465310329108,1.8742766028420301,1.3690422209859088,1.2756415184787124,127.56415184787124,34.83287187499809
80,4,ResDyNet,82,0.040362284041103036,0.16499137715898224,0.4061913061095501,0.378479557880466,37.8479557880466,35.22456104098819
80,4,Plain,82,0.45672328422702047,1.88282123358716,1.3721593324345245,1.2785459700147037,127.85459700147037,35.24758358299732
80,4,ResDyNet,83,0.03600231054040998,0.22804461748586527,0.47754017368789536,0.44496076378062627,44.496076378062625,35.642699999996694
80,4,Plain,83,0.4503301395956481,1.897232610082447,1.3774006715848686,1.2834297272357134,128.34297272357134,35.66647029097658
80,4,ResDyNet,84,0.03576169077667573,0.22890131113414788,0.47843631878667814,0.44579577082209304,44.579577082209305,36.060135999985505
80,4,Plain,84,0.45200100605918875,1.8630071109302102,1.3649201848204202,1.2718007015975636,127.18007015975637,36.083415457978845
80,4,ResDyNet,85,0.03869475689233218,0.165495212049541,0.4068110274433831,0.37905699972353424,37.905699972353425,36.47792470798595
80,4,Plain,85,0.4633908412512648,1.812896305589412,1.3464383779398936,1.2545797862511203,125.45797862511203,36.50107495798147
80,4,ResDyNet,86,0.036786898146085566,0.16719230824551307,0.40889156049680586,0.38099559175731545,38.09955917573154,36.893671540979994
80,4,Plain,86,0.45910801655705913,1.8177911770693205,1.3482548635437295,1.2562723450476658,125.62723450476658,36.91741408300004
80,4,ResDyNet,87,0.03722044288549558,0.21920711620942857,0.4681955961021297,0.4362537049636499,43.625370496364994,37.30895208299626
80,4,Plain,87,0.4368285565692665,1.7353518882019445,1.317327555394612,1.2274550027297728,122.74550027297728,37.3327819579863
80,4,ResDyNet,88,0.035896999503534976,0.23569156099779032,0.48548075244832345,0.4523596093328531,45.235960933285305,37.72512229098356
80,4,Plain,88,0.3978522932339683,1.5922248913411996,1.2618339396850917,1.1757473496534583,117.57473496534583,37.748196499975165
80,4,ResDyNet,89,0.03821534573902361,0.1675333391051252,0.40930836676658,0.3813839620900457,38.13839620900457,38.14087741597905
80,4,Plain,89,0.41121250248388685,1.5775887043635712,1.256020980861216,1.1703309705913114,117.03309705913114,38.164221499988344
80,4,ResDyNet,90,0.03687364688338781,0.1668961412276395,0.40852924158209225,0.380657991467526,38.065799146752596,38.55741341598332
80,4,Plain,90,0.44530802645351936,1.7103858735508632,1.3078172171793974,1.218593492035555,121.8593492035555,38.580491957982304
80,4,ResDyNet,91,0.03467274166489667,0.22064282889346903,0.4697263340429926,0.43768001077171265,43.76800107717126,38.98197091597831
80,4,Plain,91,0.4720435063261227,1.9821264569737431,1.407880128765849,1.3118297724971024,131.18297724971023,39.006920499989064
80,4,ResDyNet,92,0.035309571208644815,0.22970842850296308,0.4792790716304678,0.44658102820924644,44.65810282092465,39.41206029098248
80,4,Plain,92,0.45640429497407486,2.054950084565345,1.4335097085703135,1.335710815461719,133.5710815461719,39.437051082990365
80,4,ResDyNet,93,0.036182902355196576,0.16943708088701503,0.4116273568253391,0.38354474278369166,38.35447427836917,39.85219799997867
80,4,Plain,93,0.4629193339844814,2.0513726821736835,1.4322613875175452,1.334547659104017,133.4547659104017,39.87722629099153
80,4,ResDyNet,94,0.03533338283345553,0.16088919270549817,0.4011099508931412,0.37374486994694006,37.374486994694,40.27883204098907
80,4,Plain,94,0.5011883302265823,1.9893918292716075,1.410458021095136,1.3142317922704871,131.4231792270487,40.30384037498152
80,4,ResDyNet,95,0.03448762319447576,0.22182915289184765,0.4709874232841548,0.43885506422870163,43.885506422870165,40.70306445797905
80,4,Plain,95,0.48459214812202706,1.9746386568916747,1.4052183662661382,1.3093496044607102,130.93496044607102,40.727569165988825
80,4,ResDyNet,96,0.03373310087457479,0.23166771659222846,0.4813187266170188,0.44848153101648847,44.84815310164885,41.11920195797575
80,4,Plain,96,0.4461698032512991,2.0535135143094805,1.4330085534669639,1.3352438508588524,133.52438508588526,41.14302616598434
80,4,ResDyNet,97,0.03733645475549297,0.17219551999404883,0.4149644804004902,0.3866541964729221,38.66541964729221,41.535290540981805
80,4,Plain,97,0.4431664135093939,1.9456942209306385,1.394881436155288,1.2997178947728107,129.97178947728108,41.55926504099625
80,4,ResDyNet,98,0.037010509592400265,0.16646781333520566,0.4080046731781459,0.38016921089881994,38.016921089882,41.95161733299028
80,4,Plain,98,0.4361053883753137,1.8413623568633997,1.3569680751084012,1.264391111774363,126.43911117743629,41.97497445798945
80,4,ResDyNet,99,0.034365683539712324,0.23145481910709148,0.48109751517451377,0.4482754113686819,44.827541136868184,42.366613374993904
80,4,Plain,99,0.4384032168972346,1.815983255236077,1.347584229366045,1.2556474638075903,125.56474638075903,42.39021137499367
80,4,ResDyNet,100,0.03354151071641573,0.2335452409115676,0.48326518694353265,0.45029519721940847,45.029519721940844,42.78117941599339
80,4,Plain,100,0.48842384258561833,1.8266113774786559,1.3515218745838544,1.2593164695167494,125.93164695167494,42.805073249997804
