training_horizon,seed,model,prediction_step,rmse,nrmse,nrmse_percent
5,0,ResDyNet,1,0.007149830075192932,0.007272497284667343,0.7272497284667343
5,0,ResDyNet,2,0.006135753747602286,0.006244460553954953,0.6244460553954952
5,0,ResDyNet,3,0.005599060670624986,0.0057012609036826215,0.5701260903682621
5,0,ResDyNet,4,0.005423914331140987,0.005524884566763353,0.5524884566763354
5,0,ResDyNet,5,0.005493339139683448,0.005596697470209478,0.5596697470209477
5,0,ResDyNet,6,0.006394783926887514,0.006515560731128949,0.6515560731128949
5,0,ResDyNet,7,0.007766010222757878,0.007912590779399707,0.7912590779399707
5,0,ResDyNet,8,0.009021202617138102,0.00919111004621209,0.9191110046212091
5,0,ResDyNet,9,0.009971133800031692,0.010158587244018889,1.0158587244018888
5,0,ResDyNet,10,0.010684229554003262,0.010884961169289565,1.0884961169289566
5,0,ResDyNet,11,0.011159251639296507,0.011369124218379366,1.1369124218379365
5,0,ResDyNet,12,0.011477303346669288,0.011694149930254142,1.169414993025414
5,0,ResDyNet,13,0.011694385700947385,0.011917128659116417,1.1917128659116416
5,0,ResDyNet,14,0.011860613437575876,0.012088691553026835,1.2088691553026834
5,0,ResDyNet,15,0.01198294806867701,0.012215479770849854,1.2215479770849853
5,0,ResDyNet,16,0.012079253468526653,0.012315331913494716,1.2315331913494716
5,0,ResDyNet,17,0.012157448316881156,0.012396499056357717,1.2396499056357717
5,0,ResDyNet,18,0.012230835245434118,0.012472906125032447,1.2472906125032446
5,0,ResDyNet,19,0.01229960295172273,0.012544774534592002,1.2544774534592003
5,0,ResDyNet,20,0.012365352155918071,0.012613662467060612,1.2613662467060613
5,0,ResDyNet,21,0.012424186668896164,0.012675489159956688,1.267548915995669
5,0,ResDyNet,22,0.012465011520294179,0.012718749416972671,1.271874941697267
5,0,ResDyNet,23,0.012499674340945649,0.012756895113736101,1.2756895113736102
5,0,ResDyNet,24,0.012504360785269272,0.012768013775226277,1.276801377522628
5,0,ResDyNet,25,0.012518940789288084,0.012792634019691898,1.27926340196919
5,0,ResDyNet,26,0.012519828316433074,0.012805589675116743,1.2805589675116744
5,0,ResDyNet,27,0.012513915703680139,0.012812582950365532,1.2812582950365532
5,0,ResDyNet,28,0.012525000243070414,0.012832699709039927,1.2832699709039928
5,0,ResDyNet,29,0.012536851647906409,0.012849672700602038,1.2849672700602037
5,0,ResDyNet,30,0.012547230206876125,0.01286232851443803,1.2862328514438028
5,0,ResDyNet,31,0.01255703059818521,0.012872435888677543,1.2872435888677543
5,0,ResDyNet,32,0.012563572685776889,0.01287730016380001,1.287730016380001
5,0,ResDyNet,33,0.012568374518490084,0.012878828795766668,1.2878828795766668
5,0,ResDyNet,34,0.012572383065402225,0.012878437228031916,1.2878437228031916
5,0,ResDyNet,35,0.01257288801129506,0.012873330406291631,1.2873330406291632
5,0,ResDyNet,36,0.012571439004478435,0.012864977571278701,1.28649775712787
5,0,ResDyNet,37,0.01257581571700734,0.01286168846803108,1.286168846803108
5,0,ResDyNet,38,0.012577110024089695,0.012852526772599876,1.2852526772599877
5,0,ResDyNet,39,0.012569103315786872,0.012830819224151765,1.2830819224151764
5,0,ResDyNet,40,0.012565376628058872,0.01281169508590272,1.2811695085902721
5,0,ResDyNet,41,0.012573544177022965,0.012804188153240118,1.2804188153240117
5,0,ResDyNet,42,0.012585946517790134,0.012802628967121405,1.2802628967121406
5,0,ResDyNet,43,0.012597831756483562,0.012803865739224917,1.2803865739224916
5,0,ResDyNet,44,0.012603260436440302,0.012801754766690578,1.2801754766690576
5,0,ResDyNet,45,0.01261097155229941,0.012804526639772688,1.2804526639772689
5,0,ResDyNet,46,0.012620234427140107,0.012810770597676916,1.2810770597676915
5,0,ResDyNet,47,0.01263548243359203,0.01282603176293971,1.282603176293971
5,0,ResDyNet,48,0.012669726951550055,0.012861974048587686,1.2861974048587685
5,0,ResDyNet,49,0.01267319415696475,0.01286450829949051,1.2864508299490511
5,0,ResDyNet,50,0.012673680511523061,0.012860072262780135,1.2860072262780136
5,0,ResDyNet,51,0.012676550885599075,0.012853683213143372,1.2853683213143372
5,0,ResDyNet,52,0.012677115417674127,0.012845932060280292,1.2845932060280292
5,0,ResDyNet,53,0.01267921527893615,0.012842359021135773,1.2842359021135774
5,0,ResDyNet,54,0.012682136002337445,0.012841847479759564,1.2841847479759565
5,0,ResDyNet,55,0.012685436463933109,0.012843354430359458,1.2843354430359457
5,0,ResDyNet,56,0.012689165467789578,0.01284642462370533,1.2846424623705333
5,0,ResDyNet,57,0.012693062922297473,0.012850549504401575,1.2850549504401576
5,0,ResDyNet,58,0.012695750941244206,0.012854182313543445,1.2854182313543445
5,0,ResDyNet,59,0.01269808833674285,0.012858012437590794,1.2858012437590793
5,0,ResDyNet,60,0.012699898013231606,0.012861611874332185,1.2861611874332184
5,0,ResDyNet,61,0.012701721785994014,0.01286528941418445,1.286528941418445
5,0,ResDyNet,62,0.012701156136748985,0.01286666594862287,1.286666594862287
5,0,ResDyNet,63,0.012701226100095574,0.012869528243256326,1.2869528243256325
5,0,ResDyNet,64,0.012703750237107627,0.012876267497351289,1.287626749735129
5,0,ResDyNet,65,0.012708764710660346,0.012886954514822772,1.2886954514822773
5,0,ResDyNet,66,0.012712139052333527,0.01289724220816872,1.2897242208168718
5,0,ResDyNet,67,0.012715487041831596,0.012908403077494936,1.2908403077494937
5,0,ResDyNet,68,0.012713908726192396,0.012913934734583587,1.2913934734583588
5,0,ResDyNet,69,0.01270916981606292,0.012914870272794305,1.2914870272794305
5,0,ResDyNet,70,0.012701473303302359,0.012911481248811897,1.2911481248811896
5,0,ResDyNet,71,0.012695208012402289,0.012908426823994469,1.2908426823994468
5,0,ResDyNet,72,0.012688992266063126,0.012905064388327307,1.2905064388327308
5,0,ResDyNet,73,0.012683630609024953,0.012902157359262327,1.2902157359262327
5,0,ResDyNet,74,0.012676813449633385,0.012897011073299715,1.2897011073299716
5,0,ResDyNet,75,0.012670858791952582,0.01289200892571294,1.289200892571294
5,0,ResDyNet,76,0.012666954894185995,0.012888466961114509,1.2888466961114509
5,0,ResDyNet,77,0.012665806102500043,0.01288724344162754,1.288724344162754
5,0,ResDyNet,78,0.0126650821636687,0.012886149569808557,1.2886149569808558
5,0,ResDyNet,79,0.012665543334749263,0.012886013552356291,1.2886013552356292
5,0,ResDyNet,80,0.012666399549060478,0.012886063592863543,1.2886063592863544
5,0,ResDyNet,81,0.01266759629105383,0.012886290708389014,1.2886290708389017
5,0,ResDyNet,82,0.012668776412576722,0.012886018557441824,1.2886018557441825
5,0,ResDyNet,83,0.012670095574030309,0.01288472331605874,1.2884723316058742
5,0,ResDyNet,84,0.012671972224999524,0.012882679172007638,1.2882679172007638
5,0,ResDyNet,85,0.012675273199266458,0.012881144612067515,1.2881144612067517
5,0,ResDyNet,86,0.012676115441251835,0.012876681230583996,1.2876681230583997
5,0,ResDyNet,87,0.012679761626689484,0.012877534527556439,1.287753452755644
5,0,ResDyNet,88,0.012689961354734497,0.012888016444755594,1.2888016444755594
5,0,ResDyNet,89,0.012699111912634486,0.01289871889092895,1.289871889092895
5,0,ResDyNet,90,0.012705426566775316,0.012906437465078163,1.2906437465078164
5,0,ResDyNet,91,0.012709482244084165,0.012910868762473288,1.2910868762473289
5,0,ResDyNet,92,0.012711579039735101,0.012912155110780968,1.2912155110780967
5,0,ResDyNet,93,0.012715410610258137,0.012914627870524524,1.2914627870524524
5,0,ResDyNet,94,0.012716159877137671,0.01291384739142686,1.291384739142686
5,0,ResDyNet,95,0.012716399446791272,0.012912638195399697,1.2912638195399697
5,0,ResDyNet,96,0.012718278384771157,0.012913254847938758,1.2913254847938758
5,0,ResDyNet,97,0.012719141514637369,0.012913277049870043,1.2913277049870042
5,0,ResDyNet,98,0.01271965931826023,0.012913571460873451,1.2913571460873452
5,0,ResDyNet,99,0.012719619787731116,0.012914008291589578,1.2914008291589576
5,0,ResDyNet,100,0.012718319145046356,0.012914068482464557,1.2914068482464558
5,0,Plain,1,0.012631202027595689,0.012847911276450233,1.2847911276450232
5,0,Plain,2,0.014575343317132144,0.014833573860383377,1.4833573860383378
5,0,Plain,3,0.014906751079745935,0.015178845547747498,1.51788455477475
5,0,Plain,4,0.015767134592884553,0.01606065163569489,1.6060651635694891
5,0,Plain,5,0.017583659813132337,0.017914500068323232,1.7914500068323234
5,0,Plain,6,0.019831940277861653,0.02020650154467727,2.020650154467727
5,0,Plain,7,0.021854037472490033,0.022266524307519128,2.2266524307519124
5,0,Plain,8,0.02339493599818225,0.023835561666122596,2.3835561666122596
5,0,Plain,9,0.024469626852800856,0.02492964633690652,2.492964633690652
5,0,Plain,10,0.02528304386321257,0.025758052960346348,2.575805296034635
5,0,Plain,11,0.02584798946125646,0.026334113834797553,2.6334113834797557
5,0,Plain,12,0.026212200871361897,0.02670744143750449,2.670744143750449
5,0,Plain,13,0.026445311906314526,0.026949015747999686,2.6949015747999687
5,0,Plain,14,0.026587767326376938,0.02709904677223063,2.709904677223063
5,0,Plain,15,0.026666986434719847,0.02718446508120539,2.718446508120539
5,0,Plain,16,0.026696929046760125,0.027218697176819122,2.721869717681912
5,0,Plain,17,0.02670153112362607,0.02722656076750258,2.722656076750258
5,0,Plain,18,0.026680288983583485,0.027208341311375627,2.720834131137563
5,0,Plain,19,0.026654890766969492,0.027186210500313418,2.718621050031342
5,0,Plain,20,0.026639646065065418,0.02717460040520345,2.717460040520345
5,0,Plain,21,0.026629342347451866,0.027167970770024717,2.7167970770024716
5,0,Plain,22,0.026615437276722526,0.027157221378789245,2.7157221378789247
5,0,Plain,23,0.02660304820469153,0.027150490996491073,2.7150490996491072
5,0,Plain,24,0.026574723415862696,0.02713504836219075,2.7135048362190752
5,0,Plain,25,0.026547604069648015,0.027127996583647326,2.7127996583647325
5,0,Plain,26,0.026523691958728064,0.027129087341145948,2.712908734114595
5,0,Plain,27,0.026480128172472882,0.027112124356594765,2.7112124356594767
5,0,Plain,28,0.02647956421892455,0.02713008299027358,2.7130082990273583
5,0,Plain,29,0.026472369568728348,0.027132911365696986,2.7132911365696986
5,0,Plain,30,0.026458509890084275,0.027122961848764893,2.712296184876489
5,0,Plain,31,0.026446900900333224,0.027111189515055326,2.7111189515055325
5,0,Plain,32,0.026442374486797628,0.027102672291265097,2.7102672291265093
5,0,Plain,33,0.026431223790367612,0.0270841074601932,2.70841074601932
5,0,Plain,34,0.02642929031063715,0.027072668282246887,2.7072668282246886
5,0,Plain,35,0.026433920402298382,0.027065586758324184,2.7065586758324183
5,0,Plain,36,0.02644106036876837,0.027058449592274336,2.705844959227434
5,0,Plain,37,0.026441216568035303,0.027042276848403147,2.704227684840315
5,0,Plain,38,0.026437497905361224,0.027016432946709593,2.701643294670959
5,0,Plain,39,0.02642907546296702,0.026979385959925623,2.697938595992562
5,0,Plain,40,0.026417435217519183,0.026935294896188785,2.693529489618878
5,0,Plain,41,0.02640542839662683,0.026889798826584415,2.6889798826584417
5,0,Plain,42,0.02640204378305408,0.026856587230078683,2.6856587230078683
5,0,Plain,43,0.02639995968348469,0.02683172357293338,2.683172357293338
5,0,Plain,44,0.026400088312667092,0.02681587499537497,2.681587499537497
5,0,Plain,45,0.026396199156510432,0.026801331989893824,2.6801331989893824
5,0,Plain,46,0.026389854298745224,0.026788279685225676,2.678827968522568
5,0,Plain,47,0.02638382420240768,0.026781705330715864,2.6781705330715866
5,0,Plain,48,0.026396070083201672,0.026796597092671008,2.6796597092671006
5,0,Plain,49,0.026393188319407634,0.026791619064593798,2.6791619064593797
5,0,Plain,50,0.02641173772341132,0.026800175008344702,2.68001750083447
5,0,Plain,51,0.026415392866726582,0.026784501156805376,2.678450115680538
5,0,Plain,52,0.02642240735440899,0.026774265166867255,2.6774265166867255
5,0,Plain,53,0.026447000530711966,0.026787294668922844,2.678729466892284
5,0,Plain,54,0.026472771042977638,0.026806153792851336,2.6806153792851335
5,0,Plain,55,0.026490225195121297,0.026819995676797933,2.681999567679793
5,0,Plain,56,0.02649952561205706,0.026827939095236734,2.6827939095236735
5,0,Plain,57,0.026501874400066947,0.02683069098627381,2.6830690986273806
5,0,Plain,58,0.026502070548011323,0.026832792174886683,2.6832792174886686
5,0,Plain,59,0.026501871955250215,0.0268356456643972,2.6835645664397196
5,0,Plain,60,0.026501967346636346,0.02683942954215326,2.683942954215326
5,0,Plain,61,0.026501961229124762,0.026843242750927802,2.68432427509278
5,0,Plain,62,0.026502382641895528,0.026847737373232025,2.684773737323203
5,0,Plain,63,0.026501029165804622,0.02685219053947208,2.6852190539472076
5,0,Plain,64,0.02650049811029015,0.02686037556724183,2.686037556724183
5,0,Plain,65,0.02650043173802568,0.026871994737980943,2.687199473798094
5,0,Plain,66,0.026500223458141046,0.026886096753913343,2.688609675391335
5,0,Plain,67,0.026500987203653622,0.026903053233501686,2.690305323350169
5,0,Plain,68,0.026500364503367763,0.026917290741134435,2.6917290741134434
5,0,Plain,69,0.02650050257923594,0.026929418516551566,2.6929418516551564
5,0,Plain,70,0.026500542960110198,0.02693870666356758,2.6938706663567578
5,0,Plain,71,0.02650067019779786,0.026945754784080393,2.694575478408039
5,0,Plain,72,0.026500318027347636,0.026951573717065327,2.6951573717065327
5,0,Plain,73,0.026499470881554292,0.026956031265032782,2.6956031265032783
5,0,Plain,74,0.02649659391572608,0.026956842624021413,2.695684262402141
5,0,Plain,75,0.026491108497219227,0.02695346959553255,2.6953469595532553
5,0,Plain,76,0.026482978391818773,0.02694609674433517,2.694609674433517
5,0,Plain,77,0.026471119443213526,0.026933916221073117,2.6933916221073115
5,0,Plain,78,0.02645735338657787,0.02691916314121764,2.691916314121764
5,0,Plain,79,0.026445442183855184,0.026905780302709688,2.6905780302709688
5,0,Plain,80,0.02643423339386675,0.026892662845712165,2.6892662845712163
5,0,Plain,81,0.026423739903902285,0.02687992150847248,2.687992150847248
5,0,Plain,82,0.02641283071773821,0.026865753700212196,2.6865753700212194
5,0,Plain,83,0.02640790270178078,0.026855244909696485,2.6855244909696485
5,0,Plain,84,0.026403767360462873,0.026842803771784857,2.6842803771784856
5,0,Plain,85,0.026398651428735712,0.026827417545271248,2.682741754527125
5,0,Plain,86,0.026397396203421148,0.026815064741577826,2.6815064741577825
5,0,Plain,87,0.02639503209207008,0.02680672926895841,2.6806729268958414
5,0,Plain,88,0.02639037115428176,0.026802251631183403,2.6802251631183402
5,0,Plain,89,0.026394455637617716,0.026809328549188046,2.680932854918805
5,0,Plain,90,0.026400800356355315,0.026818483978991215,2.6818483978991217
5,0,Plain,91,0.02640157946591568,0.02681992240597442,2.681992240597442
5,0,Plain,92,0.02640256841597063,0.026819174678799282,2.681917467879928
5,0,Plain,93,0.026403695841698733,0.02681737276552899,2.681737276552899
5,0,Plain,94,0.026409880697726863,0.026820453049620167,2.6820453049620165
5,0,Plain,95,0.026419115968695957,0.026826814254577183,2.6826814254577185
5,0,Plain,96,0.02642812385568181,0.02683327791518928,2.683327791518928
5,0,Plain,97,0.026431297608326916,0.02683472531625685,2.683472531625685
5,0,Plain,98,0.026434424449049084,0.02683741919563822,2.683741919563822
5,0,Plain,99,0.02643554107183653,0.02683954412879896,2.683954412879896
5,0,Plain,100,0.02643343835344806,0.02684027891031423,2.6840278910314233
5,1,ResDyNet,1,0.006394056475954043,0.006503757134134497,0.6503757134134497
5,1,ResDyNet,2,0.005622257702013639,0.005721866927614719,0.5721866927614718
5,1,ResDyNet,3,0.005253266331306034,0.005349154744551853,0.5349154744551854
5,1,ResDyNet,4,0.005663639686698036,0.005769072589714737,0.5769072589714737
5,1,ResDyNet,5,0.005592283103502648,0.005697503085504391,0.5697503085504392
5,1,ResDyNet,6,0.005660377706789786,0.005767283950697588,0.5767283950697588
5,1,ResDyNet,7,0.005816081283690935,0.0059258576563178044,0.5925857656317803
5,1,ResDyNet,8,0.005931796442093166,0.006043517276447513,0.6043517276447513
5,1,ResDyNet,9,0.006064457961724814,0.0061784674167816985,0.6178467416781698
5,1,ResDyNet,10,0.00615951188480394,0.006275234667037556,0.6275234667037556
5,1,ResDyNet,11,0.0062175593437917565,0.006334493279620142,0.6334493279620143
5,1,ResDyNet,12,0.006239804147288565,0.006357695970019798,0.6357695970019798
5,1,ResDyNet,13,0.006236552782645696,0.0063553404001493044,0.6355340400149304
5,1,ResDyNet,14,0.00624573668975095,0.006365841426432466,0.6365841426432467
5,1,ResDyNet,15,0.006271080435330818,0.006392772109177093,0.6392772109177093
5,1,ResDyNet,16,0.0063019933348907355,0.006425160283127775,0.6425160283127774
5,1,ResDyNet,17,0.006323660554815777,0.006448002085408873,0.6448002085408873
5,1,ResDyNet,18,0.006339011623038091,0.0064644724021738174,0.6464472402173818
5,1,ResDyNet,19,0.006352411675526225,0.006479036155327654,0.6479036155327654
5,1,ResDyNet,20,0.006364634210673053,0.006492443292147882,0.6492443292147881
5,1,ResDyNet,21,0.00637159966467687,0.0065004772250714105,0.650047722507141
5,1,ResDyNet,22,0.006380009239768679,0.006509880770384805,0.6509880770384805
5,1,ResDyNet,23,0.006383084048431809,0.006514436415456742,0.6514436415456742
5,1,ResDyNet,24,0.006381291257340201,0.006515840039855037,0.6515840039855038
5,1,ResDyNet,25,0.006384363197765636,0.006523940260799822,0.6523940260799822
5,1,ResDyNet,26,0.006387431016139378,0.006533222229847508,0.6533222229847508
5,1,ResDyNet,27,0.006391920414100122,0.006544475163254299,0.6544475163254299
5,1,ResDyNet,28,0.006394535958943948,0.006551629392996254,0.6551629392996255
5,1,ResDyNet,29,0.0063985529870347925,0.006558210462240479,0.6558210462240478
5,1,ResDyNet,30,0.006398660968960833,0.0065593503967260975,0.6559350396726098
5,1,ResDyNet,31,0.006399871509910477,0.0065606223591589165,0.6560622359158917
5,1,ResDyNet,32,0.006401809933231071,0.006561670805243191,0.656167080524319
5,1,ResDyNet,33,0.006400625909978995,0.0065587292262095035,0.6558729226209504
5,1,ResDyNet,34,0.00639717146127716,0.006552900167966635,0.6552900167966635
5,1,ResDyNet,35,0.006392619648374935,0.006545378024631407,0.6545378024631407
5,1,ResDyNet,36,0.006388712727434795,0.006537886865498207,0.6537886865498207
5,1,ResDyNet,37,0.006385987679498846,0.006531153600105743,0.6531153600105742
5,1,ResDyNet,38,0.006386269797827584,0.006526117955270554,0.6526117955270554
5,1,ResDyNet,39,0.006388626918951417,0.0065216519451040565,0.6521651945104058
5,1,ResDyNet,40,0.006393911754141586,0.006519251290670314,0.6519251290670315
5,1,ResDyNet,41,0.006395009532236196,0.0065123169839535035,0.6512316983953503
5,1,ResDyNet,42,0.0063982895389409255,0.006508443912064052,0.6508443912064051
5,1,ResDyNet,43,0.006399872419561624,0.006504540526671422,0.6504540526671422
5,1,ResDyNet,44,0.006399106006270027,0.006499888360750502,0.6499888360750502
5,1,ResDyNet,45,0.006401594968411394,0.006499847610481103,0.6499847610481103
5,1,ResDyNet,46,0.006424215668647417,0.006521206375062054,0.6521206375062054
5,1,ResDyNet,47,0.006438180174326567,0.006535271118094252,0.6535271118094251
5,1,ResDyNet,48,0.006438422673417652,0.006536117601903413,0.6536117601903413
5,1,ResDyNet,49,0.006443246947455824,0.006540514001804297,0.6540514001804296
5,1,ResDyNet,50,0.0064495233809818775,0.006544376486728203,0.6544376486728203
5,1,ResDyNet,51,0.006448949799418147,0.0065390624411371945,0.6539062441137194
5,1,ResDyNet,52,0.006448061938140398,0.006533928488364896,0.6533928488364895
5,1,ResDyNet,53,0.006449610891279773,0.006532598176642997,0.6532598176642996
5,1,ResDyNet,54,0.006455541730829067,0.006536839085407257,0.6536839085407258
5,1,ResDyNet,55,0.006457280118144455,0.006537665254895714,0.6537665254895714
5,1,ResDyNet,56,0.0064562738291689655,0.006536287615364233,0.6536287615364232
5,1,ResDyNet,57,0.006453821427706675,0.006533895897074844,0.6533895897074844
5,1,ResDyNet,58,0.0064522302472099086,0.0065327481856278105,0.6532748185627811
5,1,ResDyNet,59,0.0064506218396978236,0.006531863194322735,0.6531863194322735
5,1,ResDyNet,60,0.006449148516579013,0.006531268601822256,0.6531268601822255
5,1,ResDyNet,61,0.006447987224771762,0.006531021792425506,0.6531021792425505
5,1,ResDyNet,62,0.0064466751137323185,0.0065306822681833,0.65306822681833
5,1,ResDyNet,63,0.006446497424001591,0.006531919045803251,0.6531919045803251
5,1,ResDyNet,64,0.006446199023686556,0.006533738574905328,0.6533738574905329
5,1,ResDyNet,65,0.0064460816031415,0.006536462221921491,0.6536462221921491
5,1,ResDyNet,66,0.00644611333478229,0.006539976052632319,0.6539976052632319
5,1,ResDyNet,67,0.006445790240817047,0.006543584080399046,0.6543584080399045
5,1,ResDyNet,68,0.0064456499689025185,0.006547058407686592,0.6547058407686591
5,1,ResDyNet,69,0.006445386884284049,0.006549706760805962,0.6549706760805962
5,1,ResDyNet,70,0.006445367395467294,0.006551936006246039,0.655193600624604
5,1,ResDyNet,71,0.0064455847635320135,0.0065538397777038454,0.6553839777703846
5,1,ResDyNet,72,0.006446562156820451,0.006556336230074285,0.6556336230074286
5,1,ResDyNet,73,0.006448177160880953,0.006559273048435383,0.6559273048435382
5,1,ResDyNet,74,0.006449072399327958,0.006561093485922492,0.6561093485922492
5,1,ResDyNet,75,0.006450180196798728,0.006562758060440175,0.6562758060440175
5,1,ResDyNet,76,0.006451448055907723,0.0065642670882232156,0.6564267088223216
5,1,ResDyNet,77,0.00645309451149901,0.006565914498336054,0.6565914498336053
5,1,ResDyNet,78,0.006453920950942223,0.006566573324264308,0.6566573324264308
5,1,ResDyNet,79,0.00645447036307714,0.006566823891692176,0.6566823891692176
5,1,ResDyNet,80,0.006455406445893927,0.006567357808142137,0.6567357808142138
5,1,ResDyNet,81,0.006457505226548337,0.006568988124369784,0.6568988124369785
5,1,ResDyNet,82,0.006457735939994362,0.006568472159569926,0.6568472159569927
5,1,ResDyNet,83,0.006458618263268466,0.006568025382288955,0.6568025382288954
5,1,ResDyNet,84,0.0064594896184689155,0.006566896682860445,0.6566896682860445
5,1,ResDyNet,85,0.00646008490632224,0.006565009414502175,0.6565009414502174
5,1,ResDyNet,86,0.006460213330843269,0.006562429012923454,0.6562429012923454
5,1,ResDyNet,87,0.006460831934725576,0.006561604923316699,0.6561604923316698
5,1,ResDyNet,88,0.006460762581811774,0.006561597161128146,0.6561597161128147
5,1,ResDyNet,89,0.006458713546387739,0.006560232794625983,0.6560232794625983
5,1,ResDyNet,90,0.0064584734991581585,0.006560652166903621,0.6560652166903621
5,1,ResDyNet,91,0.0064583558285947,0.00656069090172045,0.6560690901720451
5,1,ResDyNet,92,0.006458437579518314,0.006560345299302413,0.6560345299302413
5,1,ResDyNet,93,0.006459644665987677,0.006560850419548971,0.6560850419548971
5,1,ResDyNet,94,0.006459404301638911,0.006559823264007865,0.6559823264007866
5,1,ResDyNet,95,0.006457543745537306,0.006557196191106571,0.6557196191106572
5,1,ResDyNet,96,0.006455120456715165,0.006554080120743135,0.6554080120743134
5,1,ResDyNet,97,0.006453504207375402,0.0065520057054508285,0.655200570545083
5,1,ResDyNet,98,0.006452761845751309,0.006551134675083787,0.6551134675083787
5,1,ResDyNet,99,0.0064515580965522875,0.006550154496985138,0.6550154496985138
5,1,ResDyNet,100,0.006449578588933786,0.006548844908721188,0.6548844908721189
5,1,Plain,1,0.011603726243453955,0.01180280743878587,1.1802807438785872
5,1,Plain,2,0.013902505427456536,0.014148815339406637,1.4148815339406635
5,1,Plain,3,0.014507866494289834,0.014772680080730212,1.4772680080730212
5,1,Plain,4,0.016556766301078697,0.01686498293071206,1.686498293071206
5,1,Plain,5,0.019641475739249712,0.020011034233610826,2.0011034233610823
5,1,Plain,6,0.02294891245146246,0.02338234325043758,2.3382343250437576
5,1,Plain,7,0.02589430077509972,0.02638304607836268,2.638304607836268
5,1,Plain,8,0.028276387170675293,0.02880895122577622,2.880895122577622
5,1,Plain,9,0.030073043184341182,0.030638404719863104,3.0638404719863104
5,1,Plain,10,0.03143938752276851,0.03203005987861402,3.2030059878614026
5,1,Plain,11,0.03247898723117201,0.033089821096787306,3.308982109678731
5,1,Plain,12,0.0332940407118711,0.03392308211332534,3.392308211332534
5,1,Plain,13,0.03392272181241874,0.034568847876571995,3.4568847876572
5,1,Plain,14,0.03443585361542115,0.035098050780676335,3.5098050780676333
5,1,Plain,15,0.03485821546321925,0.03553464668280853,3.5534646682808524
5,1,Plain,16,0.035200386686345606,0.035888347459156554,3.5888347459156558
5,1,Plain,17,0.03548034061185468,0.036177987144175694,3.617798714417569
5,1,Plain,18,0.03571952006021054,0.036426475510618825,3.642647551061882
5,1,Plain,19,0.03593325885540209,0.0366495270134727,3.66495270134727
5,1,Plain,20,0.03611763485104799,0.036842917967493984,3.684291796749398
5,1,Plain,21,0.036275412324311876,0.03700915061433365,3.7009150614333652
5,1,Plain,22,0.036414699738329524,0.03715595772310871,3.715595772310871
5,1,Plain,23,0.03654019390036449,0.03729212524326168,3.7292125243261673
5,1,Plain,24,0.03664177974839028,0.037414367404321476,3.7414367404321474
5,1,Plain,25,0.036728356193953836,0.03753132368324386,3.7531323683243865
5,1,Plain,26,0.03680769055421621,0.03764781514673758,3.7647815146737584
5,1,Plain,27,0.03687221072907149,0.03775223277160585,3.775223277160585
5,1,Plain,28,0.03695859992316978,0.0378665553114846,3.78665553114846
5,1,Plain,29,0.037032179571042725,0.03795621103622814,3.795621103622814
5,1,Plain,30,0.03709915023783943,0.03803082035619924,3.8030820356199238
5,1,Plain,31,0.037168120824439856,0.038101703159373466,3.810170315937347
5,1,Plain,32,0.0372304060191862,0.03816009390959011,3.816009390959011
5,1,Plain,33,0.037303493851398355,0.03822493593656934,3.822493593656934
5,1,Plain,34,0.03739367554211098,0.03830396359141335,3.8303963591413352
5,1,Plain,35,0.037491529668899355,0.03838742923912458,3.838742923912458
5,1,Plain,36,0.03758337145452212,0.03846092962334848,3.8460929623348483
5,1,Plain,37,0.03766820903268801,0.03852448068811224,3.8524480688112237
5,1,Plain,38,0.037723648263925484,0.038549730291266585,3.8549730291266586
5,1,Plain,39,0.03776051644235629,0.03854677204172162,3.854677204172162
5,1,Plain,40,0.03778862455893948,0.038529393101015094,3.852939310101509
5,1,Plain,41,0.03780951170429793,0.03850307399632409,3.850307399632409
5,1,Plain,42,0.0378382972584446,0.038489729784150585,3.8489729784150586
5,1,Plain,43,0.03786186327761874,0.03848108336532008,3.848108336532008
5,1,Plain,44,0.03788815095482012,0.03848486822382567,3.848486822382567
5,1,Plain,45,0.037916109566141686,0.038498051716537134,3.8498051716537134
5,1,Plain,46,0.03794048238565731,0.03851329537608292,3.851329537608292
5,1,Plain,47,0.037957778597863055,0.03853020068727388,3.8530200687273877
5,1,Plain,48,0.03802577208059818,0.03860276512260018,3.8602765122600182
5,1,Plain,49,0.038047564591669,0.038621929436466106,3.8621929436466105
5,1,Plain,50,0.03804925528911031,0.03860884548241812,3.8608845482418124
5,1,Plain,51,0.038052007929082116,0.03858371728701713,3.8583717287017127
5,1,Plain,52,0.03805308978846527,0.038559829267221096,3.8559829267221097
5,1,Plain,53,0.038055688644352985,0.038545352028153845,3.8545352028153843
5,1,Plain,54,0.03805794702725901,0.03853722677526487,3.853722677526487
5,1,Plain,55,0.03805901459829855,0.0385328021740467,3.8532802174046696
5,1,Plain,56,0.03805949001819331,0.03853116826134004,3.853116826134004
5,1,Plain,57,0.038059932590130026,0.03853215341936761,3.8532153419367607
5,1,Plain,58,0.038061091162122834,0.038536058805386214,3.853605880538621
5,1,Plain,59,0.03806279597198495,0.038542171942615486,3.8542171942615484
5,1,Plain,60,0.03806506330240437,0.038549763916004294,3.854976391600429
5,1,Plain,61,0.03806677735565547,0.038556985895082295,3.8556985895082296
5,1,Plain,62,0.03807127310876184,0.03856738300475776,3.8567383004757763
5,1,Plain,63,0.038074014873533506,0.038578528237160806,3.8578528237160805
5,1,Plain,64,0.03807646721217183,0.03859354663207525,3.8593546632075246
5,1,Plain,65,0.03807876533356501,0.038612668343968794,3.8612668343968792
5,1,Plain,66,0.038082221779531966,0.03863674210090251,3.8636742100902515
5,1,Plain,67,0.03808420678011685,0.038662010380500586,3.8662010380500584
5,1,Plain,68,0.03808535158441488,0.0386845426766013,3.8684542676601295
5,1,Plain,69,0.03808835226451023,0.03870481986785072,3.8704819867850726
5,1,Plain,70,0.038093202298030183,0.03872304066098676,3.8723040660986756
5,1,Plain,71,0.03809741269178351,0.03873726711960724,3.873726711960724
5,1,Plain,72,0.03810924855739829,0.0387581847409054,3.87581847409054
5,1,Plain,73,0.03811454872804502,0.038771225725905335,3.877122572590533
5,1,Plain,74,0.03811565333494722,0.03877772636475013,3.8777726364750134
5,1,Plain,75,0.03811300611199692,0.03877820935812816,3.8778209358128164
5,1,Plain,76,0.03810736766188348,0.03877376632253262,3.8773766322532617
5,1,Plain,77,0.03809942064714279,0.038765515979893646,3.8765515979893643
5,1,Plain,78,0.038090045804407294,0.03875490273284348,3.8754902732843486
5,1,Plain,79,0.03808169676799528,0.038744588185393045,3.874458818539305
5,1,Plain,80,0.0380741541593945,0.0387344461890782,3.87344461890782
5,1,Plain,81,0.0380675793176406,0.03872478111717314,3.872478111717314
5,1,Plain,82,0.038059288011941174,0.038711922575097944,3.871192257509794
5,1,Plain,83,0.03805567645610341,0.0387003285711103,3.8700328571110294
5,1,Plain,84,0.038052727061620266,0.03868545997817993,3.8685459978179937
5,1,Plain,85,0.03804863144620609,0.038666616193977085,3.866661619397709
5,1,Plain,86,0.03804365434724559,0.03864559392397145,3.8645593923971444
5,1,Plain,87,0.038039488089926354,0.038632809962098086,3.863280996209809
5,1,Plain,88,0.038027832102132265,0.03862134105773559,3.862134105773559
5,1,Plain,89,0.038021385297843026,0.03861901242973099,3.8619012429730986
5,1,Plain,90,0.03801783086980501,0.03861930601859293,3.861930601859293
5,1,Plain,91,0.03801373782921308,0.03861607977874021,3.861607977874021
5,1,Plain,92,0.038011378501686115,0.038611160238563424,3.861116023856342
5,1,Plain,93,0.0380091891518136,0.03860469383191119,3.8604693831911185
5,1,Plain,94,0.03800824997387215,0.03859913248340444,3.859913248340444
5,1,Plain,95,0.03800796523750112,0.03859450198216447,3.859450198216447
5,1,Plain,96,0.03800791448959674,0.038590591524597935,3.859059152459793
5,1,Plain,97,0.03800444721328752,0.03858451888655908,3.8584518886559085
5,1,Plain,98,0.03800377842669116,0.038583148826300706,3.8583148826300704
5,1,Plain,99,0.0380016836785259,0.03858244714140051,3.8582447141400507
5,1,Plain,100,0.03799432955895117,0.03857910532625138,3.8579105326251386
5,2,ResDyNet,1,0.006128031179098491,0.006233167731492978,0.6233167731492977
5,2,ResDyNet,2,0.0052626873055743205,0.005355926042550241,0.5355926042550241
5,2,ResDyNet,3,0.005044085615337055,0.0051361558313564445,0.5136155831356445
5,2,ResDyNet,4,0.00454078991927978,0.004625320131239248,0.4625320131239248
5,2,ResDyNet,5,0.005010524673153205,0.0051047987480115145,0.5104798748011514
5,2,ResDyNet,6,0.005982000276560429,0.006094980931518384,0.6094980931518383
5,2,ResDyNet,7,0.006821702419542368,0.006950459517359622,0.6950459517359623
5,2,ResDyNet,8,0.00759957806029871,0.007742710281696712,0.7742710281696712
5,2,ResDyNet,9,0.008273439914589108,0.008428977372686997,0.8428977372686997
5,2,ResDyNet,10,0.00887368414590757,0.009040399859300408,0.9040399859300408
5,2,ResDyNet,11,0.009399821792678821,0.009576604690521344,0.9576604690521344
5,2,ResDyNet,12,0.009877735742630817,0.01006436087439272,1.006436087439272
5,2,ResDyNet,13,0.010283622707350119,0.010479494863537324,1.0479494863537324
5,2,ResDyNet,14,0.010632490911750248,0.010836952384376835,1.0836952384376835
5,2,ResDyNet,15,0.010952017698068332,0.011164543973152165,1.1164543973152166
5,2,ResDyNet,16,0.011232695855367989,0.011452229072155262,1.1452229072155262
5,2,ResDyNet,17,0.011472854724204049,0.01169844436556982,1.169844436556982
5,2,ResDyNet,18,0.011674399364118066,0.011905457347170304,1.1905457347170305
5,2,ResDyNet,19,0.011850184140890245,0.012086397327162855,1.2086397327162854
5,2,ResDyNet,20,0.012005291388102786,0.012246371270207876,1.2246371270207876
5,2,ResDyNet,21,0.012136727224662042,0.012382215309006048,1.2382215309006048
5,2,ResDyNet,22,0.012244424138765095,0.012493671756543171,1.2493671756543172
5,2,ResDyNet,23,0.012333153891654082,0.01258694797367773,1.258694797367773
5,2,ResDyNet,24,0.012410583142337336,0.012672258841621533,1.2672258841621533
5,2,ResDyNet,25,0.0124744650413138,0.012747185928182919,1.2747185928182918
5,2,ResDyNet,26,0.01252699611199992,0.012812921073486134,1.2812921073486134
5,2,ResDyNet,27,0.012549034405335635,0.012848539823395918,1.284853982339592
5,2,ResDyNet,28,0.01257353825558233,0.012882430146321448,1.2882430146321449
5,2,ResDyNet,29,0.012598785686522252,0.012913152124909729,1.2913152124909728
5,2,ResDyNet,30,0.012622080592480307,0.01293905861607797,1.293905861607797
5,2,ResDyNet,31,0.012644273994789724,0.01296187064960457,1.296187064960457
5,2,ResDyNet,32,0.012662530236041926,0.012978728802779416,1.2978728802779416
5,2,ResDyNet,33,0.012681058123191882,0.012994295823814672,1.299429582381467
5,2,ResDyNet,34,0.012697361254509073,0.013006457807337592,1.300645780733759
5,2,ResDyNet,35,0.0127111548760347,0.013014901303323114,1.3014901303323114
5,2,ResDyNet,36,0.012722973613937337,0.013020050459216729,1.3020050459216728
5,2,ResDyNet,37,0.012735063609868577,0.013024556375231857,1.302455637523186
5,2,ResDyNet,38,0.01274873446426561,0.013027909488340495,1.3027909488340494
5,2,ResDyNet,39,0.01276507601474488,0.01303087249844072,1.303087249844072
5,2,ResDyNet,40,0.01278380830895244,0.013034408672255597,1.3034408672255597
5,2,ResDyNet,41,0.012802852053341213,0.013037702359899862,1.3037702359899863
5,2,ResDyNet,42,0.012821714953861437,0.013042456444928721,1.3042456444928723
5,2,ResDyNet,43,0.012842876770900786,0.013052918395690965,1.3052918395690964
5,2,ResDyNet,44,0.012865434112720307,0.013068057532307813,1.3068057532307813
5,2,ResDyNet,45,0.012886316633015203,0.013084097758186072,1.3084097758186073
5,2,ResDyNet,46,0.012898334136095802,0.01309306896505514,1.309306896505514
5,2,ResDyNet,47,0.012918382259173626,0.013113197857919444,1.3113197857919443
5,2,ResDyNet,48,0.012921162797500782,0.013117225115786675,1.3117225115786675
5,2,ResDyNet,49,0.012932043331645715,0.013127265053214631,1.3127265053214632
5,2,ResDyNet,50,0.01294991382056357,0.013140368133614022,1.314036813361402
5,2,ResDyNet,51,0.012952168140171834,0.01313315173027599,1.313315173027599
5,2,ResDyNet,52,0.012951212489457088,0.013123679185398104,1.3123679185398103
5,2,ResDyNet,53,0.012948566481794772,0.013115175971852886,1.3115175971852886
5,2,ResDyNet,54,0.01294526495261458,0.013108290123675813,1.3108290123675812
5,2,ResDyNet,55,0.012941402021524096,0.013102506441995197,1.3102506441995196
5,2,ResDyNet,56,0.012937538472658956,0.013097875760796813,1.3097875760796813
5,2,ResDyNet,57,0.01293361344840389,0.013094084611961009,1.309408461196101
5,2,ResDyNet,58,0.012929166133073879,0.013090510313707828,1.3090510313707828
5,2,ResDyNet,59,0.012925004224800161,0.013087786182547767,1.3087786182547765
5,2,ResDyNet,60,0.012922528242934226,0.013087076960976602,1.3087076960976602
5,2,ResDyNet,61,0.012921537893966623,0.013087936224956643,1.3087936224956642
5,2,ResDyNet,62,0.012920497446622964,0.013088865513174026,1.3088865513174024
5,2,ResDyNet,63,0.012918940683587102,0.013090127731772786,1.3090127731772787
5,2,ResDyNet,64,0.012918443015648184,0.013093875809435612,1.3093875809435613
5,2,ResDyNet,65,0.012918983595893704,0.013100120882588367,1.3100120882588369
5,2,ResDyNet,66,0.0129197738517025,0.013107900405603602,1.31079004056036
5,2,ResDyNet,67,0.012921340751215324,0.013117379945386887,1.3117379945386887
5,2,ResDyNet,68,0.012922537392792692,0.013125845724528714,1.3125845724528715
5,2,ResDyNet,69,0.012922995343201913,0.013132156608879115,1.3132156608879115
5,2,ResDyNet,70,0.012923125628656272,0.013136798404879023,1.3136798404879022
5,2,ResDyNet,71,0.012924438089493234,0.013141506870662184,1.3141506870662183
5,2,ResDyNet,72,0.012924179989020707,0.013144256961265435,1.3144256961265437
5,2,ResDyNet,73,0.012926318674747589,0.013149026706824407,1.3149026706824407
5,2,ResDyNet,74,0.012930119796865612,0.013154717379239369,1.315471737923937
5,2,ResDyNet,75,0.012934156797344883,0.013159902388293064,1.3159902388293063
5,2,ResDyNet,76,0.012938078634018987,0.01316433194937741,1.316433194937741
5,2,ResDyNet,77,0.012941727398646428,0.013167988692691032,1.316798869269103
5,2,ResDyNet,78,0.012945269888309751,0.013171227935719692,1.3171227935719694
5,2,ResDyNet,79,0.01294846325437673,0.013173858283703007,1.3173858283703008
5,2,ResDyNet,80,0.012951004650306906,0.013175604390886678,1.3175604390886677
5,2,ResDyNet,81,0.012952976804313352,0.013176598054145573,1.3176598054145574
5,2,ResDyNet,82,0.012956310771975102,0.013178483509892277,1.3178483509892276
5,2,ResDyNet,83,0.012958045277852798,0.013177550804297935,1.3177550804297935
5,2,ResDyNet,84,0.0129582808751844,0.013173748503522249,1.317374850352225
5,2,ResDyNet,85,0.012957717677046078,0.013168176544710175,1.3168176544710175
5,2,ResDyNet,86,0.0129563653224032,0.01316136532021854,1.316136532021854
5,2,ResDyNet,87,0.012954076151004584,0.013156127679563524,1.3156127679563523
5,2,ResDyNet,88,0.01295288617026948,0.013155044787208737,1.3155044787208738
5,2,ResDyNet,89,0.01295173933107201,0.013155317153625156,1.3155317153625155
5,2,ResDyNet,90,0.012948966162781149,0.013153830069301245,1.3153830069301244
5,2,ResDyNet,91,0.012945069186667001,0.01315018866862093,1.315018866862093
5,2,ResDyNet,92,0.01294111851741847,0.013145316493063264,1.3145316493063264
5,2,ResDyNet,93,0.01293631189618327,0.013138990102408873,1.3138990102408872
5,2,ResDyNet,94,0.012932060400196902,0.01313310433955071,1.313310433955071
5,2,ResDyNet,95,0.012928136535891789,0.01312764279914325,1.312764279914325
5,2,ResDyNet,96,0.012924839124907817,0.013122982249578075,1.3122982249578075
5,2,ResDyNet,97,0.012922444095673849,0.0131196826906011,1.31196826906011
5,2,ResDyNet,98,0.012922044386986093,0.013119041904869799,1.31190419048698
5,2,ResDyNet,99,0.012922983990848196,0.01312048042276127,1.312048042276127
5,2,ResDyNet,100,0.012924831353778641,0.013123759148001323,1.3123759148001322
5,2,Plain,1,0.011183153420843849,0.011375018990910856,1.1375018990910857
5,2,Plain,2,0.012940030202634173,0.013169287994797867,1.316928799479787
5,2,Plain,3,0.014354013345664642,0.014616018634683162,1.4616018634683163
5,2,Plain,4,0.015434994446075063,0.015722328450799704,1.5722328450799703
5,2,Plain,5,0.017359919002893118,0.017686549527712588,1.768654952771259
5,2,Plain,6,0.02004482606143017,0.02042340805277719,2.0423408052777186
5,2,Plain,7,0.022920895169154448,0.023353518546700112,2.3353518546700114
5,2,Plain,8,0.025256043330361497,0.025731721526823993,2.573172152682399
5,2,Plain,9,0.02705523880691467,0.02756386679185216,2.7563866791852156
5,2,Plain,10,0.028458819907237847,0.028993494387999207,2.899349438799921
5,2,Plain,11,0.029508074002992515,0.030063033761491723,3.006303376149172
5,2,Plain,12,0.03031963416631101,0.030892478578096565,3.089247857809657
5,2,Plain,13,0.030930623475800768,0.03151975904454246,3.151975904454246
5,2,Plain,14,0.031413417997566626,0.03201749410328132,3.201749410328132
5,2,Plain,15,0.03178812491854942,0.03240498036629312,3.240498036629312
5,2,Plain,16,0.03206138486706118,0.03268799659457066,3.268799659457066
5,2,Plain,17,0.03227067033445621,0.03290520542815217,3.2905205428152176
5,2,Plain,18,0.0324331069448483,0.03307501819364687,3.307501819364686
5,2,Plain,19,0.0325726316781443,0.03322191147181682,3.3221911471816825
5,2,Plain,20,0.03269535910673742,0.03335191904052187,3.3351919040521874
5,2,Plain,21,0.032794444310234594,0.03345777348966005,3.345777348966005
5,2,Plain,22,0.03287382665858611,0.033543006596249425,3.3543006596249425
5,2,Plain,23,0.03294841410141932,0.03362643308865205,3.362643308865205
5,2,Plain,24,0.03298352604238095,0.03367897984523691,3.367897984523691
5,2,Plain,25,0.03300584843927517,0.033727433230960856,3.3727433230960857
5,2,Plain,26,0.03302095645083256,0.03377464996338966,3.3774649963389654
5,2,Plain,27,0.033019880817068005,0.03380796003408025,3.3807960034080256
5,2,Plain,28,0.03306631802287777,0.03387865241008441,3.387865241008441
5,2,Plain,29,0.03310959743121878,0.03393575214802058,3.3935752148020586
5,2,Plain,30,0.03314654527096849,0.03397895371045679,3.3978953710456787
5,2,Plain,31,0.03317686290421439,0.034010193523273356,3.401019352327335
5,2,Plain,32,0.03320652287604587,0.034035729578341056,3.403572957834106
5,2,Plain,33,0.03323851821673632,0.03405955041430017,3.405955041430017
5,2,Plain,34,0.03328678031090765,0.03409709269334916,3.4097092693349156
5,2,Plain,35,0.03334578489472381,0.03414261752918385,3.414261752918385
5,2,Plain,36,0.033415924752292,0.034196174543632434,3.4196174543632436
5,2,Plain,37,0.033479566556390276,0.03424062222148039,3.424062222148039
5,2,Plain,38,0.033528294067366335,0.03426250516335264,3.4262505163352643
5,2,Plain,39,0.03356140538116177,0.03426022640877644,3.4260226408776444
5,2,Plain,40,0.033585995328342624,0.034244379937042255,3.4244379937042257
5,2,Plain,41,0.03361245233361313,0.03422902547699152,3.4229025476991515
5,2,Plain,42,0.033643754867250075,0.034222973219960554,3.422297321996056
5,2,Plain,43,0.03366860413500692,0.03421924465294426,3.4219244652944254
5,2,Plain,44,0.03368944656334676,0.03422003657740051,3.4220036577400514
5,2,Plain,45,0.03370857806433692,0.03422594238863063,3.422594238863063
5,2,Plain,46,0.03372329481001054,0.03423243808211688,3.423243808211688
5,2,Plain,47,0.03375442280399585,0.03426345620747872,3.426345620747872
5,2,Plain,48,0.03385691520083135,0.03437065110744556,3.4370651107445562
5,2,Plain,49,0.03388727840779398,0.03439883970250956,3.439883970250956
5,2,Plain,50,0.033887898291028506,0.03438628742930159,3.4386287429301587
5,2,Plain,51,0.033889937991068424,0.034363489799511,3.4363489799511004
5,2,Plain,52,0.03389018114912139,0.03434148465235628,3.434148465235628
5,2,Plain,53,0.033898511793082134,0.03433468469079363,3.433468469079363
5,2,Plain,54,0.03390961812884381,0.03433665622472761,3.4336656224727613
5,2,Plain,55,0.033918503208138974,0.03434074654726916,3.4340746547269156
5,2,Plain,56,0.033925532220427115,0.034345977566066256,3.434597756606626
5,2,Plain,57,0.03392592978045494,0.03434685881535651,3.434685881535651
5,2,Plain,58,0.03392565838563431,0.034349019606177006,3.4349019606177
5,2,Plain,59,0.0339234993401606,0.03435074358242129,3.4350743582421286
5,2,Plain,60,0.03392053559468657,0.034352461959441735,3.4352461959441736
5,2,Plain,61,0.033918273531038545,0.03435505931860823,3.4355059318608236
5,2,Plain,62,0.0339162175068072,0.03435818253098194,3.435818253098194
5,2,Plain,63,0.03391622545265949,0.03436564453918082,3.436564453918082
5,2,Plain,64,0.03391605099556699,0.034376631854512764,3.437663185451276
5,2,Plain,65,0.03391607120103703,0.03439160900686346,3.4391609006863457
5,2,Plain,66,0.03391713333340849,0.0344110052452127,3.4411005245212696
5,2,Plain,67,0.03391760370966322,0.0344321927006584,3.4432192700658404
5,2,Plain,68,0.03391571577939159,0.034449306620350346,3.4449306620350346
5,2,Plain,69,0.03391624500542103,0.0344651862178841,3.4465186217884103
5,2,Plain,70,0.03391810124202945,0.03447890789707876,3.4478907897078765
5,2,Plain,71,0.033920006290098836,0.03448970025835116,3.448970025835116
5,2,Plain,72,0.033926421959772815,0.034504131665947346,3.4504131665947346
5,2,Plain,73,0.0339358155476385,0.03452049699389598,3.452049699389598
5,2,Plain,74,0.03394642050146371,0.034536073505043764,3.453607350504376
5,2,Plain,75,0.03395660091844478,0.03454926057620457,3.454926057620457
5,2,Plain,76,0.0339643900770966,0.03455833884464113,3.4558338844641128
5,2,Plain,77,0.0339677111353749,0.034561571447872835,3.456157144787283
5,2,Plain,78,0.03396963305523992,0.03456256870066249,3.4562568700662486
5,2,Plain,79,0.03396926713825287,0.03456057313437026,3.456057313437026
5,2,Plain,80,0.033966341793193036,0.03455539505671837,3.4555395056718368
5,2,Plain,81,0.03396299597154184,0.03454933590883516,3.454933590883516
5,2,Plain,82,0.03395588849533488,0.03453815862208554,3.453815862208554
5,2,Plain,83,0.033954671215439824,0.034529853491824934,3.452985349182493
5,2,Plain,84,0.03395462596964806,0.03451921650439943,3.451921650439943
5,2,Plain,85,0.03395363788368222,0.03450511186700068,3.4505111867000675
5,2,Plain,86,0.03395287328812306,0.03449008714221642,3.449008714221642
5,2,Plain,87,0.03395095384530315,0.034480504701768167,3.448050470176817
5,2,Plain,88,0.03394414446990414,0.03447391839125401,3.447391839125401
5,2,Plain,89,0.03393883319063205,0.034472290017111544,3.447229001711155
5,2,Plain,90,0.03393373518182637,0.03447059638485807,3.4470596384858068
5,2,Plain,91,0.03392941022910786,0.03446703447420382,3.4467034474203824
5,2,Plain,92,0.03392509737682401,0.03446040166281566,3.4460401662815654
5,2,Plain,93,0.03392462870733622,0.0344561389977847,3.4456138997784698
5,2,Plain,94,0.033926488165751306,0.034453914934433824,3.445391493443382
5,2,Plain,95,0.03392812664289297,0.03445170355181978,3.4451703551819772
5,2,Plain,96,0.03392879285362671,0.03444893526834752,3.444893526834752
5,2,Plain,97,0.03392584719875509,0.0344436661487662,3.44436661487662
5,2,Plain,98,0.03392585542601934,0.03444305758930382,3.4443057589303825
5,2,Plain,99,0.03392651825649012,0.03444500271082633,3.4445002710826333
5,2,Plain,100,0.03392580636159248,0.03444796294855362,3.444796294855362
5,3,ResDyNet,1,0.006159098673152662,0.006264768240004962,0.6264768240004962
5,3,ResDyNet,2,0.005384041857505633,0.0054794306262982585,0.5479430626298258
5,3,ResDyNet,3,0.00502499930145929,0.005116721133018988,0.5116721133018988
5,3,ResDyNet,4,0.005157808100030912,0.005253824568463133,0.5253824568463132
5,3,ResDyNet,5,0.005811675897048626,0.005921023800573827,0.5921023800573827
5,3,ResDyNet,6,0.006438283320896095,0.006559881688126188,0.6559881688126187
5,3,ResDyNet,7,0.007117958432149173,0.007252307252097971,0.7252307252097971
5,3,ResDyNet,8,0.0076396547802588645,0.007783541815925334,0.7783541815925333
5,3,ResDyNet,9,0.008073772748093884,0.008225556540985657,0.8225556540985657
5,3,ResDyNet,10,0.008416357918931361,0.008574481545099778,0.8574481545099778
5,3,ResDyNet,11,0.00870847197937116,0.008872252628222685,0.8872252628222685
5,3,ResDyNet,12,0.008940197898388721,0.009109109646408407,0.9109109646408406
5,3,ResDyNet,13,0.009126366653110762,0.009300196553854024,0.9300196553854023
5,3,ResDyNet,14,0.00927635988059388,0.00945474312282213,0.945474312282213
5,3,ResDyNet,15,0.009400675134242892,0.009583097270933398,0.9583097270933397
5,3,ResDyNet,16,0.009499421763587463,0.009685079654109157,0.9685079654109156
5,3,ResDyNet,17,0.009579813096111377,0.009768180041623522,0.9768180041623521
5,3,ResDyNet,18,0.009648933780256112,0.009839904048475902,0.9839904048475903
5,3,ResDyNet,19,0.009700917667107897,0.00989428889616828,0.989428889616828
5,3,ResDyNet,20,0.009745132143026341,0.009940825461263292,0.9940825461263291
5,3,ResDyNet,21,0.009782064860390637,0.009979925479571933,0.9979925479571933
5,3,ResDyNet,22,0.009805984409435328,0.010005595124183668,1.0005595124183666
5,3,ResDyNet,23,0.009828353668078247,0.0100306034752976,1.0030603475297601
5,3,ResDyNet,24,0.009837142629098142,0.010044557635057553,1.0044557635057552
5,3,ResDyNet,25,0.009855082362055408,0.010070537437126497,1.0070537437126497
5,3,ResDyNet,26,0.009871465883590093,0.010096779157206762,1.0096779157206761
5,3,ResDyNet,27,0.00988489023585176,0.010120811031583264,1.0120811031583263
5,3,ResDyNet,28,0.009894837313482556,0.010137922031895896,1.0137922031895896
5,3,ResDyNet,29,0.009905105845742791,0.01015225925592487,1.015225925592487
5,3,ResDyNet,30,0.009914762539880074,0.010163751746636022,1.0163751746636023
5,3,ResDyNet,31,0.00992687358214102,0.010176215050362683,1.0176215050362682
5,3,ResDyNet,32,0.009940123338092697,0.010188340139483037,1.0188340139483036
5,3,ResDyNet,33,0.009951029225583552,0.010196831861544296,1.0196831861544295
5,3,ResDyNet,34,0.009961211432177632,0.010203700879706639,1.0203700879706639
5,3,ResDyNet,35,0.009970342668044094,0.010208594502263297,1.0208594502263297
5,3,ResDyNet,36,0.009977434025599474,0.010210403511684188,1.0210403511684187
5,3,ResDyNet,37,0.009982785214370274,0.010209713338662977,1.0209713338662976
5,3,ResDyNet,38,0.009989771784972018,0.010208530343822653,1.0208530343822655
5,3,ResDyNet,39,0.010000271149884318,0.01020849841814139,1.0208498418141392
5,3,ResDyNet,40,0.010013934210906454,0.010210236868979768,1.0210236868979767
5,3,ResDyNet,41,0.010028055023666103,0.010212005583016694,1.0212005583016694
5,3,ResDyNet,42,0.010038944269783537,0.010211776962978451,1.0211776962978452
5,3,ResDyNet,43,0.010049486623275724,0.01021384314061323,1.021384314061323
5,3,ResDyNet,44,0.010064673876397801,0.010223186882643927,1.0223186882643926
5,3,ResDyNet,45,0.010079838638504514,0.01023454551745521,1.0234545517455211
5,3,ResDyNet,46,0.010089198311092009,0.010241521726404154,1.0241521726404155
5,3,ResDyNet,47,0.010112057835347367,0.010264552672721187,1.0264552672721186
5,3,ResDyNet,48,0.010113576549572111,0.010267037294208381,1.0267037294208383
5,3,ResDyNet,49,0.010127602868247989,0.010280488844315473,1.0280488844315474
5,3,ResDyNet,50,0.010146181334792953,0.010295401169224191,1.029540116922419
5,3,ResDyNet,51,0.0101486823166039,0.010290492161921516,1.0290492161921518
5,3,ResDyNet,52,0.010151848819573905,0.010287037383967386,1.0287037383967386
5,3,ResDyNet,53,0.010155495935375713,0.010286166925207606,1.0286166925207607
5,3,ResDyNet,54,0.010158623040267734,0.010286554856646025,1.0286554856646024
5,3,ResDyNet,55,0.010161313952625673,0.010287809721232503,1.0287809721232501
5,3,ResDyNet,56,0.010162789999441226,0.010288739320625354,1.0288739320625355
5,3,ResDyNet,57,0.010164883561024875,0.01029100227479095,1.0291002274790948
5,3,ResDyNet,58,0.010167161895960283,0.010294038787214708,1.0294038787214708
5,3,ResDyNet,59,0.010169367018807898,0.010297443531866143,1.0297443531866142
5,3,ResDyNet,60,0.010171136661784085,0.0103006505980098,1.0300650598009802
5,3,ResDyNet,61,0.010174740454064303,0.010305766640243231,1.030576664024323
5,3,ResDyNet,62,0.010175699976118537,0.01030830036072916,1.030830036072916
5,3,ResDyNet,63,0.010176907778351054,0.010311760537946675,1.0311760537946675
5,3,ResDyNet,64,0.010177318408874196,0.01031552665885992,1.031552665885992
5,3,ResDyNet,65,0.010177199515500005,0.01031989420140191,1.0319894201401911
5,3,ResDyNet,66,0.01017689599285588,0.010325083135643492,1.0325083135643491
5,3,ResDyNet,67,0.01017689202156573,0.01033129315914823,1.0331293159148232
5,3,ResDyNet,68,0.010175744810073927,0.010335838268395932,1.0335838268395934
5,3,ResDyNet,69,0.010175699589887625,0.010340395324030367,1.0340395324030367
5,3,ResDyNet,70,0.010176024659575511,0.010344276482114573,1.0344276482114572
5,3,ResDyNet,71,0.010179874906930488,0.010350848145627508,1.035084814562751
5,3,ResDyNet,72,0.01018143455664407,0.010354807203282974,1.0354807203282976
5,3,ResDyNet,73,0.010181474156465947,0.010356891158791383,1.0356891158791384
5,3,ResDyNet,74,0.01018145907653352,0.010358312124266387,1.0358312124266387
5,3,ResDyNet,75,0.010180967356233302,0.010358660307406495,1.0358660307406493
5,3,ResDyNet,76,0.010180672389496053,0.010358705847620579,1.0358705847620577
5,3,ResDyNet,77,0.010180443861300677,0.010358429406124256,1.0358429406124257
5,3,ResDyNet,78,0.010180427482221971,0.010358125555381398,1.03581255553814
5,3,ResDyNet,79,0.010180475966218669,0.010357688399376381,1.0357688399376381
5,3,ResDyNet,80,0.010180740148595739,0.010357297231078949,1.0357297231078948
5,3,ResDyNet,81,0.010181836607638637,0.010357616666708102,1.0357616666708103
5,3,ResDyNet,82,0.010182970621296939,0.010357586567369898,1.0357586567369896
5,3,ResDyNet,83,0.010184391982737186,0.010356912627306565,1.0356912627306565
5,3,ResDyNet,84,0.010186911078772036,0.010356296940320614,1.0356296940320615
5,3,ResDyNet,85,0.010190021880511668,0.010355527914822315,1.0355527914822316
5,3,ResDyNet,86,0.010192178756454008,0.01035344285875543,1.035344285875543
5,3,ResDyNet,87,0.010192618351979788,0.010351597973068068,1.0351597973068067
5,3,ResDyNet,88,0.010193413140599425,0.010352504039361733,1.0352504039361734
5,3,ResDyNet,89,0.010195079249891903,0.010355327381930086,1.0355327381930086
5,3,ResDyNet,90,0.010196834344856083,0.010358157132464392,1.035815713246439
5,3,ResDyNet,91,0.010197522627751162,0.010359106202814026,1.0359106202814028
5,3,ResDyNet,92,0.010198368096606236,0.010359288199254586,1.0359288199254586
5,3,ResDyNet,93,0.010198539115562904,0.010358323575821147,1.0358323575821147
5,3,ResDyNet,94,0.010198532340018347,0.010357080402261644,1.0357080402261645
5,3,ResDyNet,95,0.010198640678261523,0.010356025517624526,1.0356025517624527
5,3,ResDyNet,96,0.010199496852090699,0.010355859353535151,1.035585935353515
5,3,ResDyNet,97,0.010200122299613635,0.010355809395302866,1.0355809395302866
5,3,ResDyNet,98,0.010199961770747609,0.010355460938771642,1.0355460938771641
5,3,ResDyNet,99,0.010199725529584053,0.01035560356827946,1.035560356827946
5,3,ResDyNet,100,0.010199430406132262,0.010356411192765619,1.0356411192765618
5,3,Plain,1,0.013037649534414327,0.01326133206528186,1.326133206528186
5,3,Plain,2,0.013958033357452007,0.014205327054635591,1.420532705463559
5,3,Plain,3,0.015022892766975314,0.015297107181196576,1.5297107181196576
5,3,Plain,4,0.01624534227537432,0.016547761513062663,1.654776151306266
5,3,Plain,5,0.018171753688436553,0.018513659053499318,1.8513659053499318
5,3,Plain,6,0.020971825350206405,0.021367915362608163,2.1367915362608163
5,3,Plain,7,0.02372966611887799,0.02417755474751215,2.417755474751215
5,3,Plain,8,0.025834804699688838,0.026321383422442907,2.6321383422442906
5,3,Plain,9,0.02742320601977626,0.027938751645446347,2.7938751645446347
5,3,Plain,10,0.02857915856892761,0.029116093930908367,2.9116093930908367
5,3,Plain,11,0.02937299444114919,0.029925413751870914,2.9925413751870913
5,3,Plain,12,0.02992107861008104,0.030486392907158745,3.0486392907158746
5,3,Plain,13,0.0303267073580162,0.030904340136786602,3.09043401367866
5,3,Plain,14,0.030639313097437365,0.031228503262579754,3.122850326257976
5,3,Plain,15,0.030889635026520146,0.03148905508334158,3.148905508334158
5,3,Plain,16,0.031061108913415517,0.031668171122215844,3.166817112221584
5,3,Plain,17,0.031181173463368465,0.031794285884649755,3.1794285884649756
5,3,Plain,18,0.0312637241209305,0.0318824911180821,3.1882491118082097
5,3,Plain,19,0.031335056405163327,0.03195966724896913,3.195966724896913
5,3,Plain,20,0.03139445251605442,0.032024888768424326,3.2024888768424327
5,3,Plain,21,0.03144751109228893,0.032083596019677404,3.2083596019677407
5,3,Plain,22,0.031489207030719786,0.032130201637667395,3.21302016376674
5,3,Plain,23,0.03154866274563116,0.0321978773723958,3.2197877372395802
5,3,Plain,24,0.03156580405752596,0.03223136535754602,3.223136535754602
5,3,Plain,25,0.031569513239132686,0.032259696394890354,3.225969639489035
5,3,Plain,26,0.03156615755845515,0.03228664571886283,3.228664571886283
5,3,Plain,27,0.031550194545021455,0.03230319703922708,3.230319703922708
5,3,Plain,28,0.03158310200169794,0.03235899848321376,3.235899848321376
5,3,Plain,29,0.031616027096652594,0.032404914064145744,3.240491406414574
5,3,Plain,30,0.03164595086371128,0.032440674909889854,3.2440674909889853
5,3,Plain,31,0.03167394448458868,0.03246952506258325,3.246952506258325
5,3,Plain,32,0.03169548230259601,0.032486956509513054,3.2486956509513054
5,3,Plain,33,0.03172399582090745,0.03250761745633978,3.2507617456339775
5,3,Plain,34,0.031761630341827995,0.03253481543549353,3.253481543549353
5,3,Plain,35,0.03179931296357702,0.032559191023211344,3.2559191023211347
5,3,Plain,36,0.03183357345760397,0.0325768759168966,3.2576875916896597
5,3,Plain,37,0.031865847913578944,0.032590220615258986,3.259022061525899
5,3,Plain,38,0.03186915869725634,0.03256703762567007,3.2567037625670068
5,3,Plain,39,0.031861411476718594,0.032524834955459804,3.2524834955459805
5,3,Plain,40,0.03185257855038039,0.0324769830755388,3.24769830755388
5,3,Plain,41,0.03185061735928079,0.03243487211905966,3.243487211905966
5,3,Plain,42,0.031863176729551385,0.032411740253754776,3.2411740253754777
5,3,Plain,43,0.03187377221377273,0.032395058762215045,3.239505876221505
5,3,Plain,44,0.03188814603866012,0.03239036657300422,3.2390366573004212
5,3,Plain,45,0.031903725632824634,0.032393388810635776,3.2393388810635773
5,3,Plain,46,0.031922193139840065,0.032404143968179776,3.2404143968179775
5,3,Plain,47,0.031943625094967565,0.03242535077269852,3.2425350772698525
5,3,Plain,48,0.032053596310754204,0.03253996913188313,3.2539969131883133
5,3,Plain,49,0.032097862589264524,0.032582410918763606,3.258241091876361
5,3,Plain,50,0.032102072469148986,0.0325741974766451,3.25741974766451
5,3,Plain,51,0.03210676692225589,0.032555402075949175,3.255540207594917
5,3,Plain,52,0.03210759574958633,0.032535161196300205,3.2535161196300204
5,3,Plain,53,0.03210939453446461,0.032522546821011813,3.252254682101181
5,3,Plain,54,0.03211062633527923,0.03251500897019277,3.251500897019277
5,3,Plain,55,0.03211036245450834,0.0325100966815841,3.2510096681584097
5,3,Plain,56,0.03210905315927303,0.032506986546610356,3.2506986546610355
5,3,Plain,57,0.032105837344548784,0.032504183954814234,3.2504183954814234
5,3,Plain,58,0.032102536114370285,0.03250314643465963,3.2503146434659627
5,3,Plain,59,0.032096776486953055,0.03250101435202921,3.250101435202921
5,3,Plain,60,0.032088949431358336,0.0324975533355629,3.24975533355629
5,3,Plain,61,0.03208054840709634,0.032493668714910315,3.249366871491031
5,3,Plain,62,0.03207127046296901,0.032489193830238246,3.248919383023825
5,3,Plain,63,0.032066430520820186,0.03249133823741684,3.2491338237416834
5,3,Plain,64,0.03205962493348353,0.03249499547798687,3.249499547798687
5,3,Plain,65,0.0320517816718923,0.032501180242815605,3.250118024281561
5,3,Plain,66,0.03204321866408665,0.032509804253924954,3.250980425392495
5,3,Plain,67,0.03203517349013471,0.03252120274337312,3.252120274337312
5,3,Plain,68,0.03201760834034095,0.03252133654324657,3.252133654324657
5,3,Plain,69,0.03200338992847566,0.03252137119873296,3.2521371198732965
5,3,Plain,70,0.03198972344981983,0.03251864603530984,3.251864603530984
5,3,Plain,71,0.03197463370836885,0.03251165471611708,3.251165471611708
5,3,Plain,72,0.03196607482643539,0.03251040312953289,3.2510403129532897
5,3,Plain,73,0.03194629595695389,0.03249669989513127,3.249669989513127
5,3,Plain,74,0.031924232733192726,0.03247876011605196,3.247876011605196
5,3,Plain,75,0.031903120759871215,0.03245994011515433,3.245994011515433
5,3,Plain,76,0.031885125347434325,0.032442713187525764,3.2442713187525767
5,3,Plain,77,0.03187071262767368,0.03242791094124775,3.2427910941247746
5,3,Plain,78,0.031856456166030306,0.03241250657631777,3.241250657631777
5,3,Plain,79,0.03184497512222423,0.032399303381922706,3.239930338192271
5,3,Plain,80,0.03183517081144051,0.032387264745357275,3.2387264745357274
5,3,Plain,81,0.03182785094900144,0.032377329568180256,3.2377329568180255
5,3,Plain,82,0.03181502027912693,0.03236057914126794,3.2360579141267944
5,3,Plain,83,0.03181581766738917,0.0323547683853882,3.2354768385388204
5,3,Plain,84,0.03181962145976531,0.03234871157878514,3.2348711578785143
5,3,Plain,85,0.03182333031284897,0.032340203903543654,3.2340203903543654
5,3,Plain,86,0.03182411723095062,0.03232764918613092,3.2327649186130927
5,3,Plain,87,0.03183411829762599,0.03233065175839792,3.233065175839792
5,3,Plain,88,0.03184006933331066,0.03233700447927421,3.2337004479274216
5,3,Plain,89,0.03184795740510118,0.03234854946116128,3.234854946116128
5,3,Plain,90,0.03185316323500213,0.03235710798034413,3.2357107980344124
5,3,Plain,91,0.03185301503410647,0.032357738017680486,3.2357738017680484
5,3,Plain,92,0.031853265647911244,0.03235587849039658,3.235587849039658
5,3,Plain,93,0.03185426701642782,0.03235334014881154,3.235334014881154
5,3,Plain,94,0.03185901890367696,0.032354304454944964,3.2354304454944964
5,3,Plain,95,0.03186596090052634,0.032357714585717644,3.2357714585717647
5,3,Plain,96,0.03187309802772281,0.03236172579129503,3.2361725791295033
5,3,Plain,97,0.03187440408737774,0.03236091133243075,3.236091133243075
5,3,Plain,98,0.03187464106625115,0.0323605723156291,3.2360572315629104
5,3,Plain,99,0.03187464223275915,0.03236176874424704,3.2361768744247033
5,3,Plain,100,0.031874246952072076,0.03236482771596197,3.2364827715961964
5,4,ResDyNet,1,0.006818351711653091,0.006935331859277227,0.6935331859277227
5,4,ResDyNet,2,0.006041302390293424,0.006148335807225478,0.6148335807225478
5,4,ResDyNet,3,0.006040309909933192,0.006150564310956963,0.6150564310956964
5,4,ResDyNet,4,0.006124570598297637,0.00623858407613696,0.623858407613696
5,4,ResDyNet,5,0.006998993159912983,0.007130680687294262,0.7130680687294262
5,4,ResDyNet,6,0.008674123442554593,0.008837949604777616,0.8837949604777616
5,4,ResDyNet,7,0.010707113381210028,0.010909206166878238,1.0909206166878238
5,4,ResDyNet,8,0.012656412302756995,0.012894786116862065,1.2894786116862067
5,4,ResDyNet,9,0.014365547252089026,0.014635613962773054,1.4635613962773055
5,4,ResDyNet,10,0.015839254954316432,0.016136837406644053,1.6136837406644053
5,4,ResDyNet,11,0.017098200286985086,0.01741976695721487,1.741976695721487
5,4,ResDyNet,12,0.018158880019039998,0.018501965060440318,1.850196506044032
5,4,ResDyNet,13,0.01904263165887853,0.019405336653864135,1.9405336653864134
5,4,ResDyNet,14,0.01978729309698558,0.02016780027253675,2.016780027253675
5,4,ResDyNet,15,0.020407225425861833,0.02080323205442302,2.080323205442302
5,4,ResDyNet,16,0.020926977747664298,0.02133597722577132,2.133597722577132
5,4,ResDyNet,17,0.021361387193679436,0.0217814140999673,2.17814140999673
5,4,ResDyNet,18,0.02172662039624418,0.022156630449072026,2.2156630449072026
5,4,ResDyNet,19,0.02203277528662138,0.022471961040277547,2.2471961040277546
5,4,ResDyNet,20,0.022290540762985298,0.0227381601306022,2.27381601306022
5,4,ResDyNet,21,0.022506328807146658,0.022961561543469164,2.2961561543469164
5,4,ResDyNet,22,0.022686817502833394,0.023148630582277854,2.3148630582277856
5,4,ResDyNet,23,0.02283927499567002,0.02330926611736795,2.330926611736795
5,4,ResDyNet,24,0.02296634922787005,0.023450592024947526,2.3450592024947525
5,4,ResDyNet,25,0.02307448361783743,0.023578945622056636,2.3578945622056633
5,4,ResDyNet,26,0.023167468362518793,0.023696258939290893,2.3696258939290895
5,4,ResDyNet,27,0.023245165092278676,0.023799953027666205,2.3799953027666203
5,4,ResDyNet,28,0.023314461055028577,0.02388722329668748,2.388722329668748
5,4,ResDyNet,29,0.023376399124864854,0.023959689889392212,2.395968988939221
5,4,ResDyNet,30,0.02343095608598202,0.024019377154657733,2.401937715465773
5,4,ResDyNet,31,0.023483812619556902,0.024073674902938557,2.407367490293856
5,4,ResDyNet,32,0.02353182383794742,0.024119441701958455,2.4119441701958455
5,4,ResDyNet,33,0.023575922626992932,0.024158276853430406,2.4158276853430407
5,4,ResDyNet,34,0.02361440666493974,0.024189260884719586,2.4189260884719586
5,4,ResDyNet,35,0.02365240290006409,0.024217601967162685,2.4217601967162685
5,4,ResDyNet,36,0.023684114002959437,0.02423712952313069,2.423712952313069
5,4,ResDyNet,37,0.023718441339278563,0.024257607642939088,2.425760764293909
5,4,ResDyNet,38,0.02375621208079385,0.02427643164440414,2.427643164440414
5,4,ResDyNet,39,0.023801970077069894,0.024297578559480112,2.429757855948011
5,4,ResDyNet,40,0.02385135774712925,0.024318914735802052,2.431891473580205
5,4,ResDyNet,41,0.023898994709574226,0.024337388140241282,2.433738814024128
5,4,ResDyNet,42,0.023951633270688718,0.024363989906341133,2.4363989906341135
5,4,ResDyNet,43,0.02400287830406511,0.024395438604110187,2.439543860411019
5,4,ResDyNet,44,0.02405237146582041,0.024431182916168196,2.4431182916168197
5,4,ResDyNet,45,0.02409299556950052,0.024462778487938527,2.4462778487938523
5,4,ResDyNet,46,0.024120286020727102,0.02448444620785948,2.4484446207859483
5,4,ResDyNet,47,0.02415154701616283,0.02451576429958083,2.451576429958083
5,4,ResDyNet,48,0.024153378240759065,0.02451987523538212,2.4519875235382123
5,4,ResDyNet,49,0.024157076264984232,0.024521750732551275,2.4521750732551273
5,4,ResDyNet,50,0.024161836556748747,0.024517184557300353,2.451718455730035
5,4,ResDyNet,51,0.0241582284588131,0.024495796877452725,2.4495796877452727
5,4,ResDyNet,52,0.024157324351983065,0.02447901885874477,2.447901885874477
5,4,ResDyNet,53,0.024159521568356827,0.024470382664387128,2.4470382664387125
5,4,ResDyNet,54,0.024164022057592393,0.024468329759588923,2.446832975958892
5,4,ResDyNet,55,0.02416947644810537,0.02447035648334311,2.447035648334311
5,4,ResDyNet,56,0.024173773779064177,0.02447336379303664,2.4473363793036644
5,4,ResDyNet,57,0.024178995266510673,0.024478991204964967,2.447899120496497
5,4,ResDyNet,58,0.02418361032748817,0.02448539968906795,2.448539968906795
5,4,ResDyNet,59,0.02418775758910889,0.024492386544380317,2.4492386544380316
5,4,ResDyNet,60,0.0241918839846355,0.024499930786458374,2.4499930786458375
5,4,ResDyNet,61,0.024197295791599675,0.024508898765427892,2.450889876542789
5,4,ResDyNet,62,0.024202098406662573,0.024517477944644168,2.4517477944644166
5,4,ResDyNet,63,0.024207423862832537,0.0245281929983796,2.4528192998379597
5,4,ResDyNet,64,0.024213464026111166,0.02454228350042604,2.454228350042604
5,4,ResDyNet,65,0.02421997489385933,0.02455956356997476,2.455956356997476
5,4,ResDyNet,66,0.024225631759760224,0.024578384421792325,2.4578384421792325
5,4,ResDyNet,67,0.0242319283411613,0.02459956880484751,2.4599568804847514
5,4,ResDyNet,68,0.024238085058889695,0.02461941919536873,2.4619419195368732
5,4,ResDyNet,69,0.024244601174741327,0.024637004896392086,2.4637004896392085
5,4,ResDyNet,70,0.024251560088960056,0.024652538793403695,2.465253879340369
5,4,ResDyNet,71,0.02426412093278479,0.024671642182106827,2.4671642182106828
5,4,ResDyNet,72,0.02427356883298149,0.024686906742146696,2.46869067421467
5,4,ResDyNet,73,0.02428294362615951,0.024701315377939022,2.470131537793902
5,4,ResDyNet,74,0.024292010991405648,0.024713965855349677,2.4713965855349675
5,4,ResDyNet,75,0.024299400862221092,0.024723509112436124,2.4723509112436126
5,4,ResDyNet,76,0.024305039932598492,0.024730071810995808,2.4730071810995806
5,4,ResDyNet,77,0.02430830916491698,0.02473329335120618,2.473329335120618
5,4,ResDyNet,78,0.024311154016359957,0.024735502132638303,2.4735502132638305
5,4,ResDyNet,79,0.024312712164294953,0.02473592566566704,2.4735925665667042
5,4,ResDyNet,80,0.024313430587666444,0.02473508051754001,2.4735080517540013
5,4,ResDyNet,81,0.024313394923557472,0.024733143359967843,2.473314335996784
5,4,ResDyNet,82,0.0243134258376556,0.02473034856215387,2.473034856215387
5,4,ResDyNet,83,0.024313204663827696,0.024725063294883984,2.4725063294883984
5,4,ResDyNet,84,0.024313059199149212,0.024717331745310076,2.4717331745310074
5,4,ResDyNet,85,0.024312919097505235,0.024707808811141613,2.4707808811141616
5,4,ResDyNet,86,0.02431225855170935,0.024696935336128854,2.469693533612886
5,4,ResDyNet,87,0.024310082066563238,0.024689259182992453,2.4689259182992456
5,4,ResDyNet,88,0.024307635107181015,0.02468700985268066,2.468700985268066
5,4,ResDyNet,89,0.024304999780899197,0.024687030240752545,2.4687030240752543
5,4,ResDyNet,90,0.024301057604638274,0.02468552147077806,2.4685521470778062
5,4,ResDyNet,91,0.024296443307277916,0.02468142957445406,2.4681429574454055
5,4,ResDyNet,92,0.024292458784389338,0.024675769616488603,2.4675769616488603
5,4,ResDyNet,93,0.024288720275832735,0.024669261058748893,2.4669261058748893
5,4,ResDyNet,94,0.02428692987523771,0.024664498484247076,2.4664498484247077
5,4,ResDyNet,95,0.024286999368157515,0.024661794952662644,2.466179495266265
5,4,ResDyNet,96,0.024291201404479473,0.024663595559777127,2.4663595559777125
5,4,ResDyNet,97,0.02429647854093012,0.024667321955195498,2.46673219551955
5,4,ResDyNet,98,0.024301111658854634,0.02467158389492205,2.467158389492205
5,4,ResDyNet,99,0.02430543537650055,0.024676884940034182,2.467688494003418
5,4,ResDyNet,100,0.02430856308834403,0.024682699408078167,2.468269940807817
5,4,Plain,1,0.012138315660187941,0.012346568624817261,1.234656862481726
5,4,Plain,2,0.012809683613607428,0.013036632062535566,1.3036632062535567
5,4,Plain,3,0.015145880501478543,0.015422339823527899,1.54223398235279
5,4,Plain,4,0.017271265528445153,0.017592783097388154,1.7592783097388154
5,4,Plain,5,0.0200010307925606,0.020377354390822534,2.0377354390822537
5,4,Plain,6,0.023170049240896547,0.023607656599241526,2.360765659924153
5,4,Plain,7,0.025797441306122368,0.02628435842290714,2.628435842290714
5,4,Plain,8,0.02773681896437836,0.02825922066633938,2.825922066633938
5,4,Plain,9,0.029122277067261424,0.029669764568932513,2.9669764568932515
5,4,Plain,10,0.030098288020271705,0.03066376426178486,3.0663764261784863
5,4,Plain,11,0.030801208605660144,0.03138048840845403,3.138048840845403
5,4,Plain,12,0.03130496284230157,0.03189642357454525,3.1896423574545247
5,4,Plain,13,0.03168162848738585,0.032285068448180104,3.22850684481801
5,4,Plain,14,0.03199459231965107,0.03260984433501219,3.260984433501219
5,4,Plain,15,0.03224385207947963,0.03286955101146862,3.286955101146862
5,4,Plain,16,0.03240070404611277,0.03303394747022064,3.3033947470220637
5,4,Plain,17,0.03250165044937266,0.03314072728290053,3.3140727282900535
5,4,Plain,18,0.03257256441016347,0.03321723578045971,3.3217235780459706
5,4,Plain,19,0.03262812130219125,0.0332785071867688,3.32785071867688
5,4,Plain,20,0.03268662386841659,0.03334300838869741,3.3343008388697406
5,4,Plain,21,0.03274047801659695,0.03340271562645847,3.3402715626458472
5,4,Plain,22,0.03277578776990482,0.033442972026989246,3.344297202698925
5,4,Plain,23,0.032789569599400534,0.03346431985302883,3.3464319853028823
5,4,Plain,24,0.032812471543466164,0.03350431868214641,3.350431868214641
5,4,Plain,25,0.03282851813447969,0.03354622607230171,3.3546226072301715
5,4,Plain,26,0.03283914743043334,0.033588691206158816,3.3588691206158816
5,4,Plain,27,0.03282296379512427,0.03360634323101588,3.360634323101588
5,4,Plain,28,0.03284521534426927,0.03365211794107176,3.365211794107176
5,4,Plain,29,0.03285552766388367,0.03367534280083656,3.3675342800836563
5,4,Plain,30,0.032857165589342305,0.033682306843450256,3.3682306843450256
5,4,Plain,31,0.0328567199580315,0.033682009282761334,3.368200928276133
5,4,Plain,32,0.03286090877364105,0.03368148507728861,3.368148507728861
5,4,Plain,33,0.03286184024875538,0.033673568038168164,3.3673568038168162
5,4,Plain,34,0.032885713760044455,0.03368626283136629,3.368626283136629
5,4,Plain,35,0.03292739439106732,0.033714229143986585,3.371422914398659
5,4,Plain,36,0.03297793936336493,0.03374796235383561,3.374796235383561
5,4,Plain,37,0.03300257060203116,0.033752783221328596,3.3752783221328597
5,4,Plain,38,0.033027813281753735,0.03375106472242962,3.3751064722429622
5,4,Plain,39,0.033044096967249886,0.03373214651514558,3.373214651514558
5,4,Plain,40,0.033053742006890256,0.03370169288000017,3.370169288000017
5,4,Plain,41,0.03306608873877492,0.03367263961077145,3.3672639610771453
5,4,Plain,42,0.03308164550554165,0.03365118645869264,3.365118645869264
5,4,Plain,43,0.033097007711818976,0.03363829993158353,3.3638299931583533
5,4,Plain,44,0.033117949277127204,0.03363953852731988,3.363953852731988
5,4,Plain,45,0.03314107185052998,0.033649726004128314,3.3649726004128313
5,4,Plain,46,0.03316044587872358,0.03366109144180737,3.3661091441807374
5,4,Plain,47,0.03318554841873099,0.033686002914905415,3.3686002914905417
5,4,Plain,48,0.03330640259961703,0.03381178517313489,3.3811785173134887
5,4,Plain,49,0.03334759644161523,0.03385101071425277,3.3851010714252774
5,4,Plain,50,0.033347061618880645,0.033837496675119386,3.3837496675119385
5,4,Plain,51,0.03334666349514473,0.03381262400554206,3.381262400554206
5,4,Plain,52,0.03335218296830808,0.033796322140887236,3.379632214088724
5,4,Plain,53,0.033373444737127146,0.03380286158546731,3.380286158546731
5,4,Plain,54,0.033394948114647834,0.03381550475438442,3.3815504754384422
5,4,Plain,55,0.03340958023518587,0.033825488113870136,3.382548811387014
5,4,Plain,56,0.033417832513867624,0.03383198584388802,3.383198584388802
5,4,Plain,57,0.033421700348708436,0.03383637326006535,3.383637326006535
5,4,Plain,58,0.033422521300620685,0.0338396038300326,3.3839603830032603
5,4,Plain,59,0.033422519254098115,0.033843453980494556,3.3843453980494558
5,4,Plain,60,0.03342228310341768,0.033847864981462625,3.3847864981462625
5,4,Plain,61,0.03342187834284653,0.03385227175425291,3.385227175425291
5,4,Plain,62,0.033420051634405624,0.03385555108022551,3.385555108022551
5,4,Plain,63,0.03341311324638913,0.03385586566451969,3.3855865664519684
5,4,Plain,64,0.03340709652364691,0.03386076576756203,3.3860765767562024
5,4,Plain,65,0.0334015941345066,0.033869918448713794,3.386991844871379
5,4,Plain,66,0.03339620058569628,0.0338824871261336,3.3882487126133602
5,4,Plain,67,0.033394192336651626,0.03390084026752301,3.390084026752301
5,4,Plain,68,0.03339461560395242,0.03392000805444685,3.392000805444685
5,4,Plain,69,0.03339323101140858,0.033933707137717144,3.393370713771714
5,4,Plain,70,0.03339072381283918,0.03394281073532144,3.3942810735321443
5,4,Plain,71,0.03338821634227461,0.033948978781356165,3.3948978781356165
5,4,Plain,72,0.03338400037359437,0.03395247355563601,3.3952473555636016
5,4,Plain,73,0.033385370413716677,0.03396056821999695,3.3960568219996947
5,4,Plain,74,0.03338650239306786,0.03396642955841527,3.396642955841527
5,4,Plain,75,0.033385420575626344,0.033968111168834976,3.3968111168834976
5,4,Plain,76,0.03338186431007962,0.03396562621836958,3.3965626218369582
5,4,Plain,77,0.03337616658445205,0.03395968487447848,3.3959684874478477
5,4,Plain,78,0.033368343025380075,0.03395078322943707,3.395078322943707
5,4,Plain,79,0.03336160267394584,0.03394233100172821,3.3942331001728214
5,4,Plain,80,0.033355368113055034,0.03393382570977572,3.393382570977572
5,4,Plain,81,0.03334938443202401,0.03392513092956587,3.392513092956588
5,4,Plain,82,0.03334490592483781,0.03391669902051875,3.391669902051875
5,4,Plain,83,0.03334640507238149,0.033911283496828454,3.3911283496828455
5,4,Plain,84,0.0333490022065554,0.03390352255397594,3.390352255397594
5,4,Plain,85,0.033352433873243006,0.033894143118786975,3.389414311878698
5,4,Plain,86,0.03336368195128983,0.03389157342061261,3.389157342061261
5,4,Plain,87,0.03336349680175755,0.03388388478221138,3.388388478221138
5,4,Plain,88,0.033358813175093975,0.03387945169886105,3.3879451698861054
5,4,Plain,89,0.03336030725879093,0.03388467070819695,3.3884670708196953
5,4,Plain,90,0.033363496267554804,0.03389133579502114,3.389133579502114
5,4,Plain,91,0.033363689778093335,0.03389234997022291,3.389234997022291
5,4,Plain,92,0.03336398519886549,0.03389043569291523,3.3890435692915233
5,4,Plain,93,0.033365406548272115,0.03388815528867524,3.3888155288675237
5,4,Plain,94,0.033371266366390526,0.03389006156560118,3.389006156560118
5,4,Plain,95,0.0333796317546225,0.033894744321819346,3.3894744321819346
5,4,Plain,96,0.03338840212257693,0.033900260124087,3.3900260124087005
5,4,Plain,97,0.0333916004648963,0.033901265069309114,3.3901265069309114
5,4,Plain,98,0.03339263699892157,0.033901710208034216,3.3901710208034217
5,4,Plain,99,0.03339361178908162,0.033903952062017385,3.3903952062017386
5,4,Plain,100,0.03339354535652403,0.03390750984373618,3.3907509843736183
10,0,ResDyNet,1,0.0063838194124017904,0.006493344436755152,0.6493344436755152
10,0,ResDyNet,2,0.005892949697156568,0.005997354757712517,0.5997354757712517
10,0,ResDyNet,3,0.00470367988857676,0.004789536643686255,0.47895366436862546
10,0,ResDyNet,4,0.004582404491837405,0.004667709390294472,0.4667709390294472
10,0,ResDyNet,5,0.004567502122210963,0.00465344063465697,0.46534406346569707
10,0,ResDyNet,6,0.004612694050347074,0.004699812935474997,0.46998129354749973
10,0,ResDyNet,7,0.004644196921330992,0.004731854412160462,0.47318544121604617
10,0,ResDyNet,8,0.004615318699293022,0.004702244685531735,0.4702244685531735
10,0,ResDyNet,9,0.004578315162783695,0.0046643857102393795,0.46643857102393793
10,0,ResDyNet,10,0.004563566276634863,0.0046493049839085,0.46493049839085
10,0,ResDyNet,11,0.004551615911375354,0.004637218369424695,0.46372183694246955
10,0,ResDyNet,12,0.004551738033002416,0.004637736356129098,0.46377363561290985
10,0,ResDyNet,13,0.004540526735433841,0.00462701014572654,0.462701014572654
10,0,ResDyNet,14,0.004529199625135131,0.004616295568396321,0.4616295568396321
10,0,ResDyNet,15,0.004524366397792291,0.00461216270749026,0.46121627074902605
10,0,ResDyNet,16,0.004512693247629593,0.004600889890517675,0.4600889890517675
10,0,ResDyNet,17,0.004518738445252563,0.004607589965627844,0.4607589965627843
10,0,ResDyNet,18,0.004521502255114275,0.0046109911580418115,0.46109911580418117
10,0,ResDyNet,19,0.004518078224266646,0.00460813839890143,0.46081383989014296
10,0,ResDyNet,20,0.004515032660765935,0.004605699643046496,0.4605699643046496
10,0,ResDyNet,21,0.00451333480059231,0.004604625466823082,0.4604625466823082
10,0,ResDyNet,22,0.004514191729780445,0.004606082660876103,0.4606082660876103
10,0,ResDyNet,23,0.004508555888746235,0.004601333844254515,0.46013338442545154
10,0,ResDyNet,24,0.004490023536641028,0.004584695159664518,0.45846951596645186
10,0,ResDyNet,25,0.004486213394295223,0.004584292477568477,0.45842924775684774
10,0,ResDyNet,26,0.004481454133698808,0.0045837419917873585,0.45837419917873584
10,0,ResDyNet,27,0.0044667046363513685,0.004573310626601376,0.4573310626601376
10,0,ResDyNet,28,0.004465674213169366,0.0045753816418256064,0.45753816418256066
10,0,ResDyNet,29,0.004456706726271338,0.004567911016536725,0.45679110165367254
10,0,ResDyNet,30,0.0044573905399217005,0.004569328887438594,0.45693288874385946
10,0,ResDyNet,31,0.004457085709990188,0.004569038006523721,0.45690380065237207
10,0,ResDyNet,32,0.004456841237730661,0.004568133908727472,0.4568133908727472
10,0,ResDyNet,33,0.004456688374380925,0.004566774047455028,0.4566774047455028
10,0,ResDyNet,34,0.00445601302052793,0.004564487390627077,0.45644873906270766
10,0,ResDyNet,35,0.004454638435838388,0.00456108671083334,0.45610867108333397
10,0,ResDyNet,36,0.004457229862505202,0.004561304572271763,0.4561304572271763
10,0,ResDyNet,37,0.00445877057511338,0.00456012710252874,0.45601271025287393
10,0,ResDyNet,38,0.004457442785213924,0.004555052999024759,0.4555052999024759
10,0,ResDyNet,39,0.004457857377607819,0.00455067960713603,0.455067960713603
10,0,ResDyNet,40,0.0044566389816946324,0.004544002255684088,0.4544002255684087
10,0,ResDyNet,41,0.00445774935273178,0.0045395204922941915,0.4539520492294192
10,0,ResDyNet,42,0.004459236674588569,0.004536007883129136,0.45360078831291356
10,0,ResDyNet,43,0.004461231953032262,0.004534194142477535,0.4534194142477535
10,0,ResDyNet,44,0.004465640957161851,0.004535972314305527,0.4535972314305527
10,0,ResDyNet,45,0.00446908868857286,0.004537680933702842,0.45376809337028423
10,0,ResDyNet,46,0.004469743340948744,0.004537226063586232,0.4537226063586232
10,0,ResDyNet,47,0.004470884381320875,0.004538307530767612,0.45383075307676124
10,0,ResDyNet,48,0.0044966379602394265,0.004564868759339599,0.4564868759339598
10,0,ResDyNet,49,0.00450205202951555,0.0045700148661110725,0.4570014866111073
10,0,ResDyNet,50,0.004502169228506895,0.0045683826071851825,0.45683826071851824
10,0,ResDyNet,51,0.0045067173171889725,0.004569690702866361,0.45696907028663614
10,0,ResDyNet,52,0.004507081303834168,0.004567100504464424,0.4567100504464425
10,0,ResDyNet,53,0.004507319836327421,0.00456531561991591,0.456531561991591
10,0,ResDyNet,54,0.004507272041509778,0.0045640340157355914,0.45640340157355913
10,0,ResDyNet,55,0.004507257014140453,0.0045633667793706575,0.4563366779370657
10,0,ResDyNet,56,0.004507532558614251,0.004563395236678448,0.4563395236678448
10,0,ResDyNet,57,0.004507992017244873,0.0045639240061820215,0.4563924006182022
10,0,ResDyNet,58,0.0045089096746031895,0.00456517674778592,0.4565176747785919
10,0,ResDyNet,59,0.004510954474219542,0.004567766989546603,0.4567766989546602
10,0,ResDyNet,60,0.004513888627134788,0.004571366124805356,0.45713661248053555
10,0,ResDyNet,61,0.0045210139658083785,0.004579233752374523,0.4579233752374523
10,0,ResDyNet,62,0.004523093592889775,0.004582034398087906,0.4582034398087906
10,0,ResDyNet,63,0.004524003687291591,0.004583950617630277,0.45839506176302763
10,0,ResDyNet,64,0.004524273176131755,0.004585712924109502,0.4585712924109502
10,0,ResDyNet,65,0.004524244539579625,0.0045876790485067116,0.4587679048506711
10,0,ResDyNet,66,0.004523658229546307,0.0045895278216552095,0.458952782165521
10,0,ResDyNet,67,0.0045236315287945,0.004592262880347591,0.4592262880347591
10,0,ResDyNet,68,0.004523388953162982,0.0045945547493148765,0.4594554749314877
10,0,ResDyNet,69,0.0045227207166462615,0.004595921856496231,0.4595921856496231
10,0,ResDyNet,70,0.004521756692668284,0.004596520053614323,0.4596520053614323
10,0,ResDyNet,71,0.004521070840906689,0.004597003220343123,0.45970032203431227
10,0,ResDyNet,72,0.004519919169435148,0.00459688576433287,0.459688576433287
10,0,ResDyNet,73,0.004519824585777591,0.004597696814070819,0.45976968140708185
10,0,ResDyNet,74,0.004519808612626139,0.0045983181781317885,0.4598318178131789
10,0,ResDyNet,75,0.0045198266676560435,0.00459871321264387,0.45987132126438707
10,0,ResDyNet,76,0.004519831577673227,0.004598871666100375,0.45988716661003753
10,0,ResDyNet,77,0.004519391828703574,0.004598404731074244,0.4598404731074244
10,0,ResDyNet,78,0.004519274048947785,0.004598157405464966,0.45981574054649654
10,0,ResDyNet,79,0.004519346969806049,0.004598015636719148,0.4598015636719148
10,0,ResDyNet,80,0.004519461537252972,0.004597839231975151,0.45978392319751504
10,0,ResDyNet,81,0.004519721059695063,0.004597749893339346,0.4597749893339346
10,0,ResDyNet,82,0.004519731091024594,0.00459723471445684,0.45972347144568404
10,0,ResDyNet,83,0.004519841148767772,0.004596405946122228,0.45964059461222273
10,0,ResDyNet,84,0.004519467264490418,0.004594616036322888,0.4594616036322889
10,0,ResDyNet,85,0.004518814320899908,0.004592208769587857,0.4592208769587858
10,0,ResDyNet,86,0.004517800856799138,0.004589283031215179,0.45892830312151794
10,0,ResDyNet,87,0.004513650856850234,0.004584052639607798,0.4584052639607798
10,0,ResDyNet,88,0.004513217966008405,0.004583656777093448,0.4583656777093447
10,0,ResDyNet,89,0.004514121683077267,0.004585075478508907,0.4585075478508907
10,0,ResDyNet,90,0.004514561791318277,0.004585986085209334,0.4585986085209333
10,0,ResDyNet,91,0.004514886362168963,0.004586426431853781,0.4586426431853782
10,0,ResDyNet,92,0.004515438081082232,0.00458668720178732,0.45866872017873206
10,0,ResDyNet,93,0.004515231220557749,0.0045859730959717515,0.45859730959717515
10,0,ResDyNet,94,0.004515463795233062,0.004585661938553621,0.45856619385536207
10,0,ResDyNet,95,0.004515396695316878,0.0045850780387401684,0.4585078038740169
10,0,ResDyNet,96,0.004515297176821198,0.004584518548382101,0.45845185483821016
10,0,ResDyNet,97,0.004515154131798716,0.004584070093070632,0.4584070093070632
10,0,ResDyNet,98,0.004514787137291409,0.004583615399537236,0.4583615399537236
10,0,ResDyNet,99,0.004514679280355466,0.004583675191031632,0.4583675191031632
10,0,ResDyNet,100,0.0045147167464662736,0.004584203350920278,0.45842033509202784
10,0,Plain,1,0.016254311497005285,0.016533181206116753,1.6533181206116752
10,0,Plain,2,0.01828787212687654,0.01861187733563766,1.861187733563766
10,0,Plain,3,0.01918852356063678,0.01953877366423319,1.953877366423319
10,0,Plain,4,0.020122563079883457,0.020497159692487835,2.0497159692487834
10,0,Plain,5,0.020827029468113108,0.021218894405067402,2.1218894405067403
10,0,Plain,6,0.0216106967255839,0.02201885295381431,2.201885295381431
10,0,Plain,7,0.02240737419889452,0.022830305058981558,2.2830305058981555
10,0,Plain,8,0.02325982875103697,0.023697909777648882,2.3697909777648882
10,0,Plain,9,0.023914378293438135,0.02436395932021198,2.436395932021198
10,0,Plain,10,0.024475458357369664,0.024935294816902362,2.493529481690236
10,0,Plain,11,0.024919573119748708,0.025388236722769245,2.538823672276924
10,0,Plain,12,0.025327368952711402,0.025805891935218647,2.5805891935218646
10,0,Plain,13,0.02566429081666438,0.026153118550074184,2.615311855007419
10,0,Plain,14,0.02594566069311951,0.02644459250859112,2.6444592508591116
10,0,Plain,15,0.026202139413754006,0.026710597603135364,2.671059760313536
10,0,Plain,16,0.02643029941012059,0.02694685649711602,2.694685649711602
10,0,Plain,17,0.026644845540428026,0.02716876058112236,2.716876058112236
10,0,Plain,18,0.026815740597419955,0.02734647376349063,2.7346473763490633
10,0,Plain,19,0.026957563352167525,0.02749491634667406,2.7494916346674056
10,0,Plain,20,0.027073158194705828,0.027616817950624806,2.7616817950624806
10,0,Plain,21,0.027173362455870147,0.027722994706063746,2.7722994706063746
10,0,Plain,22,0.02724346503746774,0.02779803327878758,2.7798033278787577
10,0,Plain,23,0.0273139737825774,0.027876046141640253,2.7876046141640254
10,0,Plain,24,0.02734995590782248,0.027926626540901497,2.7926626540901496
10,0,Plain,25,0.02736581251089397,0.027964092968865335,2.7964092968865337
10,0,Plain,26,0.027358482183295764,0.027982931404373336,2.7982931404373335
10,0,Plain,27,0.027330550540165026,0.027982843593236058,2.798284359323606
10,0,Plain,28,0.02735951259038635,0.028031648897761326,2.803164889776133
10,0,Plain,29,0.02738672813436048,0.02807008511787478,2.8070085117874783
10,0,Plain,30,0.02740072766569642,0.028088841518002568,2.8088841518002567
10,0,Plain,31,0.02741454239614023,0.02810313606010873,2.8103136060108733
10,0,Plain,32,0.02743248398989189,0.028117506016134598,2.81175060161346
10,0,Plain,33,0.0274504352173436,0.028128494660415632,2.812849466041563
10,0,Plain,34,0.02748354597584979,0.02815258808234436,2.815258808234436
10,0,Plain,35,0.02752472364647694,0.028182455894353253,2.8182455894353255
10,0,Plain,36,0.027568367794293766,0.028212079239616515,2.8212079239616514
10,0,Plain,37,0.027595088100228926,0.02822237812478665,2.822237812478665
10,0,Plain,38,0.027615814320318344,0.028220552433684216,2.8220552433684216
10,0,Plain,39,0.027627989675477947,0.028203264158672924,2.8203264158672927
10,0,Plain,40,0.027636703146803124,0.028178464074510422,2.817846407451042
10,0,Plain,41,0.027647784715118223,0.0281549444236707,2.8154944423670702
10,0,Plain,42,0.027666307419675462,0.028142616710134752,2.814261671013475
10,0,Plain,43,0.027687699814156082,0.028140524329987683,2.814052432998768
10,0,Plain,44,0.027723584726370033,0.028160215740237412,2.8160215740237415
10,0,Plain,45,0.02777057389166061,0.028196800835119492,2.819680083511949
10,0,Plain,46,0.027800548464120594,0.02822027204958626,2.822027204958626
10,0,Plain,47,0.027817987632273368,0.028237496654979106,2.8237496654979104
10,0,Plain,48,0.02793645380087524,0.02836035418683321,2.836035418683321
10,0,Plain,49,0.02800020741696291,0.028422897672171838,2.8422897672171836
10,0,Plain,50,0.028012734255166562,0.02842471738749913,2.842471738749913
10,0,Plain,51,0.02802193825847568,0.02841349517256224,2.8413495172562238
10,0,Plain,52,0.028028303872065983,0.028401546837972153,2.840154683797216
10,0,Plain,53,0.02802951836611582,0.028390174796163035,2.8390174796163032
10,0,Plain,54,0.02803285148930546,0.028385880988980174,2.8385880988980174
10,0,Plain,55,0.028034252516646263,0.028383244225390267,2.838324422539027
10,0,Plain,56,0.028033569780972684,0.028380994955012052,2.838099495501205
10,0,Plain,57,0.028029241643366017,0.028377008726252637,2.8377008726252635
10,0,Plain,58,0.02802652915309308,0.028376274630541303,2.83762746305413
10,0,Plain,59,0.02802349193923215,0.028376429454876406,2.8376429454876404
10,0,Plain,60,0.028020642203374857,0.028377442410471368,2.8377442410471367
10,0,Plain,61,0.02801834078274367,0.0283791496262123,2.83791496262123
10,0,Plain,62,0.02801853656090215,0.028383648418850185,2.8383648418850185
10,0,Plain,63,0.02801990792043355,0.02839119574075984,2.8391195740759843
10,0,Plain,64,0.028020359266422004,0.02840087647759687,2.840087647759687
10,0,Plain,65,0.02802045427565636,0.028413329537225505,2.8413329537225507
10,0,Plain,66,0.028020443614002834,0.028428453038656026,2.8428453038656025
10,0,Plain,67,0.028021294081959906,0.0284464258091729,2.84464258091729
10,0,Plain,68,0.028021477150116762,0.028462334823730204,2.8462334823730204
10,0,Plain,69,0.02802265981476175,0.02847621217153641,2.847621217153641
10,0,Plain,70,0.028023384200808927,0.02848672677546176,2.8486726775461757
10,0,Plain,71,0.02802368004939022,0.028494343921201787,2.8494343921201786
10,0,Plain,72,0.028022595975294027,0.028499773489219022,2.849977348921902
10,0,Plain,73,0.02802388370696879,0.028506708256522958,2.8506708256522963
10,0,Plain,74,0.02802475497571359,0.02851154800725905,2.8511548007259053
10,0,Plain,75,0.028024377042517704,0.0285134989586612,2.8513498958661203
10,0,Plain,76,0.028021797438888583,0.02851182573073869,2.851182573073869
10,0,Plain,77,0.028013534558285137,0.02850329750759465,2.850329750759465
10,0,Plain,78,0.02799719947269554,0.028485887045869258,2.848588704586926
10,0,Plain,79,0.02797928391403199,0.0284663217496763,2.8466321749676298
10,0,Plain,80,0.02796099059439141,0.028445897472538884,2.8445897472538886
10,0,Plain,81,0.02794590201442378,0.02842836235003352,2.842836235003352
10,0,Plain,82,0.027931122281988158,0.02841008068455376,2.841008068455376
10,0,Plain,83,0.02792793812980261,0.02840102929673866,2.840102929673866
10,0,Plain,84,0.027927090428346905,0.02839145634223106,2.839145634223106
10,0,Plain,85,0.027926082195163533,0.028379656797078184,2.837965679707818
10,0,Plain,86,0.027930547712663307,0.02837247429296563,2.837247429296563
10,0,Plain,87,0.027930166362922185,0.028365807835208597,2.83658078352086
10,0,Plain,88,0.027921435445447278,0.02835721158818574,2.835721158818574
10,0,Plain,89,0.027918129951088347,0.02835695225594768,2.835695225594768
10,0,Plain,90,0.027917525974557048,0.02835920551558194,2.835920551558194
10,0,Plain,91,0.02791640310903375,0.028358748998512644,2.835874899851264
10,0,Plain,92,0.027917545417352533,0.02835805651007778,2.835805651007778
10,0,Plain,93,0.02791736760589568,0.02835475981120986,2.835475981120986
10,0,Plain,94,0.027918907771620156,0.028352939706761497,2.8352939706761497
10,0,Plain,95,0.027922339913918976,0.0283532358657058,2.8353235865705795
10,0,Plain,96,0.027925663146134014,0.028353775101786965,2.8353775101786964
10,0,Plain,97,0.027926348829960188,0.028352595890027844,2.835259589002784
10,0,Plain,98,0.027924523158556813,0.02835023456965999,2.835023456965999
10,0,Plain,99,0.027922852411796116,0.028349585411238852,2.834958541123885
10,0,Plain,100,0.027922977468067354,0.028352743719077533,2.8352743719077536
10,1,ResDyNet,1,0.007157892001698676,0.00728069752691165,0.7280697526911649
10,1,ResDyNet,2,0.005921256813624583,0.0060261633897815275,0.6026163389781528
10,1,ResDyNet,3,0.004441565837258388,0.004522638197500909,0.45226381975009083
10,1,ResDyNet,4,0.004506900533348084,0.0045907998689563205,0.45907998689563206
10,1,ResDyNet,5,0.0048834708812049215,0.00497535441226303,0.49753544122630294
10,1,ResDyNet,6,0.00526760089851263,0.005367088857733063,0.5367088857733063
10,1,ResDyNet,7,0.00568866225543809,0.005796033641263199,0.5796033641263199
10,1,ResDyNet,8,0.006085730115196227,0.006200350172165879,0.6200350172165879
10,1,ResDyNet,9,0.006454247326361858,0.006575584670131916,0.6575584670131916
10,1,ResDyNet,10,0.006763635757606941,0.0068907086105412865,0.6890708610541287
10,1,ResDyNet,11,0.007018592933095266,0.007150591945933576,0.7150591945933575
10,1,ResDyNet,12,0.0072600761366826356,0.007397244481829008,0.7397244481829008
10,1,ResDyNet,13,0.0074777589209827485,0.0076201877911370505,0.7620187791137051
10,1,ResDyNet,14,0.007676064658473825,0.007823674423398617,0.7823674423398618
10,1,ResDyNet,15,0.007831924424563586,0.007983904614020746,0.7983904614020746
10,1,ResDyNet,16,0.007955879228925496,0.008111369930533194,0.8111369930533194
10,1,ResDyNet,17,0.008064665707332327,0.008223240455151088,0.8223240455151088
10,1,ResDyNet,18,0.008152393345875211,0.008313744307478941,0.831374430747894
10,1,ResDyNet,19,0.008229794868095651,0.0083938417761479,0.83938417761479
10,1,ResDyNet,20,0.008295712574998955,0.008462299902611877,0.8462299902611876
10,1,ResDyNet,21,0.008351514224155577,0.00852043927209549,0.8520439272095489
10,1,ResDyNet,22,0.008394620784933771,0.008565501767908778,0.8565501767908776
10,1,ResDyNet,23,0.008429497417422393,0.00860296128382425,0.8602961283824249
10,1,ResDyNet,24,0.008457484467293186,0.008635809541689923,0.8635809541689923
10,1,ResDyNet,25,0.00848251525503601,0.008667962813353957,0.8667962813353958
10,1,ResDyNet,26,0.0085025207032715,0.008696588210188809,0.8696588210188808
10,1,ResDyNet,27,0.008518205697067604,0.008721508092775354,0.8721508092775355
10,1,ResDyNet,28,0.008533287678205518,0.008742923447514246,0.8742923447514245
10,1,ResDyNet,29,0.008546596213464817,0.008759851925468637,0.8759851925468636
10,1,ResDyNet,30,0.008557156216438875,0.008772051886390405,0.8772051886390404
10,1,ResDyNet,31,0.008565861468759773,0.008781017273609188,0.8781017273609187
10,1,ResDyNet,32,0.008576408678510698,0.008790571889286789,0.8790571889286788
10,1,ResDyNet,33,0.008584447928422348,0.00879649432897447,0.8796494328974469
10,1,ResDyNet,34,0.00859169236392089,0.008800843103150898,0.8800843103150899
10,1,ResDyNet,35,0.008599128781558467,0.008804614016430073,0.8804614016430072
10,1,ResDyNet,36,0.008607794107069563,0.008808782995024304,0.8808782995024305
10,1,ResDyNet,37,0.008615485629093079,0.008811332374434894,0.8811332374434896
10,1,ResDyNet,38,0.008623157135980827,0.008811989220278038,0.8811989220278038
10,1,ResDyNet,39,0.008632195778877234,0.008811936759812199,0.8811936759812199
10,1,ResDyNet,40,0.008641930708135149,0.008811338049262343,0.8811338049262343
10,1,ResDyNet,41,0.008654736448629722,0.00881349541106064,0.881349541106064
10,1,ResDyNet,42,0.00866904123119945,0.008818289369563533,0.8818289369563532
10,1,ResDyNet,43,0.008682978078577904,0.008824985734352841,0.882498573435284
10,1,ResDyNet,44,0.008696645734536686,0.008833613059714673,0.8833613059714672
10,1,ResDyNet,45,0.008708976100128609,0.008842642774727976,0.8842642774727976
10,1,ResDyNet,46,0.008716442116047265,0.00884804010743844,0.884804010743844
10,1,ResDyNet,47,0.008719774664347417,0.008851273182357063,0.8851273182357065
10,1,ResDyNet,48,0.008752913991501516,0.00888572840115068,0.888572840115068
10,1,ResDyNet,49,0.008759897081294519,0.008892136213589415,0.8892136213589416
10,1,ResDyNet,50,0.008761201220794117,0.008890052160122645,0.8890052160122646
10,1,ResDyNet,51,0.008763626680409699,0.008886082828429722,0.8886082828429722
10,1,ResDyNet,52,0.00876428286144226,0.008880993702889414,0.8880993702889414
10,1,ResDyNet,53,0.00876391128018194,0.008876676719611747,0.8876676719611748
10,1,ResDyNet,54,0.008763498270735727,0.008873860693591579,0.8873860693591579
10,1,ResDyNet,55,0.008763269568285425,0.008872361416516594,0.8872361416516594
10,1,ResDyNet,56,0.008762933608402421,0.008871534252479545,0.8871534252479545
10,1,ResDyNet,57,0.008762163162882749,0.008870877910206408,0.8870877910206408
10,1,ResDyNet,58,0.008761627117349744,0.008870964218731153,0.8870964218731154
10,1,ResDyNet,59,0.008760998678291977,0.008871337715082396,0.8871337715082396
10,1,ResDyNet,60,0.0087603987010103,0.008871949037654333,0.8871949037654333
10,1,ResDyNet,61,0.008760004409363562,0.008872812197812947,0.8872812197812948
10,1,ResDyNet,62,0.008759076785288951,0.008873217036405742,0.8873217036405742
10,1,ResDyNet,63,0.008759026640184273,0.008875091258192611,0.8875091258192612
10,1,ResDyNet,64,0.008759348339582794,0.00887830051896764,0.8878300518967639
10,1,ResDyNet,65,0.008759886056176681,0.00888270856618239,0.8882708566182391
10,1,ResDyNet,66,0.008760522264520882,0.00888808540013885,0.888808540013885
10,1,ResDyNet,67,0.008760857394775372,0.008893774826254934,0.8893774826254934
10,1,ResDyNet,68,0.008761338801318767,0.00889917962323534,0.889917962323534
10,1,ResDyNet,69,0.008761831588237887,0.00890364358584186,0.8903643585841862
10,1,ResDyNet,70,0.008762388050359502,0.008907266606434953,0.8907266606434953
10,1,ResDyNet,71,0.008762824254590773,0.008909997815821883,0.8909997815821884
10,1,ResDyNet,72,0.008764298292664823,0.008913539500520012,0.8913539500520012
10,1,ResDyNet,73,0.008766343231173554,0.008917378889403041,0.891737888940304
10,1,ResDyNet,74,0.008768402457494825,0.008920710558593071,0.8920710558593071
10,1,ResDyNet,75,0.008770575067392304,0.00892365181468752,0.892365181468752
10,1,ResDyNet,76,0.008772633013043239,0.008926043527832111,0.8926043527832112
10,1,ResDyNet,77,0.008774398562266231,0.008927802100449944,0.8927802100449944
10,1,ResDyNet,78,0.008776217588714306,0.008929405355914237,0.8929405355914236
10,1,ResDyNet,79,0.008777824164456464,0.008930620515351604,0.8930620515351604
10,1,ResDyNet,80,0.008779171356216406,0.008931422062810418,0.8931422062810419
10,1,ResDyNet,81,0.008781426795688517,0.008933030065348362,0.8933030065348362
10,1,ResDyNet,82,0.008782364268030961,0.008932962841124385,0.8932962841124386
10,1,ResDyNet,83,0.00878349394204959,0.008932283780365138,0.8932283780365138
10,1,ResDyNet,84,0.008784457964885507,0.008930524124599033,0.8930524124599033
10,1,ResDyNet,85,0.008785082017970848,0.008927769060544218,0.8927769060544217
10,1,ResDyNet,86,0.008785287547924295,0.008924291341296615,0.8924291341296615
10,1,ResDyNet,87,0.008784725350630017,0.008921745325221383,0.8921745325221382
10,1,ResDyNet,88,0.008784747481931489,0.008921853017930416,0.8921853017930417
10,1,ResDyNet,89,0.008784110756051055,0.008922181025616503,0.8922181025616504
10,1,ResDyNet,90,0.00878292398124801,0.00892187747721429,0.892187747721429
10,1,ResDyNet,91,0.008781707586551436,0.00892085704066788,0.892085704066788
10,1,ResDyNet,92,0.008780902853710923,0.008919456765001355,0.8919456765001356
10,1,ResDyNet,93,0.008779768197458725,0.008917324224525645,0.8917324224525646
10,1,ResDyNet,94,0.008779098814270837,0.008915580129310974,0.8915580129310974
10,1,ResDyNet,95,0.008778729934450339,0.008914202792464606,0.8914202792464606
10,1,ResDyNet,96,0.008778642427451118,0.008913222643431211,0.8913222643431211
10,1,ResDyNet,97,0.00877848550351979,0.008912473790370506,0.8912473790370505
10,1,ResDyNet,98,0.008779312382151166,0.00891315364567068,0.891315364567068
10,1,ResDyNet,99,0.008780337189088754,0.008914523323426361,0.8914523323426361
10,1,ResDyNet,100,0.008781561739692684,0.008916719921559145,0.8916719921559145
10,1,Plain,1,0.02276864498519721,0.02315927890439176,2.315927890439176
10,1,Plain,2,0.019000233553062393,0.019336859629412888,1.9336859629412888
10,1,Plain,3,0.019071303955378215,0.019419414437405746,1.9419414437405746
10,1,Plain,4,0.0213969363376162,0.021795256364760027,2.1795256364760025
10,1,Plain,5,0.02355349441434479,0.023996658362322183,2.3996658362322183
10,1,Plain,6,0.025215537484380726,0.025691777505843956,2.569177750584396
10,1,Plain,7,0.02658688668724504,0.0270887042921935,2.70887042921935
10,1,Plain,8,0.02780174689443427,0.028325371464136887,2.832537146413689
10,1,Plain,9,0.028816235188871435,0.029357969222054487,2.9357969222054483
10,1,Plain,10,0.029672288677970036,0.030229761390949954,3.0229761390949954
10,1,Plain,11,0.030359008412217947,0.030929971734833018,3.0929971734833015
10,1,Plain,12,0.03091616774537714,0.031500282772280806,3.1500282772280808
10,1,Plain,13,0.031331216339932785,0.03192798200074258,3.1927982000742583
10,1,Plain,14,0.03167859515136516,0.032287770580636546,3.228777058063655
10,1,Plain,15,0.03197602463831941,0.03259652632081482,3.259652632081482
10,1,Plain,16,0.03222288678357454,0.03285265492479859,3.2852654924798586
10,1,Plain,17,0.032418439573882976,0.03305588023995204,3.305588023995204
10,1,Plain,18,0.03256939987580071,0.03321400861410155,3.321400861410156
10,1,Plain,19,0.03269597066961027,0.033347709015472314,3.334770901547231
10,1,Plain,20,0.032804578195703864,0.03346333137280416,3.346333137280416
10,1,Plain,21,0.03289682697431208,0.03356222703525355,3.3562227035253547
10,1,Plain,22,0.03295438328171894,0.03362520303079229,3.3625203030792292
10,1,Plain,23,0.03303085138386227,0.033710566781810856,3.371056678181086
10,1,Plain,24,0.033064402077460114,0.0337615611420908,3.37615611420908
10,1,Plain,25,0.033071407345662905,0.03379442540787627,3.3794425407876267
10,1,Plain,26,0.033052381683267316,0.03380679246741077,3.380679246741077
10,1,Plain,27,0.032975985352507294,0.03376301692481322,3.376301692481322
10,1,Plain,28,0.032982124916019276,0.03379239094605897,3.379239094605897
10,1,Plain,29,0.03301173027012643,0.033835442993577984,3.3835442993577987
10,1,Plain,30,0.033039849656827075,0.03386957865177774,3.386957865177774
10,1,Plain,31,0.03306547928641424,0.03389601219131191,3.3896012191311913
10,1,Plain,32,0.03308533225762359,0.0339115126848274,3.3911512684827403
10,1,Plain,33,0.0331064456298298,0.03392421547238857,3.392421547238857
10,1,Plain,34,0.033132107413650344,0.03393865453664936,3.3938654536649366
10,1,Plain,35,0.03315819210329725,0.033950542010519946,3.3950542010519946
10,1,Plain,36,0.03317812252466047,0.03395281971975031,3.395281971975031
10,1,Plain,37,0.03319245894222643,0.03394698809282652,3.3946988092826524
10,1,Plain,38,0.03319440510959031,0.03392130462040817,3.3921304620408166
10,1,Plain,39,0.0331913747179494,0.03388249090706347,3.3882490907063465
10,1,Plain,40,0.03318596654599293,0.0338365094102166,3.3836509410216595
10,1,Plain,41,0.03317990968045688,0.03378854843747586,3.3788548437475865
10,1,Plain,42,0.03318036928157535,0.03375160988517122,3.3751609885171217
10,1,Plain,43,0.033178814577577626,0.03372144472554234,3.372144472554234
10,1,Plain,44,0.03318596064318672,0.03370862103450383,3.3708621034503827
10,1,Plain,45,0.033199386306904236,0.03370893547954671,3.370893547954671
10,1,Plain,46,0.033215159168160334,0.03371663077458801,3.371663077458801
10,1,Plain,47,0.03322412529617879,0.033725161550759726,3.372516155075972
10,1,Plain,48,0.03330290346363599,0.03380823294218684,3.380823294218685
10,1,Plain,49,0.03334464501105965,0.033848014728993854,3.384801472899386
10,1,Plain,50,0.03335337500751765,0.03384390291472919,3.384390291472919
10,1,Plain,51,0.03337053213108508,0.03383682616335895,3.383682616335895
10,1,Plain,52,0.03338496619565049,0.03382954193082227,3.3829541930822273
10,1,Plain,53,0.03338632378268999,0.03381590634599302,3.381590634599302
10,1,Plain,54,0.033385122518418534,0.033805555420285564,3.3805555420285565
10,1,Plain,55,0.03338327985573376,0.03379886032728063,3.3798860327280633
10,1,Plain,56,0.03338145282409353,0.03379515529394342,3.3795155293943417
10,1,Plain,57,0.0333758795307525,0.033789983929682334,3.3789983929682332
10,1,Plain,58,0.03337173321012034,0.03378818195056525,3.378818195056525
10,1,Plain,59,0.03336638577172913,0.033786613533702485,3.3786613533702488
10,1,Plain,60,0.03336044293514134,0.03378523737281687,3.3785237372816868
10,1,Plain,61,0.03335264056438112,0.033782142359721934,3.3782142359721936
10,1,Plain,62,0.03335049780128712,0.03378509088537815,3.378509088537815
10,1,Plain,63,0.03335310988550644,0.03379506720762391,3.3795067207623912
10,1,Plain,64,0.03335316086497677,0.033806097661237496,3.3806097661237495
10,1,Plain,65,0.033351422330454315,0.03381904318495145,3.3819043184951454
10,1,Plain,66,0.03334918228213327,0.03383478418276799,3.3834784182767987
10,1,Plain,67,0.03334469023771809,0.03385058713572288,3.385058713572288
10,1,Plain,68,0.03333505632483528,0.033859511738174496,3.3859511738174497
10,1,Plain,69,0.03333010277210742,0.03386955715523017,3.386955715523017
10,1,Plain,70,0.033327073538605465,0.033878108058503886,3.3878108058503886
10,1,Plain,71,0.0333247167406307,0.03388441268993234,3.3884412689932346
10,1,Plain,72,0.0333245771906904,0.033892038496219516,3.389203849621951
10,1,Plain,73,0.033320843998489016,0.03389493007672715,3.3894930076727148
10,1,Plain,74,0.0333153467903189,0.033894037975133975,3.3894037975133973
10,1,Plain,75,0.033307552981719654,0.033888884517180834,3.388888451718083
10,1,Plain,76,0.033297328612332235,0.033879612211328944,3.3879612211328944
10,1,Plain,77,0.03328388577131253,0.033865790708225166,3.3865790708225165
10,1,Plain,78,0.033260528512176375,0.03384108682755155,3.3841086827551545
10,1,Plain,79,0.03323413937522499,0.03381264893824827,3.381264893824827
10,1,Plain,80,0.03320741075416399,0.03378330243531896,3.3783302435318965
10,1,Plain,81,0.03318473792673063,0.03375764195355318,3.375764195355318
10,1,Plain,82,0.03315742454983007,0.03372600274497897,3.3726002744978976
10,1,Plain,83,0.033151059543431526,0.033712628871309415,3.3712628871309414
10,1,Plain,84,0.03315064488437114,0.03370186698704871,3.3701866987048708
10,1,Plain,85,0.0331499442829355,0.03368836469853642,3.368836469853642
10,1,Plain,86,0.03314489271699221,0.033669322428990546,3.3669322428990545
10,1,Plain,87,0.03314945672097307,0.033666506205883774,3.3666506205883775
10,1,Plain,88,0.03314531468711464,0.03366262109180947,3.3662621091809477
10,1,Plain,89,0.03314553453991136,0.03366652215219345,3.366652215219345
10,1,Plain,90,0.03314905640122799,0.03367350330350888,3.3673503303508876
10,1,Plain,91,0.03314826496131896,0.03367351166633776,3.3673511666337763
10,1,Plain,92,0.033152444309798725,0.03367555689907189,3.367555689907189
10,1,Plain,93,0.03315346860456706,0.03367289683116331,3.367289683116331
10,1,Plain,94,0.03315305197139556,0.03366845477370766,3.366845477370766
10,1,Plain,95,0.033152565000374924,0.033664173486413373,3.3664173486413373
10,1,Plain,96,0.03315221183867415,0.03366044894553192,3.366044894553192
10,1,Plain,97,0.033149274129084284,0.0336552400441752,3.3655240044175203
10,1,Plain,98,0.03314895493505559,0.03365431319316693,3.3654313193166936
10,1,Plain,99,0.033148955905199964,0.033655557207001245,3.3655557207001245
10,1,Plain,100,0.03315067581158392,0.03366090226140616,3.3660902261406154
