training_horizon,seed,model,epoch,train_loss,val_loss,val_rmse,val_nrmse,val_nrmse_percent,wall_time_sec
5,0,ResDyNet,0,1.1525879324908668,1.1334957954549483,1.0646575954056539,1.0791063483132988,107.91063483132987,0.026531832991167903
5,0,Plain,0,1.0089536590235764,0.9759280232658591,0.9878906939868697,1.001297622748543,100.1297622748543,0.054182291991310194
5,0,ResDyNet,1,0.10127879653137258,0.007301827775423768,0.08545073303034778,0.08661040777710258,8.661040777710257,0.5773992920003366
5,0,Plain,1,0.3191495993940226,0.032390104009773255,0.17997250903894532,0.18241496408223257,18.241496408223256,0.6063415829848964
5,0,ResDyNet,2,0.004888979657036603,0.002925643566817569,0.05408921858205726,0.05482327783043182,5.482327783043182,1.1319695829879493
5,0,Plain,2,0.02173612516698732,0.01656019612764892,0.1286864255764722,0.13043286346762728,13.043286346762727,1.1585174170031678
5,0,ResDyNet,3,0.0023185753189235384,0.0016604614679740313,0.040748760324383265,0.041301772646617746,4.130177264661775,1.6758138749864884
5,0,Plain,3,0.014436693794630308,0.012185607531913757,0.11038843930373214,0.1118865503304538,11.18865503304538,1.701968916982878
5,0,ResDyNet,4,0.001499601684148141,0.0012348951160452235,0.03514107448620807,0.035617983404485125,3.5617983404485125,2.2248905829910655
5,0,Plain,4,0.012004621291221217,0.01089759014861292,0.10439152335612753,0.10580824863299988,10.580824863299988,2.2525178749929182
5,0,ResDyNet,5,0.0010980130500338723,0.001077470997713397,0.0328248533540273,0.033270328215981686,3.3270328215981686,2.7702533330011647
5,0,Plain,5,0.010628196678235747,0.009925198053924687,0.09962528822505201,0.10097732965050976,10.097732965050977,2.796476874995278
5,0,ResDyNet,6,0.000868562833290023,0.000727643076523299,0.026974860083479563,0.027340943122520847,2.734094312252085,3.3198270830034744
5,0,Plain,6,0.009785755603003642,0.009348656440119358,0.09668845039672194,0.09800063521072594,9.800063521072595,3.3468386250024196
5,0,ResDyNet,7,0.0006968813496629483,0.0006705970736167545,0.025895889125819846,0.026247329161487067,2.6247329161487065,3.865754250000464
5,0,Plain,7,0.011529642082702069,0.022420367454297856,0.14973432289992114,0.15176640743368164,15.176640743368164,3.892378207994625
5,0,ResDyNet,8,0.0005871150558146204,0.0006310957798509419,0.025121619769651438,0.025462551988853048,2.5462551988853046,4.415310374984983
5,0,Plain,8,0.010300029654525932,0.004271976636598477,0.06536035982610926,0.06624738274611425,6.624738274611425,4.441962749988306
5,0,ResDyNet,9,0.0005445896904271705,0.0005862655773908786,0.024212921702902325,0.024541521737661942,2.454152173766194,4.963418083003489
5,0,Plain,9,0.0033606553610730865,0.0087116728586648,0.09333634264671399,0.0946030351101175,9.46030351101175,4.990124208008638
5,0,ResDyNet,10,0.0005093677741377687,0.0006919685605331626,0.02630529529454407,0.026662291490798774,2.6662291490798773,5.511788208008511
5,0,Plain,10,0.00914254803049607,0.005376851661425445,0.07332701863178023,0.07432215920865386,7.432215920865386,5.536727917002281
5,0,ResDyNet,11,0.0005100794105277645,0.0005524778345835037,0.02350484704446093,0.02382383760869769,2.382383760869769,6.053088791988557
5,0,Plain,11,0.009468399182055278,0.007266467308303553,0.085243576346277,0.08640043971428032,8.640043971428032,6.084784707985818
5,0,ResDyNet,12,0.00042016656055866554,0.00037737099633842645,0.019426039131496327,0.019689675102907665,1.9689675102907664,6.602584207983455
5,0,Plain,12,0.003959709452552314,0.00208654903495462,0.04567875912231658,0.0462986777764776,4.62986777764776,6.628753541997867
5,0,ResDyNet,13,0.00040469406927562705,0.00037188073733944503,0.01928420953369479,0.019545920697710335,1.9545920697710335,7.148618917010026
5,0,Plain,13,0.002114194803772267,0.002526895722785923,0.05026823771315166,0.05095044140845648,5.095044140845649,7.178283707995433
5,0,ResDyNet,14,0.00035904374640091094,0.00033215839991105353,0.018225213302210032,0.018472552545201505,1.8472552545201506,7.694914666994009
5,0,Plain,14,0.004834227872556868,0.004999746816687891,0.07070888781962202,0.0716684970431779,7.166849704317791,7.720923582994146
5,0,ResDyNet,15,0.00041750953677077517,0.0008860279513416911,0.02976622165041595,0.030170187003668494,3.017018700366849,8.238599042000715
5,0,Plain,15,0.004153919990413506,0.0050478519018712495,0.07104823644448362,0.07201245105896645,7.2012451058966445,8.263680832984392
5,0,ResDyNet,16,0.00036492531565505027,0.00029757794507022514,0.017250447677385802,0.01748455811543874,1.748455811543874,8.784372499998426
5,0,Plain,16,0.0018802993835629654,0.002129447235888002,0.04614593412087355,0.04677219293185861,4.6772192931858605,8.810597125004278
5,0,ResDyNet,17,0.00031507079853919606,0.0012641235084914822,0.035554514600701304,0.03603703442532252,3.603703442532252,9.328080499981297
5,0,Plain,17,0.0013445980146465173,0.000800014270020442,0.028284523507042542,0.028668380338597872,2.8668380338597874,9.3530950830027
5,0,ResDyNet,18,0.00036830722736241417,0.0005754213523296133,0.023987941811035255,0.024313488583524633,2.431348858352463,9.872188749985071
5,0,Plain,18,0.004235642727709556,0.004335036225871991,0.06584099198730219,0.06673453769488367,6.6734537694883675,9.902748249995057
5,0,ResDyNet,19,0.00030093314181015317,0.0004186688467591035,0.020461398944331823,0.02073908606060957,2.073908606060957,10.455812083004275
5,0,Plain,19,0.003475001480902149,0.0027921763759955194,0.052841048210605354,0.053558168205118786,5.355816820511879,10.480944624985568
5,0,ResDyNet,20,0.00033595042236037124,0.00025864191411396914,0.016082347904269736,0.01630060574796176,1.630060574796176,10.999814791983226
5,0,Plain,20,0.0030030763130900174,0.0018447417648188153,0.042950457096738975,0.0435333492345861,4.35333492345861,11.027224541991018
5,0,ResDyNet,21,0.0003101490643150011,0.001167327520451964,0.03416617509250873,0.03462985339043408,3.462985339043408,11.560973749990808
5,0,Plain,21,0.0012800045438754006,0.0008342569028721963,0.028883505723374305,0.029275491502750228,2.9275491502750226,11.586329207988456
5,0,ResDyNet,22,0.00042792849744024465,0.0002629748456189753,0.016216499178891088,0.01643657762540191,1.6436577625401911,12.120732832991052
5,0,Plain,22,0.0009793382403332847,0.0012000102928634833,0.03464116471574655,0.03511128922485705,3.5111289224857045,12.146032791992184
5,0,ResDyNet,23,0.00021342157047673347,0.00021681217457385237,0.014724543272164757,0.014924373986129063,1.4924373986129063,12.665387249988271
5,0,Plain,23,0.0010903635962395638,0.001276985467480431,0.035734933433272706,0.036219901770113215,3.6219901770113214,12.692519250005716
5,0,ResDyNet,24,0.00023667955588775895,0.00029913844542953154,0.01729561925545112,0.017530342729068477,1.7530342729068478,13.209236374998
5,0,Plain,24,0.0010496202910444906,0.001896020554117053,0.0435433181339807,0.04413425614749024,4.413425614749024,13.234281499986537
5,0,ResDyNet,25,0.00023760602794247536,0.0002146020075650899,0.014649300582795406,0.014848110158103025,1.4848110158103025,13.78246724998462
5,0,Plain,25,0.0033417645761161458,0.0016564324706324512,0.04069929324487651,0.04125163423614793,4.125163423614793,13.809012874990003
5,0,ResDyNet,26,0.0002220867418187953,0.0003781704067822884,0.019446603990987438,0.0197105190536058,1.97105190536058,14.329408082994632
5,0,Plain,26,0.0012974334962253416,0.0009532365983768871,0.03087452992965054,0.031293536430912795,3.1293536430912794,14.354540083004395
5,0,ResDyNet,27,0.0002712225990990964,0.0006265020961005915,0.025030023893328417,0.025369713040400487,2.5369713040400486,14.87545091699576
5,0,Plain,27,0.0011134768269621482,0.0005609439327837088,0.02368425495521674,0.02400568031218252,2.4005680312182522,14.905670457985252
5,0,ResDyNet,28,0.00022042351599956718,0.00021955019551847624,0.01481722630988932,0.015018314850141243,1.5018314850141243,15.422998833004385
5,0,Plain,28,0.0008399402515337471,0.0008935663513814018,0.029892580206154866,0.030298260405154546,3.0298260405154545,15.448003750003409
5,0,ResDyNet,29,0.00026555674654332376,0.0003444216622636412,0.018558600762547835,0.018810464495908525,1.8810464495908525,15.985022167005809
5,0,Plain,29,0.0013078260390462825,0.0013887517675138556,0.037265959903293185,0.03777170620974181,3.777170620974181,16.013864292006474
5,0,ResDyNet,30,0.00029515953448686706,0.00018110191021005487,0.013457410977229418,0.013640045099998749,1.3640045099998748,16.538065125001594
5,0,Plain,30,0.0010463042280214603,0.001199382488947636,0.03463210200013329,0.03510210351670691,3.510210351670691,16.565371625008993
5,0,ResDyNet,31,0.0001655495431145406,0.0011916098747299648,0.03451970270338325,0.034988178819046055,3.4988178819046056,17.086094250000315
5,0,Plain,31,0.001459748543690291,0.005668752008788718,0.07529111507202371,0.07631291092687058,7.631291092687058,17.111215167009505
5,0,ResDyNet,32,0.0004038887485112529,0.0018001827730693414,0.04242856081779515,0.0430043701616901,4.30043701616901,17.62476433298434
5,0,Plain,32,0.004322241594686465,0.008106014971553503,0.09003341030724928,0.09125527779269788,9.125527779269788,17.655600708007114
5,0,ResDyNet,33,0.0003143424437644416,0.0001420829179703211,0.011919853940813248,0.012081621465911687,1.2081621465911687,18.16992879199097
5,0,Plain,33,0.0011348792834716247,0.0013665340510778355,0.036966661346108,0.037468345791807176,3.7468345791807174,18.19617300000391
5,0,ResDyNet,34,0.0001569869154876104,0.0001415511467628199,0.01189752691792794,0.012058991437028746,1.2058991437028745,18.709732582996367
5,0,Plain,34,0.0007912451988065515,0.0005987272970612356,0.024468904696803156,0.024800978745220678,2.480097874522068,18.73574516698136
5,0,ResDyNet,35,0.00014502631549290153,0.0002803111762134529,0.016742496116572726,0.016969713008171936,1.6969713008171936,19.24961658299435
5,0,Plain,35,0.0007993479897161056,0.0005894494264229774,0.024278579580012036,0.024608070675378266,2.460807067537827,19.28001870799926
5,0,ResDyNet,36,0.00016039702332995115,0.00016123077288944756,0.012697668009892511,0.012869991457703298,1.2869991457703298,19.798143166990485
5,0,Plain,36,0.0006749565111696782,0.00559452428309825,0.07479655261506542,0.0758116366305671,7.58116366305671,19.82325650000712
5,0,ResDyNet,37,0.0001277644316244291,0.00012229649747280382,0.011058774682251365,0.011208856270486584,1.1208856270486585,20.337099041993497
5,0,Plain,37,0.001445799302328846,0.0032830227796326428,0.057297668186695364,0.058075270162566625,5.807527016256662,20.363270707981428
5,0,ResDyNet,38,0.00016208592271741283,0.00010579428767909873,0.010285635015841206,0.010425224118932595,1.0425224118932594,20.87789691699436
5,0,Plain,38,0.001144331852191263,0.00038311899207452355,0.01957342566017823,0.01983906185358022,1.9839061853580218,20.9041692079918
5,0,ResDyNet,39,0.00012126554502985426,9.889473021700682e-05,0.009944582958425497,0.010079543552851275,1.0079543552851276,21.419849375000922
5,0,Plain,39,0.0005126440100497103,0.0007291506598946825,0.027002789853914775,0.02736925193533882,2.736925193533882,21.450485292007215
5,0,ResDyNet,40,0.00013187133978156374,0.00021494666763020629,0.01466105956710518,0.014860028726733119,1.4860028726733119,21.965798374993028
5,0,Plain,40,0.013434535131258222,0.0022305353996519978,0.04722854433128336,0.047869495534914666,4.786949553491467,21.990872124995803
5,0,ResDyNet,41,0.0001663164747023169,0.0004042087571156724,0.02010494359891796,0.020377793164389965,2.0377793164389963,22.50490591698326
5,0,Plain,41,0.0006622853505014948,0.0009544358794947512,0.030893945677021434,0.03131321567458287,3.131321567458287,22.530023333005374
5,0,ResDyNet,42,0.00015685000995940642,0.00014276738789469181,0.011948530783937072,0.012110687490141488,1.2110687490141487,23.04715537498123
5,0,Plain,42,0.0006175501214830053,0.002223961833815917,0.04715889983678496,0.04779890587635908,4.779890587635908,23.072245374991326
5,0,ResDyNet,43,0.00012235538447492278,9.623853550200767e-05,0.009810124132854163,0.009943259950604966,0.9943259950604966,23.602357083000243
5,0,Plain,43,0.003207013497282696,0.002608524972745907,0.051073720960449966,0.05176685608428325,5.176685608428325,23.629039374995045
5,0,ResDyNet,44,0.00026177985488035185,0.0009437397210655838,0.030720347020591805,0.03113726106436802,3.1137261064368023,24.211509499989916
5,0,Plain,44,0.003576269064530715,0.001560330208118218,0.03950101527958766,0.040037094120182797,4.00370941201828,24.23702020800556
5,0,ResDyNet,45,0.00016448385673766488,9.492568662048356e-05,0.009742981403065674,0.00987520600887712,0.9875206008877121,24.767282707995037
5,0,Plain,45,0.0005786101597871903,0.0009147147862841425,0.03024425211976885,0.03065470495234227,3.065470495234227,24.794121291983174
5,0,ResDyNet,46,9.868773600828066e-05,0.00025018227085910944,0.015817151161290375,0.016031809949072072,1.6031809949072071,25.31891058300971
5,0,Plain,46,0.0006083281113594713,0.0006379123715749763,0.025256927199779792,0.02559969571229573,2.559969571229573,25.343983750004554
5,0,ResDyNet,47,0.00010511954638107792,0.0001613560867760174,0.012702601575111196,0.012874991977654758,1.2874991977654757,25.903628000000026
5,0,Plain,47,0.000523248909440378,0.000545745984468245,0.023361206828163762,0.023678248012616983,2.3678248012616985,25.929185957997106
5,0,ResDyNet,48,0.00010804905064952534,0.00011379083293669452,0.010667278609687409,0.010812047100039138,1.081204710003914,26.4529324999894
5,0,Plain,48,0.0006522314409220785,0.0008915466081195788,0.029858777739880424,0.030263999196571804,3.0263999196571802,26.478045124997152
5,0,ResDyNet,49,0.00010770743210895049,0.00035414257594274835,0.018818676253731247,0.019074069541124766,1.9074069541124765,26.99456012499286
5,0,Plain,49,0.0005658715815153878,0.0003477912272114567,0.018649161568592212,0.018902254326866923,1.8902254326866923,27.020038957998622
5,0,ResDyNet,50,0.0001972844005675644,0.00010783437372638145,0.010384333090111346,0.010525261651159681,1.052526165115968,27.538510124984896
5,0,Plain,50,0.0009412056588178534,0.0011738901369979411,0.034262080161571354,0.034727060012833155,3.4727060012833153,27.563546666991897
5,0,ResDyNet,51,0.00013143653233448622,0.00014407320663851106,0.012003049889028665,0.012165946488586224,1.2165946488586223,28.075131332996534
5,0,Plain,51,0.0007875974176939007,0.00033229978880622724,0.018229091826150505,0.018476483705627458,1.8476483705627458,28.100145582982805
5,0,ResDyNet,52,9.951285103354849e-05,0.00013038510671852243,0.011418629809154968,0.011573595087539598,1.1573595087539599,28.617540167004336
5,0,Plain,52,0.000536624860441576,0.0020309227655839843,0.045065760457180616,0.045677359942546444,4.567735994254645,28.64252554200357
5,0,ResDyNet,53,0.00013082331233212231,0.0001463481050044494,0.012097442085186826,0.01226161970647812,1.226161970647812,29.160088332981104
5,0,Plain,53,0.0006254340729419831,0.0015120029276463212,0.038884481835898516,0.03941219353627354,3.941219353627354,29.18519516699598
5,0,ResDyNet,54,0.00011905373663691989,0.00024002306337029384,0.015492677734023057,0.015702933006161872,1.5702933006161872,29.703551791986683
5,0,Plain,54,0.0006284455267548731,0.0008450761285907293,0.029070193129573964,0.02946471249365805,2.9464712493658047,29.728607249999186
5,0,ResDyNet,55,0.00018251616957907002,9.745080079485649e-05,0.009871717216110706,0.01000568893006385,1.000568893006385,30.2431732499972
5,0,Plain,55,0.0006843782082863466,0.0008690030287747913,0.029478857317996425,0.029878922773054924,2.9878922773054923,30.268195416982053
5,0,ResDyNet,56,9.771103039917138e-05,0.0002337640268350966,0.015289343571098681,0.01549683934094262,1.5496839340942619,30.782387332990766
5,0,Plain,56,0.0030818641068638,0.003880902034312609,0.06229688623288173,0.06314233393360622,6.314233393360621,30.807436500006588
5,0,ResDyNet,57,9.723087348516304e-05,0.00013866735817299794,0.011775710516694862,0.011935521832841864,1.1935521832841864,31.321021582989488
5,0,Plain,57,0.002102615227254852,0.0004266966612532446,0.020656637220352318,0.020936973967478994,2.0936973967478996,31.34609554198687
5,0,ResDyNet,58,0.00011056587536524617,7.599375377424863e-05,0.008717439634104077,0.008835746338347791,0.8835746338347791,31.858805041993037
5,0,Plain,58,0.0005751589746217471,0.0005046151408121492,0.022463640417620407,0.02276850048831451,2.276850048831451,31.884663542005
5,0,ResDyNet,59,0.00011357053220742796,0.00011254690508362383,0.010608812614219549,0.010752787646913474,1.0752787646913473,32.39881562499795
5,0,Plain,59,0.004291005354819252,0.0027200972886823062,0.052154551945945295,0.05286235531608776,5.286235531608776,32.42387924998184
5,0,ResDyNet,60,0.00011023087970558798,0.0002753474289885133,0.016593596023421607,0.016818792152042045,1.6818792152042046,32.93629599999986
5,0,Plain,60,0.0007517871505094846,0.001034563656811926,0.032164633634038584,0.03260114847763586,3.2601148477635857,32.96567966698785
5,0,ResDyNet,61,0.0001314100323638683,7.727875835499692e-05,0.008790833769045854,0.008910136524719831,0.891013652471983,33.48071045798133
5,0,Plain,61,0.0005636354933605684,0.0005469993476607406,0.02338801718104253,0.023705422215963525,2.3705422215963523,33.505769417010015
5,0,ResDyNet,62,0.00013772572806329848,0.0001406283680334459,0.011858683233540133,0.012019620594613641,1.201962059461364,34.01769716700073
5,0,Plain,62,0.000496233648398465,0.00036936480585338284,0.01921886588364107,0.0194796902515094,1.94796902515094,34.04271579199121
5,0,ResDyNet,63,0.000148946265439709,0.00014188680152498606,0.01191162463835165,0.012073280481385937,1.2073280481385937,34.555050249997294
5,0,Plain,63,0.00044278771966671564,0.000575986268504098,0.023999713925463736,0.024325420460465784,2.4325420460465783,34.580060167005286
5,0,ResDyNet,64,8.813265765341801e-05,0.000485510649959051,0.022034306205529843,0.022333339666831344,2.2333339666831344,35.0982342500065
5,0,Plain,64,0.0006058509566310115,0.0005708799357824195,0.02389309389305662,0.02421735345908958,2.421735345908958,35.12329270798364
5,0,ResDyNet,65,0.00015160001728671573,9.153810953658787e-05,0.009567555044868456,0.00969739889266529,0.969739889266529,35.64251004200196
5,0,Plain,65,0.0005436373576326288,0.0004836104835695603,0.02199114557201512,0.022289593288818407,2.2289593288818406,35.66784058298799
5,0,ResDyNet,66,6.943434074718284e-05,9.057989067057609e-05,0.009517346829372988,0.009646509288052083,0.9646509288052083,36.19301070799702
5,0,Plain,66,0.0008727662002880672,0.00028077947044712883,0.016756475478069036,0.016983882087321076,1.6983882087321076,36.218118249991676
5,0,ResDyNet,67,8.303507263056873e-05,0.00010042264904011162,0.010021110170041621,0.010157109335718967,1.0157109335718968,36.74473991699051
5,0,Plain,67,0.00048382534944614635,0.00035695924861180644,0.018893365200826625,0.019149772111892362,1.9149772111892363,36.76983270799974
5,0,ResDyNet,68,0.00013546867229554733,6.082784098962965e-05,0.007799220537312024,0.007905065844669188,0.7905065844669188,37.29290079200291
5,0,Plain,68,0.0005297368194684154,0.003307439328933911,0.05751034106083801,0.05829082927715118,5.829082927715118,37.32224354200298
5,0,ResDyNet,69,6.828484976951884e-05,0.0002426064990968166,0.01557583060696336,0.01578721436897522,1.578721436897522,37.839799749985104
5,0,Plain,69,0.00057514908823134,0.0003695267591242219,0.019223078814909485,0.01948396035759456,1.948396035759456,37.867659207986435
5,0,ResDyNet,70,0.00011440254175823205,0.00021332764526212257,0.014605740147699556,0.014803958552694799,1.4803958552694798,38.38934787499602
5,0,Plain,70,0.0006183430341946396,0.002467363864119715,0.049672566514321725,0.05034668619650981,5.034668619650981,38.41916874999879
5,0,ResDyNet,71,0.00010749752862146591,0.00025002727711610903,0.01581225085546359,0.01602684313988461,1.602684313988461,38.97067633300321
5,0,Plain,71,0.0006332466867073597,0.0013839796963347017,0.03720187759152354,0.037706754219784075,3.7706754219784075,39.007219708000775
5,0,ResDyNet,72,9.853244942804019e-05,0.0001030442647105283,0.010151072096607741,0.010288835010341231,1.028883501034123,39.62548608300858
5,0,Plain,72,0.001252633556755566,0.001476815895185654,0.03842936240930435,0.038950897562246,3.8950897562246,39.650912874989444
5,0,ResDyNet,73,8.241476789990364e-05,7.383487003421085e-05,0.008592721922313723,0.008709336049142273,0.8709336049142273,40.21252041700063
5,0,Plain,73,0.0007967117057135767,0.0016797599599568532,0.04098487477054009,0.041541091465058355,4.154109146505835,40.24945441700402
5,0,ResDyNet,74,0.00011802656819103658,0.00019392725241801015,0.013925776546319065,0.014114766983463485,1.4114766983463485,40.88930454198271
5,0,Plain,74,0.0006179889957880178,0.0003254766203369047,0.018040970604069635,0.01828580944013971,1.8285809440139709,40.91492237499915
5,0,ResDyNet,75,7.495957464586602e-05,0.00010063051357164588,0.010031476141209023,0.010167615986252855,1.0167615986252856,41.43683691698243
5,0,Plain,75,0.0006407494828132558,0.0003579943741943696,0.01892073926130714,0.019177517673067253,1.9177517673067253,41.46189449998201
5,0,ResDyNet,76,6.289656356423616e-05,7.873283643448953e-05,0.008873152564589969,0.008993572490649622,0.8993572490649622,41.97442958300235
5,0,Plain,76,0.0005639914645402501,0.0003362403390725467,0.018336857393581558,0.018585711788389712,1.8585711788389712,41.99952045799
5,0,ResDyNet,77,0.00012025592094994032,9.826620454888306e-05,0.009912931178459934,0.010047462218116383,1.0047462218116383,42.51510233298177
5,0,Plain,77,0.0003811742499065113,0.000393519603908212,0.019837328547670223,0.020106546237723753,2.0106546237723752,42.54013420798583
5,0,ResDyNet,78,7.083546641182466e-05,0.000203102829002044,0.014251414982451529,0.014444824745885652,1.4444824745885652,43.051429499988444
5,0,Plain,78,0.0006574533324666406,0.0005769264215327483,0.024019292694264508,0.02434526493797315,2.434526493797315,43.07645266701002
5,0,ResDyNet,79,9.855528989671665e-05,7.45055232627692e-05,0.008631658198907622,0.008748800740357058,0.8748800740357058,43.588835542002926
5,0,Plain,79,0.0004855883598246303,0.0017253766428131354,0.04153765331374819,0.04210137191368462,4.210137191368462,43.61389416700695
5,0,ResDyNet,80,7.28735050834831e-05,6.244653971545968e-05,0.00790231230181772,0.008009556695076853,0.8009556695076853,44.1664956669847
5,0,Plain,80,0.0007077631775256475,0.0006832426389041922,0.026138910438352096,0.026493648581233525,2.6493648581233527,44.193218875007005
5,0,ResDyNet,81,0.00011683444300414402,0.00014215845288812192,0.011923021969623384,0.01208483248888791,1.2084832488887909,44.74205249999068
5,0,Plain,81,0.0007632168043715454,0.0010882055272665207,0.03298796033807669,0.03343564876852503,3.343564876852503,44.7692998329876
5,0,ResDyNet,82,6.456063473438746e-05,5.8779160053036363e-05,0.0076667568145230985,0.007770804421278621,0.7770804421278621,45.30670470799669
5,0,Plain,82,0.0010458205729883903,0.0015532222891003404,0.039410941235909866,0.039945797657573216,3.9945797657573214,45.332448417000705
5,0,ResDyNet,83,5.908251045702066e-05,0.00020259598618342712,0.014233621681899065,0.014426789967693613,1.4426789967693614,45.84634870800073
5,0,Plain,83,0.0007316723681305044,0.0005257009012692988,0.02292816829293825,0.0232393325956391,2.3239332595639097,45.87150133299292
5,0,ResDyNet,84,0.00012462324133674158,7.722340680475044e-05,0.008787684951382274,0.008906944973609771,0.890694497360977,46.38702866699896
5,0,Plain,84,0.00046833100078711245,0.0010839110348252936,0.032922804176213384,0.03336960835496687,3.336960835496687,46.4174297080026
5,0,ResDyNet,85,6.980323543058517e-05,0.00010198832695049821,0.01009892701976295,0.010235982258715429,1.0235982258715428,46.94835916699958
5,0,Plain,85,0.0004994791263412113,0.00036509603898731883,0.019107486464402343,0.019366799272390274,1.9366799272390274,46.973474416998215
5,0,ResDyNet,86,7.429186436754952e-05,8.437446290775319e-05,0.009185557299791515,0.009310216954046959,0.9310216954046959,47.48867304198211
5,0,Plain,86,0.0006229850362536048,0.00029732509572999346,0.01724311734374018,0.017477128299875144,1.7477128299875144,47.513766499992926
5,0,ResDyNet,87,5.278528774552142e-05,9.166637497317743e-05,0.009574255844355605,0.009704190630494016,0.9704190630494016,48.02809929198702
5,0,Plain,87,0.0007107356144097018,0.00033404511080527293,0.01827690101754871,0.0185249417283459,1.85249417283459,48.053225791984005
5,0,ResDyNet,88,7.025424294291703e-05,4.472323539011678e-05,0.006687543300055467,0.006778301738372775,0.6778301738372775,48.60569279198535
5,0,Plain,88,0.0004190601715907475,0.00023364269192611007,0.015285375099293771,0.01549281701194571,1.549281701194571,48.633352542005014
5,0,ResDyNet,89,0.00020669196367959744,0.00039686818968770314,0.01992155088560384,0.020191911579525806,2.0191911579525805,49.16501866700128
5,0,Plain,89,0.000643762764412981,0.005589687054775473,0.07476420971812296,0.07577885479952202,7.577885479952203,49.1904928330041
5,0,ResDyNet,90,0.0001701826554652097,7.176619293675894e-05,0.00847149295795959,0.008586461854097296,0.8586461854097296,49.72683662499185
5,0,Plain,90,0.0017415516069297448,0.00040820105058929097,0.020203986007451373,0.020478179703932682,2.047817970393268,49.75196683299146
5,0,ResDyNet,91,4.8380146328228445e-05,7.079411921540687e-05,0.008413924127029366,0.008528111741169101,0.8528111741169101,50.310502707987325
5,0,Plain,91,0.0003495146433570322,0.0004900739642939954,0.02213761424124098,0.02243804972351881,2.2438049723518807,50.33576349998475
5,0,ResDyNet,92,4.956736704943715e-05,6.0627921936138225e-05,0.007786393384368543,0.00789206461100324,0.789206461100324,50.85322845799965
5,0,Plain,92,0.00045744892358057313,0.0003712221508271344,0.01926712616938848,0.01952860549049908,1.952860549049908,50.87831654198817
5,0,ResDyNet,93,4.220468211156257e-05,5.713517899568767e-05,0.007558781581424858,0.007661363827420343,0.7661363827420343,51.391963083005976
5,0,Plain,93,0.0007732026172853539,0.00048595195670308826,0.02204431801401641,0.022343487348247957,2.234348734824796,51.41754637498525
5,0,ResDyNet,94,4.732001774893673e-05,0.00011906619121787502,0.010911745562368791,0.011059831779103746,1.1059831779103746,51.936244291980984
5,0,Plain,94,0.0008520541304980491,0.0009586513191879077,0.030962094877251246,0.031382289745831515,3.1382289745831518,51.96119612499024
5,0,ResDyNet,95,7.476755861074263e-05,7.512467031382353e-05,0.008667448893060953,0.00878507715959087,0.878507715959087,52.47556941700168
5,0,Plain,95,0.00039143180146801666,0.0005588751582086851,0.02364054056506926,0.02396137266235749,2.396137266235749,52.500726291997125
5,0,ResDyNet,96,5.698068054900485e-05,0.00011793707178504253,0.010859883599055863,0.01100726598321925,1.100726598321925,53.01377379198675
5,0,Plain,96,0.00047579397750341856,0.0007184388122626642,0.02680370892736049,0.027167469228297717,2.716746922829772,53.03883370800759
5,0,ResDyNet,97,7.766372068515307e-05,4.1535026691887424e-05,0.00644476738850111,0.006532231050006498,0.6532231050006498,53.55158187498455
5,0,Plain,97,0.0004888280553903174,0.00028553685633256055,0.016897835847603696,0.017127160896229253,1.7127160896229252,53.577684207994025
5,0,ResDyNet,98,7.077315301196587e-05,0.00011552570230291563,0.01074828834293701,0.010894156238039984,1.0894156238039985,54.09130070800893
5,0,Plain,98,0.0005281626614883241,0.00034943739901327855,0.018693244742774826,0.018946935765593833,1.8946935765593833,54.11633058299776
5,0,ResDyNet,99,6.1952166008099e-05,4.385477447939878e-05,0.006622293747592203,0.006712166666785856,0.6712166666785856,54.62935233299504
5,0,Plain,99,0.0005462395441758124,0.00024991025062500214,0.01580854992164057,0.016023091979699082,1.6023091979699082,54.65769449999789
5,0,ResDyNet,100,7.125602614717484e-05,0.00010806425053551665,0.010395395641124808,0.010536474335010978,1.0536474335010977,55.174333542003296
5,0,Plain,100,0.0004353094459598021,0.00025354411473877916,0.015923068634493137,0.0161391648566251,1.6139164856625101,55.199450957996305
5,1,ResDyNet,0,0.9703655924099331,0.9438476201447926,0.9715182037125154,0.9847029370308108,98.47029370308108,0.026352667016908526
5,1,Plain,0,0.9916282891864813,0.9565806223138963,0.9780493966635305,0.9913227665477496,99.13227665477497,0.05256629199720919
5,1,ResDyNet,1,0.18484875850078955,0.011732087416239462,0.10831476084190678,0.109784729423739,10.9784729423739,0.5690075420134235
5,1,Plain,1,0.36340355384809797,0.03471746440476399,0.18632623112370408,0.1888549142283349,18.88549142283349,0.5959085829963442
5,1,ResDyNet,2,0.007549631020595952,0.004056641025971983,0.06369176576271052,0.06455614374651325,6.455614374651325,1.1151917920215055
5,1,Plain,2,0.02821558423797129,0.03158794912832955,0.17772998938932494,0.1801420105988165,18.01420105988165,1.1412009580235463
5,1,ResDyNet,3,0.003312271674215706,0.0029008081526079653,0.053859151057252704,0.05459008799773004,5.459008799773004,1.6567176670068875
5,1,Plain,3,0.022393873314684235,0.01610204257557908,0.12689382402457214,0.12861593404073995,12.861593404073995,1.683088250021683
5,1,ResDyNet,4,0.0021394614135572566,0.0016162581137249914,0.04020271276574495,0.04074831453055267,4.074831453055268,2.197891083022114
5,1,Plain,4,0.018769663092146154,0.017169378067202198,0.1310319734538185,0.1328102434023966,13.28102434023966,2.223351583001204
5,1,ResDyNet,5,0.001529166034416238,0.0019157520874124147,0.043769305311055766,0.04436331025697244,4.436331025697244,2.7990262920211535
5,1,Plain,5,0.013591994156979299,0.011493723403053803,0.1072087841692732,0.10866374324595235,10.866374324595235,2.824285750015406
5,1,ResDyNet,6,0.0012265088203282167,0.0012308023638446775,0.03508279298808289,0.035558910952564915,3.5558910952564915,3.357769666996319
5,1,Plain,6,0.010191648235218367,0.008321277675223348,0.09122103745969647,0.09245902255079233,9.245902255079233,3.3865738330059685
5,1,ResDyNet,7,0.0009600871444738313,0.0017379949674873711,0.04168926681398188,0.04225504300127014,4.225504300127014,3.9234520830214024
5,1,Plain,7,0.010208496794541616,0.010422968011503842,0.10209293810790168,0.10347846866974819,10.34784686697482,3.9486291670182254
5,1,ResDyNet,8,0.000869529376472766,0.0008204448185651265,0.02864340794258125,0.029032135290773923,2.903213529077392,4.469340542011196
5,1,Plain,8,0.009705589445462985,0.007066616742959345,0.0840631711450344,0.08520401491842135,8.520401491842135,4.497113999997964
5,1,ResDyNet,9,0.0007434565226401048,0.0007247751983114187,0.0269216492494687,0.0272870101500535,2.7287010150053503,5.024980250018416
5,1,Plain,9,0.007393724660459092,0.009472334462816367,0.09732591876173771,0.09864675482937696,9.864675482937695,5.050534667010652
5,1,ResDyNet,10,0.0006512894649041819,0.0007459703768052087,0.02731245827100169,0.027683122945316725,2.7683122945316727,5.647851458023069
5,1,Plain,10,0.014623464686280837,0.020552149916155324,0.14336021036590077,0.14530579011407854,14.530579011407854,5.6734464170003776
5,1,ResDyNet,11,0.0005260237481918199,0.001111420606561327,0.033337975441849,0.0337904140208617,3.37904140208617,6.193740832997719
5,1,Plain,11,0.012471169083453876,0.01086583896575229,0.1042393350216332,0.10565399490992426,10.565399490992426,6.218933750002179
5,1,ResDyNet,12,0.0005200874019887992,0.0004546889888903814,0.02132343754863135,0.021612823621309844,2.1612823621309842,6.759171042009257
5,1,Plain,12,0.006436652973062108,0.0027151903267068826,0.052107488201859065,0.05281465285734609,5.281465285734608,6.7855272500019055
5,1,ResDyNet,13,0.0004627656677043512,0.0004005348657141139,0.020013367175818118,0.020284973933165477,2.0284973933165475,7.317957417020807
5,1,Plain,13,0.0038456857002693357,0.0032310006656917586,0.05684189182013348,0.057613308333063405,5.76133083330634,7.353139667015057
5,1,ResDyNet,14,0.00047316548109864893,0.0006167801578090776,0.024835059045814196,0.025172102272808708,2.517210227280871,7.892096625000704
5,1,Plain,14,0.004858176356135226,0.0031607451711260434,0.05622050489924511,0.05698348840411808,5.698348840411808,7.917365667002741
5,1,ResDyNet,15,0.0003712384187401474,0.00041120594055571083,0.020278213445856386,0.02055341450275208,2.0553414502752076,8.431451125012245
5,1,Plain,15,0.004371269664337768,0.006987245425727253,0.08358974474017283,0.08472416351722921,8.47241635172292,8.45651466702111
5,1,ResDyNet,16,0.0003652885781392929,0.00040803052205832347,0.020199765396120898,0.020473901813557287,2.0473901813557287,9.045520542014856
5,1,Plain,16,0.0034499598467498177,0.002899475418786838,0.05384677723677469,0.05457754624882566,5.457754624882566,9.072523708018707
5,1,ResDyNet,17,0.0005656099309924663,0.0004989607930024317,0.022337430313320104,0.02264057755294124,2.264057755294124,9.67352020801627
5,1,Plain,17,0.0020202321253078265,0.0014982295283213843,0.03870697002248282,0.03923227266257283,3.9232272662572827,9.698788833018625
5,1,ResDyNet,18,0.00044211579737636386,0.00043208297861011604,0.020786605750100617,0.021068706334896988,2.1068706334896987,10.217532625014428
5,1,Plain,18,0.0036506107633076006,0.0016319393632734992,0.040397269255155084,0.04094551139810334,4.094551139810334,10.242751167010283
5,1,ResDyNet,19,0.00037151975298409056,0.00028091112501349045,0.01676040348599909,0.01698786340329706,1.698786340329706,10.758379083010368
5,1,Plain,19,0.0026956547042460382,0.004002470546793415,0.06326508157580622,0.06412366891441675,6.412366891441675,10.784085624996806
5,1,ResDyNet,20,0.0002809261258415537,0.000306995973822746,0.017521300574522027,0.017759086829665763,1.7759086829665764,11.309499541996047
5,1,Plain,20,0.003805333707854777,0.0033950409442944566,0.05826697987964072,0.059057736643682655,5.905773664368265,11.334663917019498
5,1,ResDyNet,21,0.00027346150419116453,0.0005876065439779067,0.02424059702189504,0.024569572645808852,2.4569572645808853,11.859938542009331
5,1,Plain,21,0.001987760318687556,0.0015104779951045878,0.03886486839170548,0.03939231391278489,3.9392313912784886,11.888003583007958
5,1,ResDyNet,22,0.0003048761906951208,0.00034392919968180476,0.018545328244110554,0.018797011852574572,1.8797011852574572,12.420651167019969
5,1,Plain,22,0.002386247699266138,0.008293681108485057,0.0910696497659075,0.09230558033413118,9.230558033413118,12.445819250016939
5,1,ResDyNet,23,0.0003371429552292063,0.0002798347864429792,0.016728263102993666,0.01695528683455981,1.695528683455981,12.962201582995476
5,1,Plain,23,0.00557285274901719,0.0054433709034369246,0.07377920373273845,0.07478048103452764,7.478048103452764,12.988490417017601
5,1,ResDyNet,24,0.00034653263164580416,0.00032205211989954626,0.017945810650387077,0.018189358045280764,1.8189358045280763,13.54875104202074
5,1,Plain,24,0.0025054262840123577,0.0010431827779117898,0.0322983401727053,0.032736669583490814,3.2736669583490814,13.573880417010514
5,1,ResDyNet,25,0.00022575304390141555,0.0007624333866894792,0.027612196339470704,0.027986928839260343,2.798692883926034,14.11513183300849
5,1,Plain,25,0.0012441937914013867,0.0028171832020290138,0.05307714387595676,0.05379746798787465,5.379746798787465,14.140198792010779
5,1,ResDyNet,26,0.00028764687975442487,0.00018516856272436237,0.013607665586880154,0.013792338855133859,1.3792338855133859,14.661353208008222
5,1,Plain,26,0.006315214476784172,0.016169880036815142,0.12716084317436377,0.12888657697881206,12.888657697881206,14.685571792011615
5,1,ResDyNet,27,0.00022311368205470302,0.0013575984500070921,0.036845602858510705,0.037345644387104686,3.7345644387104686,15.200998042011634
5,1,Plain,27,0.008725702768613888,0.0012746361891172856,0.03570204740791885,0.03618656943971584,3.618656943971584,15.226065249997191
5,1,ResDyNet,28,0.0002981852359876475,0.0002682955146551348,0.01637972877233121,0.016602022451300814,1.6602022451300813,15.795028292021016
5,1,Plain,28,0.0016920053001369206,0.001966335442401013,0.04434338104386057,0.04494517692505011,4.494517692505011,15.820413958019344
5,1,ResDyNet,29,0.0003135649499559928,0.00020321332411803002,0.01425529109201317,0.014448753459166592,1.4448753459166592,16.372507958003553
5,1,Plain,29,0.00427839454241666,0.0008532823495973936,0.02921099706612894,0.02960742731808579,2.960742731808579,16.400210374995368
5,1,ResDyNet,30,0.0002092984458890281,0.0010411393077705555,0.032266690375223735,0.03270459025814473,3.2704590258144735,17.05805170800886
5,1,Plain,30,0.0009407574301050905,0.005126167630050494,0.07159725993395623,0.0725689254930189,7.25689254930189,17.08323575000395
5,1,ResDyNet,31,0.0003025111215361702,0.00014167835212435524,0.011902871591525938,0.012064408644621263,1.2064408644621263,17.607975167018594
5,1,Plain,31,0.0015822993547262097,0.0022462879142238833,0.04739501993062018,0.04803823041912425,4.803823041912425,17.63413474999834
5,1,ResDyNet,32,0.00017020801681135787,0.00015480186679685517,0.012441939832552444,0.012610792724889007,1.2610792724889008,18.17873820802197
5,1,Plain,32,0.0008980188899420258,0.000796701437027838,0.02822590011014419,0.028608961347904815,2.8608961347904813,18.203872333018808
5,1,ResDyNet,33,0.00022081658779169635,0.00033756541666703156,0.01837295340077451,0.01862229766414805,1.8622297664148049,18.740188791998662
5,1,Plain,33,0.0011331478259225434,0.0007036627559742569,0.02652664238033636,0.026886642537078682,2.688664253707868,18.765232042002026
5,1,ResDyNet,34,0.0002290066075857127,0.0010721866769252528,0.03274426174042183,0.03318864287203846,3.318864287203846,19.280122750002192
5,1,Plain,34,0.0007733274096414577,0.0032186920478860875,0.05673351785220169,0.057503463593034536,5.750346359303453,19.30521304201102
5,1,ResDyNet,35,0.00020888115021283987,0.00029951798698414986,0.017306587964822814,0.017541460297727993,1.7541460297727993,19.823015875008423
5,1,Plain,35,0.0013231636908947273,0.0005258408216591632,0.022931219367036793,0.023242425076680062,2.324242507668006,19.848048750020098
5,1,ResDyNet,36,0.0002522825330802282,0.00022307000671623983,0.014935528337365233,0.015138222386064989,1.5138222386064988,20.370387000002665
5,1,Plain,36,0.006951250279540537,0.0005327416958138617,0.023081197885158857,0.023394438993374546,2.3394438993374544,20.395343917014543
5,1,ResDyNet,37,0.00016485020841742323,0.00019587052368478952,0.013995375081961525,0.014185310059443205,1.4185310059443206,20.9119221669971
5,1,Plain,37,0.0007416287179795355,0.0018940081227723736,0.04352020361593422,0.04411082793613873,4.411082793613873,20.936929375020554
5,1,ResDyNet,38,0.00020930298621833044,0.00018551681714550053,0.013620455834717885,0.013805302682845001,1.3805302682845002,21.50094891700428
5,1,Plain,38,0.0065890598316105204,0.002658137647235069,0.051557129935975575,0.05225682553227517,5.225682553227517,21.527963125001406
5,1,ResDyNet,39,0.00016243902876491215,0.00013967507732146742,0.011818421101038304,0.011978812053945877,1.1978812053945878,22.05006829201011
5,1,Plain,39,0.0013315453826380254,0.0010585038122517855,0.03253465555760174,0.0329761920676644,3.2976192067664405,22.076862250018166
5,1,ResDyNet,40,0.00015826898494985798,0.0002746979146045636,0.016574013231699908,0.01679894359701762,1.679894359701762,22.605533583002398
5,1,Plain,40,0.0007387035450698595,0.0006859051578901597,0.026189791100544493,0.026545219758497593,2.654521975849759,22.63192154202261
5,1,ResDyNet,41,0.0002137863494591896,0.0002288616127465353,0.015128172815860324,0.015333481294289233,1.5333481294289233,23.165207125013694
5,1,Plain,41,0.0007354084800345461,0.00210329955208271,0.04586174388401197,0.04648414587330253,4.648414587330254,23.193492332997266
5,1,ResDyNet,42,0.00013999174882807603,0.0002588960738823758,0.016090247788097475,0.01630861284322529,1.6308612843225287,23.716045792010846
5,1,Plain,42,0.0015549623919292373,0.0004949782262618438,0.022248106127530132,0.022550041124741384,2.2550041124741385,23.741114500007825
5,1,ResDyNet,43,0.00019415349312504448,0.00023193054776320183,0.015229266159707166,0.015435946602936922,1.543594660293692,24.269767250021687
5,1,Plain,43,0.0006597429267105203,0.00039216620512992254,0.019803186741782813,0.02007194108425942,2.0071941084259417,24.295562542014522
5,1,ResDyNet,44,0.00017151887891595887,0.0002698711867658409,0.01642775659564753,0.01665070207304959,1.665070207304959,24.944787375017768
5,1,Plain,44,0.0007631577118544272,0.00039338170844502594,0.01983385258705494,0.020103023103917518,2.0103023103917517,24.973573333001696
5,1,ResDyNet,45,0.00024263334419035427,0.00016084631216223898,0.012682519945272665,0.012854637814648032,1.2854637814648031,25.530619750003098
5,1,Plain,45,0.001043865976051002,0.0007121754262156748,0.026686615113492282,0.027048786302971615,2.7048786302971615,25.557743792014662
5,1,ResDyNet,46,0.00020970127854005638,0.0001541842676659205,0.012417095782264083,0.012585611509351094,1.2585611509351093,26.110462750017177
5,1,Plain,46,0.0009058375428596624,0.00039269799015820603,0.019816608946997116,0.020085545445809667,2.0085545445809667,26.1357752920012
5,1,ResDyNet,47,0.00014726997776878236,0.00015072201522094963,0.01227688947661213,0.012443502426435164,1.2443502426435165,26.652743458020268
5,1,Plain,47,0.0005288829511402238,0.003046353417947989,0.05519378060930406,0.05594283016430089,5.594283016430089,26.67784625000786
5,1,ResDyNet,48,0.00011572528342465523,9.220039707041918e-05,0.00960210378356843,0.0097324165015362,0.9732416501536201,27.2031822919962
5,1,Plain,48,0.0007957227206053721,0.0009189575873386315,0.030314313242074797,0.03072571689287278,3.072571689287278,27.23202462500194
5,1,ResDyNet,49,0.0001487223969317839,0.0005276628287259904,0.02297091266636984,0.02328265706439201,2.328265706439201,27.75172550001298
5,1,Plain,49,0.003843280370368991,0.002847664540886794,0.0533635131985029,0.05408772370506979,5.408772370506979,27.776888958003838
5,1,ResDyNet,50,0.00015442769836513165,0.0001147388423253349,0.010711621834499894,0.010856992118612555,1.0856992118612554,28.397617542010266
5,1,Plain,50,0.0012521127562675088,0.00038070955544772223,0.019511779914905818,0.019776579497415164,1.9776579497415163,28.42638737501693
5,1,ResDyNet,51,0.00011567112096193816,0.00015572400023226203,0.012478942272174436,0.012648297334513246,1.2648297334513245,28.971307375002652
5,1,Plain,51,0.0004539671733595043,0.0003884318340371567,0.01970867408115413,0.019976145767041462,1.9976145767041462,28.99643008300336
5,1,ResDyNet,52,0.0001353093535658544,0.00010700283934454016,0.010344217676776731,0.01048460182082418,1.048460182082418,29.51096412501647
5,1,Plain,52,0.0004837655925921719,0.0008435669697575308,0.02904422437865282,0.029438391313874334,2.9438391313874335,29.541852292022668
5,1,ResDyNet,53,0.00023516929898939793,0.001291013454652469,0.03593067567765,0.03641830048482877,3.641830048482877,30.056091750011547
5,1,Plain,53,0.0007079000673899774,0.0003972129176762292,0.019930201144901405,0.020200679233805304,2.0200679233805303,30.081167374999495
5,1,ResDyNet,54,0.000776111954024899,0.0005590128358158394,0.02364345228209788,0.023964323895076474,2.3964323895076474,30.59581845800858
5,1,Plain,54,0.000630623197677676,0.0011983956743788753,0.03461785196078571,0.03508766008626501,3.508766008626501,30.622351541998796
5,1,ResDyNet,55,0.00019660101574660478,8.933776122568032e-05,0.009451865489186796,0.00958013928308907,0.958013928308907,31.1457970830088
5,1,Plain,55,0.0008539194847025646,0.0017528567309618734,0.041867131869306184,0.04243532191081986,4.243532191081986,31.172070417000214
5,1,ResDyNet,56,9.607411053464504e-05,0.00023768428138009478,0.015417012725560513,0.015626241127637303,1.5626241127637304,31.68865129200276
5,1,Plain,56,0.000807154541498137,0.0008472568722267911,0.029107677204249588,0.02950270527473402,2.950270527473402,31.713780624995707
5,1,ResDyNet,57,9.75489297779395e-05,0.0002310769008956004,0.015201213796786111,0.015407513533897702,1.54075135338977,32.23840304202167
5,1,Plain,57,0.0008391411886902669,0.0020081395888147976,0.044812270516174445,0.04542042982176982,4.542042982176982,32.26871754199965
5,1,ResDyNet,58,0.00012296838114952562,0.00010317825121332108,0.010157669575907708,0.010295522025796887,1.0295522025796886,32.783219458011445
5,1,Plain,58,0.0009090853708723193,0.0003482824499564199,0.018662327024152693,0.018915598454345144,1.8915598454345144,32.81684212500113
5,1,ResDyNet,59,7.769376332893735e-05,6.485745486278159e-05,0.008053412622160966,0.008162707638270419,0.8162707638270419,33.35078970799805
5,1,Plain,59,0.002164941620831509,0.003531825466311046,0.05942916343270403,0.0602356925005026,6.02356925005026,33.37928487500176
5,1,ResDyNet,60,9.022263100996862e-05,7.966047607139287e-05,0.008925271764567894,0.009046399014226677,0.9046399014226677,33.90206516699982
5,1,Plain,60,0.002451773192438697,0.000933443273223533,0.030552303893872448,0.030966937379442654,3.0966937379442654,33.93254441700992
5,1,ResDyNet,61,6.796985678600363e-05,9.510251436005407e-05,0.00975205180257232,0.009884399505200819,0.9884399505200819,34.44902912501129
5,1,Plain,61,0.0006145568297545623,0.0009789302725054562,0.03128786142428812,0.03171247735778543,3.171247735778543,34.47411800001282
5,1,ResDyNet,62,7.319944212326117e-05,7.904083866128665e-05,0.008890491474676,0.009011146711720708,0.9011146711720708,35.04717825000989
5,1,Plain,62,0.0005245884952739312,0.0006480406129449331,0.025456641823793907,0.025802120716874336,2.5802120716874337,35.077527707995614
5,1,ResDyNet,63,8.856352129784632e-05,0.0001838701359282375,0.013559872268138718,0.013743896920484257,1.3743896920484258,35.613197750004474
5,1,Plain,63,0.0004470462358030803,0.0009633263897071251,0.031037499733501814,0.03145871794154888,3.1458717941548877,35.63833250000607
5,1,ResDyNet,64,0.00013514548693860468,0.00010942841930641417,0.010460803951246489,0.010602770318798948,1.0602770318798949,36.15294187501422
5,1,Plain,64,0.0007437241935299374,0.0006394913844065179,0.025288166885057483,0.025631359359695554,2.5631359359695556,36.17801070801215
5,1,ResDyNet,65,9.925866117900066e-05,7.32097375364208e-05,0.008556268902764848,0.008672388315917873,0.8672388315917873,36.69224075000966
5,1,Plain,65,0.0005635892771097339,0.0005890654280614064,0.024270670119743425,0.024600053873709428,2.4600053873709427,36.71731554201688
5,1,ResDyNet,66,8.1557511582298e-05,0.0005057215883899676,0.022488254454047063,0.022793448568411097,2.2793448568411097,37.23305229199468
5,1,Plain,66,0.0005426340128745742,0.0015435265548812021,0.03928774051636467,0.03982092494812024,3.9820924948120244,37.25821137501043
5,1,ResDyNet,67,0.00023402365588601535,0.00018165004992601365,0.013477761309876862,0.013660671612452055,1.3660671612452056,37.77289575000759
5,1,Plain,67,0.0006690961480208134,0.0003817429283698064,0.01953824271447682,0.019803401430715073,1.9803401430715073,37.79799875000026
5,1,ResDyNet,68,0.00011602128015814959,0.0001393049844204138,0.011802753255932014,0.011962931576324201,1.19629315763242,38.311836750013754
5,1,Plain,68,0.0007102240427460876,0.00048153090901333236,0.021943812545073663,0.02224161789271188,2.224161789271188,38.33694308300619
5,1,ResDyNet,69,0.0001417017828277068,0.00028373540358226734,0.01684444726259272,0.01707304776045544,1.707304776045544,38.86680499999784
5,1,Plain,69,0.0006001749463960351,0.0007482486098080079,0.027354133322187484,0.027725363579765717,2.7725363579765716,38.89199854200706
5,1,ResDyNet,70,0.00015366847880561688,6.612505935473268e-05,0.008131731633221345,0.008242089537571736,0.8242089537571736,39.40722762502264
5,1,Plain,70,0.0007274456948888073,0.0015190777195438314,0.038975347587209934,0.03950429245099273,3.950429245099273,39.43232491699746
5,1,ResDyNet,71,8.720193133485079e-05,0.0001075588376178581,0.010371057690412206,0.010511806087461495,1.0511806087461495,39.94762558300863
5,1,Plain,71,0.0008999351547371226,0.00046955936682790343,0.021669318559380292,0.021963398675741302,2.1963398675741304,39.97386554200784
5,1,ResDyNet,72,9.308319402154285e-05,9.706046251201282e-05,0.009851926842603574,0.009985629976106074,0.9985629976106074,40.495904417010024
5,1,Plain,72,0.0008769797164766751,0.0008378790764831778,0.028946140960120707,0.029338976779042646,2.9338976779042647,40.52089420802076
5,1,ResDyNet,73,6.384737757301936e-05,0.00011055516253110811,0.010514521507472802,0.010657216890344426,1.0657216890344425,41.037624792021234
5,1,Plain,73,0.000774683709192843,0.0008695920588385007,0.029488846346347644,0.029889047365180877,2.9889047365180876,41.06744608300505
5,1,ResDyNet,74,9.014222589987607e-05,6.923726963325671e-05,0.00832089355978411,0.008433818631220178,0.8433818631220178,41.66661641700193
5,1,Plain,74,0.0004723767852730148,0.0004367622126293953,0.02089885673019927,0.02118248070306152,2.118248070306152,41.691843417007476
5,1,ResDyNet,75,7.285327296354816e-05,9.810475632768368e-05,0.009904784516973788,0.01003920499610886,1.003920499610886,42.24243275000481
5,1,Plain,75,0.000888058732087598,0.0010529441700482972,0.032449101220962916,0.03288947665024655,3.288947665024655,42.26759966701502
5,1,ResDyNet,76,6.123431091327125e-05,0.00014372599701995491,0.01198857777302858,0.012151277967630183,1.2151277967630183,42.78556237500743
5,1,Plain,76,0.0005962127803214408,0.0005156202239518368,0.0227072724903683,0.02301543895706681,2.301543895706681,42.8106523330207
5,1,ResDyNet,77,0.00011289660856375996,7.014236227019265e-05,0.008375103716981221,0.008488764488955945,0.8488764488955944,43.32628125001793
5,1,Plain,77,0.00044326443472707613,0.00039304626181350103,0.019825394367162057,0.020094450095260813,2.009445009526081,43.351338250009576
5,1,ResDyNet,78,9.02049836923198e-05,0.00032210533643192333,0.017947293289850796,0.01819086080604109,1.8190860806041091,43.93532454202068
5,1,Plain,78,0.0005602797077892139,0.0011878843460601275,0.03446569810783074,0.034933441312686934,3.4933441312686933,43.961490458023036
5,1,ResDyNet,79,0.00020322242046170953,6.937170257125833e-05,0.008328967677405066,0.008442002324850317,0.8442002324850317,44.51224187499611
5,1,Plain,79,0.003567181611778525,0.002657957684290051,0.05155538462944536,0.05225505653972335,5.225505653972335,44.53816920801182
5,1,ResDyNet,80,6.958960992521789e-05,6.890418670034829e-05,0.008300854576508872,0.008413507693544656,0.8413507693544656,45.07702695799526
5,1,Plain,80,0.0008954682100482171,0.0004514385556943734,0.021247083463251454,0.021535433314220823,2.153543331422082,45.10218441701727
5,1,ResDyNet,81,6.532915768837601e-05,0.00020779643029946425,0.014415145864661385,0.014610777663678225,1.4610777663678225,45.618853207997745
5,1,Plain,81,0.0004198216318788936,0.0004668809981342786,0.02160742923473958,0.02190066943452721,2.190066943452721,45.643952792015625
5,1,ResDyNet,82,0.00015567639382946187,9.588501600283206e-05,0.009792089460520265,0.009924980524910504,0.9924980524910504,46.2149586250016
5,1,Plain,82,0.0007313240282444303,0.001177986114582576,0.03432180232130265,0.03478759267796336,3.478759267796336,46.25080833301763
5,1,ResDyNet,83,9.695615665838516e-05,6.170133397823359e-05,0.0078550196675905,0.007961622239864886,0.7961622239864886,46.78338620800059
5,1,Plain,83,0.0006189940899791972,0.0014129436544657345,0.037589142773754955,0.03809927508135497,3.8099275081354973,46.80975420802133
5,1,ResDyNet,84,9.126534775364367e-05,8.119790189502276e-05,0.0090109878423524,0.009133278367822548,0.9133278367822548,47.330007708020275
5,1,Plain,84,0.0005423667039049749,0.0010042338583345393,0.03168964907244224,0.03211971777354725,3.211971777354725,47.35505283300881
5,1,ResDyNet,85,0.00012567904062366433,5.8031319044393606e-05,0.007617829024360786,0.00772121261899314,0.772121261899314,48.280939874995966
5,1,Plain,85,0.00046590014753155793,0.0014332301472520976,0.03785802619329351,0.038371807589677225,3.8371807589677225,48.402738833014155
5,1,ResDyNet,86,9.439540194922005e-05,0.0006564927819903693,0.02562211509595508,0.025969839671058155,2.5969839671058157,49.111389416997554
5,1,Plain,86,0.0005439689175779542,0.00037000877676961793,0.019235612201581157,0.019496663838208077,1.9496663838208077,49.137031082995236
5,1,ResDyNet,87,0.0002368816924148807,0.0001471765442486663,0.012131634030445622,0.012296275679768659,1.2296275679768658,49.71566666700528
5,1,Plain,87,0.0005535102867505727,0.0002317109837065557,0.015222055830490038,0.015428638420414007,1.5428638420414007,49.740855750016635
5,1,ResDyNet,88,8.047640213424618e-05,0.0001091514074718156,0.010447555095419003,0.010589341659206395,1.0589341659206395,50.28319941699738
5,1,Plain,88,0.0004694391068275748,0.001138712622971041,0.03374481623851344,0.034202776162763446,3.4202776162763446,50.308309708023444
5,1,ResDyNet,89,6.154796836954727e-05,0.00014499605984955458,0.01204143097183863,0.012204848451333778,1.2204848451333778,50.86589762501535
5,1,Plain,89,0.001283257164879595,0.00036622297814709173,0.01913695320961756,0.019396665918683966,1.9396665918683966,50.890938249998726
5,1,ResDyNet,90,0.00010132561127341051,0.000202503888247342,0.014230386089187528,0.014423510463888218,1.4423510463888218,51.49198150000302
5,1,Plain,90,0.0003861264714307037,0.0017019133669052566,0.04125425271296593,0.04181412520757023,4.181412520757023,51.51831233300618
5,1,ResDyNet,91,0.00010621365871097541,5.671768337629888e-05,0.007531114351561718,0.007633321118182749,0.763332111818275,52.05881670801318
5,1,Plain,91,0.0023269601959640136,0.0003301069604607828,0.018168845875860765,0.01841542014143708,1.841542014143708,52.09218675000011
5,1,ResDyNet,92,5.231278499199776e-05,5.462967292248233e-05,0.007391188870708306,0.0074914966712137905,0.7491496671213791,52.65838150001946
5,1,Plain,92,0.0004279969661042639,0.0002464372807863088,0.015698320954366705,0.01591136706563605,1.591136706563605,52.68520995799918
5,1,ResDyNet,93,4.286139552462777e-05,9.37873011716528e-05,0.009684384398176933,0.009815813768366693,0.9815813768366692,53.318662292003864
5,1,Plain,93,0.0005283112826224637,0.0013847204817813222,0.03721183255069981,0.037716844280373196,3.77168442803732,53.34394212500774
5,1,ResDyNet,94,6.384928035344454e-05,0.0001610395538440348,0.012690136084535689,0.012862357314573485,1.2862357314573485,53.87085008301074
5,1,Plain,94,0.0007987510714519542,0.0002542953950224191,0.015946642123733108,0.016163058267990898,1.6163058267990897,53.89598866700544
5,1,ResDyNet,95,0.00011365022816532867,8.428853303729966e-05,0.00918087866368463,0.00930547482291844,0.9305474822918439,54.411316042009275
5,1,Plain,95,0.0008220583953192779,0.0022605025176610895,0.04754474227147613,0.04818998468190243,4.818998468190243,54.43636720802169
5,1,ResDyNet,96,7.797938721594492e-05,0.0016212999833035903,0.04026536952895863,0.04081182162545381,4.081182162545381,54.95045833301265
5,1,Plain,96,0.0010229735193258045,0.0019038858643297977,0.04363354058897579,0.044225703035546786,4.422570303554679,54.97545504200389
5,1,ResDyNet,97,0.00033760749271762204,4.033782432125081e-05,0.006351206524846347,0.006437400446853696,0.6437400446853696,55.48945962500875
5,1,Plain,97,0.0010622295887038132,0.0002461414114239425,0.015688894525234802,0.015901812707913854,1.5901812707913854,55.51574004199938
5,1,ResDyNet,98,4.011001045886565e-05,5.049440417945086e-05,0.007105941470308551,0.007202378102070479,0.7202378102070479,56.032499207998626
5,1,Plain,98,0.00036979113527969593,0.0005999425687444319,0.02449372508918217,0.02482613598178143,2.4826135981781428,56.0576097080193
5,1,ResDyNet,99,5.232021270679951e-05,8.179706785417499e-05,0.009044173143752556,0.009166914035821472,0.9166914035821473,56.571187499997905
5,1,Plain,99,0.00036710985658922496,0.0007780074374277621,0.027892784683996006,0.02827132512323614,2.827132512323614,56.602084958023624
5,1,ResDyNet,100,5.283346019292475e-05,4.0455611051603744e-05,0.006360472549394719,0.00644679222309887,0.644679222309887,57.117120083014015
5,1,Plain,100,0.0008770441059293022,0.00048226041131109725,0.021960428304363677,0.02225845914891413,2.225845914891413,57.14219858299475
5,2,ResDyNet,0,0.7803638079415965,0.7787263955075215,0.8824547555016753,0.894430784949492,89.4430784949492,0.026356209011282772
5,2,Plain,0,0.9961357969939545,0.9863368655864643,0.993144936847822,1.0066231723443013,100.66231723443013,0.05256608402123675
5,2,ResDyNet,1,0.07154866702243427,0.006402896506223946,0.08001810111608464,0.08110404816249135,8.110404816249135,0.5705308750038967
5,2,Plain,1,0.36322790288838486,0.04349927235799082,0.20856479175064718,0.21139528030794838,21.13952803079484,0.5967767920228653
5,2,ResDyNet,2,0.0044890462616486585,0.004698975252377904,0.06854907185642928,0.06947936964003223,6.947936964003223,1.1179967920179479
5,2,Plain,2,0.025072526036282825,0.013359435934394696,0.11558302615174382,0.11715163430556823,11.715163430556823,1.1441486670228187
5,2,ResDyNet,3,0.0026418250310774345,0.002061710480101366,0.04540606215145028,0.04602227996210282,4.602227996210282,1.6660044169984758
5,2,Plain,3,0.028296282775214898,0.011329895033557025,0.1064419796582017,0.10788653222582409,10.78865322258241,1.6919582090049516
5,2,ResDyNet,4,0.0017330936379989267,0.0019310448667059568,0.04394365559106293,0.04454002669124937,4.454002669124937,2.21011195902247
5,2,Plain,4,0.012757161263298025,0.01386838907960208,0.11776412475623499,0.11936233318242818,11.936233318242818,2.2364571670186706
5,2,ResDyNet,5,0.0013225856462211957,0.0010156725834425066,0.03186961850167815,0.03230212961602962,3.230212961602962,2.7570779170200694
5,2,Plain,5,0.011384611777943306,0.008388920282303087,0.09159104913856532,0.0928340557570931,9.28340557570931,2.7832102500251494
5,2,ResDyNet,6,0.0009995444060926053,0.0007886284538352834,0.02808252933471776,0.028463644849348945,2.8463644849348944,3.351147667010082
5,2,Plain,6,0.00878128373675908,0.008163643019750845,0.0903528805282424,0.09157908362948372,9.157908362948373,3.3833461250178516
5,2,ResDyNet,7,0.000805908707030777,0.0006978661836524396,0.026417156994128638,0.026775671295419273,2.677567129541927,3.9026192919991445
5,2,Plain,7,0.006978600819417911,0.006173950467764112,0.07857448993002826,0.07964084534301964,7.964084534301964,3.9286914590047672
5,2,ResDyNet,8,0.0006793146933736551,0.0006085955982021229,0.02466973040392057,0.02500452991170847,2.500452991170847,4.444974167010514
5,2,Plain,8,0.005960970229799138,0.006234898459520594,0.07896137321197369,0.08003297912143366,8.003297912143365,4.475263042026199
5,2,ResDyNet,9,0.000578116526671653,0.0025419415954553975,0.050417671460068425,0.05110190316070997,5.110190316070997,4.993162792001385
5,2,Plain,9,0.004932829045354437,0.005195383317347626,0.07207900746644356,0.07305721095008481,7.305721095008481,5.018302209005924
5,2,ResDyNet,10,0.000752827507476689,0.0009802177614480503,0.031308429558955055,0.03173332462810768,3.1733324628107678,5.53443425000296
5,2,Plain,10,0.005038882896676698,0.003755025818700063,0.06127826546745643,0.062109889193402795,6.21098891934028,5.559434916998725
5,2,ResDyNet,11,0.0005090747821946743,0.00039814405927116384,0.01995354753599379,0.02022434246501383,2.022434246501383,6.078684542007977
5,2,Plain,11,0.003306627067710243,0.001977344167459855,0.04446733820974508,0.04507081634677793,4.507081634677793,6.1047837500227615
5,2,ResDyNet,12,0.0004398734839604756,0.0005923526468525432,0.024338295890479745,0.024668597411862968,2.4668597411862967,6.643556875002105
5,2,Plain,12,0.004738398790693446,0.006010212656672919,0.07752556131156305,0.07857768143379863,7.857768143379864,6.674500125023769
5,2,ResDyNet,13,0.00043315258300552706,0.0004743400534678025,0.021779349243441656,0.022074922615637333,2.207492261563733,7.217685542011168
5,2,Plain,13,0.003088638926641829,0.004509313486004526,0.06715142206986033,0.06806275197449009,6.806275197449009,7.243627167015802
5,2,ResDyNet,14,0.0004103949504047749,0.00039418261171721017,0.019854032631110744,0.020123477016747177,2.0123477016747175,7.767452750005759
5,2,Plain,14,0.010271761664600714,0.004746201692996557,0.06889268243432359,0.0698276434489577,6.98276434489577,7.793115417007357
5,2,ResDyNet,15,0.00034973594146581156,0.00032528836929607237,0.018035752529242364,0.018280520549423692,1.828052054942369,8.309367709007347
5,2,Plain,15,0.006891627081452826,0.0017475637256823887,0.04180387213742751,0.04237120366420475,4.237120366420475,8.33567820902681
5,2,ResDyNet,16,0.0003703671508396329,0.0015736208168707552,0.03966888978621352,0.04020724689662629,4.020724689662629,8.85141908400692
5,2,Plain,16,0.0018317541641027085,0.0017339152138319638,0.04164030756168791,0.04220541930987201,4.220541930987201,8.88228450002498
5,2,ResDyNet,17,0.0004541246643263891,0.0003660278401093029,0.019131854068785464,0.019391497576048168,1.939149757604817,9.405224500020267
5,2,Plain,17,0.002242051837079733,0.0017805026120086738,0.04219600232259774,0.0427686555529702,4.27686555529702,9.43021362501895
5,2,ResDyNet,18,0.00032347771853358535,0.0002514534420918082,0.015857283565977123,0.016072487001353886,1.6072487001353886,10.025720750010805
5,2,Plain,18,0.0028623665895796263,0.004052463963411164,0.06365896608814162,0.06452289893879042,6.452289893879041,10.061956334015122
5,2,ResDyNet,19,0.00031454176566077116,0.0004588168145333127,0.0214200096763123,0.02171070635515812,2.1710706355158123,10.594541416998254
5,2,Plain,19,0.0035848542360685533,0.002405117202123924,0.049041994271480475,0.0497075562891513,4.97075562891513,10.619729750003899
5,2,ResDyNet,20,0.0003441239635947199,0.0003204901976595226,0.017902240017928558,0.018145196104118733,1.8145196104118733,11.139660834014649
5,2,Plain,20,0.0029935821481059015,0.001537646890486332,0.03921284088772875,0.03974500883659658,3.9745008836596583,11.164784959022654
5,2,ResDyNet,21,0.0002963582278319914,0.00034969128470521156,0.018700034350375174,0.01895381751677441,1.895381751677441,11.690379209001549
5,2,Plain,21,0.0011367111075206802,0.0011992305107387875,0.03462990774949866,0.03509987948731019,3.5099879487310193,11.715931667014956
5,2,ResDyNet,22,0.00027983948370543236,0.00042568584024598,0.02063215549199792,0.020912159991042893,2.091215999104289,12.259746834024554
5,2,Plain,22,0.0009452555960915931,0.001030177129268429,0.03209637252507561,0.03253196097891071,3.253196097891071,12.290085375017952
5,2,ResDyNet,23,0.0003143412047668732,0.0004720336778008252,0.02172633604179097,0.022021189957651767,2.2021189957651766,12.83448704201146
5,2,Plain,23,0.0009871848874843827,0.003811939674379046,0.06174090762516409,0.0625788099915393,6.2578809991539295,12.863097749999724
5,2,ResDyNet,24,0.00041175463573163987,0.0003072867156792584,0.01752959542257774,0.01776749424932241,1.776749424932241,13.407467500015628
5,2,Plain,24,0.0011125760568862415,0.000631581441483723,0.025131284119274983,0.0254723474959495,2.54723474959495,13.43343829200603
5,2,ResDyNet,25,0.00032925528208662097,0.001000299908140812,0.03162751821026766,0.03205674371682883,3.2056743716828833,13.953867834003177
5,2,Plain,25,0.0010537019543595952,0.001169876050948337,0.034203450863156154,0.034667635040532184,3.4667635040532185,13.979058042023098
5,2,ResDyNet,26,0.0002820790142081247,0.0002096610785954488,0.014479678124718407,0.014676185708291859,1.4676185708291858,14.501200124999741
5,2,Plain,26,0.0025260060992615607,0.003849415682426335,0.062043659486093625,0.06288567057892677,6.288567057892677,14.52933795901481
5,2,ResDyNet,27,0.0001972228613839794,0.00020638628707166836,0.014366150739556799,0.014561117612629964,1.4561117612629964,15.059370875009336
5,2,Plain,27,0.002712613138252117,0.0008059925115095052,0.02839000724743664,0.028775295627038313,2.877529562703831,15.085655084025348
5,2,ResDyNet,28,0.0002177008294063882,0.0004069305410308797,0.020172519451741266,0.020446286107181143,2.044628610718114,15.614246625016676
5,2,Plain,28,0.000796116336923037,0.0007071086293270351,0.026591514235316405,0.026952394785348846,2.6952394785348845,15.63942216700525
5,2,ResDyNet,29,0.0002758314690048703,0.000743991607908068,0.027276209559029055,0.02764638229238131,2.7646382292381313,16.174422917014454
5,2,Plain,29,0.0006294940848767357,0.0010106696581621357,0.03179103109624058,0.032222475679899255,3.2222475679899256,16.199599417013815
5,2,ResDyNet,30,0.00028077044997251575,0.00018517422203968224,0.013607873531146673,0.013792549621467622,1.3792549621467622,16.748932334012352
5,2,Plain,30,0.0007959041938188468,0.0008764249139378066,0.029604474559394002,0.03000624479962449,3.000624479962449,16.77662570902612
5,2,ResDyNet,31,0.00023084707639418645,0.0001550916068200134,0.012453578072988235,0.012622588910997719,1.2622588910997719,17.300921542017022
5,2,Plain,31,0.00437753977759179,0.003834820503211291,0.06192592755228856,0.06276634087356751,6.276634087356752,17.326629500021227
5,2,ResDyNet,32,0.00017692570332460022,0.00015190561552201297,0.012324999615497477,0.012492265480879566,1.2492265480879565,17.883229500002926
5,2,Plain,32,0.0018128992781330008,0.0005657744360065468,0.023786013453425667,0.024108819802179996,2.4108819802179995,17.918155334016774
5,2,ResDyNet,33,0.00019539992143124984,0.0004773887337073791,0.021849227302295594,0.022145749008312777,2.214574900831278,18.44752908402006
5,2,Plain,33,0.0005683410541973703,0.0008165312695879962,0.02857501127887785,0.028962810397658717,2.8962810397658716,18.473283084022114
5,2,ResDyNet,34,0.0003171127214066639,0.00015541116765813626,0.012466401552097392,0.012635586420970756,1.2635586420970755,19.012847542006057
5,2,Plain,34,0.0005784679522229752,0.0007940672975867212,0.028179199732900884,0.028561627187354655,2.8561627187354657,19.038014334015315
5,2,ResDyNet,35,0.00021249650975783407,0.00036085297240333444,0.0189961304586838,0.019253932024542474,1.9253932024542473,19.603644584014546
5,2,Plain,35,0.0007037088311526106,0.00235062399502719,0.04848323416426745,0.04914121309911558,4.914121309911558,19.628959334018873
5,2,ResDyNet,36,0.00027372067401713743,0.00028519391302381247,0.016887685247653463,0.017116872539772912,1.7116872539772912,20.233689334010705
5,2,Plain,36,0.003251767762637325,0.00039681300614144416,0.019920165816113184,0.020190507712886736,2.0190507712886734,20.25898229199811
5,2,ResDyNet,37,0.0001680476183758091,0.00018081623610249136,0.013446792781272842,0.01362928280166563,1.362928280166563,20.79023862502072
5,2,Plain,37,0.0004937684299511732,0.001797625382053489,0.04239841249449665,0.042973812687434707,4.297381268743471,20.815274874999886
5,2,ResDyNet,38,0.00016238880454088177,0.00015486737608554535,0.012444572153575443,0.01261346076984447,1.261346076984447,21.383640209009172
5,2,Plain,38,0.00847084543962386,0.012486227984529011,0.11174179157561871,0.11325826930789705,11.325826930789704,21.408875792025356
5,2,ResDyNet,39,0.0001488054745560495,0.00014293467113519326,0.011955528893996837,0.012117780573424108,1.2117780573424108,21.924042792001273
5,2,Plain,39,0.004411232162352616,0.0009534422102682497,0.03087785954803619,0.031296911236439864,3.1296911236439864,21.949722417019075
5,2,ResDyNet,40,0.0001910751109066443,0.0004297139552126324,0.020729543053638024,0.021010869225322623,2.101086922532262,22.46462879201863
5,2,Plain,40,0.0007662816295797745,0.0005303524169084531,0.023029381600652092,0.023341919496215505,2.3341919496215504,22.489569875004236
5,2,ResDyNet,41,0.0001784630321147809,0.00016687541033594765,0.012918026565073619,0.013093340557758773,1.3093340557758772,23.00557312500314
5,2,Plain,41,0.0005951927491141544,0.0013904692168464163,0.03728899592167126,0.03779505485608493,3.779505485608493,23.035952667007223
5,2,ResDyNet,42,0.00021288509605393873,0.0002579678548875617,0.016061377739395886,0.016279350991373166,1.6279350991373165,23.55462316700141
5,2,Plain,42,0.0005860210562366052,0.0004166457169150436,0.020411901354725474,0.020688916725979438,2.068891672597944,23.579357709008036
5,2,ResDyNet,43,0.00015749731516469739,0.0001640839817509474,0.012809526991694402,0.012983368507657363,1.2983368507657362,24.09893504201318
5,2,Plain,43,0.0004400592856237231,0.0013346188975254518,0.03653243623857369,0.037028227699230414,3.702822769923041,24.12415700001293
5,2,ResDyNet,44,0.00014891719996356552,0.00012318128542471103,0.011098706475293011,0.01124932998856902,1.1249329988569021,24.639717209007358
5,2,Plain,44,0.0006633329781159938,0.002414377344831735,0.04913631391172658,0.04980315596645545,4.9803155966455455,24.66593733400805
5,2,ResDyNet,45,0.00013984827508843457,0.00012212414518043287,0.011050979376527352,0.01120095517258419,1.120095517258419,25.244315334013663
5,2,Plain,45,0.0007588554604575695,0.0008694468813352757,0.029486384677258684,0.02988655228812248,2.988655228812248,25.270844000013312
5,2,ResDyNet,46,0.00012801458793078866,0.00016260570163813298,0.012751694069343608,0.012924750719253315,1.2924750719253315,25.83162425001501
5,2,Plain,46,0.000815523499336342,0.0006739794481233811,0.025961114154122528,0.02631343937608946,2.631343937608946,25.856867375026923
5,2,ResDyNet,47,0.00022745943154851465,0.00010622328568252752,0.010306468147844224,0.010446339982940627,1.0446339982940627,26.434709542023484
5,2,Plain,47,0.0008419380938737477,0.0013669940737313692,0.03697288295131135,0.03747465183207834,3.7474651832078343,26.46092025001417
5,2,ResDyNet,48,0.00014720050738604176,0.00011092974605139573,0.010532319120279054,0.010675256039313002,1.0675256039313001,26.978187625005376
5,2,Plain,48,0.0010061392642681842,0.001074988169105795,0.0327870122015684,0.033231973511124356,3.3231973511124355,27.00308875000337
5,2,ResDyNet,49,0.00011763311543676192,0.0001712707049522874,0.0130870433999543,0.013264651165299287,1.3264651165299286,27.51826108401292
5,2,Plain,49,0.0005654249044088916,0.002367441012989148,0.04865635634723532,0.04931668476951991,4.931668476951991,27.549246542010223
5,2,ResDyNet,50,0.00012781190351492317,0.00018900138389597312,0.013747777416585312,0.01393435217994466,1.393435217994466,28.06406808400061
5,2,Plain,50,0.0006501126771152127,0.00034702244765740566,0.01862853852714715,0.01888135140461198,1.8881351404611981,28.089201709022745
5,2,ResDyNet,51,0.0001684485717952494,0.00037423072776467223,0.019345044010409287,0.019607580775374948,1.9607580775374949,28.604569459013874
5,2,Plain,51,0.0007656245215125103,0.0013779286731324671,0.03712046165031446,0.03762423336106692,3.762423336106692,28.629644417000236
5,2,ResDyNet,52,0.00014574829950522985,0.0003283408167992409,0.018120177063131616,0.018366090831236758,1.8366090831236759,29.159195750020444
5,2,Plain,52,0.0006791098906683392,0.001403244084925274,0.03745989969187417,0.03796827800705148,3.796827800705148,29.1857707920135
5,2,ResDyNet,53,0.00016690782233299875,0.00017121513799822673,0.013084920251886395,0.01326249920342124,1.326249920342124,29.703873125021346
5,2,Plain,53,0.004604562185075679,0.0038497368486704493,0.06204624765987423,0.0628882938775058,6.28882938775058,29.729039500001818
5,2,ResDyNet,54,0.000123131769475109,0.00010291055910785068,0.010144484171600382,0.010282157678842042,1.028215767884204,30.253929209022317
5,2,Plain,54,0.000927329977857687,0.0005490719369007087,0.02343228407348948,0.023750289866244466,2.3750289866244465,30.27980329201091
5,2,ResDyNet,55,9.07639458445365e-05,0.00035591032734027384,0.018865585793721697,0.019121615703025636,1.9121615703025636,30.795621959026903
5,2,Plain,55,0.0005352427450464887,0.0015224222295480904,0.03901822945173307,0.03954775627676556,3.9547756276765558,30.82076241701725
5,2,ResDyNet,56,0.00015113552361544367,0.0001032489328551052,0.010161148205547699,0.010299047864849878,1.0299047864849877,31.375658083998132
5,2,Plain,56,0.0005661735802523913,0.00043394204554218264,0.020831275658062386,0.02111398247012406,2.111398247012406,31.402208042010898
5,2,ResDyNet,57,0.00010462594566594603,0.0001346135697491381,0.011602308811143502,0.011759766846378323,1.1759766846378323,31.933655291999457
5,2,Plain,57,0.0005945594870432577,0.00039903321980680153,0.019975815873370516,0.02024691301195146,2.024691301195146,31.96121450001374
5,2,ResDyNet,58,0.00013175846283431015,0.0007290630092389766,0.02700116681254676,0.027367606867242412,2.7367606867242413,32.477543375018286
5,2,Plain,58,0.0006002683787603429,0.0015488085448147652,0.03935490496513446,0.039889000903583494,3.9889000903583494,32.50269104199833
5,2,ResDyNet,59,0.00024962581884257194,0.00010070187304367922,0.010035032289119913,0.010171220395597928,1.0171220395597929,33.028717959008645
5,2,Plain,59,0.0006976189622160172,0.0006947377922804728,0.026357879130925403,0.026715588956484113,2.671558895648411,33.05869758402696
5,2,ResDyNet,60,7.588988200626856e-05,9.640148988889235e-05,0.009818426039284114,0.009951674524426937,0.9951674524426937,33.584040709014516
5,2,Plain,60,0.0007883158631449344,0.0002874126346178011,0.016953248497494543,0.01718332556600864,1.7183325566008638,33.61028366701794
5,2,ResDyNet,61,0.00010474039278151035,0.00023202097413760776,0.0152322347059651,0.015438955436129886,1.5438955436129886,34.13278654200258
5,2,Plain,61,0.0012587347428130308,0.0009263063338737536,0.030435281071049,0.03084832640859976,3.084832640859976,34.16054583402001
5,2,ResDyNet,62,9.438439090987023e-05,0.00011110510064742938,0.010540640428713494,0.010683690278449252,1.0683690278449252,34.682167584018316
5,2,Plain,62,0.0006117198475310336,0.00028076659450095254,0.016756091265595106,0.016983492660596927,1.6983492660596928,34.707364375004545
5,2,ResDyNet,63,9.301782180770679e-05,0.0001191091603977613,0.010913714326376759,0.011061827261734497,1.1061827261734496,35.223845584027
5,2,Plain,63,0.0006781298667063401,0.0003821942236930656,0.01954978832860002,0.01981510373345474,1.9815103733454738,35.24898025000584
5,2,ResDyNet,64,0.0001925501541568814,0.00033825983445920837,0.018391841518978144,0.018641442118054345,1.8641442118054345,35.77005208400078
5,2,Plain,64,0.0006188491930736947,0.0004184064204569768,0.020454985222604707,0.02073258529654992,2.073258529654992,35.795266750006704
5,2,ResDyNet,65,0.00013014788328618275,0.00010051218086191292,0.010025576335648385,0.010161636112853395,1.0161636112853394,36.3246799170156
5,2,Plain,65,0.0005943865508414752,0.00060716961883173,0.024640812057067637,0.024975219106237876,2.497521910623788,36.349812334025046
5,2,ResDyNet,66,8.569034610716099e-05,9.644323681063475e-05,0.009820551756934777,0.009953829090760235,0.9953829090760236,36.87324429201544
5,2,Plain,66,0.0005866639459134015,0.0005782867067174184,0.024047592534751132,0.024373948843162154,2.437394884316215,36.9011797500134
5,2,ResDyNet,67,8.810414844145277e-05,0.00011654606085115253,0.010795650089325447,0.010942160743352787,1.0942160743352787,37.466778000001796
5,2,Plain,67,0.0006406354869269213,0.002652908408527737,0.05150639191913696,0.052205398936243125,5.220539893624313,37.49197958401055
5,2,ResDyNet,68,9.314595354259437e-05,0.0005938056366200469,0.02436812747463471,0.02469883384842321,2.469883384842321,38.010681709012715
5,2,Plain,68,0.0007371066263822584,0.0012861220835442622,0.035862544298254445,0.03634924447626568,3.634924447626568,38.035758542013355
5,2,ResDyNet,69,0.00015822744145882288,0.00033509529836422134,0.018305608385525498,0.018554038691689607,1.8554038691689607,38.550669042015215
5,2,Plain,69,0.0034763167813778445,0.0035866128686316842,0.059888336666096206,0.06070109729662416,6.070109729662416,38.57585295900935
5,2,ResDyNet,70,0.00020567621832847567,6.766199419760169e-05,0.008225691107597079,0.008337324161098189,0.8337324161098189,39.08989308401942
5,2,Plain,70,0.0007606753953610651,0.0002629887985713435,0.01621692938170921,0.01643701366661751,1.6437013666617513,39.11606108400156
5,2,ResDyNet,71,7.99670454613219e-05,9.098534395369099e-05,0.009538623797681245,0.009668075011786532,0.9668075011786532,39.6317525000195
5,2,Plain,71,0.0005290979820977738,0.00312488363438949,0.055900658622144064,0.05665930140766631,5.665930140766632,39.656952417019056
5,2,ResDyNet,72,8.306695937455797e-05,0.00010786645945711488,0.010385877885721307,0.01052682741160393,1.052682741160393,40.171805667021545
5,2,Plain,72,0.0005756507197541417,0.0007672042978172656,0.027698452985993015,0.028074356097796904,2.8074356097796906,40.210016542027006
5,2,ResDyNet,73,7.113735168911997e-05,6.767543757831792e-05,0.008226508225141328,0.00833815236796312,0.833815236796312,40.737032334000105
5,2,Plain,73,0.0005873351898023013,0.0014325271488807273,0.037848740386976255,0.03836239576319949,3.836239576319949,40.76244604200474
5,2,ResDyNet,74,5.3803470508754767e-05,5.2089365099173423e-05,0.007217296245767761,0.007315244102962767,0.7315244102962767,41.28078316702158
5,2,Plain,74,0.0006771948928991095,0.00022967839266588183,0.015155144099146067,0.015360818612072339,1.536081861207234,41.30646025002352
5,2,ResDyNet,75,4.7943781936891096e-05,0.0003080202569517435,0.017550505888769805,0.01778868849704245,1.7788688497042449,41.849916500010295
5,2,Plain,75,0.0004932904296198502,0.0005921850541860262,0.02433485266415283,0.024665107456590882,2.4665107456590882,41.87507520901272
5,2,ResDyNet,76,0.00012777915902945859,9.584474398754513e-05,0.009790032890013452,0.009922896044135435,0.9922896044135435,42.41297362500336
5,2,Plain,76,0.0006321916401597391,0.000517960538868496,0.022758746425682062,0.02306761145892041,2.306761145892041,42.438163959013764
5,2,ResDyNet,77,7.968309280326028e-05,6.141475004285305e-05,0.00783675634703881,0.007943111062906532,0.7943111062906532,42.957835084002
5,2,Plain,77,0.003713577469938426,0.010004516232732406,0.10002257861469283,0.10138001177426047,10.138001177426046,42.983025542023825
5,2,ResDyNet,78,7.143625796358894e-05,0.0004772521755577286,0.021846102067822733,0.022142581360447226,2.2142581360447227,43.55304187501315
5,2,Plain,78,0.0029681854451430382,0.0005028254501194773,0.022423769757100996,0.022728088732400113,2.2728088732400114,43.57890975000919
5,2,ResDyNet,79,0.00015002626161787503,9.751328974695958e-05,0.009874881758631826,0.010008896419437694,1.0008896419437694,44.10489158402197
5,2,Plain,79,0.00036268045628826465,0.00042617289557240166,0.020643955424588613,0.020924120063673977,2.0924120063673977,44.1300750420196
5,2,ResDyNet,80,0.00011392124154002287,6.477457465622771e-05,0.008048265319696395,0.008157490480387755,0.8157490480387756,44.646072333998745
5,2,Plain,80,0.0003601473250360392,0.0004645098097200161,0.021552489640874813,0.021844984240743725,2.1844984240743726,44.671112209005514
5,2,ResDyNet,81,5.768833698448516e-05,0.00013176695457111205,0.011478978812207644,0.011634763103049513,1.1634763103049512,45.18555925000692
5,2,Plain,81,0.0005269417707293492,0.0005113410545296007,0.022612851534682676,0.022919736589344215,2.2919736589344217,45.210688874998596
5,2,ResDyNet,82,0.0002086235577966378,0.00014888087288009215,0.012201675003051514,0.012367267197142146,1.2367267197142147,45.72796612500679
5,2,Plain,82,0.0006015260707759917,0.0035077203861417564,0.05922601106052775,0.060029783093162294,6.002978309316229,45.75306612500572
5,2,ResDyNet,83,5.208891748217099e-05,7.15614528132462e-05,0.008459400263212883,0.008574205046156696,0.8574205046156697,46.267119084019214
5,2,Plain,83,0.0006070431199192252,0.002695296210311969,0.05191624225916172,0.05262081146482286,5.262081146482286,46.29342875001021
5,2,ResDyNet,84,6.0446527063998176e-05,4.79275782996234e-05,0.006922974671311705,0.00701692821172068,0.701692821172068,46.811384209024254
5,2,Plain,84,0.0006501896402254597,0.0005497490645080135,0.023446728226087614,0.02376493004429975,2.376493004429975,46.83774495901889
5,2,ResDyNet,85,5.181082526765456e-05,7.133055250857732e-05,0.008445741679010632,0.008560361097656047,0.8560361097656047,47.35296716701123
5,2,Plain,85,0.0013817573515383444,0.006280794789593439,0.07925146553593466,0.08032700836589132,8.032700836589132,47.378115042025456
5,2,ResDyNet,86,6.23170176642242e-05,0.0002239982113814301,0.014966569793423945,0.015169685114024096,1.5169685114024096,47.89257862500381
5,2,Plain,86,0.003289376273428813,0.0004963814389745786,0.022279619363323483,0.022581982035084058,2.258198203508406,47.92249250001623
5,2,ResDyNet,87,7.574123980860069e-05,9.378508415892013e-05,0.009684269934224268,0.00981569775099312,0.981569775099312,48.4425344170013
5,2,Plain,87,0.00035254694713778007,0.0004415677403081728,0.021013513278558934,0.02129869328609716,2.129869328609716,48.46770850001485
5,2,ResDyNet,88,5.4452802489562655e-05,4.700959261995145e-05,0.006856354178421025,0.0069494035943072265,0.6949403594307226,48.98180200002389
5,2,Plain,88,0.0004699900225581188,0.0007361832693419688,0.027132697421044752,0.0275009225127985,2.75009225127985,49.00743854200118
5,2,ResDyNet,89,9.468360357398679e-05,0.0002032541992947384,0.014256724704318954,0.014450206527408315,1.4450206527408316,49.5209353340033
5,2,Plain,89,0.0004389199274241886,0.0003716071522772844,0.019277114729058506,0.019538729607583242,1.9538729607583243,49.54602037501172
5,2,ResDyNet,90,0.00026028345689377915,0.0001700444168426028,0.013040108007321216,0.013217078799902653,1.3217078799902653,50.05959287501173
5,2,Plain,90,0.000597559770295157,0.0010052746199320577,0.031706065980062204,0.032136357479410266,3.2136357479410265,50.08944191702176
5,2,ResDyNet,91,5.689778224462382e-05,7.155831418177518e-05,0.00845921474971378,0.008574017015004293,0.8574017015004293,50.607263959012926
5,2,Plain,91,0.0008042162319756141,0.0018053550049927146,0.04248946934232899,0.043066105292096805,4.306610529209681,50.632469333999325
5,2,ResDyNet,92,5.0424630861845785e-05,3.3491124170853526e-05,0.005787151645745386,0.005865690628164974,0.5865690628164973,51.146267084026476
5,2,Plain,92,0.0005882285176169774,0.0002167747049487351,0.014723270864476248,0.014923084310255581,1.492308431025558,51.17188408400398
5,2,ResDyNet,93,4.928398299038363e-05,5.1507823605279605e-05,0.0071768951229121076,0.007274294685665922,0.7274294685665922,51.687103584001306
5,2,Plain,93,0.0004122009929776754,0.0003832448742571954,0.0195766410361225,0.019842320866251192,1.9842320866251193,51.71212479201495
5,2,ResDyNet,94,4.255800600122618e-05,0.00011733625412583006,0.01083218602710598,0.01097919252011434,1.097919252011434,52.22563916700892
5,2,Plain,94,0.0005707170794485905,0.0005428992275961447,0.023300198016243227,0.023616411233796635,2.3616411233796635,52.255315334012266
5,2,ResDyNet,95,5.7362726352878354e-05,3.775056329560394e-05,0.006144148703897387,0.006227532588851135,0.6227532588851136,52.794894167018356
5,2,Plain,95,0.0004787743806020074,0.0005481518793862194,0.02341264357961782,0.023730382825978773,2.3730382825978773,52.820265250018565
5,2,ResDyNet,96,6.0200748496025386e-05,3.6239506135662336e-05,0.006019925758318148,0.00610162378046128,0.610162378046128,53.33871262500179
5,2,Plain,96,0.0006714416258046895,0.001600100451941692,0.04000125562956358,0.04054412336570826,4.054412336570826,53.3669981250132
5,2,ResDyNet,97,4.8729281801699394e-05,4.2748267763081325e-05,0.006538215946501103,0.006626947823374459,0.6626947823374459,53.93763816700084
5,2,Plain,97,0.0006036137821741316,0.000210440986835582,0.0145065842580389,0.014703456991942117,1.4703456991942117,53.96285025001271
5,2,ResDyNet,98,0.00010437907078746433,0.00011528918157052673,0.010737279989388688,0.010882998487182117,1.0882998487182116,54.480581917014206
5,2,Plain,98,0.0007030132220757413,0.0018260997762656478,0.04273288869554277,0.043312828154441325,4.3312828154441325,54.50567420900916
5,2,ResDyNet,99,0.0001507395926489062,6.293171101246894e-05,0.007932950964960576,0.008040611163709738,0.8040611163709738,55.03830433401163
5,2,Plain,99,0.003896213218172142,0.006694717253424767,0.08182125184464464,0.08293166993173584,8.293166993173584,55.06660358401132
5,2,ResDyNet,100,7.672782553682053e-05,3.758128710492281e-05,0.006130357828456901,0.006213554553752484,0.6213554553752484,55.59168866701657
5,2,Plain,100,0.0008939012913662508,0.0003380908108828311,0.018387245875411334,0.018636784105779854,1.8636784105779853,55.61681162501918
5,3,ResDyNet,0,1.253718596671438,1.2564616327473515,1.1209199939100702,1.1361322988719058,113.61322988719058,0.026514041994232684
5,3,Plain,0,1.0188797263440477,1.020353443355771,1.010125459215721,1.0238341419217023,102.38341419217024,0.05342104201554321
5,3,ResDyNet,1,0.1504460340607902,0.008612846158495217,0.09280542095424822,0.09406490813739933,9.406490813739934,0.6020378750108648
5,3,Plain,1,0.35153641348112313,0.027641083737656093,0.16625607879911067,0.1685123844999562,16.85123844999562,0.6278319169941824
5,3,ResDyNet,2,0.005024213476687068,0.0034381477712835517,0.05863572094963574,0.05943148199733681,5.943148199733681,1.1891807920183055
5,3,Plain,2,0.028231765749697352,0.018304980905692554,0.13529590128933155,0.13713203814270347,13.713203814270347,1.2236999589949846
5,3,ResDyNet,3,0.0025978767329330695,0.002052153761209765,0.045300703760645544,0.04591549172440454,4.591549172440454,1.954595250019338
5,3,Plain,3,0.015883406158051255,0.016683960276748944,0.1291664053720972,0.13091935719740122,13.091935719740121,2.3733785420190543
5,3,ResDyNet,4,0.001620586585561236,0.0024002910012630146,0.04899276478484363,0.04965765869598776,4.965765869598776,3.098008375003701
5,3,Plain,4,0.014395999114902408,0.011807485591336356,0.10866225467629666,0.11013693918987229,11.01369391898723,3.1243699170008767
5,3,ResDyNet,5,0.0012701130134243422,0.001131187205820036,0.033633126613801995,0.03408957076829018,3.4089570768290183,3.7215350000187755
5,3,Plain,5,0.017085154865331454,0.008488364075937511,0.0921323183032833,0.09338267063037624,9.338267063037623,3.7468194590182975
5,3,ResDyNet,6,0.0009688912155044676,0.000832090657363239,0.02884598165019244,0.029237458180337596,2.9237458180337597,4.299869959009811
5,3,Plain,6,0.011004537015566822,0.009071374802445875,0.0952437651631112,0.09653634376751331,9.65363437675133,4.327151834004326
5,3,ResDyNet,7,0.0008351208800564392,0.0017675475637494679,0.042042211689556346,0.042612777786125496,4.261277778612549,4.891223500017077
5,3,Plain,7,0.010119755708210616,0.006908996070344683,0.08312037097092796,0.08424841975105536,8.424841975105537,4.917670209018979
5,3,ResDyNet,8,0.0008245108575827457,0.0006094263844539489,0.0246865628319122,0.025021590777081226,2.5021590777081224,5.4790004169917665
5,3,Plain,8,0.008366138274448699,0.006691848982757886,0.08180372230380405,0.08291390249280924,8.291390249280923,5.505194583995035
5,3,ResDyNet,9,0.0006242114960520795,0.0006454217959027383,0.025405152939959607,0.02574993306362983,2.574993306362983,6.0487965420179535
5,3,Plain,9,0.006212057438109667,0.007351213604365587,0.08573921858966052,0.08690280845107934,8.690280845107933,6.074319334002212
5,3,ResDyNet,10,0.0006085746949768872,0.0008058141927750491,0.028386866554360117,0.028772112310776254,2.8772112310776254,6.649676166998688
5,3,Plain,10,0.005525561509171176,0.004270593244365562,0.06534977616155668,0.06623665544782005,6.623665544782005,6.6745757090102416
5,3,ResDyNet,11,0.0005271786615675893,0.0013539811742816269,0.036796483178173786,0.03729585809045173,3.7295858090451732,7.473992375016678
5,3,Plain,11,0.005048263617780516,0.005677708059850763,0.07535056774736845,0.07637317045036957,7.637317045036957,7.5066311249975115
5,3,ResDyNet,12,0.0005769501437131833,0.00044715719128011,0.02114609163131831,0.021433070895132158,2.1433070895132156,8.036414959002286
5,3,Plain,12,0.004827542236433998,0.003197008834528202,0.056542097896418744,0.05730944582584759,5.730944582584759,8.062267583998619
5,3,ResDyNet,13,0.0004637889151743638,0.00041894106968160585,0.02046804997261845,0.020745827351779503,2.0745827351779504,8.577142499998445
5,3,Plain,13,0.004552231913126662,0.0019737792942359786,0.04442723595088916,0.04503016984944408,4.5030169849444075,8.602624541992554
5,3,ResDyNet,14,0.00043154764423983304,0.0014700655831937919,0.03834143428712326,0.03886177614400756,3.8861776144007556,9.117605417006416
5,3,Plain,14,0.0028177702177450935,0.004616519576504492,0.06794497462288503,0.06886707404140109,6.886707404140109,9.15229412500048
5,3,ResDyNet,15,0.0005222876116260188,0.0006051111784101925,0.024599007671249517,0.02493284738192168,2.493284738192168,9.696886749996338
5,3,Plain,15,0.00437360736069525,0.005725192971852595,0.07566500493525785,0.07669187494941364,7.669187494941363,9.722537334018853
5,3,ResDyNet,16,0.00035425405006667116,0.0003668894944990664,0.019154359673428562,0.019414308610269687,1.9414308610269688,10.287699167005485
5,3,Plain,16,0.003725434140419914,0.0012209945338421126,0.0349427322034513,0.035416949365574026,3.5416949365574024,10.322012999997241
5,3,ResDyNet,17,0.00038537757400623654,0.00033715761438079324,0.018361852150063543,0.0186110457553953,1.8611045755395301,10.915426499996101
5,3,Plain,17,0.0013891362466620903,0.0008205530243117625,0.028645296722355006,0.029034049703683035,2.9034049703683036,10.942097791994456
5,3,ResDyNet,18,0.0003308418534812159,0.00037003272124067505,0.01923623459101794,0.019497294674258328,1.9497294674258328,11.486184375011362
5,3,Plain,18,0.0033498587171674364,0.023102418625554063,0.15199479802136015,0.15405756006742555,15.405756006742555,11.511288084002445
5,3,ResDyNet,19,0.00033596000564398127,0.0004108782157093635,0.020270131122155168,0.020545222491674765,2.0545222491674764,12.025492959015537
5,3,Plain,19,0.006006946786706891,0.0030896264821074146,0.05558440862424835,0.0563387594964866,5.63387594964866,12.05064712499734
5,3,ResDyNet,20,0.0003469852082128508,0.000246668969168767,0.01570569862084355,0.01591884485639738,1.591884485639738,12.594330334017286
5,3,Plain,20,0.003309190515918537,0.0036139198762043107,0.06011588705329324,0.06093173583097088,6.093173583097088,12.620606459007831
5,3,ResDyNet,21,0.00031550445379858273,0.0002648531588303897,0.01627430978046042,0.0164951727901032,1.64951727901032,13.13669412501622
5,3,Plain,21,0.0019085857282795816,0.0013584230488669364,0.036856791082064334,0.037356984449031794,3.7356984449031794,13.161739792005392
5,3,ResDyNet,22,0.00042837179100011755,0.00023400628169212764,0.01529726386293077,0.015504867121172982,1.5504867121172983,13.676305875007529
5,3,Plain,22,0.0009488285267299386,0.0007859413646053562,0.02803464579061694,0.02841511146486748,2.841511146486748,13.706995375017868
5,3,ResDyNet,23,0.00024799098610384676,0.0003602798035370573,0.01898103799946297,0.019238634741521963,1.9238634741521963,14.223223334003706
5,3,Plain,23,0.0009109177495887213,0.0005953705444856736,0.024400216074569367,0.024731357931327802,2.47313579313278,14.250910083996132
5,3,ResDyNet,24,0.00033446554168819765,0.000589695673457053,0.02428365033221021,0.0246132102441104,2.4613210244110397,14.801225625007646
5,3,Plain,24,0.0007063015620260402,0.0005669035131562373,0.023809735680100218,0.02413286396953587,2.4132863969535867,14.826453917019535
5,3,ResDyNet,25,0.000337185435438427,0.000261645326923383,0.01617545445801703,0.01639497587564586,1.639497587564586,15.3427917920053
5,3,Plain,25,0.0009684095338683953,0.0018803552744652916,0.04336306348109289,0.04395155521050952,4.3951555210509525,15.36783962501795
5,3,ResDyNet,26,0.0002586476743902824,0.00023860908697231165,0.015446976628852381,0.015656611679072837,1.5656611679072836,15.882131249993108
5,3,Plain,26,0.002836505195107665,0.003134267497937105,0.055984529094537404,0.056744310108666755,5.674431010866676,15.907243791996734
5,3,ResDyNet,27,0.00029598287526021324,0.00022414696441534643,0.014971538478571479,0.01517472123052635,1.517472123052635,16.429591666994384
5,3,Plain,27,0.0011261325481089527,0.0009275374709249265,0.030455499846906584,0.030868819578870835,3.0868819578870834,16.45582358399406
5,3,ResDyNet,28,0.0003076524049588985,0.00032639581204733703,0.018066427761108086,0.01831161208306336,1.831161208306336,16.97502920901752
5,3,Plain,28,0.0006565578946428769,0.001235571576431958,0.03515069809309564,0.03562773761591504,3.562773761591504,17.000124125013826
5,3,ResDyNet,29,0.0002391858579472036,0.0004084810407801616,0.02021091390264581,0.020485201619445264,2.0485201619445266,17.516247459017904
5,3,Plain,29,0.0008571184588298192,0.0012671795349083951,0.03559746528769141,0.03608056800757042,3.6080568007570415,17.547365375008667
5,3,ResDyNet,30,0.00021219561458554346,0.0001783910167811123,0.013356309998690221,0.013537572053046253,1.3537572053046252,18.063902750000125
5,3,Plain,30,0.006175701175590339,0.004701471188037222,0.06856727490601636,0.0694978197280726,6.94978197280726,18.09018775000004
5,3,ResDyNet,31,0.0002528045587447697,0.00021058513315160173,0.01451155171412078,0.014708491862698738,1.4708491862698738,18.606074750015978
5,3,Plain,31,0.0035392601485535035,0.005744023388170919,0.07578933558338481,0.07681789292201129,7.681789292201128,18.631212834006874
5,3,ResDyNet,32,0.00019425012417731793,0.00015907294334887648,0.012612412273188522,0.012783578692599839,1.278357869259984,19.14564529201016
5,3,Plain,32,0.0011234860438534319,0.001213287797405026,0.034832280967588475,0.03530499916645558,3.5304999166455584,19.177153084019665
5,3,ResDyNet,33,0.00021111044236174885,0.00014926638514108968,0.012217462303649217,0.01238326875141765,1.2383268751417649,19.692409417009912
5,3,Plain,33,0.0008366690155513185,0.0008228740935069522,0.028685782079402197,0.02907508449833615,2.9075084498336152,19.718324500019662
5,3,ResDyNet,34,0.000192649852222802,0.0008544016129927558,0.029230149041576163,0.02962683921011288,2.962683921011288,20.232453959004488
5,3,Plain,34,0.000523325626059356,0.0005499790833424115,0.023451632850239053,0.023769901230417004,2.3769901230417005,20.263339833996724
5,3,ResDyNet,35,0.00029181467298821566,0.00017046014667048933,0.013056038705154385,0.013233225697495849,1.323322569749585,20.779876042011892
5,3,Plain,35,0.0006566914762744283,0.0018660965265858641,0.043198339396160405,0.0437845956109746,4.37845956109746,20.804929709003773
5,3,ResDyNet,36,0.00019861641885527022,0.0005082390442783445,0.022544157652889685,0.022850110444513252,2.285011044451325,21.3198413340142
5,3,Plain,36,0.0007202058004395576,0.0005203391729177405,0.022810944147880874,0.02312051757036441,2.312051757036441,21.344878542004153
5,3,ResDyNet,37,0.000226086062186422,0.0001934616169390063,0.013909048024182183,0.014097811434079618,1.4097811434079617,21.865012791997287
5,3,Plain,37,0.0013412245970226006,0.007766171015653777,0.08812588164468925,0.08932186154860128,8.932186154860128,21.890139875002205
5,3,ResDyNet,38,0.00019774249091550418,0.00025546972094870365,0.015983420189330685,0.01620033545855084,1.6200335458550839,22.40493816701928
5,3,Plain,38,0.001008982685401885,0.0004499659926118223,0.021212401858625586,0.02150028103626501,2.150028103626501,22.43017120900913
5,3,ResDyNet,39,0.0002462920283914945,0.00018871210711411663,0.013737252531496852,0.0139236844588264,1.39236844588264,22.953692500013858
5,3,Plain,39,0.0007127031315416244,0.0021718884119079893,0.046603523599702094,0.04723599247985988,4.723599247985987,22.97906475001946
5,3,ResDyNet,40,0.00025108663542525254,0.00019609144824019582,0.014003265627709694,0.014193307689897587,1.4193307689897587,23.493644125002902
5,3,Plain,40,0.0009561906177926244,0.0004238740290619161,0.020588201209962857,0.02086760919369333,2.086760919369333,23.518652667000424
5,3,ResDyNet,41,0.00016726606741382822,0.0002278800594083002,0.015095696718214108,0.015300564454838027,1.5300564454838028,24.038748124992708
5,3,Plain,41,0.001030036677841209,0.0012529317792437532,0.035396776396216544,0.035877155513486844,3.5877155513486843,24.063866542011965
5,3,ResDyNet,42,0.00017397581170138833,0.000121911887696476,0.01104137164017569,0.011191217047073473,1.1191217047073474,24.57818850001786
5,3,Plain,42,0.0008756076576906357,0.0005046812585913727,0.022465112031578492,0.022769992073939118,2.276999207393912,24.604350084002363
5,3,ResDyNet,43,0.00015023138618002472,0.00019474773428721932,0.013955204559132028,0.014144594371707132,1.414459437170713,25.124168959009694
5,3,Plain,43,0.0008584192986896537,0.0005801822962144011,0.02408697357939351,0.02441386433849153,2.441386433849153,25.149246375018265
5,3,ResDyNet,44,0.00017117680856763577,0.00016856758600862176,0.012983358040531032,0.0131595586641387,1.31595586641387,25.676812874997267
5,3,Plain,44,0.0028759389863155364,0.004913339008319661,0.070095213875982,0.07104649476635755,7.104649476635755,25.705054541991558
5,3,ResDyNet,45,0.0002124636061812627,0.00016773945184118722,0.012951426633432597,0.013127193907376345,1.3127193907376344,26.283054083993193
5,3,Plain,45,0.00148373291132324,0.0005855416688625099,0.024197968279640956,0.024526365377495075,2.4526365377495076,26.3099035420164
5,3,ResDyNet,46,0.00013706529121631372,0.000680397161740044,0.02608442373793303,0.02643842242723379,2.643842242723379,26.838160917017376
5,3,Plain,46,0.0005088594960913951,0.0022161923377972395,0.047076452051925476,0.04771533917056543,4.771533917056543,26.863234749995172
5,3,ResDyNet,47,0.0003329229151668211,0.00010983909593425147,0.010480414874147467,0.010622647386778409,1.0622647386778408,27.475046417006524
5,3,Plain,47,0.0007227207935273947,0.00036671818657672925,0.019149887377651317,0.019409775619770593,1.9409775619770593,27.50239216699265
5,3,ResDyNet,48,0.00013606624727717197,0.0001561809496761206,0.012497237681828758,0.012666841036064025,1.2666841036064025,28.05631587500102
5,3,Plain,48,0.0008883404824696864,0.0014307523284715108,0.037825286892124305,0.038338623974697644,3.8338623974697645,28.082376375008607
5,3,ResDyNet,49,0.00011862320890837178,9.460766445851444e-05,0.009726647133442975,0.009858650062513727,0.9858650062513727,28.684639417013386
5,3,Plain,49,0.003094126959488151,0.0008876128611042672,0.029792832378011114,0.030197158872563336,3.0197158872563334,28.71507504201145
5,3,ResDyNet,50,0.0001244273768573764,0.0001352945735261821,0.01163161955731798,0.011789475376526578,1.1789475376526577,29.25351716700243
5,3,Plain,50,0.00042747772413074435,0.00030503831215008024,0.017465346035795574,0.017702372916932486,1.7702372916932485,29.279011459002504
5,3,ResDyNet,51,0.00016395726638564632,0.0005452419116389948,0.023350415663088202,0.023667310397754715,2.3667310397754715,29.8225101249991
5,3,Plain,51,0.0006032406375732232,0.0007919025031280666,0.02814076230538303,0.028522668115230115,2.8522668115230116,29.847548584017204
5,3,ResDyNet,52,0.0002048309613831809,0.00010146864704534699,0.010073164698611206,0.01020987031021471,1.0209870310214708,30.376299291994656
5,3,Plain,52,0.0037289495589746657,0.0010954747890571256,0.033097957475607544,0.03354713870662161,3.3547138706621613,30.402601667010458
5,3,ResDyNet,53,9.633707780832885e-05,0.0001690896538333005,0.013003447767161622,0.013179921033821217,1.3179921033821218,30.920776625018334
5,3,Plain,53,0.0006546730422686721,0.0005972479226226125,0.024438656317862743,0.024770319857441506,2.4770319857441505,30.946541167009855
5,3,ResDyNet,54,0.00012553284818893887,0.00011175361145821724,0.010571358070665152,0.010714824797733473,1.0714824797733473,31.465804334002314
5,3,Plain,54,0.0004914222573240739,0.00033578056655399083,0.018324316264297306,0.018573000460086555,1.8573000460086555,31.4923020839924
5,3,ResDyNet,55,0.0001035335279837771,0.000579583044004198,0.024074531023556785,0.02440125292140251,2.440125292140251,32.02266304200748
5,3,Plain,55,0.00045563020436140876,0.0005398104900497083,0.02323382211453183,0.02354913452697476,2.3549134526974758,32.04779004200827
5,3,ResDyNet,56,0.00021869790015185088,0.0003399154918389986,0.018436797222918046,0.01868700792787319,1.868700792787319,32.563247209007386
5,3,Plain,56,0.0007107657908752897,0.00048737224519881874,0.022076508899706464,0.02237611510505528,2.237611510505528,32.58828666701447
5,3,ResDyNet,57,0.00020866154251298702,8.812833395372978e-05,0.009387669250337368,0.009515071819916688,0.9515071819916688,33.20088112499798
5,3,Plain,57,0.0006727167818555743,0.002657879895170879,0.05155463020108745,0.052254291872816466,5.225429187281646,33.22963479202008
5,3,ResDyNet,58,0.000104648163580327,6.337629239267813e-05,0.007960922835493265,0.008068962647976867,0.8068962647976867,33.77050795900868
5,3,Plain,58,0.0037604218809433204,0.006253116796104787,0.07907665139663404,0.08014982177716244,8.014982177716243,33.796897624997655
5,3,ResDyNet,59,9.543828878926043e-05,0.00015257334423275678,0.012352058299439686,0.012519691385456817,1.2519691385456817,34.35290875000646
5,3,Plain,59,0.003221423389455363,0.0009553268770838438,0.03090836257526179,0.0313278282284042,3.13278282284042,34.37804008400417
5,3,ResDyNet,60,0.00016810774615851914,6.834089042206376e-05,0.008266854929298309,0.008379046628030582,0.8379046628030582,34.92558883401216
5,3,Plain,60,0.0006576967005197666,0.0005777517560300329,0.024036467211926815,0.02436267253560697,2.436267253560697,34.95079404200078
5,3,ResDyNet,61,0.0001406379035800969,0.0002566868417457869,0.01602144942712072,0.01623888080129562,1.623888080129562,35.46687429200392
5,3,Plain,61,0.0004324973840793475,0.00044101121614759645,0.021000267049435264,0.021285267288856123,2.1285267288856122,35.49195616701036
5,3,ResDyNet,62,0.00012434675825905207,0.00012130269053959371,0.011013750067056802,0.011163220614200015,1.1163220614200016,36.01663287502015
5,3,Plain,62,0.00044222798360733816,0.0005829547977546531,0.024144456874294215,0.024472127754557878,2.447212775455788,36.0435500839958
5,3,ResDyNet,63,0.00010611580802693674,7.443940907127816e-05,0.008627827598606624,0.008744918153955105,0.8744918153955105,36.59451675001765
5,3,Plain,63,0.00048024198701418784,0.0003070603725404606,0.017523138204684135,0.017760949398798166,1.7760949398798167,36.621544416993856
5,3,ResDyNet,64,0.0002914374521218675,0.0001182849373077499,0.010875887885949813,0.011023487468570048,1.1023487468570048,37.14398125000298
5,3,Plain,64,0.00047453646359641957,0.0004215053653141727,0.020530595834368094,0.020809222040143183,2.0809222040143185,37.16905300001963
5,3,ResDyNet,65,0.00011383398087763444,6.3767025348974e-05,0.007985425808870433,0.008093798157757624,0.8093798157757623,37.68461995900725
5,3,Plain,65,0.0014131395977105107,0.0007800830987694812,0.027929967754537086,0.028309012815169968,2.8309012815169967,37.70970304199727
5,3,ResDyNet,66,8.021766491695381e-05,0.0001215832409093932,0.011026479080349866,0.01117612237633611,1.117612237633611,38.224240042007295
5,3,Plain,66,0.0005213308446667368,0.0006405885587217804,0.025309851021327257,0.025653337777176797,2.56533377771768,38.249318417016184
5,3,ResDyNet,67,0.00011586164152953412,0.00014914470250809337,0.012212481423039849,0.012378220273945688,1.2378220273945688,38.765024459018605
5,3,Plain,67,0.0005439755132556906,0.0004560769614928147,0.021355958454089923,0.021645785876672208,2.1645785876672208,38.790128209016984
5,3,ResDyNet,68,7.851894978471639e-05,0.0001168609995866459,0.010810226620503658,0.010956935096533258,1.0956935096533258,39.30859724999755
5,3,Plain,68,0.0006796969913430221,0.000976647046578381,0.03125135271597665,0.03167547318003135,3.167547318003135,39.333726167009445
5,3,ResDyNet,69,7.600929446873062e-05,8.064949505678393e-05,0.008980506392001732,0.00910238324555869,0.910238324555869,39.92889974999707
5,3,Plain,69,0.0006526319134308394,0.0011110842312725426,0.03333293013331625,0.03378530024109778,3.3785300241097778,39.95930558399414
5,3,ResDyNet,70,0.0002110806775138317,8.08999322874782e-05,0.008994438964575736,0.009116504900800548,0.9116504900800548,40.49199870901066
5,3,Plain,70,0.0008164325798375791,0.0029318193235281275,0.054146277097581956,0.054881110702327665,5.488111070232766,40.51709666699753
5,3,ResDyNet,71,8.457234936236483e-05,4.917874135199896e-05,0.007012755617587066,0.007107927599224606,0.7107927599224606,41.03158287500264
5,3,Plain,71,0.0012300950419326785,0.0020124550974713056,0.04486039564550568,0.04546920807009946,4.546920807009946,41.057664209016366
5,3,ResDyNet,72,0.00011291392796913402,0.0001419892682753241,0.011915924986140358,0.012077639190344363,1.2077639190344363,41.56984670899692
5,3,Plain,72,0.000659123137910258,0.0008323399336639674,0.028850302141640867,0.02924183730633073,2.9241837306330734,41.59478687500814
5,3,ResDyNet,73,7.235862997995403e-05,8.770596750455945e-05,0.009365146421949817,0.009492243328202676,0.9492243328202676,42.11262033399544
5,3,Plain,73,0.0006232550042782193,0.000992481054764009,0.03150366732245642,0.03193121201550244,3.193121201550244,42.142993834015215
5,3,ResDyNet,74,0.000116948504689052,0.00016549639672881075,0.012864540284394571,0.013039128400462853,1.3039128400462852,42.659374792012386
5,3,Plain,74,0.0008391226094147748,0.007283743571170143,0.08534485087672333,0.08650308866845931,8.650308866845931,42.68460745899938
5,3,ResDyNet,75,9.751432201783297e-05,0.0005980908465263719,0.024455895946097983,0.024787793449281257,2.478779344928126,43.21176674999879
5,3,Plain,75,0.0009278071335713741,0.00023751809379438126,0.015411622036449675,0.015620777280043114,1.5620777280043114,43.236836416996084
5,3,ResDyNet,76,0.00016260266007542607,0.0002465034434850322,0.015700428130628545,0.01591350283895038,1.5913502838950382,43.78092333400855
5,3,Plain,76,0.0004575484433981627,0.0021898548766165916,0.04679588525304967,0.0474309647246409,4.7430964724640905,43.80603100001463
5,3,ResDyNet,77,0.00014721759556171195,0.00016625149057580558,0.012893854760148557,0.013068840710805739,1.3068840710805738,44.354989375016885
5,3,Plain,77,0.0005355970726017622,0.001651744768788903,0.040641662967808086,0.04119322184317956,4.119322184317956,44.38160708401119
5,3,ResDyNet,78,6.344656213253316e-05,7.350789428950131e-05,0.008573674491692655,0.008690030120747125,0.8690030120747125,44.90636412499589
5,3,Plain,78,0.0006484278701846072,0.0007300623215307559,0.027019665459267917,0.027386356564044603,2.7386356564044605,44.931589917017845
5,3,ResDyNet,79,9.777970958645731e-05,0.00018851054640522846,0.013729914289799063,0.013916246627888346,1.3916246627888347,45.45546033399296
5,3,Plain,79,0.0006946909888974473,0.0030725536267620815,0.05543061993846075,0.05618288370332238,5.618288370332238,45.480660542001715
5,3,ResDyNet,80,0.0002955905199926375,0.00051423005206439,0.02267664111071986,0.02298439187077459,2.298439187077459,46.01931087500998
5,3,Plain,80,0.004590404702174356,0.0016956044053820566,0.041177717340596436,0.0417365511531974,4.1736551153197405,46.044665916997474
5,3,ResDyNet,81,0.00013623168707149104,7.457488559040545e-05,0.00863567516702692,0.008752872223824806,0.8752872223824806,46.614128167013405
5,3,Plain,81,0.0006942271593748886,0.0005845394738169662,0.024177251163375997,0.024505367103705704,2.4505367103705704,46.64038354199147
5,3,ResDyNet,82,4.301370228324327e-05,5.2843911988578584e-05,0.007269381816122922,0.007368036540520457,0.7368036540520457,47.33694837501389
5,3,Plain,82,0.0004124516095210232,0.0003100234710308759,0.01760748338153059,0.017846439246592787,1.7846439246592787,47.362136542011285
5,3,ResDyNet,83,4.8885250604053436e-05,0.00013798820647124304,0.011746838147826972,0.01190625762933584,1.1906257629335841,47.908029709011316
5,3,Plain,83,0.00047296284729354354,0.0002664518376809838,0.016323352525782923,0.016544881107636092,1.6544881107636091,47.93357708401163
5,3,ResDyNet,84,9.145999538302055e-05,6.110603003589072e-05,0.007817034606287139,0.007923121673137695,0.7923121673137695,48.4579910839966
5,3,Plain,84,0.0005374388967949821,0.0005040475663979882,0.022451003683532467,0.022755692257729308,2.275569225772931,48.48309670900926
5,3,ResDyNet,85,5.799926791178764e-05,5.104919222619899e-05,0.007144871743159494,0.007241836708063906,0.7241836708063906,49.000251959019806
5,3,Plain,85,0.0005110001129032655,0.0017334645763499353,0.041634896137134,0.04219993444542851,4.219993444542851,49.02543958401657
5,3,ResDyNet,86,6.874648601910367e-05,6.540040102304184e-05,0.008087051441844663,0.008196802979370778,0.8196802979370779,49.57114191699657
5,3,Plain,86,0.0006340848416147912,0.0002704950098887898,0.016446732498851854,0.016669935503310297,1.6669935503310296,49.5962958750024
5,3,ResDyNet,87,6.197562131488981e-05,0.0009664861686882654,0.03108836066260596,0.03151026911792167,3.1510269117921674,50.205514083994785
5,3,Plain,87,0.0005316430170211393,0.0003285571583675204,0.01812614571185834,0.018372140482091317,1.8372140482091317,50.2306428750162
5,3,ResDyNet,88,0.0003229313852701472,6.753165490346352e-05,0.008217764592847834,0.0083292900734978,0.8329290073497799,50.770700791996205
5,3,Plain,88,0.0004948606949457912,0.000981431111897832,0.03132780094257866,0.031752958905958174,3.1752958905958173,50.79599425001652
5,3,ResDyNet,89,6.172338723503682e-05,0.00010595715330316959,0.010293549111126326,0.01043324561852099,1.043324561852099,51.31324587500421
5,3,Plain,89,0.0017493904876535221,0.0003048388063103141,0.01745963362474465,0.01769658298122374,1.769658298122374,51.338341791997664
5,3,ResDyNet,90,4.783036211830003e-05,4.893618682906384e-05,0.006995440431385564,0.007090377424001229,0.709037742400123,51.858422167017125
5,3,Plain,90,0.00034848480284271574,0.00022979613703365097,0.015159028235136018,0.015364755460710394,1.5364755460710393,51.884880124998745
5,3,ResDyNet,91,7.331655965536692e-05,0.00012513724141759058,0.01118647582653226,0.011338290481142715,1.1338290481142714,52.401130500016734
5,3,Plain,91,0.0007882513166281188,0.0008952483459466469,0.029920700960148764,0.030326762793420146,3.032676279342015,52.42635749999317
5,3,ResDyNet,92,4.906584676607082e-05,3.639170626486695e-05,0.0060325538758362485,0.006114423277538871,0.6114423277538871,52.9395710840181
5,3,Plain,92,0.0005406919726960246,0.00044748966072030716,0.021153951420959327,0.021441037352080035,2.1441037352080037,52.969733584002825
5,3,ResDyNet,93,5.264234916373122e-05,0.00010911337501703991,0.010445734776311331,0.010587496636061376,1.0587496636061375,53.48833329201443
5,3,Plain,93,0.0005741312156639931,0.00030995094296938067,0.017605423680484962,0.017844351592793524,1.7844351592793524,53.51330958399922
5,3,ResDyNet,94,0.00020869538110608742,3.668503947538358e-05,0.006056817602948234,0.006139016294179407,0.6139016294179407,54.02626812501694
5,3,Plain,94,0.0006038771471048802,0.00036008922871380545,0.018976017198395596,0.019233545801820785,1.9233545801820784,54.05692770899623
5,3,ResDyNet,95,6.576663746809641e-05,0.00010366708526558998,0.01018170345598368,0.010319882076085826,1.0319882076085827,54.57261741699767
5,3,Plain,95,0.0008474490971835426,0.00027089735914402857,0.016458959843927826,0.016682328788955782,1.6682328788955783,54.59768604201963
5,3,ResDyNet,96,6.019023121103594e-05,0.00013987417083697001,0.011826841118277105,0.011987346341490067,1.1987346341490066,55.109953959006816
5,3,Plain,96,0.0005348591397453451,0.0012548248511945962,0.03542350704256421,0.03590424892858364,3.590424892858364,55.13511508400552
5,3,ResDyNet,97,5.887879431956084e-05,0.0002854293976408619,0.01689465588998077,0.017123937782551134,1.7123937782551133,55.65025958401384
5,3,Plain,97,0.0005596679368202567,0.00027029333319275,0.016440600146976084,0.01666371992764748,1.666371992764748,55.67541862500366
5,3,ResDyNet,98,0.00012349130159570665,0.00016872992318316132,0.012989608276740349,0.013165893723974875,1.3165893723974875,56.19416654200177
5,3,Plain,98,0.0004938522013013487,0.00045519932418586337,0.021335400727098223,0.021624949155270544,2.1624949155270543,56.21933437499683
5,3,ResDyNet,99,0.00010800335261646674,6.033933655897046e-05,0.00776783989014774,0.00787325932235132,0.787325932235132,56.73446000000695
5,3,Plain,99,0.0007722173139873368,0.002151338816305018,0.046382527058203914,0.047011996735204425,4.701199673520443,56.75959579201299
5,3,ResDyNet,100,5.823211186977322e-05,3.833847028857167e-05,0.006191806706331494,0.006275837370779622,0.6275837370779622,57.27487041699351
5,3,Plain,100,0.0007642761989977385,0.0006572119299233833,0.025636144989513988,0.025984059968054026,2.5984059968054027,57.30005562500446
5,4,ResDyNet,0,1.4083282642669952,1.3789949544191873,1.1743061587248815,1.1902429816044258,119.02429816044258,0.026430333993630484
5,4,Plain,0,1.1361948834009294,1.0970346122434276,1.0473942009785178,1.061608667744307,106.1608667744307,0.05211583399795927
5,4,ResDyNet,1,0.1701969038068398,0.012154635816050549,0.1102480649084171,0.11174427087668502,11.174427087668501,0.6037094999919645
5,4,Plain,1,0.354749947845467,0.04017591555492831,0.2004393064120117,0.20315952183509653,20.31595218350965,0.6305354590003844
5,4,ResDyNet,2,0.007405241566598321,0.0038367272485877006,0.06194132101099959,0.06278194324102279,6.278194324102279,1.153840416984167
5,4,Plain,2,0.03192677619015458,0.07757036122010702,0.27851456195342283,0.2822943575461201,28.22943575461201,1.1794812089938205
5,4,ResDyNet,3,0.0032363832970517636,0.0024602777531847865,0.0496011870138688,0.05027433798576997,5.027433798576997,1.7695049589965492
5,4,Plain,3,0.03938678918596554,0.035722751098879936,0.18900463247994725,0.1915696648855654,19.15696648855654,1.7952807089895941
5,4,ResDyNet,4,0.0022036908627883264,0.00202248910382002,0.044972092499905095,0.04558242079237672,4.558242079237671,2.3557414170063566
5,4,Plain,4,0.016618789173937304,0.03934490629536352,0.19835550482747766,0.20104744042206796,20.104744042206796,2.3822563749854453
5,4,ResDyNet,5,0.0016462173288667615,0.00168187885066267,0.041010716290533995,0.04156728368722991,4.156728368722991,2.9357009999803267
5,4,Plain,5,0.017686081145933397,0.017429791230995636,0.1320219346585848,0.13381363963538,13.381363963538002,2.963020625000354
5,4,ResDyNet,6,0.0012591314748877894,0.0011024071973891427,0.03320251793748695,0.033653118186487765,3.3653118186487765,3.5961729169939645
5,4,Plain,6,0.010657704906886742,0.007386289531764699,0.08594352524631915,0.08710988780800535,8.710988780800536,3.6239637919934466
5,4,ResDyNet,7,0.0010305627974543246,0.0015444005990931952,0.03929886256742293,0.03983219793950736,3.983219793950736,4.200146749994019
5,4,Plain,7,0.008886059284356315,0.006929647281339034,0.08324450300974254,0.08437423641896054,8.437423641896054,4.227640416997019
5,4,ResDyNet,8,0.0010432564560936876,0.0008771077032215064,0.029616004173782573,0.030017930885492847,3.001793088549285,4.775436833995627
5,4,Plain,8,0.0068719386295823,0.004417210480360639,0.06646209807371897,0.06736407297807771,6.736407297807771,4.802906875003828
5,4,ResDyNet,9,0.0008289087519890247,0.0008151043583911144,0.028550032546235646,0.02893749267195673,2.893749267195673,5.341042374988319
5,4,Plain,9,0.005112606395998446,0.006887793491750193,0.08299273155975885,0.08411904811130758,8.411904811130757,5.366719833982643
5,4,ResDyNet,10,0.0007150323085614165,0.0006088243398903391,0.024674366048398066,0.025009228467756703,2.50092284677567,5.913649374997476
5,4,Plain,10,0.004054139453984275,0.002027984359770104,0.04503314734470715,0.045644304228803126,4.564430422880313,5.9394175419874955
5,4,ResDyNet,11,0.0007483636120122982,0.0005371832186576127,0.023177213349702172,0.023491757509460896,2.3491757509460895,6.541966083983425
5,4,Plain,11,0.0021894208953736846,0.002272430386821495,0.04767001559493656,0.04831695812313257,4.8316958123132565,6.571022833988536
5,4,ResDyNet,12,0.0005936731325447763,0.00048044063271734044,0.02191895601339946,0.022216424026399898,2.22164240263999,7.133492541994201
5,4,Plain,12,0.003811733722458609,0.0028054298353179935,0.05296630849245577,0.053685128427747725,5.368512842774773,7.161684499995317
5,4,ResDyNet,13,0.0005346092670467158,0.0014473601138425224,0.0380441863343471,0.038560494159782695,3.8560494159782697,7.737784708995605
5,4,Plain,13,0.0017382928345573963,0.0031597161601594334,0.05621135259144217,0.056974211887898696,5.697421188789869,7.764006084005814
5,4,ResDyNet,14,0.0005463433921927943,0.0018771267092310066,0.04332582035266045,0.04391380664562263,4.391380664562263,8.322965291998116
5,4,Plain,14,0.0032629247071616443,0.0014686586529040666,0.03832308250785767,0.03884317530783844,3.8843175307838442,8.348656874994049
5,4,ResDyNet,15,0.0006217667273418284,0.0006261130563205065,0.025022251224070678,0.025361834886169908,2.5361834886169907,8.918168042000616
5,4,Plain,15,0.0014725703883921393,0.001861790202409784,0.04314846697635715,0.04373404635922674,4.3734046359226735,8.943230749981012
5,4,ResDyNet,16,0.0004591145791305413,0.0005209221561172969,0.02282371915611689,0.023133465951653123,2.3133465951653123,9.501182459003758
5,4,Plain,16,0.005147176117123354,0.005205680620217244,0.07215040277238405,0.07312957518081271,7.312957518081271,9.528824084001826
5,4,ResDyNet,17,0.0004331472823427059,0.00046976972702973474,0.021674171887980744,0.02196831787016193,2.196831787016193,10.057556041982025
5,4,Plain,17,0.006009312342074718,0.0037993897888817974,0.06163919036523595,0.06247571229947833,6.247571229947833,10.083796791994246
5,4,ResDyNet,18,0.00039208287029773755,0.00034608411527752416,0.018603336133003783,0.01885580698203879,1.885580698203879,10.602769333985634
5,4,Plain,18,0.0017985225767183737,0.0010674258261976076,0.032671483379204065,0.033114876816220294,3.3114876816220296,10.628510874987114
5,4,ResDyNet,19,0.0003960990840307628,0.001253288298929982,0.03540181208540012,0.03588225954335483,3.588225954335483,11.20710508400225
5,4,Plain,19,0.0010087783905997198,0.004011891687408802,0.06333949547800963,0.0641990927075846,6.41990927075846,11.232411250006407
5,4,ResDyNet,20,0.0004135131772158645,0.00033591298243052154,0.01832792902732116,0.018576662252883427,1.8576662252883427,11.75315970898373
5,4,Plain,20,0.0051407325969332245,0.0036244162586985215,0.06020312499113746,0.06102015769819627,6.102015769819627,11.77767679200042
5,4,ResDyNet,21,0.0003668141375628836,0.0004445107397048707,0.02108342333931733,0.021369552114983464,2.1369552114983463,12.303730958985398
5,4,Plain,21,0.0013031884199750092,0.002415895298237273,0.04915175783466217,0.04981880948299878,4.981880948299878,12.328741042001639
5,4,ResDyNet,22,0.00031041453367188914,0.00025230818788876517,0.01588421190644236,0.016099780793527987,1.6099780793527987,12.846095458982745
5,4,Plain,22,0.0013036749825377169,0.001251285022103468,0.035373507348063014,0.03585357067485888,3.5853570674858877,12.876768833986716
5,4,ResDyNet,23,0.00030106723237467015,0.00034418200744549865,0.018552142934052086,0.018803919026495492,1.8803919026495493,13.39761037498829
5,4,Plain,23,0.001223818221663839,0.0007515911458650711,0.027415162699956228,0.0277872212035389,2.7787221203538897,13.42275199998403
5,4,ResDyNet,24,0.00036477551514897514,0.0005528436793461824,0.023512628082504566,0.0238317242452892,2.38317242452892,13.942163333995268
5,4,Plain,24,0.0010176581547658961,0.0013114257485856418,0.03621361275246701,0.03670507737434309,3.670507737434309,13.971913666988257
5,4,ResDyNet,25,0.00031811169046491055,0.0005311782544373559,0.02304730471090613,0.023360085845791287,2.3360085845791287,14.48561908400734
5,4,Plain,25,0.0012668800289905183,0.0012423142986502764,0.0352464792376526,0.03572481863199585,3.572481863199585,14.510811666987138
5,4,ResDyNet,26,0.0002819489675484498,0.000659552971055731,0.02568176339459055,0.026030297472703856,2.6030297472703854,15.024296541989315
5,4,Plain,26,0.001049737409076093,0.002662208851687771,0.05159659728788102,0.05229682850616656,5.229682850616656,15.049262499989709
5,4,ResDyNet,27,0.0003473428264832144,0.0002877015856429249,0.016961768352472123,0.01719196104621626,1.7191961046216258,15.574585708993254
5,4,Plain,27,0.0011134605899161454,0.002147672322439167,0.04634298568757916,0.046971918738065895,4.69719187380659,15.599773958994774
5,4,ResDyNet,28,0.00022517187575374811,0.00025352280802564195,0.01592239956870955,0.01613848671077086,1.6138486710770859,16.11479741698713
5,4,Plain,28,0.0010783729778560684,0.0005594241839733052,0.023652149669180292,0.02397313931672459,2.3973139316724588,16.139876875007758
5,4,ResDyNet,29,0.00031180732810206016,0.0003948214664437545,0.01987011490766358,0.020139777550175375,2.0139777550175375,16.656029250007123
5,4,Plain,29,0.001045701784843073,0.0019048299810959146,0.04364435795261415,0.044236667204519554,4.423666720451956,16.68116058400483
5,4,ResDyNet,30,0.0002576929384240313,0.0001810305406072821,0.013454759031929263,0.013637357164439817,1.3637357164439816,17.195639749988914
5,4,Plain,30,0.012828412521750545,0.008203976613738919,0.09057580589616036,0.09180503437717805,9.180503437717805,17.22130758399726
5,4,ResDyNet,31,0.00023445945330913989,0.0002644704593518016,0.016262547750946085,0.016483251134941264,1.6483251134941264,17.73963716698927
5,4,Plain,31,0.00208285816521405,0.0020255890171252365,0.04500654415888023,0.04561734000402789,4.561734000402788,17.764687749993755
5,4,ResDyNet,32,0.00038610510551735004,0.0004539837488744463,0.021306894397693118,0.02159605595884673,2.159605595884673,18.278209708980285
5,4,Plain,32,0.00102919826654735,0.0006781236824109439,0.026040808021467847,0.026394214790217987,2.6394214790217987,18.309125625004526
5,4,ResDyNet,33,0.00024007759512595522,0.0007110596447334305,0.026665701654624258,0.027027589021961212,2.702758902196121,18.823781833983958
5,4,Plain,33,0.0006869408688798402,0.0005608538700800146,0.02368235355871571,0.024003753111321156,2.4003753111321156,18.848833416996058
5,4,ResDyNet,34,0.00040018572409641564,0.00023037343357798138,0.015178057635217405,0.015384043113868586,1.5384043113868586,19.362875958991935
5,4,Plain,34,0.0008008320291912295,0.0016465103677750826,0.040577214884403814,0.04112789911760254,4.112789911760254,19.387934041995322
5,4,ResDyNet,35,0.00038949373879484033,0.0001846377891485738,0.013588148849220555,0.013772557250608872,1.3772557250608872,19.93053370900452
5,4,Plain,35,0.0007509828567676943,0.000526437192149567,0.022944219144472252,0.02325560127757113,2.325560127757113,19.95561370899668
5,4,ResDyNet,36,0.0001915843310902155,0.00016292590487095065,0.01276424321575512,0.012937470173486313,1.2937470173486314,20.471237708989065
5,4,Plain,36,0.004708575190370882,0.006243948044376884,0.07901865630581732,0.08009103961946086,8.009103961946087,20.497304166987306
5,4,ResDyNet,37,0.00018662265031841932,0.00024396701979788023,0.01561944364559379,0.01583141929181466,1.583141929181466,21.012119666993385
5,4,Plain,37,0.007266965517222219,0.0013049799581501347,0.0361245063378053,0.0366147616727017,3.66147616727017,21.037320000003092
5,4,ResDyNet,38,0.00020390499480389896,0.0001793746787455562,0.01339308324268748,0.01357484435657065,1.357484435657065,21.556627874990227
5,4,Plain,38,0.0007368155400064378,0.0005808410165014196,0.02410064348728929,0.02442771976436258,2.442771976436258,21.581738292006776
5,4,ResDyNet,39,0.00017188598845066419,0.00023093107366495015,0.015196416474450488,0.0154026511058179,1.54026511058179,22.096126791991992
5,4,Plain,39,0.0005955476454989474,0.00045244735967606283,0.02127081003807948,0.02155948188874013,2.155948188874013,22.121204833994852
5,4,ResDyNet,40,0.00018382091166963465,0.001044501975195637,0.03231875578043865,0.03275736225689567,3.275736225689567,22.638070541986963
5,4,Plain,40,0.000531173756628178,0.001576708847447505,0.039707793283529434,0.040246678363706746,4.024667836370675,22.663241792004555
5,4,ResDyNet,41,0.00021410462391941283,0.00043068556275991537,0.020752965155849783,0.021034609195146367,2.1034609195146365,23.178095874987775
5,4,Plain,41,0.0009731345466978364,0.002566204324475224,0.05065771732396973,0.0513452067512165,5.13452067512165,23.203153167007258
5,4,ResDyNet,42,0.0002412656725856743,0.0004434479205501705,0.02105820316527909,0.02134398967121969,2.134398967121969,23.727107124985196
5,4,Plain,42,0.0009938851021336077,0.0015763594959783173,0.03970339401081873,0.04024221938728976,4.024221938728976,23.752268334006658
5,4,ResDyNet,43,0.00021421949996857536,0.00013003872933084966,0.011403452518024956,0.011558211821333382,1.1558211821333382,24.266285624995362
5,4,Plain,43,0.0008635732305889711,0.0005204870898428088,0.022814186153417983,0.023123803574025548,2.3123803574025548,24.292544833995635
5,4,ResDyNet,44,0.0001511231990050184,0.000174418315846465,0.013206752660910441,0.013385985032645103,1.3385985032645102,24.80725179199362
5,4,Plain,44,0.0010662930578152485,0.002850558568609232,0.05339062247819585,0.054115200892046245,5.4115200892046245,24.83226712499163
5,4,ResDyNet,45,0.000149947112683686,0.0001248858401764378,0.011175233338791534,0.011326895418594714,1.1326895418594713,25.346086000005016
5,4,Plain,45,0.00447465475362659,0.0005670768599296895,0.023813375651714933,0.024136553340178668,2.413655334017867,25.37666095898021
5,4,ResDyNet,46,0.00021511384847453614,0.00025350707860283744,0.015921905620962507,0.016137986059526866,1.6137986059526865,25.90470916699269
5,4,Plain,46,0.0005472611874530495,0.0012443411792742065,0.03527522047095109,0.035753949920256586,3.5753949920256587,25.932593334000558
5,4,ResDyNet,47,0.00016999571722125427,0.00040372518705338267,0.02009291385173844,0.02036560015829482,2.036560015829482,26.48158424999565
5,4,Plain,47,0.0006896002486329116,0.00048752790351558437,0.022080034046975207,0.0223796880930402,2.2379688093040198,26.507884124992415
5,4,ResDyNet,48,0.0001902015377310082,0.00012983063496925501,0.011394324682457274,0.011548960109468506,1.1548960109468507,27.06092170899501
5,4,Plain,48,0.0005488117131626682,0.0004151587731357442,0.02037544534815728,0.02065196596519808,2.065196596519808,27.088358167005936
5,4,ResDyNet,49,0.00014239756280052314,0.00048308172476576976,0.021979120199993665,0.022277404717257768,2.227740471725777,27.625769000005675
5,4,Plain,49,0.0008394474655555799,0.0013686878936126244,0.0369957821057026,0.03749786175701687,3.7497861757016873,27.650889459007885
5,4,ResDyNet,50,0.00018296539909961788,0.00022977934005891158,0.015158474199566115,0.015364193906175628,1.5364193906175627,28.277619000000414
5,4,Plain,50,0.0009868920379052012,0.00156784650636295,0.039596041549161826,0.04013341001667057,4.013341001667057,28.304823666985612
5,4,ResDyNet,51,0.00032685137477963204,0.0007502125660727526,0.027390008508081053,0.027761725637399766,2.776172563739977,28.865430417004973
5,4,Plain,51,0.0007639809669798689,0.0003235277044937485,0.01798687589587887,0.018230980598199626,1.8230980598199626,28.889720084000146
5,4,ResDyNet,52,0.00023665460740481206,8.927933755651708e-05,0.009448774394413122,0.009577006238241691,0.9577006238241691,29.415543999988586
5,4,Plain,52,0.0007570839188416671,0.00039063563561180523,0.019764504436281857,0.02003273381084719,2.003273381084719,29.441801874985686
5,4,ResDyNet,53,0.00012101152685588303,0.0002994414184472005,0.017304375702324556,0.017539218012023832,1.7539218012023832,29.958170124999015
5,4,Plain,53,0.0007039371612950926,0.0006596940317407065,0.025684509567844713,0.026033080915009554,2.6033080915009554,29.984147124981973
5,4,ResDyNet,54,0.00023490546159860986,8.534932610921975e-05,0.00923846990086669,0.009363847646179705,0.9363847646179705,30.50370549998479
5,4,Plain,54,0.0018878451541250708,0.0010441335208120459,0.032313054959443956,0.03275158406853491,3.2751584068534907,30.529910874989582
5,4,ResDyNet,55,0.00010760357805212432,0.00027523084338344707,0.016590082681633835,0.016815231129753434,1.6815231129753434,31.064856166980462
5,4,Plain,55,0.0006143511305792127,0.001041310882654669,0.032269348965460534,0.032707284928820524,3.2707284928820526,31.0901344169979
5,4,ResDyNet,56,0.0001553053970141831,0.0006500371686277471,0.025495826494305828,0.02584183717302742,2.584183717302742,31.631969374982873
5,4,Plain,56,0.0004948110096595712,0.00047087524745184026,0.021699660076873097,0.021994151966081066,2.199415196608107,31.65711033399566
5,4,ResDyNet,57,0.00019652110122415486,0.00017134348716926648,0.013089823802071075,0.013267469300996643,1.3267469300996644,32.185325333994115
5,4,Plain,57,0.0008210025351247422,0.001492610237621069,0.038634314250690006,0.03915863085987348,3.915863085987348,32.21047550000367
5,4,ResDyNet,58,0.0001326093076340539,0.0002725047877589883,0.016507719035620528,0.01673174970467674,1.6731749704676742,32.73442525000428
5,4,Plain,58,0.0007382320702429816,0.0007320056180157091,0.027055602340655977,0.027422781154459196,2.7422781154459197,32.76008662499953
5,4,ResDyNet,59,0.00011077026020583934,0.00011589905406528954,0.010765642296922628,0.01091174570717544,1.091174570717544,33.31230079199304
5,4,Plain,59,0.0009236905491819776,0.0009918421108957255,0.031493524904267635,0.031920931951844415,3.1920931951844413,33.33753145899391
5,4,ResDyNet,60,0.0001208630562366319,9.644543138138897e-05,0.009820663489876282,0.009953942340059365,0.9953942340059365,33.91796812499524
5,4,Plain,60,0.0006679780889459519,0.0004210735776949481,0.02052007742906805,0.02079856088675228,2.079856088675228,33.94358387499233
5,4,ResDyNet,61,0.00011939273570721241,8.331873061681701e-05,0.009127909432987217,0.00925178673262771,0.925178673262771,34.46266137500061
5,4,Plain,61,0.0010980714969405522,0.0017272750185533877,0.04156049829529704,0.042124526930586624,4.212452693058663,34.488847583997995
5,4,ResDyNet,62,8.844254116222151e-05,0.0001235609314166883,0.01111579648143525,0.011266651927754338,1.1266651927754339,35.01137699998799
5,4,Plain,62,0.0005692768124061284,0.001075753147354115,0.03279867600001737,0.033243795602100876,3.3243795602100876,35.03713204199448
5,4,ResDyNet,63,0.00019149373772272887,0.0008232656876164972,0.028692606845954188,0.029082001885619903,2.9082001885619904,35.56256795898662
5,4,Plain,63,0.000851590146029382,0.0011683960417061445,0.03418180863714125,0.03464569910208109,3.464569910208109,35.59029633400496
5,4,ResDyNet,64,0.00023587839765956684,9.86339024843795e-05,0.009931460239278989,0.010066242741774326,1.0066242741774325,36.128712083998835
5,4,Plain,64,0.0006485401875595742,0.0009471533994667186,0.03077585741237307,0.03119352480251916,3.1193524802519157,36.15431308400002
5,4,ResDyNet,65,7.499250652209397e-05,8.862567191085505e-05,0.009414120878279345,0.009541882429974407,0.9541882429974406,36.75402345898328
5,4,Plain,65,0.0007000297462030139,0.0003723079592484765,0.019295283342010725,0.019557144791639967,1.9557144791639967,36.779648625000846
5,4,ResDyNet,66,0.00010783287951272408,0.0003836511579139782,0.01958701503328106,0.01985283565169911,1.985283565169911,37.32777166698361
5,4,Plain,66,0.0006433558794725127,0.0019380510534958311,0.0440233012562192,0.044620753249024044,4.462075324902404,37.35289054198074
5,4,ResDyNet,67,0.00012297100683564713,0.000276440105113145,0.0166264880571077,0.01685213057231234,1.685213057231234,37.89327054200112
5,4,Plain,67,0.000700745959156229,0.0004812250574813421,0.021936842468353146,0.02223455322321645,2.223455322321645,37.91838787499
5,4,ResDyNet,68,0.00015454211076983056,9.18698257830514e-05,0.009584874844412495,0.00971495374384011,0.9714953743840109,38.43640716699883
5,4,Plain,68,0.000789823859954298,0.0004572973055203791,0.021384510878679902,0.021674725793850973,2.1674725793850973,38.47195441700751
5,4,ResDyNet,69,9.633491792997814e-05,0.00010031921103041374,0.010015947834848868,0.01015187694109495,1.0151876941094948,38.993990958988434
5,4,Plain,69,0.0008225591946696854,0.0026051496179066267,0.05104066631526891,0.05173335284567391,5.173335284567391,39.01912954199361
5,4,ResDyNet,70,0.00018872047857420508,0.0004638289490944081,0.02153668844308261,0.02182896860067118,2.182896860067118,39.5428110419889
5,4,Plain,70,0.0007077566562532487,0.0003063265936059087,0.017502188251927488,0.01773971512863082,1.7739715128630822,39.56798141699983
5,4,ResDyNet,71,0.000146981927722111,0.00023317230026191326,0.01526998036219802,0.015477213348756411,1.5477213348756411,40.11425429198425
5,4,Plain,71,0.0007802053045864785,0.0005256434755516163,0.02292691596250172,0.023238063269491353,2.323806326949135,40.13937512499979
5,4,ResDyNet,72,0.0002032423654184745,0.00011275969244215016,0.010618836680265413,0.010762947752239996,1.0762947752239995,40.67348483399837
5,4,Plain,72,0.0005825215150170046,0.0003489474536128416,0.018680135267519923,0.018933648378144884,1.8933648378144885,40.70120212499751
5,4,ResDyNet,73,8.417454887729835e-05,7.441419441988425e-05,0.008626366234973116,0.00874343695776497,0.874343695776497,41.21935500000836
5,4,Plain,73,0.0005944259917454757,0.0005122363859069237,0.022632639835134645,0.022939793442112843,2.293979344211284,41.2456395420013
5,4,ResDyNet,74,0.00011030736634263917,6.19304151949801e-05,0.007869587993979108,0.007976388276906362,0.7976388276906362,41.76105299999472
5,4,Plain,74,0.001073215832522112,0.0013810819172324987,0.037162910505401735,0.03766725830091704,3.7667258300917044,41.78720345898182
5,4,ResDyNet,75,8.074339869543201e-05,8.504724745802251e-05,0.009222106454494143,0.00934726212710099,0.9347262127100989,42.301973666995764
5,4,Plain,75,0.0005246692267137682,0.0013784289611010214,0.03712719974763813,0.03763106290291108,3.763106290291108,42.33284616700257
5,4,ResDyNet,76,0.00010593182527177926,5.589304370484476e-05,0.007476165039968336,0.007577626074788754,0.7577626074788754,42.89945733398781
5,4,Plain,76,0.0046136047931808226,0.006287294132058083,0.07929245949053468,0.08036855866041065,8.036855866041066,42.925694584002485
5,4,ResDyNet,77,5.4239261107355396e-05,7.205062511350122e-05,0.008488263963467515,0.008603460463405392,0.8603460463405392,43.47051262500463
5,4,Plain,77,0.0018169917219448785,0.0007870005575496751,0.028053530215459067,0.028434252175288676,2.8434252175288677,43.49563799999305
5,4,ResDyNet,78,9.374105815420909e-05,8.199886448381358e-05,0.009055322439527683,0.009178214641670792,0.9178214641670792,44.019374499999685
5,4,Plain,78,0.0004780965181394706,0.00028821038826093995,0.01697676024042691,0.017207156393091182,1.7207156393091183,44.052087458985625
5,4,ResDyNet,79,9.608132834376322e-05,0.00013744339981361795,0.011723625711085199,0.011882730170408237,1.1882730170408238,44.570179542002734
5,4,Plain,79,0.0003425957203518038,0.0005796658581582522,0.024076250915752065,0.024402996154714657,2.440299615471466,44.59534537498257
5,4,ResDyNet,80,0.0001672358258429568,5.774181337874457e-05,0.007598803417561515,0.007701928810596711,0.7701928810596711,45.16322129199398
5,4,Plain,80,0.0004967297611317365,0.0010847048552022236,0.03293485775287672,0.03338182551394213,3.3381825513942127,45.19031641699257
5,4,ResDyNet,81,8.636860667526133e-05,0.0001909381300673308,0.01381803640418315,0.014005564671049842,1.4005564671049842,45.715993291989435
5,4,Plain,81,0.0004656239554837608,0.0007256365370081505,0.02693764163782996,0.027303219575393438,2.730321957539344,45.74104820899083
5,4,ResDyNet,82,0.00024149501171814904,6.0664714888432476e-05,0.0077887556700947085,0.00789445895594065,0.789445895594065,46.25705908398959
5,4,Plain,82,0.0004440002229381884,0.0017046819596261108,0.041287794317765525,0.041848122014457305,4.18481220144573,46.2821041669813
5,4,ResDyNet,83,7.399027139857352e-05,9.915341761550178e-05,0.009957580911823001,0.010092717904949878,1.0092717904949877,46.800103499990655
5,4,Plain,83,0.0007480475426174659,0.001279550229088879,0.03577080134815097,0.03625625645805507,3.6256256458055067,46.82519033399876
5,4,ResDyNet,84,7.703526534344051e-05,5.1210457755934347e-05,0.007156148248599546,0.007253266249974527,0.7253266249974527,47.339561291999416
5,4,Plain,84,0.0006024723413830904,0.001487155487074503,0.03856365500149724,0.03908701267511624,3.9087012675116237,47.36583683398203
5,4,ResDyNet,85,8.701910044236901e-05,0.0001333968194987226,0.011549754088235933,0.011706498889273489,1.170649888927349,47.880848959001014
5,4,Plain,85,0.0007250635581692138,0.0017511170479716464,0.04184635047374677,0.04241425848538454,4.241425848538454,47.905895417003194
5,4,ResDyNet,86,8.407002819945614e-05,9.005155402651406e-05,0.009489549727279691,0.009618334944053569,0.9618334944053569,48.421855541993864
5,4,Plain,86,0.0006930600761738513,0.0005782413348200383,0.02404664913912203,0.02437299264445871,2.4372992644458713,48.45261937499163
5,4,ResDyNet,87,7.464056848090592e-05,7.354538307415702e-05,0.008575860485931251,0.00869224578169805,0.8692245781698049,48.966420416982146
5,4,Plain,87,0.0007774765313719568,0.0034876721744815636,0.05905651678249881,0.0598579885629649,5.98579885629649,48.9914165000082
5,4,ResDyNet,88,0.00013831816258579366,0.00082670899059951,0.028752547549730438,0.029142756060714738,2.914275606071474,49.50459708398557
5,4,Plain,88,0.0008258893568929656,0.00033176326480117096,0.018214369733843962,0.01846156181586966,1.846156181586966,49.52960529198754
5,4,ResDyNet,89,0.00017445123281704356,7.148359640584941e-05,0.008454797242148945,0.008569539556263092,0.8569539556263093,50.04237170898705
5,4,Plain,89,0.0004707033640980765,0.0016816894949480857,0.04100840761292842,0.04156494367794322,4.1564943677943225,50.0674292499898
5,4,ResDyNet,90,5.901139222856249e-05,9.513217978292418e-05,0.009753572667639494,0.009885941010334486,0.9885941010334486,50.602039041987155
5,4,Plain,90,0.006382605855121007,0.0011469268411653955,0.033866308348643424,0.03432591707480596,3.432591707480596,50.627391624992015
5,4,ResDyNet,91,9.603438433278067e-05,8.609031324195737e-05,0.009278486581439744,0.009404407403824937,0.9404407403824937,51.177290749998065
5,4,Plain,91,0.0003743150480848215,0.00024318789730609766,0.015594482912430844,0.01580611980986767,1.580611980986767,51.20637766699656
5,4,ResDyNet,92,0.00019049807712691157,7.12803035824367e-05,0.008442766346549968,0.008557345386162983,0.8557345386162982,51.738335458998336
5,4,Plain,92,0.0004411631156782792,0.001523854261019596,0.03903657593872183,0.039566351748834945,3.9566351748834947,51.76340204200824
5,4,ResDyNet,93,5.4409910480725536e-05,5.2377819658570994e-05,0.007237252217421401,0.007335470902443775,0.7335470902443775,52.33823575000861
5,4,Plain,93,0.0006365873037027512,0.0006847445235577483,0.026167623574901645,0.026522751391436835,2.6522751391436836,52.36339129199041
5,4,ResDyNet,94,8.374677486143438e-05,0.00016574776665094729,0.012874306453201556,0.013049027108558108,1.3049027108558109,52.880426583986264
5,4,Plain,94,0.000585211572518702,0.0006425128176152596,0.025347836547036116,0.02569183881461206,2.569183881461206,52.90549554198515
5,4,ResDyNet,95,9.557772532515901e-05,7.624956893187616e-05,0.008732099915362636,0.008850605578203344,0.8850605578203343,53.41877937500249
5,4,Plain,95,0.0003178766642657595,0.0007831301274807985,0.027984462251056358,0.02836424687107287,2.836424687107287,53.44382670900086
5,4,ResDyNet,96,6.377490019133532e-05,9.550630116007668e-05,0.009772732532924284,0.00990536089927424,0.990536089927424,53.957248124992475
5,4,Plain,96,0.0009561226571907732,0.0005372371238729669,0.023178376213034573,0.023492936154322522,2.349293615432252,53.982289042003686
5,4,ResDyNet,97,6.163363334578231e-05,0.0006199457095070164,0.024898708992777442,0.025236616030221648,2.523661603022165,54.49479570900439
5,4,Plain,97,0.007221503262152047,0.004833188082426401,0.06952113407034152,0.07046462397017067,7.046462397017067,54.519863749999786
5,4,ResDyNet,98,0.00017771026615635095,0.0009675998890846892,0.03110626768168578,0.03152841915794561,3.152841915794561,55.032155499997316
5,4,Plain,98,0.0012411426529466175,0.0006353921385336123,0.025206985907355376,0.025549076653237947,2.5549076653237948,55.05713208398083
5,4,ResDyNet,99,0.00012367539169784886,4.823950468966957e-05,0.006945466484669664,0.007039725267491839,0.7039725267491839,55.57541770898388
5,4,Plain,99,0.0003940958634670467,0.00036813407530885615,0.019186820354317603,0.019447209823738782,1.9447209823738782,55.60157195900683
5,4,ResDyNet,100,5.489066111569207e-05,7.022968325031929e-05,0.008380315223803893,0.00849404672253122,0.8494046722531221,56.114763999998104
5,4,Plain,100,0.00032876463913853273,0.0003308001671480458,0.018187912666055052,0.01843474569213939,1.843474569213939,56.13981383398641
10,0,ResDyNet,0,1.2605666480531275,1.242286672048756,1.114579145708709,1.1301144209515115,113.01144209515115,0.05436466701212339
10,0,Plain,0,1.0097429367086606,0.9755414478352247,0.9876950176219503,1.0014617510242203,100.14617510242203,0.10722595799597912
10,0,ResDyNet,1,0.13494321108978205,0.006552562323362752,0.08094789881993697,0.08207617032343315,8.207617032343315,1.1177852500113659
10,0,Plain,1,0.4074307708221207,0.05605638396266526,0.23676229421651004,0.24006234466329288,24.00623446632929,1.1704783750174101
10,0,ResDyNet,2,0.00443047880207197,0.0026764310593030767,0.051734234886611365,0.052455319236281536,5.245531923628153,2.2065931250108406
10,0,Plain,2,0.05180423393332182,0.04790348449738649,0.21886864667509248,0.22191929110999728,22.191929110999727,2.2632997920154594
10,0,ResDyNet,3,0.002149233606975331,0.001678642402789907,0.040971238726573884,0.04154230581777733,4.154230581777733,3.2811636670085136
10,0,Plain,3,0.039485007246978863,0.027403792304397084,0.1655409082504898,0.16784825769580858,16.78482576958086,3.33802429199568
10,0,ResDyNet,4,0.0014405018248547087,0.0014493341946773448,0.03807012207331814,0.03860075269494172,3.8600752694941716,4.345720000012079
10,0,Plain,4,0.035012271718784356,0.02552939647024965,0.1597792116335841,0.162006253149983,16.200625314998298,4.404233583016321
10,0,ResDyNet,5,0.001092220986329384,0.0010777472485561175,0.032829061036772245,0.03328664047483425,3.3286640474834246,5.421865750016877
10,0,Plain,5,0.031709075594962555,0.037699082739392986,0.194162516308872,0.1968688006892203,19.68688006892203,5.480806833016686
10,0,ResDyNet,6,0.0008800604527931518,0.0010289993357246274,0.03207801951063419,0.032525130749221746,3.2525130749221747,6.500148916995386
10,0,Plain,6,0.028567774671038073,0.02173018949496523,0.14741163283460784,0.14946629202942024,14.946629202942024,6.5589540420041885
10,0,ResDyNet,7,0.0007622548031403467,0.0010792734535544101,0.03285229753844334,0.03331020085251767,3.331020085251767,7.561759792006342
10,0,Plain,7,0.02572702482418049,0.017324075537566392,0.13162095402163895,0.13345551889423599,13.345551889423598,7.61926362500526
10,0,ResDyNet,8,0.0006690813471385236,0.0005818958660322394,0.024122517821161198,0.024458743342106917,2.445874334210692,8.62354425000376
10,0,Plain,8,0.022162839275155548,0.015654150603125864,0.12511654807868489,0.12686045295911916,12.686045295911915,8.676218458014773
10,0,ResDyNet,9,0.0005657605813676432,0.0007829571604372749,0.02798137166825949,0.02837138283275258,2.837138283275258,9.683647249999922
10,0,Plain,9,0.015421038190494469,0.012296388733757905,0.11088908302334322,0.1124346820351516,11.24346820351516,9.735931000002893
10,0,ResDyNet,10,0.0005740528865703488,0.0006422582618033877,0.025342814796375478,0.025696049113386424,2.5696049113386423,10.73995954199927
10,0,Plain,10,0.014175550664744524,0.016925767780376105,0.13009906909880678,0.13191242156916652,13.191242156916653,10.7916640000185
10,0,ResDyNet,11,0.0005087227469319516,0.0004715154633529217,0.021714406815589546,0.022017067499591373,2.201706749959137,11.805650166992564
10,0,Plain,11,0.017531331029829626,0.017958491981575078,0.13400929811611983,0.13587715230964587,13.587715230964587,11.858446625003126
10,0,ResDyNet,12,0.00047737497068138605,0.0004148868875531601,0.020368772362446396,0.020652677266128572,2.0652677266128574,12.9704675420071
10,0,Plain,12,0.02422330544507324,0.019275740819931518,0.13883710174132677,0.14077224703609453,14.077224703609453,13.022386416996596
10,0,ResDyNet,13,0.0004057714518825726,0.0006208234440195109,0.024916328863207576,0.02526361871554371,2.526361871554371,14.057138958014548
10,0,Plain,13,0.018172889090840166,0.00944561997302116,0.09718857943720118,0.0985432174975193,9.85432174975193,14.114937875012401
10,0,ResDyNet,14,0.00045963758781444305,0.0009231786602835742,0.030383855257086357,0.030807352822219938,3.0807352822219936,15.128483208012767
10,0,Plain,14,0.010607903845192052,0.012691832795083716,0.11265803475599828,0.11422828984733573,11.422828984733572,15.180252167017898
10,0,ResDyNet,15,0.0003720927263088832,0.0005749281600480324,0.023977659603223,0.024311866055091825,2.4311866055091826,16.19037341699004
10,0,Plain,15,0.00896767213277222,0.004361831418198289,0.06604416263530251,0.06696470223867669,6.696470223867669,16.24213895801222
10,0,ResDyNet,16,0.00044324419168861455,0.0018574044726846657,0.043097615626443486,0.04369832067609662,4.3698320676096625,17.30477937500109
10,0,Plain,16,0.011288058305760072,0.003725275168182403,0.061035032302624394,0.06188575342900227,6.1885753429002275,17.362484582990874
10,0,ResDyNet,17,0.0006003813242097281,0.00025647006703515923,0.01601468285777646,0.01623789940285505,1.6237899402855052,18.397174582991283
10,0,Plain,17,0.005099557393222535,0.00455968819742639,0.06752546332626226,0.0684666496589782,6.846664965897819,18.450528749992372
10,0,ResDyNet,18,0.0002942310672978084,0.00035038730340899234,0.01871863519087309,0.01897954008127898,1.897954008127898,19.4578075419995
10,0,Plain,18,0.0045693395850980815,0.004670464022448026,0.06834079325299075,0.06929334385254605,6.929334385254606,19.515465708012925
10,0,ResDyNet,19,0.0002872342406349235,0.0005619240438889583,0.023704937120544285,0.024035342300112596,2.4035342300112594,20.517108542000642
10,0,Plain,19,0.00470569876496783,0.003417739663945825,0.05846143740916592,0.059276287143918284,5.927628714391829,20.568834292003885
10,0,ResDyNet,20,0.0003036508491979419,0.00023864555067633,0.015448156869877069,0.0156634770379347,1.5663477037934699,21.57287637499394
10,0,Plain,20,0.0042745114647402965,0.004916037001414798,0.0701144564367064,0.07109172878514165,7.1091728785141655,21.625724208017346
10,0,ResDyNet,21,0.0002560320910514182,0.0006510087829849178,0.02551487375992517,0.025870506276621644,2.5870506276621645,22.63570012501441
10,0,Plain,21,0.0041787863981649935,0.0031603565521778876,0.05621704859006641,0.05700061548753367,5.700061548753367,22.688717375014676
10,0,ResDyNet,22,0.0003006751689061883,0.00034055453763636714,0.018454119801181716,0.01871133781174544,1.8711337811745439,23.697309375012992
10,0,Plain,22,0.003970104505816262,0.009162149694643127,0.0957191187519146,0.09705327511177002,9.705327511177002,23.744796292012325
10,0,ResDyNet,23,0.00024300600975912218,0.0008073611990239956,0.028414102115393258,0.028810144782115726,2.8810144782115725,24.745406750007533
10,0,Plain,23,0.004700015082666807,0.003924352240209746,0.06264465053146794,0.06351780690824252,6.351780690824252,24.797531249991152
10,0,ResDyNet,24,0.00027404449628713523,0.0003899083885682271,0.019746098059318633,0.020021323977104693,2.0021323977104695,25.806993125006557
10,0,Plain,24,0.0066506253401338485,0.00613738468005793,0.07834146207505915,0.07943340442921629,7.943340442921628,25.858876500016777
10,0,ResDyNet,25,0.00028428240372185907,0.00030102630117610204,0.01735010954363407,0.017591939590688953,1.7591939590688954,26.865205417008838
10,0,Plain,25,0.0036698964908220824,0.0029541080084635393,0.054351706582806934,0.05510927388965175,5.510927388965174,26.917061207990628
10,0,ResDyNet,26,0.0002948080167779966,0.0002927485822946485,0.017109897202924645,0.017348379111945537,1.7348379111945538,27.90588541701436
10,0,Plain,26,0.0034871968366740036,0.00371301371240103,0.06093450346397375,0.06178382339494591,6.178382339494591,27.95760245801648
10,0,ResDyNet,27,0.000232119825836842,0.00045709346245587833,0.021379744209318277,0.021677740284510656,2.1677740284510656,28.95238795800833
10,0,Plain,27,0.004498749606778817,0.00417537297219734,0.06461712599765901,0.06551777521726573,6.5517775217265735,29.004115916992305
10,0,ResDyNet,28,0.00031954541860791815,0.0002934448486879527,0.01713023200916884,0.017368997349665398,1.7368997349665398,29.997903250012314
10,0,Plain,28,0.009069369461712773,0.012744753798956133,0.11289266494753383,0.11446619037155227,11.446619037155227,30.049688125000102
10,0,ResDyNet,29,0.00020478342548655533,0.00024009450988240778,0.015494983377932607,0.01571095622524958,1.5710956225249582,31.052320791990496
10,0,Plain,29,0.006224122452916022,0.0043231973341886125,0.06575102534705152,0.06666747913159943,6.666747913159943,31.10426812499645
10,0,ResDyNet,30,0.00021007118022111566,0.0009323195733690411,0.030533908583229914,0.030959497628122213,3.0959497628122215,32.10962350000045
10,0,Plain,30,0.0037206842597526817,0.005939498616074101,0.07706814267954107,0.07814233719824162,7.814233719824163,32.16167320800014
10,0,ResDyNet,31,0.00022379178428898414,0.00014529680391274445,0.012053912390288244,0.012221922753174304,1.2221922753174304,33.17279475001851
10,0,Plain,31,0.009371759746027488,0.004583318056043831,0.0677002072082784,0.06864382916372654,6.864382916372653,33.22591887501767
10,0,ResDyNet,32,0.00018087391460718254,0.00029701656311311174,0.01723416847756548,0.017474382509840028,1.7474382509840027,34.23969945800491
10,0,Plain,32,0.005077019044995614,0.001692198637926488,0.04113634205816662,0.04170971039976549,4.170971039976549,34.29882479200023
10,0,ResDyNet,33,0.00023989038354297324,0.0001662253380347483,0.012892840572765504,0.013072544120719584,1.3072544120719585,35.314963957993314
10,0,Plain,33,0.009509219067861013,0.007317843723612521,0.08554439621396905,0.08673673481619396,8.673673481619396,35.3674762500159
10,0,ResDyNet,34,0.00017732854488291782,0.00016199648228534203,0.012727783871724959,0.012905186819231591,1.290518681923159,36.38637033299892
10,0,Plain,34,0.006209449085599511,0.004293906449971416,0.06552790588727384,0.06644124977851985,6.644124977851986,36.439438458008226
10,0,ResDyNet,35,0.00019141524731893485,0.00024123932636871328,0.015531880966860173,0.01574836810174658,1.574836810174658,37.45393966700067
10,0,Plain,35,0.0038402077219641916,0.005975933717269653,0.0773041636476953,0.07838164788405966,7.838164788405965,37.50734012501198
10,0,ResDyNet,36,0.0001348039104811242,0.0001410185310896891,0.01187512236104071,0.012040640705010281,1.2040640705010281,38.52542908300529
10,0,Plain,36,0.00700643348916789,0.004960190307891803,0.07042861852891766,0.07141026974501086,7.141026974501086,38.58021454201662
10,0,ResDyNet,37,0.0002577258824896988,0.00011089565090538312,0.010530700399564273,0.01067747986321797,1.067747986321797,39.594155124999816
10,0,Plain,37,0.004280025150656033,0.005833821699966882,0.07637945862577765,0.07744405409862153,7.744405409862153,39.65545908300555
10,0,ResDyNet,38,0.0001685808496658732,0.0002853918744013672,0.016893545347302537,0.017129011691534406,1.7129011691534406,40.729302791994996
10,0,Plain,38,0.004672742962500326,0.002070590869470727,0.0455037456641838,0.04613798793956935,4.613798793956935,40.78280074999202
10,0,ResDyNet,39,0.00023153628746344976,0.0001949679117522569,0.01396309105292438,0.014157712012398337,1.4157712012398338,41.83769104199018
10,0,Plain,39,0.003141475974680938,0.0036742260467966287,0.06061539447035405,0.06146026658255316,6.146026658255316,41.891267541999696
10,0,ResDyNet,40,0.00013598460047632458,0.00022431535706912364,0.014977161181917073,0.015185916497511059,1.5185916497511058,42.954588332999265
10,0,Plain,40,0.003485316515584194,0.002315883765773714,0.04812363001451277,0.04879438887523312,4.879438887523312,43.00819354201667
10,0,ResDyNet,41,0.00014459636878650685,0.00018063726724778611,0.013440136429656736,0.013627468320388254,1.3627468320388254,44.041022457997315
10,0,Plain,41,0.002605673297006729,0.0047748068994043595,0.06909997756442733,0.07006310985957921,7.006310985957922,44.09448420800618
10,0,ResDyNet,42,0.00012086876900265076,0.00016210397772612625,0.012732006036996929,0.01290946783407012,1.2909467834070119,45.14116950001335
10,0,Plain,42,0.0035086434181990653,0.0045009009508387285,0.06708875427997399,0.06802385365577777,6.802385365577777,45.19478116699611
10,0,ResDyNet,43,0.00017576317935173721,0.00010395855400444788,0.010196006767575622,0.010338121189975878,1.0338121189975877,46.23047116701491
10,0,Plain,43,0.0013826138551021958,0.0006292523150290142,0.02508490213313606,0.025434541600712172,2.5434541600712173,46.28496287501184
10,0,ResDyNet,44,0.00015026575035642309,7.286912911915283e-05,0.008536341670713096,0.008655323277296815,0.8655323277296815,47.32581679199939
10,0,Plain,44,0.005807058718687854,0.001261845277799421,0.035522461595438745,0.036017582305629424,3.6017582305629423,47.384974999993574
10,0,ResDyNet,45,0.00013926831927440228,7.822917361375171e-05,0.008844725751189334,0.008968005690097987,0.8968005690097987,48.41933866700856
10,0,Plain,45,0.0033586206968825934,0.004791527461041811,0.06922086001374016,0.07018567719787397,7.018567719787397,48.47873154201079
10,0,ResDyNet,46,0.00013904827998931435,0.00010431682417271625,0.010213560797915496,0.010355919892660466,1.0355919892660466,49.50613962500938
10,0,Plain,46,0.0032426616508769183,0.005282110106914709,0.07267812674329677,0.07369113215205171,7.3691132152051715,49.55967062499258
10,0,ResDyNet,47,0.000121314507585469,6.46475777132234e-05,0.008040371739740856,0.0081524403967871,0.81524403967871,50.595532875013305
10,0,Plain,47,0.003151347435842931,0.002027728744122193,0.04503030917195876,0.04565795257435711,4.5657952574357115,50.650035708007636
10,0,ResDyNet,48,9.752127608895702e-05,7.868732497070893e-05,0.008870587633900525,0.008994228042021045,0.8994228042021044,51.69313995799166
10,0,Plain,48,0.002047917843122597,0.0012401833819574329,0.03521623747587798,0.03570708995980436,3.5707089959804357,51.75129587500123
10,0,ResDyNet,49,0.00015429030410702766,0.00016856628098789063,0.012983307782991614,0.013164272284927043,1.3164272284927043,52.83524183300324
10,0,Plain,49,0.0011128860877008826,0.0021626113922250125,0.04650388577554581,0.047152068247077315,4.715206824707732,52.890660750010284
10,0,ResDyNet,50,0.00020982423513623988,0.0005639604336533405,0.023747851137594336,0.024078854463170683,2.4078854463170685,53.95719708301476
10,0,Plain,50,0.007162633094852368,0.001416936137294733,0.03764221217323357,0.038166878482585084,3.8166878482585083,54.010899957997026
10,0,ResDyNet,51,0.0002785578620579594,6.402588139824078e-05,0.008001617423886297,0.008113145913851571,0.8113145913851572,55.13736437499756
10,0,Plain,51,0.005540732012512261,0.005090883267566283,0.07135042584011873,0.0723449254307356,7.234492543073561,55.22064524999587
10,0,ResDyNet,52,6.662630135819893e-05,0.0001186288297479832,0.01089168626742357,0.01104349723990959,1.104349723990959,56.54490999999689
10,0,Plain,52,0.003866332469122088,0.0116229304828643,0.10780969568115988,0.1093123734431636,10.93123734431636,56.610608582996065
10,0,ResDyNet,53,8.157991849342922e-05,0.00011661882907250124,0.010799019819988352,0.01094953918498986,1.094953918498986,57.93128325001453
10,0,Plain,53,0.008599530817570127,0.010657801121261806,0.10323662683980821,0.1046755640559492,10.46755640559492,57.99762683300651
10,0,ResDyNet,54,0.00010881334134392873,0.0001149595506686152,0.010721919169095392,0.010871363886470814,1.0871363886470813,59.131641792017035
10,0,Plain,54,0.005714392508172939,0.004254140219467008,0.06522377035611333,0.0661328751323482,6.61328751323482,59.189131416991586
10,0,ResDyNet,55,9.951966000005346e-05,0.00013613507070014483,0.011667693461012114,0.01183032061051814,1.183032061051814,60.37309016700601
10,0,Plain,55,0.003207886236620939,0.003087924071432283,0.05556909277136242,0.05634362830301999,5.634362830301999,60.43310762499459
10,0,ResDyNet,56,0.00010498202231617685,0.00028881760961506884,0.016994634730263223,0.017231510082903752,1.7231510082903752,61.5977416250098
10,0,Plain,56,0.002953913799854871,0.0032921353705606623,0.05737713281927445,0.058176869252906965,5.817686925290697,61.656294874992454
10,0,ResDyNet,57,0.00010780698080505428,8.38454608683983e-05,0.009156716707881613,0.009284345252633235,0.9284345252633235,62.92500600000494
10,0,Plain,57,0.002755178799746306,0.0007864491870505537,0.028043701379285753,0.028434581310452185,2.8434581310452187,62.983568124996964
10,0,ResDyNet,58,0.0001633974700868412,0.0004861850360920182,0.02204960398946018,0.022356936733204682,2.235693673320468,64.07057833299041
10,0,Plain,58,0.0008723105609778492,0.0006887729548070601,0.026244484273977645,0.026610286279489238,2.661028627948924,64.12649395799963
10,0,ResDyNet,59,0.00014021362015791393,0.0001684143256774588,0.012977454514559426,0.0131583374322157,1.31583374322157,65.28706200001761
10,0,Plain,59,0.002182018733444108,0.005177697014517163,0.07195621595468431,0.0729591591952702,7.29591591952702,65.34730766699067
10,0,ResDyNet,60,0.0002443224146199073,0.00035589559420208994,0.018865195313118015,0.019128142994156997,1.9128142994156998,66.53912433300866
10,0,Plain,60,0.00332066089623615,0.002938964335071307,0.054212215736596736,0.05496783878609736,5.496783878609736,66.60175450000679
10,0,ResDyNet,61,0.00010211487077247964,5.575887638742048e-05,0.007467186644742481,0.007571266108513258,0.7571266108513258,67.73798104200978
10,0,Plain,61,0.006438665415587972,0.005847467637907931,0.07646873634308292,0.07753457619046648,7.753457619046649,67.79536287501105
10,0,ResDyNet,62,6.235612151259714e-05,0.00015605220607683214,0.012492085737651345,0.012666203467234112,1.2666203467234112,69.04057187499711
10,0,Plain,62,0.003450879282131216,0.005588259791118736,0.0747546640091355,0.07579661269939804,7.579661269939804,69.10881041700486
10,0,ResDyNet,63,0.00014415607432475118,0.00018167328491948802,0.0134786232575693,0.013666491587069788,1.366649158706979,70.3380072080181
10,0,Plain,63,0.0029520496709453873,0.0036341669741224675,0.06028405240295701,0.06112430618882519,6.112430618882518,70.40568412499852
10,0,ResDyNet,64,8.963429139906513e-05,4.918972796316607e-05,0.007013538904373888,0.00711129531559426,0.711129531559426,71.56174466700759
10,0,Plain,64,0.0030326766151767444,0.0025938550916481565,0.050929903707430633,0.051639777093480096,5.16397770934801,71.62065895801061
10,0,ResDyNet,65,0.00010987324084797363,6.608803248879773e-05,0.008129454624315073,0.008242764940275007,0.8242764940275007,72.71210324999993
10,0,Plain,65,0.0029074104406520713,0.0007842533109474035,0.028004523044454867,0.0283948568984607,2.8394856898460703,72.7677970000077
10,0,ResDyNet,66,7.014021857146693e-05,0.0003760507503272106,0.019392028009654137,0.019662318812964076,1.9662318812964077,73.82407495801453
10,0,Plain,66,0.0017672774836666706,0.0005561318411074486,0.023582447733588825,0.023911145626287465,2.3911145626287467,73.87882895799703
10,0,ResDyNet,67,9.809654257306348e-05,0.00014138546151965323,0.01189056186728168,0.012056295410844738,1.2056295410844737,74.93981479201466
10,0,Plain,67,0.0010182983916375836,0.0022991013033847436,0.047948944757781095,0.048617268812902736,4.861726881290274,75.00029200001154
10,0,ResDyNet,68,9.111193800411492e-05,0.000224583693290934,0.01498611668481645,0.015194996824388183,1.5194996824388183,76.04981979200966
10,0,Plain,68,0.00216527506483635,0.0008064012880903209,0.02839720563876525,0.028793012798286586,2.879301279828659,76.1032352920156
10,0,ResDyNet,69,7.548010183306431e-05,5.28467271187227e-05,0.007269575442811135,0.0073709005535825,0.73709005535825,77.1806902080134
10,0,Plain,69,0.003931416406620236,0.002263096996322377,0.04757201904820077,0.04823508942109898,4.823508942109898,77.23537641699659
10,0,ResDyNet,70,0.00014752851388158083,5.6728602493281905e-05,0.007531839250361223,0.007636819857875195,0.7636819857875194,78.357026667014
10,0,Plain,70,0.0021211220644483724,0.012308463944703673,0.11094351691155131,0.11248987463613401,11.248987463613402,78.41314937500283
10,0,ResDyNet,71,7.182183299688766e-05,6.093989568908276e-05,0.007806400943397845,0.007915208458573669,0.7915208458573668,79.51310870799352
10,0,Plain,71,0.007590027437945382,0.015702018548872685,0.12530769548943385,0.1270542646289738,12.705426462897378,79.569025875011
10,0,ResDyNet,72,5.828904388226398e-05,4.2725879663232855e-05,0.006536503626804842,0.006627611004292532,0.6627611004292532,80.66313362499932
10,0,Plain,72,0.0043908256552433154,0.002818494325572871,0.05308949355167057,0.05382946782626707,5.382946782626707,80.71994383301353
10,0,ResDyNet,73,0.00012184721283276807,6.142932470686713e-05,0.00783768618323464,0.007946929759693121,0.7946929759693121,81.81307999999262
10,0,Plain,73,0.0026266612656192035,0.002037833317146856,0.045142367208054736,0.04577157250261717,4.577157250261717,81.86917474999791
10,0,ResDyNet,74,0.00010213916207337891,7.249042775222214e-05,0.008514131062664127,0.008632803092390357,0.8632803092390358,82.95889154201723
10,0,Plain,74,0.0020221652328825846,0.010143868145106706,0.1007167719156383,0.10212058678091743,10.212058678091744,83.0178807080083
10,0,ResDyNet,75,8.271030208536939e-05,0.0002525978642343675,0.015893327663971682,0.01611485273084062,1.6114852730840619,84.11735924999812
10,0,Plain,75,0.006462907094366647,0.005287882297719778,0.07271782654700139,0.07373138530127694,7.373138530127695,84.17321595799876
10,0,ResDyNet,76,0.00013034740740600173,7.923805405908798e-05,0.008901575931209483,0.009025648261755479,0.9025648261755479,85.27716125000734
10,0,Plain,76,0.0036504814609636675,0.0019541341194441947,0.044205589233084486,0.04482173748837017,4.482173748837017,85.33280629198998
10,0,ResDyNet,77,5.646497120156649e-05,0.0001403582239276151,0.011847287619012848,0.01201241799557752,1.201241799557752,86.4518792500021
10,0,Plain,77,0.0011898055599714559,0.002299771250327328,0.04795593029362821,0.04862435171484765,4.862435171484765,86.50834525001119
10,0,ResDyNet,78,0.00015963656719200948,3.8513437994420845e-05,0.0062059195929709595,0.006292419209783906,0.6292419209783906,87.61434787500184
10,0,Plain,78,0.0087468885877,0.0029612703358128894,0.054417555400926354,0.055176040524615166,5.517604052461516,87.67129283299437
10,0,ResDyNet,79,7.453724867759503e-05,5.741125223461071e-05,0.007577021329956166,0.007682631696285609,0.7682631696285609,88.76499854199938
10,0,Plain,79,0.0022070344951123874,0.0009209114248207189,0.030346522450203726,0.030769499661594157,3.0769499661594155,88.82081270799972
10,0,ResDyNet,80,7.274322041594891e-05,0.00014786123722533706,0.012159820608271203,0.012329307145660592,1.2329307145660593,89.88889125001151
10,0,Plain,80,0.0007688953013202391,0.0005624917949661768,0.02371690947333098,0.024047481526464583,2.4047481526464582,89.94459837500472
10,0,ResDyNet,81,0.00017373276110254788,0.00013134161696648296,0.011460437032089262,0.011620175391075967,1.1620175391075966,91.00828574999468
10,0,Plain,81,0.007780360178152448,0.002001429491335628,0.044737338894212594,0.04536089880561772,4.536089880561772,91.06419599999208
10,0,ResDyNet,82,5.924901423830279e-05,4.2908851552866344e-05,0.006550484833420069,0.006641787084366345,0.6641787084366345,92.12626737501705
10,0,Plain,82,0.0018391709500485854,0.0029648453729371593,0.05445039368945977,0.05520933652120173,5.520933652120173,92.18210858301609
10,0,ResDyNet,83,5.3571072011219076e-05,0.0001045631471827857,0.010225612313342692,0.010368139385041093,1.0368139385041093,93.25876566700754
10,0,Plain,83,0.005394706617545968,0.0007595922274997916,0.027560700780273926,0.027944848531606403,2.79448485316064,93.31467137500294
10,0,ResDyNet,84,0.00021744688527901748,0.0001300925793753456,0.011405813402618228,0.011564790404170728,1.1564790404170728,94.39436108301743
10,0,Plain,84,0.0008488860970496066,0.0004148993499649408,0.020369078279709685,0.020652987447341085,2.0652987447341085,94.45026870799484
10,0,ResDyNet,85,5.062181808170343e-05,0.00021559473125888412,0.014683144460873637,0.014887801699893176,1.4887801699893175,95.53979854201316
10,0,Plain,85,0.0014570803787008907,0.0014060951875409188,0.037497935777065367,0.03802059112691334,3.802059112691334,95.60490966701764
10,0,ResDyNet,86,7.657442924017485e-05,8.657869924492724e-05,0.009304767554588735,0.009434459668053606,0.9434459668053606,96.71486525001819
10,0,Plain,86,0.0029976875422526752,0.0026121385934543594,0.051109085233981236,0.05182145609573182,5.182145609573182,96.77333962501143
10,0,ResDyNet,87,4.87721705707028e-05,2.831714910799243e-05,0.005321386013811855,0.005395556786444785,0.5395556786444785,97.87691658301628
10,0,Plain,87,0.0018054940207951813,0.0004685152945387953,0.021645214125501168,0.02194691038495813,2.194691038495813,97.93666595799732
10,0,ResDyNet,88,5.870592168421052e-05,0.0007144255803529393,0.026728740717679524,0.027101292407293833,2.7101292407293833,99.0442645830044
10,0,Plain,88,0.004013656718561782,0.009844708089141306,0.0992205023628751,0.10060346185917562,10.060346185917563,99.1001387500146
10,0,ResDyNet,89,0.000250183281463273,3.178389731304903e-05,0.005637720932526639,0.005716300858201831,0.5716300858201832,100.17550124999252
10,0,Plain,89,0.0025430028864942833,0.0005065181821825993,0.02250595881500274,0.02281965234330927,2.281965234330927,100.23140554199927
10,0,ResDyNet,90,3.262202157424894e-05,0.00010235532605109345,0.010117080905631497,0.010258095240170071,1.025809524017007,101.29514041700168
10,0,Plain,90,0.0008018381044995755,0.00046009171440121666,0.021449748585967543,0.021748720399189504,2.1748720399189505,101.35102870801347
10,0,ResDyNet,91,5.8741018975415e-05,6.947754403754253e-05,0.008335319072329657,0.008451498777040429,0.8451498777040428,102.42570441699354
10,0,Plain,91,0.0059481137477613594,0.006176264994223479,0.07858921678082484,0.07968461240033471,7.968461240033471,102.48159970800043
10,0,ResDyNet,92,4.724300181798485e-05,0.00011872977111181238,0.010896319154274638,0.01104819470106449,1.104819470106449,103.57593537500361
10,0,Plain,92,0.007116332901421978,0.0017375773495826924,0.04168425781494367,0.04226526313963537,4.226526313963537,103.63190366700292
10,0,ResDyNet,93,5.924476583607108e-05,0.00042182230201578264,0.020538313027505025,0.02082458103021581,2.082458103021581,104.74015691701788
10,0,Plain,93,0.000885099612920422,0.0005718546105890435,0.02391348177470281,0.024246793700387122,2.4246793700387124,104.7989055000071
10,0,ResDyNet,94,8.584837709238678e-05,0.00021434184672615444,0.014640418256530598,0.014844479967321295,1.4844479967321296,105.9309191670036
10,0,Plain,94,0.0008892189991962159,0.004471351121161785,0.06686816223855553,0.06780018694882928,6.780018694882928,105.99340316699818
10,0,ResDyNet,95,5.790878376787559e-05,3.427382794167739e-05,0.005854385359854388,0.005935985207019068,0.5935985207019068,107.10772179201012
10,0,Plain,95,0.0061604312946594636,0.0022744519709112744,0.047691214818992335,0.04835594657153698,4.835594657153698,107.16659754200373
10,0,ResDyNet,96,7.90809648861472e-05,0.00011210753585231428,0.010588084616790436,0.010735663915621953,1.0735663915621954,108.33762091700919
10,0,Plain,96,0.004512583223216996,0.007627699791246722,0.08733670357442352,0.08855402379259877,8.855402379259877,108.3978077500069
10,0,ResDyNet,97,0.00024834356531735477,0.00010420046188632996,0.010207862748211791,0.010350142422153999,1.0350142422153998,109.60653866699431
10,0,Plain,97,0.006580567274936314,0.010792008599794027,0.10388459269686737,0.1053325614187351,10.53325614187351,109.67873533300008
10,0,ResDyNet,98,4.461224183464604e-05,9.171718081222415e-05,0.009576908729450445,0.009710394012806082,0.9710394012806082,111.03118041699054
10,0,Plain,98,0.0083170736791297,0.002826111283199619,0.053161182108749414,0.05390215559589198,5.3902155595891985,111.09754454198992
10,0,ResDyNet,99,4.6605363762760316e-05,3.099920970218775e-05,0.005567693391539062,0.00564529725631449,0.564529725631449,112.456195708015
10,0,Plain,99,0.0027461334186601643,0.003857433108425116,0.06210823704167682,0.06297391675675362,6.297391675675362,112.52373250000528
10,0,ResDyNet,100,4.7433153489317364e-05,7.315435065467081e-05,0.008553031664542745,0.008672245900320131,0.8672245900320131,113.91132445799303
10,0,Plain,100,0.0012883496286120403,0.0017797172026032633,0.042186694615758455,0.042774703026792496,4.27747030267925,113.97774229201605
10,1,ResDyNet,0,0.9676942921521419,0.9409372183732624,0.9700191845387709,0.9835395478800628,98.35395478800628,0.0753455420199316
10,1,Plain,0,0.9937860453620077,0.9580109717020523,0.9787803490579755,0.9924228276413993,99.24228276413993,0.1489809589984361
10,1,ResDyNet,1,0.1722225928082467,0.008506612701093746,0.09223130000760991,0.09351684230143116,9.351684230143116,1.3672660840093158
10,1,Plain,1,0.42285799182238504,0.07265436718230135,0.26954474059476907,0.273301720753165,27.3301720753165,1.430239834007807
10,1,ResDyNet,2,0.0058984206480468294,0.003517590442081887,0.059309277875235406,0.06013594501663232,6.013594501663231,2.587633209011983
10,1,Plain,2,0.05340488269367704,0.029229531030722906,0.17096646171317612,0.1733494338423679,17.33494338423679,2.647500167018734
10,1,ResDyNet,3,0.0029468869031420352,0.002243198833644232,0.04736242005687877,0.04802256898805313,4.802256898805313,3.782404500001576
10,1,Plain,3,0.04122804423363354,0.03207364296354251,0.17909115825060298,0.18158737437638228,18.15873743763823,3.8417646670131944
10,1,ResDyNet,4,0.0019340649586361577,0.0019123773488639551,0.04373073688910301,0.044340266536915335,4.434026653691533,4.969678584020585
10,1,Plain,4,0.035063675742430175,0.04010412389104654,0.20026014054485866,0.20305141509499253,20.305141509499254,5.0292553339968435
10,1,ResDyNet,5,0.0015809567764180031,0.001530195426311812,0.039117712437102097,0.039662944628031674,3.9662944628031673,6.203580458997749
10,1,Plain,5,0.03318750542323858,0.028799383793740446,0.169703811959957,0.17206918496976184,17.206918496976183,6.265536749997409
10,1,ResDyNet,6,0.001192872443343889,0.0016542699757434115,0.040672717830794285,0.041239624065140215,4.123962406514021,7.417146084015258
10,1,Plain,6,0.023887788274684647,0.024499470140476105,0.1565230658416711,0.15870472240599834,15.870472240599835,7.475844875007169
10,1,ResDyNet,7,0.0011747739205866812,0.0009414024310793962,0.030682282038326226,0.031109939148525972,3.1109939148525974,8.596103667019634
10,1,Plain,7,0.0200713185705389,0.017694555384068382,0.1330208832629989,0.1348749606898804,13.487496068988039,8.655391625012271
10,1,ResDyNet,8,0.0008126588328245801,0.0009509628421217692,0.030837685420954816,0.031267508581301916,3.1267508581301917,9.834910459001549
10,1,Plain,8,0.019185618420640607,0.01796614024926399,0.1340378314106282,0.1359060833081535,13.590608330815352,9.898817917011911
10,1,ResDyNet,9,0.0008109034030098514,0.0009313213294069284,0.030517557723496295,0.030942918866128447,3.0942918866128446,11.313656917016488
10,1,Plain,9,0.027731302664872386,0.024947547055845405,0.15794792513941233,0.16014944173921386,16.014944173921386,11.377140750002582
10,1,ResDyNet,10,0.0007215367172909732,0.003313632635880612,0.057564161036886594,0.058366504315308876,5.836650431530888,12.592402750015026
10,1,Plain,10,0.026666668282407626,0.05401704860549262,0.23241568063599455,0.2356551469254231,23.565514692542312,12.65625950001413
10,1,ResDyNet,11,0.0009752371295401495,0.0005968681833569029,0.024430885848796047,0.024771409478318292,2.4771409478318294,13.84010225001839
10,1,Plain,11,0.025530346034913817,0.030065413891390266,0.1733938115717809,0.1758106166937298,17.58106166937298,13.899995709012728
10,1,ResDyNet,12,0.0004918045591591789,0.0007067461952496838,0.026584698517186228,0.026955242511573278,2.6955242511573276,15.206833167001605
10,1,Plain,12,0.01805492960267356,0.013284783629814225,0.11525963573521401,0.11686615257381244,11.686615257381245,15.268947875010781
10,1,ResDyNet,13,0.0005175864699203607,0.0008479885181665862,0.029120242412565632,0.029526127434511454,2.9526127434511453,16.411258584004827
10,1,Plain,13,0.015418862526178655,0.01559938767735627,0.12489750869155185,0.1266383605477292,12.66383605477292,16.469957875000546
10,1,ResDyNet,14,0.00047018721952000965,0.0006255885830666341,0.025011768891196683,0.025360389009857733,2.536038900985773,17.57921525000711
10,1,Plain,14,0.015007954295076063,0.014468279961779585,0.12028416338728712,0.12196071331446481,12.19607133144648,17.639433500007726
10,1,ResDyNet,15,0.0005430927573524472,0.0004438015399752289,0.021066597731366803,0.021360229094779835,2.1360229094779837,18.76467445900198
10,1,Plain,15,0.01417499547239854,0.015347838294558741,0.12388639269330082,0.12561315136875098,12.561315136875098,18.824287459021434
10,1,ResDyNet,16,0.0004518280558574742,0.0003461698197578873,0.018605639461138853,0.018864969389578656,1.8864969389578656,19.953877084015403
10,1,Plain,16,0.014346888662889551,0.013007212565452734,0.11404916731591132,0.11563881235124751,11.56388123512475,20.013772834005067
10,1,ResDyNet,17,0.00042040475781190636,0.0003194351577184589,0.017872749025218782,0.01812186374849467,1.812186374849467,21.130663250020007
10,1,Plain,17,0.014272051948624223,0.01213858233657397,0.11017523467900565,0.11171088389895438,11.171088389895438,21.19057120900834
10,1,ResDyNet,18,0.0003391065184922367,0.000632502852016405,0.02514960938099049,0.025500150753926566,2.5500150753926567,22.348386875004508
10,1,Plain,18,0.013291631042497316,0.011991395781797951,0.10950523175537298,0.1110315423116008,11.10315423116008,22.40736866701627
10,1,ResDyNet,19,0.00037934253004057124,0.0026446008917835532,0.05142568319219058,0.05214246687329189,5.214246687329189,23.615031958994223
10,1,Plain,19,0.019335820234737944,0.020132924472560286,0.14189053693802237,0.14386824175527838,14.386824175527838,23.679950000019744
10,1,ResDyNet,20,0.0005095393899550733,0.0002895298061250415,0.017015575398000547,0.0172527426267616,1.72527426267616,24.88020037501701
10,1,Plain,20,0.013675027815942792,0.012058272313600533,0.10981016489196495,0.11134072568042243,11.134072568042242,24.94505616699462
10,1,ResDyNet,21,0.0002922657415760131,0.00023252025492344114,0.01524861485261665,0.01546115375550116,1.546115375550116,26.311746834020596
10,1,Plain,21,0.016286932712922007,0.01189572120824144,0.10906750757325226,0.11058771702335778,11.058771702335777,26.389848209015327
10,1,ResDyNet,22,0.000289892191356777,0.00046935167324086774,0.021664525686958112,0.021966491115656,2.1966491115656,27.801839499996277
10,1,Plain,22,0.012492512935537884,0.012572417552752678,0.11212679230564246,0.11368964281048757,11.368964281048758,27.865783292014385
10,1,ResDyNet,23,0.0002761730280303889,0.0002970652349740375,0.01723558049425773,0.017475814207564392,1.7475814207564393,29.07276316700154
10,1,Plain,23,0.011208340559044147,0.008679751027759816,0.09316518141322871,0.09446374037323853,9.446374037323853,29.135038334003184
10,1,ResDyNet,24,0.00032647359179942677,0.0011784075944306568,0.03432794189039968,0.03480641309438689,3.4806413094386888,30.432526334014256
10,1,Plain,24,0.006645099335775087,0.006620808806420231,0.08136835260972308,0.08250248450041235,8.250248450041235,30.494923459016718
10,1,ResDyNet,25,0.0003129957065789319,0.0003130787383026324,0.017694031149024025,0.017940654859070225,1.7940654859070224,31.72191170899896
10,1,Plain,25,0.005573938270308553,0.0057100805688036155,0.07556507505986886,0.07661831945648068,7.661831945648068,31.78422058399883
10,1,ResDyNet,26,0.00034379835169697415,0.0045395467439705,0.06737615857238004,0.06831526385911953,6.831526385911952,33.046992084011436
10,1,Plain,26,0.005895117895547315,0.020519890679704934,0.14324765505831127,0.1452442757180329,14.524427571803288,33.10928166701342
10,1,ResDyNet,27,0.0005453426622897439,0.0005901594005951134,0.024293196590714723,0.024631801073866335,2.4631801073866333,34.28852662499412
10,1,Plain,27,0.00642485865060393,0.006001403380238895,0.07746872517499494,0.07854850310995469,7.854850310995469,34.36911679201876
10,1,ResDyNet,28,0.0002703043178804957,0.00025990679301025627,0.016121625011463837,0.016346332142293103,1.6346332142293103,35.778053250018274
10,1,Plain,28,0.011359240120166559,0.0062942451212084785,0.07933627872044717,0.08044208707098664,8.044208707098663,35.85009300001548
10,1,ResDyNet,29,0.00019399973695720705,0.00018776316958581858,0.013702670162629564,0.013893661312389888,1.3893661312389889,37.18809758400312
10,1,Plain,29,0.007336164573996278,0.006375239140445017,0.07984509465486916,0.08095799500566685,8.095799500566685,37.25184758400428
10,1,ResDyNet,30,0.0002675751889191078,0.0002577225241129911,0.016053738633508115,0.01627749954748877,1.627749954748877,38.637156834010966
10,1,Plain,30,0.011156953719633007,0.009649531754523858,0.09823203018630867,0.09960121211697653,9.960121211697654,38.71370104199741
10,1,ResDyNet,31,0.00020789978090853518,0.00018114174356010564,0.01345889087406929,0.013646484168808856,1.3646484168808857,40.10764566701255
10,1,Plain,31,0.0045985158113754105,0.0036092920995452167,0.06007738426017911,0.06091475745520335,6.091475745520334,40.1971910840075
10,1,ResDyNet,32,0.00019267314010288906,0.0002663910029268183,0.016321488992332114,0.01654898187594158,1.654898187594158,41.646991792018525
10,1,Plain,32,0.0042708087347532635,0.0064307529065796626,0.08019197532533827,0.0813097105832961,8.13097105832961,41.71783675000188
10,1,ResDyNet,33,0.00021567401366934407,0.0003144349273700014,0.017732313085720132,0.01797947037871169,1.797947037871169,43.1920787919953
10,1,Plain,33,0.010265606451792418,0.005017219374443968,0.07083233283214642,0.07181961111639737,7.181961111639737,43.25703412501025
10,1,ResDyNet,34,0.0002671527521895491,0.00019136588758991176,0.013833505976068097,0.014026320747220595,1.4026320747220595,44.483706458995584
10,1,Plain,34,0.004431313517413446,0.0031558827197859488,0.05617724378950918,0.056960255877984166,5.696025587798417,44.548394500016
10,1,ResDyNet,35,0.00019603948333540272,0.00040113245333284523,0.02002829132334671,0.020307450519487402,2.03074505194874,45.715562708996
10,1,Plain,35,0.010863052075767229,0.0032775906678262044,0.05725024600668721,0.05804821386106197,5.804821386106197,45.77394687500782
10,1,ResDyNet,36,0.0002565903407371248,0.0001261951018630108,0.011233659326462182,0.011390236802626512,1.1390236802626512,46.91712225001538
10,1,Plain,36,0.00427509330391394,0.002647583264796923,0.05145467194334177,0.052171859676707844,5.217185967670784,46.97698054200737
10,1,ResDyNet,37,0.00031929360404191063,0.0028410563309394427,0.05330156030492394,0.05404449041751034,5.404449041751034,48.13121104199672
10,1,Plain,37,0.011785977538966737,0.009839590207377687,0.09919470856541535,0.1005773085414928,10.05773085414928,48.189881416998105
10,1,ResDyNet,38,0.0007790386274926916,0.000204994577796527,0.01431763171046549,0.014517194343862623,1.4517194343862623,49.44776112501859
10,1,Plain,38,0.005042965710259189,0.0012587583030070496,0.035478983962439654,0.035973498670806105,3.5973498670806103,49.51011537501472
10,1,ResDyNet,39,0.00013726090936596434,0.0002629973274919877,0.016217192343065668,0.01644323151460857,1.644323151460857,50.687868167005945
10,1,Plain,39,0.0018476880007902577,0.003864282366905491,0.062163352281754326,0.06302980020645355,6.302980020645355,50.74640958401142
10,1,ResDyNet,40,0.0001645899787993265,0.00027232307508042293,0.016502214247803928,0.01673222612398372,1.6732226123983718,51.86123820900684
10,1,Plain,40,0.008685502889656558,0.009189297380908144,0.09586082297220354,0.09719695443994943,9.719695443994942,51.919602625013795
10,1,ResDyNet,41,0.00014463357468804002,0.00022112930227667483,0.014870417017578049,0.015077684507045058,1.5077684507045057,53.02192616701359
10,1,Plain,41,0.0037184976921810914,0.012834041360179113,0.11328742807646007,0.11486645580499155,11.486645580499156,53.07975637499476
10,1,ResDyNet,42,0.00013758459098796178,0.00014833509022215796,0.012179289397257872,0.01234904729536374,1.234904729536374,54.17763445901801
10,1,Plain,42,0.00513841384009233,0.002506454077060383,0.05006449916917558,0.05076231033627009,5.07623103362701,54.23428558401065
10,1,ResDyNet,43,0.00012737699910877272,0.0001362794791858314,0.011673880211216466,0.011836593593151703,1.1836593593151703,55.33306391700171
10,1,Plain,43,0.00335649855517881,0.002107936227827981,0.04591226663788209,0.04655220297796757,4.655220297796757,55.390343625011155
10,1,ResDyNet,44,0.00014205710537199792,0.000140310632310911,0.011845278903888713,0.012010381282493385,1.2010381282493385,56.48794595900108
10,1,Plain,44,0.0038312157882145967,0.0033971452782805512,0.05828503477120479,0.05909742576308112,5.909742576308112,56.55584537499817
10,1,ResDyNet,45,0.00013863524660423594,0.0007399442889149213,0.02720191700808826,0.02758106394393355,2.758106394393355,57.74896500000614
10,1,Plain,45,0.006025633795727009,0.004514248932083274,0.0671881606541158,0.06812464558014196,6.812464558014196,57.807793959014816
10,1,ResDyNet,46,0.00015430619574905227,0.0006902496338426217,0.026272602342414082,0.02663879626440297,2.663879626440297,58.93368683400331
10,1,Plain,46,0.00491579811662773,0.003815332145846214,0.06176837496523778,0.06262931760002523,6.262931760002523,58.99228387500625
10,1,ResDyNet,47,0.0002558692642778704,9.133038530534485e-05,0.00955669322021717,0.009689896734887899,0.9689896734887898,60.17483995901421
10,1,Plain,47,0.0034242893874264586,0.0017453789109448893,0.04177773223793854,0.042360040431874635,4.236004043187464,60.23464220901951
10,1,ResDyNet,48,0.00015469153670591058,0.00010740378964994052,0.01036357996302149,0.010508030061380326,1.0508030061380327,61.36632766699768
10,1,Plain,48,0.0030520338293552815,0.0034651497111394046,0.058865522261672014,0.05968600422938809,5.96860042293881,61.4250358340214
10,1,ResDyNet,49,0.0001090353978090226,0.00011736109530800742,0.010833332603959292,0.010984330228890019,1.0984330228890018,62.56642504199408
10,1,Plain,49,0.003025322454836959,0.003638204194173306,0.06031752808407608,0.06115824846213031,6.115824846213031,62.626142916997196
10,1,ResDyNet,50,0.00015070768839815275,0.00013942057778635155,0.011807649121918874,0.011972227007469393,1.1972227007469394,63.798786708997795
10,1,Plain,50,0.0034177587208984255,0.006707956581053789,0.08190211585211817,0.08304368746471236,8.304368746471235,63.86348887500935
10,1,ResDyNet,51,0.0001451964423924292,9.373843533386801e-05,0.009681861150309274,0.009816809286035438,0.9816809286035437,65.01153591700131
10,1,Plain,51,0.008767884748996823,0.0016567373961542992,0.04070303915132504,0.04127036801161187,4.1270368011611875,65.07016495900461
10,1,ResDyNet,52,0.0001397632901270939,0.0002687289887407594,0.0163929554608301,0.016621444461460976,1.6621444461460977,66.2030159170099
10,1,Plain,52,0.0038680254527254272,0.019261920673374344,0.13878732173139713,0.140721773180278,14.072177318027801,66.26153416701709
10,1,ResDyNet,53,0.00020744782335527728,0.00015333034909625234,0.01238266324730881,0.012555255819605286,1.2555255819605287,67.37801899999613
10,1,Plain,53,0.002825574240741046,0.0026138382096893022,0.05112570986978374,0.05183831244975192,5.183831244975192,67.43674958401243
10,1,ResDyNet,54,0.00010515908704723185,0.000484137427004156,0.022003123119324584,0.02230980800139514,2.230980800139514,68.56208091700682
10,1,Plain,54,0.0018649263225472177,0.020450945340246673,0.14300680172721392,0.14500006531462162,14.500006531462162,68.62068449999788
10,1,ResDyNet,55,0.000157227937724161,8.713176782977867e-05,0.009334439877666932,0.009464545571188355,0.9464545571188355,69.73761141701834
10,1,Plain,55,0.007792642618993605,0.005567551414057573,0.07461602652284277,0.07565604285009922,7.565604285009922,69.79703583399532
10,1,ResDyNet,56,7.860622494934311e-05,8.211772367254675e-05,0.009061883009206573,0.00918818973879874,0.918818973879874,70.92937437500223
10,1,Plain,56,0.0031794514688917946,0.003332873163321427,0.05773104159220953,0.058535710892403885,5.853571089240388,70.99015908400179
10,1,ResDyNet,57,0.00010119810678296417,0.00024925366693902024,0.015787769536543792,0.016007823308556712,1.6007823308556712,72.11221916700015
10,1,Plain,57,0.0032545636490034016,0.0023397431383879903,0.048370891436772076,0.04904509668733968,4.904509668733968,72.1704965000099
10,1,ResDyNet,58,0.00013745721360146492,0.0001565889781780966,0.012513551781093033,0.012687968709610685,1.2687968709610686,73.28483575000428
10,1,Plain,58,0.0027749473525911328,0.0025369544258986437,0.05036818863031151,0.051070232694984674,5.107023269498468,73.34311899999739
10,1,ResDyNet,59,0.0001594317898815062,0.0001076432474269658,0.010375126381252701,0.010519737416397392,1.0519737416397392,74.45367633400019
10,1,Plain,59,0.0028456481394328846,0.0010435982891460634,0.03230477192530638,0.03275504369420484,3.2755043694204837,74.51193266699556
10,1,ResDyNet,60,0.00018083868904315885,0.0001784958310823849,0.013360233197155838,0.013546451377197118,1.3546451377197117,75.63696133400663
10,1,Plain,60,0.009603473503674827,0.003539535668876468,0.05949399691461709,0.06032323871491591,6.032323871491592,75.6954053750087
10,1,ResDyNet,61,8.934544712804506e-05,7.13452310935586e-05,0.008446610627556984,0.00856434154103504,0.8564341541035039,76.82071862500743
10,1,Plain,61,0.007432951828350997,0.006207422361007486,0.07878719668199577,0.07988535179352474,7.988535179352474,76.8808658340131
10,1,ResDyNet,62,0.00010056722845839307,0.0002372365717389757,0.015402485894782563,0.015617169489680331,1.5617169489680331,78.00383825000608
10,1,Plain,62,0.003956557368827919,0.005685773473149042,0.07540406801459085,0.07645506825584228,7.645506825584228,78.06205675000092
10,1,ResDyNet,63,0.00013571324408884376,0.0007182554737286357,0.026800288687412226,0.027173837630031977,2.717383763003198,79.17274162502144
10,1,Plain,63,0.0055973337894509295,0.0007650359586056126,0.027659283407304905,0.02804480522727215,2.804480522727215,79.23079112501
10,1,ResDyNet,64,0.0004232168298852968,0.00012835891503321437,0.011329559348589617,0.011487473502589053,1.1487473502589054,80.35972204201971
10,1,Plain,64,0.0026589036971440363,0.005460071189437674,0.07389229452004907,0.07492222329461022,7.492222329461022,80.4181005420105
10,1,ResDyNet,65,7.478841748680141e-05,0.00014539039276151343,0.012057793859637568,0.012225858323387547,1.2225858323387546,81.52674883400323
10,1,Plain,65,0.00536420679133584,0.002094580086008021,0.04576658263414498,0.04640448839515024,4.640448839515024,81.58483458400588
10,1,ResDyNet,66,0.00010619995311648299,8.23855289721821e-05,0.00907664745223599,0.0092031599722264,0.9203159972226401,82.69552937502158
10,1,Plain,66,0.0010218134066155972,0.001822143767524263,0.04268657596392879,0.04328155184278463,4.3281551842784625,82.75382945901947
10,1,ResDyNet,67,7.180785930946144e-05,7.889983202776822e-05,0.00888255774131349,0.009006364991702737,0.9006364991702737,83.91339170900756
10,1,Plain,67,0.00162914268013968,0.0045710688538995025,0.06760968017894702,0.06855204034664056,6.855204034664056,83.97375195901259
10,1,ResDyNet,68,6.43561214224475e-05,0.00010095996357819413,0.010047883537252717,0.010187933382039278,1.0187933382039278,85.18747320902185
10,1,Plain,68,0.0014854149592751409,0.0035512323096735603,0.05959221685483399,0.06042282766855055,6.042282766855054,85.24960887501948
10,1,ResDyNet,69,0.0001803985866597604,0.00034164038620579086,0.01848351660820502,0.018741144358615503,1.8741144358615502,86.42738137501874
10,1,Plain,69,0.002958828999474487,0.0035903404895175632,0.05991945001013913,0.06075462187917043,6.075462187917044,86.48886741700699
10,1,ResDyNet,70,0.00015552650597075074,0.00026890385360276136,0.01639828813025193,0.016626851458926326,1.6626851458926326,87.74467395900865
10,1,Plain,70,0.004372333974662259,0.007575466434204441,0.08703715548088897,0.08825030052487455,8.825030052487454,87.8090229590016
10,1,ResDyNet,71,0.00010125991959773118,0.001115543398805948,0.03339975147820636,0.033865285338455654,3.3865285338455653,88.99847595900064
10,1,Plain,71,0.002305225115097295,0.003004175277128421,0.05481035738916889,0.055574317482514866,5.557431748251487,89.05869116701069
10,1,ResDyNet,72,0.00018819214382445983,6.180958530126594e-05,0.007861907230517664,0.007971488405824697,0.7971488405824697,90.24268075000145
10,1,Plain,72,0.0023727174443277923,0.0011042142561221813,0.03322971947101241,0.03369288338378689,3.369288338378689,90.30400679202285
10,1,ResDyNet,73,5.796160667649609e-05,0.00017254090346940568,0.013135482612732799,0.013318568164460124,1.3318568164460123,91.47871254201164
10,1,Plain,73,0.0008345664895396436,0.0007572517789970675,0.027518208135652065,0.027901763614167904,2.7901763614167905,91.53892020901549
10,1,ResDyNet,74,5.954937367119536e-05,4.721137750278014e-05,0.00687105359481209,0.006966824011129703,0.6966824011129703,92.6971165840223
10,1,Plain,74,0.001028066989246739,0.0011629659968777845,0.03410228726753947,0.03457761324250509,3.457761324250509,92.75647858402226
10,1,ResDyNet,75,0.00011569827764046402,0.00010239922569840539,0.01011925025376907,0.010260294825209657,1.0260294825209657,93.89339970902074
10,1,Plain,75,0.002650834970179583,0.0032800664578366842,0.05727186445224814,0.058070133629775596,5.8070133629775595,93.95180725000682
10,1,ResDyNet,76,7.357889234008533e-05,0.0006491241198128503,0.02547791435366817,0.025833031721170237,2.5833031721170236,95.16533862499637
10,1,Plain,76,0.0025761613592809427,0.0006000423141384374,0.024495761146337898,0.02483718902353753,2.4837189023537527,95.22665358401719
10,1,ResDyNet,77,0.00010301208997717023,6.786374060548313e-05,0.008237945168880594,0.00835276765243989,0.8352767652439891,96.41155320900725
10,1,Plain,77,0.001954622316276981,0.002513005890228213,0.050129890187673595,0.05082861279068962,5.082861279068962,96.47103145901929
10,1,ResDyNet,78,8.207711524966091e-05,5.7792433574080106e-05,0.00760213348830972,0.007708093874010569,0.7708093874010569,97.61394350000774
10,1,Plain,78,0.0010105514806989604,0.000944049032731745,0.030725380920856707,0.031153638753764524,3.1153638753764525,97.67216804201598
10,1,ResDyNet,79,0.00023926966333850927,0.00012172388860937383,0.011032854961857056,0.011186633577943923,1.1186633577943923,98.81479245901573
10,1,Plain,79,0.002197356379597729,0.0021179719681958926,0.04602142944537786,0.04666288732322695,4.666288732322696,98.87316495901905
10,1,ResDyNet,80,6.111855379932357e-05,0.00017511458561273057,0.013233086775682029,0.013417532757973749,1.341753275797375,100.06871558399871
10,1,Plain,80,0.002283841292025305,0.0026373319064497314,0.051354959901159805,0.052070757823828015,5.207075782382802,100.12726762500824
10,1,ResDyNet,81,8.063235405191633e-05,8.450479950046281e-05,0.009192649210127777,0.009320778590835917,0.9320778590835916,101.27128083401476
10,1,Plain,81,0.003278496496673403,0.0033533108918619037,0.057907779199878696,0.05871491191183835,5.871491191183835,101.32959762500832
10,1,ResDyNet,82,0.0001446659385483797,0.00012137800227473028,0.01101716852347872,0.011170728498171904,1.1170728498171905,102.56484641702264
10,1,Plain,82,0.0022349166736122996,0.0013142114618228575,0.036252054587607274,0.03675734454238879,3.6757344542388792,102.62670591700589
10,1,ResDyNet,83,7.914532987720483e-05,6.0347917942820215e-05,0.007768392236674216,0.007876669977250499,0.7876669977250499,103.94384266700945
10,1,Plain,83,0.0008878754724997465,0.0016419061434931439,0.04052044105748534,0.04108522482112513,4.108522482112513,104.0079089589999
10,1,ResDyNet,84,5.8289167649435327e-05,6.943106572502226e-05,0.008332530571502409,0.008448671409410377,0.8448671409410377,105.21550833401852
10,1,Plain,84,0.003752847011036762,0.0005783283475496834,0.024048458319603012,0.0243836515812018,2.43836515812018,105.27771925000707
10,1,ResDyNet,85,7.41427363608596e-05,3.865768337720672e-05,0.006217530327807554,0.0063041917778668445,0.6304191777866844,106.45128487501643
10,1,Plain,85,0.001040495142508811,0.0015066470263519574,0.03881555134674706,0.03935657194290169,3.935657194290169,106.51034183401498
10,1,ResDyNet,86,4.904313330738837e-05,6.570496969453805e-05,0.008105860206945223,0.008218841658176757,0.8218841658176758,107.68605454202043
10,1,Plain,86,0.0035820221217426063,0.007048980452129915,0.08395820657999975,0.08512843648528208,8.512843648528207,107.74459979200037
10,1,ResDyNet,87,0.00010744879778617034,4.861353533009803e-05,0.006972340735369867,0.00706952291648963,0.706952291648963,108.94547412500833
10,1,Plain,87,0.007114878506714082,0.011464061357554319,0.10707035704411524,0.10856272972435932,10.856272972435931,109.01365637499839
10,1,ResDyNet,88,5.703612610923372e-05,0.00010435746842197238,0.01021555032399001,0.010357937149233339,1.0357937149233338,110.31741854202119
10,1,Plain,88,0.008651811322136735,0.0038148977278026973,0.06176485835653391,0.06262575197597386,6.2625751975973865,110.37953695902252
10,1,ResDyNet,89,0.00029747216326320505,5.5401556655046046e-05,0.007443222195732574,0.007546967637183944,0.7546967637183944,111.53867641699617
10,1,Plain,89,0.008894343866010377,0.008908701929903352,0.09438592018888915,0.09570149410288627,9.570149410288627,111.59713641699636
10,1,ResDyNet,90,5.348578996959874e-05,0.0006828256208433198,0.02613093226127456,0.026495151551212737,2.6495151551212737,112.72837929200614
10,1,Plain,90,0.00402181676399655,0.004727042566352699,0.06875349130300729,0.06971179418836827,6.971179418836828,112.78671675000805
10,1,ResDyNet,91,0.00014157285892476832,0.00011328084773055864,0.010643347581027253,0.01079169714849645,1.079169714849645,113.91740850001224
10,1,Plain,91,0.002908123125976705,0.0013759873911211276,0.037094304025296496,0.03761133345760904,3.761133345760904,113.97590824999497
10,1,ResDyNet,92,4.7170026878514684e-05,8.917036409838164e-05,0.009443006094373848,0.009574625010231347,0.9574625010231347,115.1018398340093
10,1,Plain,92,0.00083275279812689,0.0015026841590634733,0.03876447031836593,0.039304778934722055,3.9304778934722053,115.16026329199667
10,1,ResDyNet,93,6.570801898013271e-05,0.00015416010849683573,0.012416122925327202,0.012589181866754623,1.2589181866754622,116.34608237500652
10,1,Plain,93,0.0008306829227730788,0.00921057034412461,0.09597171637583966,0.09730939350281911,9.730939350281911,116.40729670901783
10,1,ResDyNet,94,7.25213597977575e-05,4.1772792027431886e-05,0.0064631874510516765,0.006553272929848313,0.6553272929848313,117.5598726250173
10,1,Plain,94,0.0022059871672459146,0.0034143365273732527,0.05843232433656266,0.05924676828622762,5.924676828622762,117.61811416700948
10,1,ResDyNet,95,5.356405900545637e-05,0.00039780342840341275,0.019945010112893218,0.02022300851526531,2.022300851526531,118.75911983399419
10,1,Plain,95,0.0032667335109168435,0.010801201545835795,0.1039288292334509,0.1053774145349256,10.537741453492561,118.81753404199844
10,1,ResDyNet,96,0.0001933333520956811,5.193731506627958e-05,0.0072067548221289995,0.007307204323808827,0.7307204323808827,119.95890525000868
10,1,Plain,96,0.0031631178690770564,0.0015144459421167714,0.038915882902958415,0.03945830194474814,3.945830194474814,120.04451520901057
10,1,ResDyNet,97,3.363371328656425e-05,4.009749751353031e-05,0.006332258484421677,0.006420519043434299,0.64205190434343,121.45006312499754
10,1,Plain,97,0.004599647963915464,0.004917036217871157,0.0701215816840376,0.07109895334590331,7.109895334590331,121.5160027090169
10,1,ResDyNet,98,4.594347688564773e-05,7.483511359000387e-05,0.00865072907852303,0.008771305044620365,0.8771305044620364,122.75270758400438
10,1,Plain,98,0.0013632092398798547,0.0012373588417425785,0.035176111805351344,0.035666405007921766,3.5666405007921766,122.81474425000488
10,1,ResDyNet,99,4.9090320340437817e-05,3.576944709627007e-05,0.005980756398338764,0.006064117635776295,0.6064117635776295,124.36586316701141
10,1,Plain,99,0.004270328215699679,0.0028960402616179633,0.05381487026480657,0.054564955016471184,5.456495501647119,124.45573183402303
10,1,ResDyNet,100,0.0001168122483052352,8.559695206628545e-05,0.009251862086428086,0.009380816790609025,0.9380816790609025,125.95281908402103
10,1,Plain,100,0.0029592814110000073,0.002941418055914236,0.05423484171558202,0.05499078013148128,5.499078013148128,126.02206729201134
