seed,model,epoch,train_loss,val_loss,val_rmse,val_nrmse,val_nrmse_percent,wall_time_sec,comparison
0,ResDyNet,0,1.2594085390465992,2.4970557367353696,1.580207497999984,1.400120320227718,140.0120320227718,0.0037817080155946314,B_parameter_matched
0,Plain,0,1.0764697177020175,1.9401152902643326,1.3928802138964904,1.2341416513893964,123.41416513893964,0.008104750013444573,B_parameter_matched
0,ResDyNet,1,1.0193293793952964,1.8327957494924347,1.3538078702284289,1.1995221584444422,119.95221584444423,0.08418525001616217,B_parameter_matched
0,Plain,1,0.9948545848263667,2.273871099854787,1.5079360397095054,1.3360852251828834,133.60852251828834,0.08997525001177564,B_parameter_matched
0,ResDyNet,2,0.5860820760075622,0.9104295627072325,0.9541643268888398,0.8454236956882739,84.5423695688274,0.1740258750214707,B_parameter_matched
0,Plain,2,0.919859075935427,2.19578238916739,1.4818172590327696,1.3129430520117311,131.2943052011731,0.18599204201018438,B_parameter_matched
0,ResDyNet,3,0.18698842000960977,0.3448288913126201,0.5872213307711328,0.5202990864961922,52.029908649619216,0.2864365420246031,B_parameter_matched
0,Plain,3,0.8827233052923374,1.9995928052887517,1.4140695899738287,1.252916195907365,125.29161959073649,0.2904078749998007,B_parameter_matched
0,ResDyNet,4,0.10804185302145364,0.28062592515938994,0.5297413757291287,0.46936979198142437,46.93697919814244,0.3644466249970719,B_parameter_matched
0,Plain,4,0.8627845912703539,1.983820479263567,1.4084816219118967,1.2479650564891576,124.79650564891575,0.3698302500124555,B_parameter_matched
0,ResDyNet,5,0.07833838562366824,0.2774791077692802,0.5267628572415487,0.46673071814845435,46.673071814845436,0.442105583002558,B_parameter_matched
0,Plain,5,0.8202892831212841,1.7281082630228912,1.3145753166033856,1.1647607137516598,116.47607137516599,0.4463161670137197,B_parameter_matched
0,ResDyNet,6,0.061313621078262714,0.16197389234148066,0.40245980214361865,0.3565937687103121,35.65937687103121,0.5183444170106668,B_parameter_matched
0,Plain,6,0.4022142890653694,0.73567994056026,0.8577178676932526,0.7599686858211101,75.996868582111,0.5223637500021141,B_parameter_matched
0,ResDyNet,7,0.044546968673249525,0.1189283902685186,0.34485995747334686,0.30555824770001466,30.555824770001465,0.5925649580021854,B_parameter_matched
0,Plain,7,0.3002832360407738,0.9210997057821709,0.9597393947224272,0.8503634050431107,85.03634050431107,0.596636333008064,B_parameter_matched
0,ResDyNet,8,0.033602252421125973,0.09216484060164808,0.3035866278373408,0.2689886025236889,26.898860252368888,0.6664605420082808,B_parameter_matched
0,Plain,8,0.2575164935281991,0.6682266502072318,0.8174513136616955,0.7242910798127307,72.42910798127306,0.6713604170072358,B_parameter_matched
0,ResDyNet,9,0.030754555923482415,0.0759090836608596,0.2755160315859308,0.24411705099501266,24.411705099501265,0.744611750007607,B_parameter_matched
0,Plain,9,0.26265520869333164,0.6560057383340094,0.809941811696377,0.7176373926800345,71.76373926800345,0.7489990830072202,B_parameter_matched
0,ResDyNet,10,0.024849945106601816,0.06584958393122366,0.25661173771132073,0.22736717097805415,22.736717097805414,0.8185717500164174,B_parameter_matched
0,Plain,10,0.28656597254439364,0.7234904502451449,0.8505824182553652,0.753646422596446,75.3646422596446,0.8224185830040369,B_parameter_matched
0,ResDyNet,11,0.024269345244611665,0.05933596983254333,0.24358975724061824,0.21582923087226732,21.58292308722673,0.8918492080119904,B_parameter_matched
0,Plain,11,0.26293364989972917,0.7013095290081506,0.837442254133472,0.7420037675517918,74.20037675517918,0.8958513330144342,B_parameter_matched
0,ResDyNet,12,0.021603785456188362,0.05030090635229811,0.22427863552353375,0.1987188868467506,19.87188868467506,0.9651716670196038,B_parameter_matched
0,Plain,12,0.24827278648357598,0.6641888668258641,0.8149778321070237,0.7220994867524599,72.209948675246,0.9693366670107935,B_parameter_matched
0,ResDyNet,13,0.019205424882760277,0.05319290364223416,0.23063586807397102,0.20435162209547322,20.43516220954732,1.0384568330191541,B_parameter_matched
0,Plain,13,0.23073013357421643,0.617002298262861,0.7854949384069009,0.6959765892083704,69.59765892083703,1.0419630830001552,B_parameter_matched
0,ResDyNet,14,0.017870471289312243,0.05635108063823439,0.23738382556154577,0.21033055360310382,21.03305536031038,1.1119598330114968,B_parameter_matched
0,Plain,14,0.21438052251095877,0.6827349728270155,0.8262777818790817,0.7321116461134524,73.21116461134524,1.1154611250094604,B_parameter_matched
0,ResDyNet,15,0.017286761735996196,0.05771981780472873,0.24024949074811527,0.21286963537797407,21.28696353779741,1.1849262920150068,B_parameter_matched
0,Plain,15,0.20162212947150923,0.5478923565051376,0.7401975118204178,0.6558414503117197,65.58414503117197,1.1883832500025164,B_parameter_matched
0,ResDyNet,16,0.015756741200493998,0.05450673812703152,0.2334667816350573,0.20685991268813383,20.685991268813382,1.2583596670010593,B_parameter_matched
0,Plain,16,0.1618083174308936,0.4343510714260906,0.6590531628223103,0.5839446569806573,58.39446569806574,1.2614990830188617,B_parameter_matched
0,ResDyNet,17,0.014591199246308832,0.07300580253394419,0.27019585957957276,0.23940318845313993,23.940318845313993,1.3319968750001863,B_parameter_matched
0,Plain,17,0.13026718467919307,0.37586887460997753,0.6130814583805136,0.5432120838053445,54.32120838053444,1.3354298750055023,B_parameter_matched
0,ResDyNet,18,0.015665563220256966,0.04499886533241934,0.21212935990196957,0.18795419442798358,18.79541944279836,1.404422917024931,B_parameter_matched
0,Plain,18,0.11326945142630683,0.31761391284717466,0.5635724557208014,0.4993453379850611,49.93453379850611,1.4084005000186153,B_parameter_matched
0,ResDyNet,19,0.014102375228683349,0.045264766427296536,0.21275517955456816,0.18850869300713227,18.850869300713228,1.4775976670207456,B_parameter_matched
0,Plain,19,0.09557352564917021,0.3290806074098838,0.5736554779742662,0.508279256071295,50.8279256071295,1.481111500004772,B_parameter_matched
0,ResDyNet,20,0.013076622019733393,0.06092088582514206,0.24682156677474937,0.21869272962516512,21.86927296251651,1.5501027080172207,B_parameter_matched
0,Plain,20,0.08282232699360538,0.2368297378833474,0.4866515569515291,0.4311906725038836,43.11906725038836,1.5532555420068093,B_parameter_matched
0,ResDyNet,21,0.01346678740612413,0.03810269256196561,0.19519911004398974,0.172953387962572,17.2953387962572,1.623041083017597,B_parameter_matched
0,Plain,21,0.07643998769683696,0.22369556185786116,0.4729646518058841,0.4190635853715284,41.90635853715284,1.6272439580061473,B_parameter_matched
0,ResDyNet,22,0.01183432960635179,0.06004174064125483,0.24503416219224378,0.2171090252827913,21.71090252827913,1.6970934580022004,B_parameter_matched
0,Plain,22,0.09011356625944579,0.38706584615171286,0.622146161405592,0.5512437346602513,55.12437346602513,1.700414874998387,B_parameter_matched
0,ResDyNet,23,0.011886857516786198,0.034990298189092946,0.18705693836127263,0.16573913284849137,16.573913284849137,1.7689261250197887,B_parameter_matched
0,Plain,23,0.09033877944676522,0.23172658165612667,0.4813798725083203,0.42651977167591837,42.65197716759184,1.7730942080088425,B_parameter_matched
0,ResDyNet,24,0.010436717327286587,0.042239131419695465,0.20552160815762285,0.18209949021984034,18.209949021984034,1.8459956670121755,B_parameter_matched
0,Plain,24,0.06901775384841546,0.21545814434727492,0.464174691627274,0.41127536649796836,41.12753664979684,1.8493355000100564,B_parameter_matched
0,ResDyNet,25,0.009699795933007899,0.034538941470193096,0.18584655356016988,0.1646666886552676,16.46666886552676,1.9194228330161422,B_parameter_matched
0,Plain,25,0.09461520721804925,0.11281864916300816,0.33588487486489793,0.2976060037372969,29.76060037372969,1.9243846670142375,B_parameter_matched
0,ResDyNet,26,0.009469418651323535,0.03521813661863926,0.18766495841962416,0.1662778603509754,16.62778603509754,1.994092750013806,B_parameter_matched
0,Plain,26,0.05147820089788955,0.17348741826872816,0.41651820880812424,0.36905001946593236,36.90500194659324,1.997240791999502,B_parameter_matched
0,ResDyNet,27,0.009152929608018579,0.03404714635654936,0.18451868836665125,0.1634901526355856,16.34901526355856,2.0664289999986067,B_parameter_matched
0,Plain,27,0.058083630631350525,0.16391548774033596,0.40486477710506746,0.35872466248054496,35.872466248054494,2.07057820801856,B_parameter_matched
0,ResDyNet,28,0.00894308871762673,0.03394417646326955,0.18423945414397414,0.16324274113439477,16.324274113439476,2.1401032080175355,B_parameter_matched
0,Plain,28,0.06679611864220376,0.15202930904152182,0.3899093600332285,0.34547362844465757,34.54736284446576,2.144233625003835,B_parameter_matched
0,ResDyNet,29,0.007894104037626422,0.03539377123435577,0.18813232373612931,0.16669196272514886,16.669196272514885,2.2136857919977047,B_parameter_matched
0,Plain,29,0.058357109168541685,0.11483217379603741,0.33886896257408616,0.30025001209965707,30.02500120996571,2.2170125000120606,B_parameter_matched
0,ResDyNet,30,0.007566318216173664,0.029519788337648508,0.17181323679405064,0.15223266844633673,15.223266844633674,2.285587582999142,B_parameter_matched
0,Plain,30,0.058791149196518705,0.07084385018887479,0.266165080709087,0.23583177431287386,23.583177431287385,2.2897787500114646,B_parameter_matched
0,ResDyNet,31,0.007384385288233909,0.03193325822560683,0.17869879189744634,0.15833351635935689,15.833351635935689,2.3592819580226205,B_parameter_matched
0,Plain,31,0.0385527032080052,0.0668036189415585,0.25846396062422033,0.2290083066777799,22.900830667777992,2.3624824580037966,B_parameter_matched
0,ResDyNet,32,0.007132363827983768,0.030130585207975007,0.17358163845284735,0.1537995355191354,15.37995355191354,2.4450332499982323,B_parameter_matched
0,Plain,32,0.03374896193480858,0.08144457330445218,0.28538495633871835,0.2528612710437498,25.286127104374977,2.4499964580172673,B_parameter_matched
0,ResDyNet,33,0.00677254954850663,0.029026965410544857,0.17037301843468308,0.15095658350618316,15.095658350618315,2.518950167024741,B_parameter_matched
0,Plain,33,0.0720005016903035,0.0819229198860373,0.2862218019055105,0.2536027461249914,25.36027461249914,2.523129917011829,B_parameter_matched
0,ResDyNet,34,0.0066839068451267645,0.03206574475802385,0.17906910609600935,0.1586616279744031,15.866162797440312,2.592310708016157,B_parameter_matched
0,Plain,34,0.07540103944979101,0.10663017217181349,0.32654275703468527,0.2893285534501685,28.93285534501685,2.595484542020131,B_parameter_matched
0,ResDyNet,35,0.007555779586153979,0.027030518873373512,0.16440960699841572,0.14567278783987733,14.567278783987733,2.664360292023048,B_parameter_matched
0,Plain,35,0.04892555336174118,0.06947986978438073,0.26359034463420833,0.23355046612883876,23.355046612883875,2.66856191700208,B_parameter_matched
0,ResDyNet,36,0.007130372404357669,0.03419905679703237,0.18492986994272279,0.16385447420771437,16.38544742077144,2.7369761670124717,B_parameter_matched
0,Plain,36,0.057234823443151714,0.06657685872372872,0.25802491880384093,0.2286192999334625,22.86192999334625,2.7401492920180317,B_parameter_matched
0,ResDyNet,37,0.007377057741345823,0.02228138649953496,0.14926950961108887,0.13225812044394836,13.225812044394836,2.8103023750009015,B_parameter_matched
0,Plain,37,0.05494863383829077,0.07020968672851523,0.26497110545966185,0.23477386956891777,23.477386956891777,2.814426708006067,B_parameter_matched
0,ResDyNet,38,0.006612630458939836,0.02815993004812262,0.16780920728053816,0.1486849551923775,14.86849551923775,2.883499917021254,B_parameter_matched
0,Plain,38,0.03983742207871085,0.05663619746373897,0.23798360755257694,0.21086198188351143,21.086198188351144,2.886670583015075,B_parameter_matched
0,ResDyNet,39,0.006693576833427896,0.030682666566212876,0.1751646841295724,0.1552021705671507,15.520217056715069,2.9603973750199657,B_parameter_matched
0,Plain,39,0.037210712135253864,0.046686832876264774,0.2160713606109444,0.19144694794419792,19.14469479441979,2.963571000000229,B_parameter_matched
0,ResDyNet,40,0.0060840057779378435,0.028667161171557452,0.1693137949830357,0.1500180736711202,15.001807367112018,3.033422625012463,B_parameter_matched
0,Plain,40,0.03048038301907592,0.0644070646866345,0.2537854698099056,0.22486299660589917,22.486299660589918,3.036579208011972,B_parameter_matched
0,ResDyNet,41,0.006367772731612364,0.02424708251234158,0.15571474725388593,0.13796883134982513,13.796883134982513,3.105455917015206,B_parameter_matched
0,Plain,41,0.02527136743214872,0.04555024456551331,0.21342503265904242,0.1891022067984091,18.91022067984091,3.108600750012556,B_parameter_matched
0,ResDyNet,42,0.005057353717091174,0.02022210787784732,0.14220445800975198,0.1259982322185039,12.59982322185039,3.178833542013308,B_parameter_matched
0,Plain,42,0.022900011161509966,0.06676101579346139,0.25838153144809206,0.2289352714816915,22.89352714816915,3.183140083012404,B_parameter_matched
0,ResDyNet,43,0.005451860671742288,0.020501611015027812,0.14318383643075014,0.12686599650273087,12.686599650273086,3.2521089170186315,B_parameter_matched
0,Plain,43,0.02614310237508461,0.059339097903729036,0.24359617793333507,0.21583491983549158,21.58349198354916,3.255838458018843,B_parameter_matched
0,ResDyNet,44,0.005061883114723645,0.022051696640334652,0.14849813682445534,0.13157465658594034,13.157465658594033,3.3249052920145914,B_parameter_matched
0,Plain,44,0.028548685401517126,0.05455354755216546,0.23356700869807248,0.20694871744810486,20.694871744810488,3.3281100419990253,B_parameter_matched
0,ResDyNet,45,0.004590239156235446,0.024825543608142472,0.15756123764474075,0.1396048878301375,13.96048878301375,3.3966621250147,B_parameter_matched
0,Plain,45,0.020515218620311578,0.05983382699155275,0.24460953986210912,0.2167327947221868,21.673279472218677,3.3999728330236394,B_parameter_matched
0,ResDyNet,46,0.004516076176321458,0.02614650233336736,0.16169880127374897,0.14327091708296769,14.327091708296768,3.4684652920113876,B_parameter_matched
0,Plain,46,0.05279241709254201,0.06009555585606296,0.245143949254439,0.21720630054371254,21.720630054371252,3.471620124997571,B_parameter_matched
0,ResDyNet,47,0.004505276190923315,0.02701971058436184,0.16437673370754707,0.1456436609292683,14.56436609292683,3.541036125010578,B_parameter_matched
0,Plain,47,0.04993055325931649,0.11250201094410935,0.33541319435005734,0.297188077943172,29.718807794317197,3.5442361250170507,B_parameter_matched
0,ResDyNet,48,0.004897249341480263,0.022968442059961413,0.15155342972021918,0.13428175528849715,13.428175528849714,3.6128112500009593,B_parameter_matched
0,Plain,48,0.060974575520979964,0.06053734913240739,0.24604338871915943,0.21800323605563973,21.800323605563975,3.616119083017111,B_parameter_matched
0,ResDyNet,49,0.004419944231325589,0.021549792003843687,0.14679847411960278,0.13006869468308313,13.006869468308313,3.684660291997716,B_parameter_matched
0,Plain,49,0.04112907519873687,0.05729792092633794,0.23936984130491032,0.21209023453240977,21.209023453240977,3.687806500005536,B_parameter_matched
0,ResDyNet,50,0.004328042085917216,0.021850481944467634,0.1478190851834351,0.13097299256252581,13.097299256252581,3.7589024580083787,B_parameter_matched
0,Plain,50,0.032904643149044115,0.11963472234160082,0.3458825267942872,0.3064642806652437,30.646428066524372,3.7620487500098534,B_parameter_matched
0,ResDyNet,51,0.004448825570458361,0.0219670937310404,0.1482130012213517,0.1313220162507748,13.13220162507748,3.8310875830065925,B_parameter_matched
0,Plain,51,0.046077816330948214,0.10299387122954298,0.3209265823043379,0.284352421915632,28.435242191563198,3.834377749997657,B_parameter_matched
0,ResDyNet,52,0.004696533943397372,0.023552544265979556,0.15346838197485355,0.13597847142696184,13.597847142696185,3.9031029580219183,B_parameter_matched
0,Plain,52,0.04523071059655028,0.05747687337087823,0.23974334896067134,0.21242117566466837,21.24211756646684,3.9062562080216594,B_parameter_matched
0,ResDyNet,53,0.004541409201313009,0.021004799842836663,0.14493032754684804,0.12841345005161023,12.841345005161022,3.974908125004731,B_parameter_matched
0,Plain,53,0.0376624691084644,0.04989952996520815,0.22338202695205392,0.1979244596074114,19.79244596074114,3.978101000015158,B_parameter_matched
0,ResDyNet,54,0.004759336114727171,0.019735980201527538,0.1404848041658867,0.12447455745199326,12.447455745199326,4.050485250016209,B_parameter_matched
0,Plain,54,0.03539323417772224,0.06152985405365234,0.24805211963144425,0.21978304343645472,21.978304343645473,4.05526533300872,B_parameter_matched
0,ResDyNet,55,0.004212019913204867,0.02065588537135049,0.14372155499906927,0.12734243437245382,12.734243437245382,4.125374333001673,B_parameter_matched
0,Plain,55,0.041016695858296155,0.06396303912086862,0.25290915191204255,0.22408654762857805,22.408654762857804,4.128549833025318,B_parameter_matched
0,ResDyNet,56,0.00466228915339662,0.02050686884237272,0.14320219566184283,0.12688226343764236,12.688226343764237,4.199030667019542,B_parameter_matched
0,Plain,56,0.03851985122506705,0.09711610757804776,0.3116345737848221,0.2761193702687,27.61193702687,4.202244750020327,B_parameter_matched
0,ResDyNet,57,0.0036280143141178118,0.022997832370677315,0.15165036225039924,0.13436764097462886,13.436764097462886,4.271671958005754,B_parameter_matched
0,Plain,57,0.03326393220907205,0.11339506119646382,0.33674183166999583,0.298365298094458,29.8365298094458,4.2748201670183334,B_parameter_matched
0,ResDyNet,58,0.0034987666197122415,0.021387568572648816,0.14624489246687836,0.12957820155362657,12.957820155362656,4.343957917008083,B_parameter_matched
0,Plain,58,0.034353969537013807,0.09362892052486987,0.3059884320115221,0.271116686863078,27.111668686307798,4.347118458012119,B_parameter_matched
0,ResDyNet,59,0.004118185933922983,0.02345299302941551,0.15314370058678714,0.13569079211294333,13.569079211294333,4.416652292013168,B_parameter_matched
0,Plain,59,0.03801330175204986,0.05265469251539012,0.2294661031947641,0.20331516860481505,20.331516860481504,4.419812708016252,B_parameter_matched
0,ResDyNet,60,0.004604226790816732,0.026591526345469574,0.16306908457911198,0.14448503706577742,14.448503706577743,4.48862770802225,B_parameter_matched
0,Plain,60,0.03408974077480023,0.056188698795384816,0.23704155499697688,0.21002728965006268,21.002728965006266,4.491784417012241,B_parameter_matched
0,ResDyNet,61,0.0043750536380414125,0.041354354214940554,0.20335770016141644,0.18018219039660416,18.018219039660416,4.560824292013422,B_parameter_matched
0,Plain,61,0.034157901226781175,0.052199637899623744,0.22847240073939729,0.20243471271419297,20.243471271419295,4.5639952500059735,B_parameter_matched
0,ResDyNet,62,0.0051329229539547406,0.03447141260148401,0.18566478557196572,0.16450563572128668,16.45056357212867,4.632842792023439,B_parameter_matched
0,Plain,62,0.03167219575191818,0.06458770079209297,0.25414110409788687,0.22517810129550642,22.517810129550643,4.635969791997923,B_parameter_matched
0,ResDyNet,63,0.00424093272530532,0.0230439588539328,0.15180236774811123,0.1345023232783151,13.45023232783151,4.705017291998956,B_parameter_matched
0,Plain,63,0.03184003135405296,0.09872873223845603,0.3142112859819902,0.2784024293677106,27.84024293677106,4.70814166701166,B_parameter_matched
0,ResDyNet,64,0.0033649784889857514,0.024482942697436776,0.156470261383551,0.13863824387096685,13.863824387096685,4.777040500019211,B_parameter_matched
0,Plain,64,0.03209766495198102,0.07822820299210041,0.2796930513832984,0.24781803982318232,24.78180398231823,4.780177750013536,B_parameter_matched
0,ResDyNet,65,0.0032198329883168664,0.024290454933297873,0.15585395385840511,0.13809217337670698,13.809217337670699,4.84879175000242,B_parameter_matched
0,Plain,65,0.03208791558531823,0.05107176960522142,0.22599064052571166,0.20023578446615478,20.023578446615478,4.851953042001696,B_parameter_matched
0,ResDyNet,66,0.003951643897068355,0.02261449192121531,0.15038115547240388,0.1332430784075665,13.32430784075665,4.920241583022289,B_parameter_matched
0,Plain,66,0.03124946493753512,0.059454966402436665,0.2438338910045867,0.2160455421125434,21.60455421125434,4.9233849169977475,B_parameter_matched
0,ResDyNet,67,0.0037522842850892424,0.02199447500402147,0.1483053438147846,0.13140383508890308,13.140383508890308,4.9923731250164565,B_parameter_matched
0,Plain,67,0.034462022635554035,0.048787098940452724,0.22087801823733552,0.19570581839229131,19.57058183922913,4.9955642920103855,B_parameter_matched
0,ResDyNet,68,0.003650702771100246,0.02338115453312396,0.15290897466507308,0.13548281655714323,13.548281655714323,5.064040625002235,B_parameter_matched
0,Plain,68,0.031411079539787314,0.07338262132395984,0.2708922688523241,0.24002023195863414,24.002023195863416,5.067383292014711,B_parameter_matched
0,ResDyNet,69,0.0038592592016388726,0.027328872389359143,0.16531446515462325,0.14647452450612747,14.647452450612747,5.135719417012297,B_parameter_matched
0,Plain,69,0.033208931810048054,0.11139491374491446,0.3337587657948694,0.29572219511359715,29.572219511359716,5.138894167001126,B_parameter_matched
0,ResDyNet,70,0.0033580730517550565,0.02468472652229138,0.15711373753523714,0.1392083867393547,13.92083867393547,5.220382083003642,B_parameter_matched
0,Plain,70,0.03189152520754429,0.10046608142004697,0.3169638487588876,0.28084129836530375,28.084129836530376,5.223570667003514,B_parameter_matched
0,ResDyNet,71,0.002717307209488335,0.02296876670137489,0.15155450076251412,0.13428270427024977,13.428270427024977,5.29498175001936,B_parameter_matched
0,Plain,71,0.019169039799483114,0.07749478765505086,0.2783788563362003,0.24665361604180325,24.665361604180326,5.299220458022319,B_parameter_matched
0,ResDyNet,72,0.0030709524378744746,0.02797550523797648,0.16725879719158715,0.14819727218177667,14.819727218177666,5.384236417012289,B_parameter_matched
0,Plain,72,0.028387867181282056,0.17861246963759925,0.42262568501878733,0.3744614616712628,37.44614616712628,5.387424875021679,B_parameter_matched
0,ResDyNet,73,0.0031722322058215656,0.027070203170464407,0.16453025001641616,0.1457796818656365,14.57796818656365,5.457674458011752,B_parameter_matched
0,Plain,73,0.039457061159405726,0.1037354153495569,0.32207982760420883,0.28537423846858473,28.537423846858474,5.460806250019232,B_parameter_matched
0,ResDyNet,74,0.003207334872715135,0.022455260524879724,0.14985079420837158,0.1327731593723935,13.27731593723935,5.530144250020385,B_parameter_matched
0,Plain,74,0.035942230927456104,0.0734405695966824,0.2709992058967745,0.24011498200197315,24.011498200197316,5.533455666998634,B_parameter_matched
0,ResDyNet,75,0.003344381185203822,0.021160819627025748,0.1454675896102831,0.12888948344169032,12.888948344169032,5.601788166997721,B_parameter_matched
0,Plain,75,0.03531973446975765,0.1775263859516673,0.4213388018586317,0.37332123719784827,37.332123719784825,5.604959250020329,B_parameter_matched
0,ResDyNet,76,0.00374262288965036,0.02488935085197056,0.1577635916552693,0.13978418071564724,13.978418071564725,5.674914333008928,B_parameter_matched
0,Plain,76,0.049550719078449615,0.12285060086916182,0.3505005005262643,0.3105559704392781,31.055597043927808,5.678057417011587,B_parameter_matched
0,ResDyNet,77,0.003243565396555445,0.024185803629930665,0.15551785630573317,0.13779437893283147,13.779437893283147,5.747375125007238,B_parameter_matched
0,Plain,77,0.03329388845200285,0.09965432447495035,0.3156807318715388,0.27970441094420356,27.970441094420355,5.7507970000151545,B_parameter_matched
0,ResDyNet,78,0.002906790049837333,0.026572158769550026,0.1630096891891707,0.14443241062748377,14.443241062748378,5.819655500003137,B_parameter_matched
0,Plain,78,0.02259864818327192,0.05264278011171125,0.22944014494353698,0.20329216866647362,20.32921686664736,5.822820458008209,B_parameter_matched
0,ResDyNet,79,0.0027443613157356423,0.023700423618758213,0.15394941902702397,0.1364046874475659,13.640468744756589,5.891461207997054,B_parameter_matched
0,Plain,79,0.041030876039144945,0.047935039527692555,0.21894072149258245,0.19398930423698396,19.398930423698395,5.894681792007759,B_parameter_matched
0,ResDyNet,80,0.002614385285309649,0.023052908764302427,0.15183184370975156,0.13452844003380646,13.452844003380646,5.963472292001825,B_parameter_matched
0,Plain,80,0.02703072089723729,0.07160481473527959,0.2675907598092273,0.23709497694971543,23.709497694971542,5.9668117920227814,B_parameter_matched
0,ResDyNet,81,0.0026309210664190023,0.022435210058426976,0.1497838778321184,0.13271386907142566,13.271386907142565,6.035883333010133,B_parameter_matched
0,Plain,81,0.03572093784743947,0.15690149526123856,0.39610793385293175,0.3509657863874483,35.09657863874483,6.039047208003467,B_parameter_matched
0,ResDyNet,82,0.002534370229696912,0.02326739945738394,0.1525365512176801,0.1351528360722486,13.515283607224859,6.108271375007462,B_parameter_matched
0,Plain,82,0.04726964851246478,0.06734993075635433,0.25951865203941377,0.2299428009665686,22.994280096656862,6.111394958017627,B_parameter_matched
0,ResDyNet,83,0.002445975416385957,0.026432674393853235,0.16258128549698836,0.14405282964495822,14.405282964495822,6.180531833000714,B_parameter_matched
0,Plain,83,0.023907950821466465,0.10417117201141522,0.32275559175855534,0.2859729896613107,28.597298966131067,6.183868292020634,B_parameter_matched
0,ResDyNet,84,0.003023556261343858,0.028400885807239908,0.1685256235924968,0.1493197256496658,14.93197256496658,6.252517667016946,B_parameter_matched
0,Plain,84,0.026794221655507867,0.10624576046321117,0.32595361704268777,0.28880655436125235,28.880655436125235,6.255695458006812,B_parameter_matched
0,ResDyNet,85,0.0034227480729893066,0.021253128399345032,0.14578452729746402,0.1291703015599625,12.917030155996251,6.32436520801275,B_parameter_matched
0,Plain,85,0.018197406415790974,0.11628790135120691,0.34101011913315254,0.3021471533364453,30.21471533364453,6.327510250004707,B_parameter_matched
0,ResDyNet,86,0.002719234150330598,0.02347317533194897,0.15320957976559094,0.13574916341990134,13.574916341990134,6.395755792007549,B_parameter_matched
0,Plain,86,0.02221531620937949,0.04284370510439568,0.20698721000196046,0.1833980658348893,18.33980658348893,6.399056082998868,B_parameter_matched
0,ResDyNet,87,0.00302378046666818,0.027632284619914738,0.1662296141483663,0.14728537922223106,14.728537922223106,6.468586792005226,B_parameter_matched
0,Plain,87,0.020789257996427803,0.05032562551790289,0.22433373691422986,0.19876770864824445,19.876770864824444,6.471754625003086,B_parameter_matched
0,ResDyNet,88,0.00308449622313458,0.028703412920555636,0.16942081607805942,0.15011289818627113,15.011289818627112,6.540753333014436,B_parameter_matched
0,Plain,88,0.022800340947533786,0.05562749460767811,0.2358548167998231,0.20897579719307305,20.897579719307306,6.543905583006563,B_parameter_matched
0,ResDyNet,89,0.0035473521442214036,0.02234873301155286,0.14949492637395043,0.13245784775229355,13.245784775229355,6.61259429200436,B_parameter_matched
0,Plain,89,0.017595347236763047,0.054830523628325877,0.2341591843774783,0.20747340626456098,20.747340626456097,6.615904500009492,B_parameter_matched
0,ResDyNet,90,0.00340211796935362,0.02398547626908586,0.1548724516145007,0.13722252730947912,13.722252730947911,6.684569000004558,B_parameter_matched
0,Plain,90,0.03449740470257005,0.07464421472242265,0.2732109344854679,0.24207465257927238,24.20746525792724,6.687725458003115,B_parameter_matched
0,ResDyNet,91,0.004135959901428222,0.024500031594544253,0.15652485935002228,0.138686619620605,13.8686619620605,6.756931583018741,B_parameter_matched
0,Plain,91,0.0287116488690286,0.04155060087327293,0.2038396449988886,0.18060921074743003,18.060921074743003,6.760081208019983,B_parameter_matched
0,ResDyNet,92,0.003057969927275833,0.02344971475886322,0.1531329969629773,0.1356813083196977,13.568130831969771,6.829436792002525,B_parameter_matched
0,Plain,92,0.028787381506468326,0.03595849558971276,0.1896272543431264,0.1680165246721312,16.80165246721312,6.832752792019164,B_parameter_matched
0,ResDyNet,93,0.002736718086096304,0.027749107357152983,0.16658063319951988,0.1475963946470593,14.759639464705929,6.902524542005267,B_parameter_matched
0,Plain,93,0.02234276212533726,0.047541808289839636,0.21804084087583142,0.19319197784859077,19.319197784859078,6.905680583004141,B_parameter_matched
0,ResDyNet,94,0.0031147689341458314,0.02570604598858737,0.16033105123021982,0.14205904166068214,14.205904166068214,6.974800583004253,B_parameter_matched
0,Plain,94,0.017413002011892532,0.061792184519589025,0.24858033815969643,0.22025106393114463,22.025106393114463,6.977998417016352,B_parameter_matched
0,ResDyNet,95,0.002435862907924258,0.032588738402685676,0.18052351204949918,0.15995028363001706,15.995028363001706,7.046851708000759,B_parameter_matched
0,Plain,95,0.014880187736205995,0.06237971751882855,0.2497593191831459,0.22129568325498894,22.129568325498894,7.050174458010588,B_parameter_matched
0,ResDyNet,96,0.0028369165883541914,0.028873186890121288,0.1699211196117813,0.15055618499811851,15.055618499811851,7.1189572919975035,B_parameter_matched
0,Plain,96,0.02123058721442258,0.13152873952896385,0.3626689117210956,0.3213376176598698,32.13376176598698,7.122128125018207,B_parameter_matched
0,ResDyNet,97,0.0030987824698733295,0.03024809427753587,0.1739197926560858,0.15409915222891798,15.409915222891799,7.191041875019437,B_parameter_matched
0,Plain,97,0.03098142123638862,0.06785440896462781,0.26048878855840957,0.2308023765953137,23.08023765953137,7.194211875001201,B_parameter_matched
0,ResDyNet,98,0.0031754713688921217,0.031015810537856344,0.1761130618036503,0.1560424670816321,15.604246708163211,7.262939542008098,B_parameter_matched
0,Plain,98,0.01772091627960365,0.04395662838718744,0.20965836111919658,0.18576480119235012,18.57648011923501,7.26625995800714,B_parameter_matched
0,ResDyNet,99,0.0026990415029984676,0.029841790150019445,0.17274776452973117,0.15306069342039794,15.306069342039793,7.3345563750190195,B_parameter_matched
0,Plain,99,0.021958889448964417,0.041250083435535705,0.20310116551988494,0.17995489153559688,17.99548915355969,7.3377348750073,B_parameter_matched
0,ResDyNet,100,0.003233454503031582,0.03816051478050754,0.19534716476188627,0.1730845697341399,17.308456973413993,7.406179125013296,B_parameter_matched
0,Plain,100,0.024111232969737193,0.08964414663919358,0.2994063236459671,0.2652847036050448,26.528470360504482,7.409329167014221,B_parameter_matched
1,ResDyNet,0,0.9835986270876619,2.3503132992596294,1.5330731552211165,1.3583576079327837,135.83576079327838,0.0031418330036103725,B_parameter_matched
1,Plain,0,1.0455388527551532,2.4818379548966183,1.5753850179865931,1.3958474305792468,139.58474305792467,0.0067978749866597354,B_parameter_matched
1,ResDyNet,1,0.8960421422287567,1.6669377293521241,1.2910994265942977,1.1439602361695977,114.39602361695978,0.0809881659806706,B_parameter_matched
1,Plain,1,0.9895404292852948,2.190159833449775,1.4799188604277516,1.311261002998458,131.1261002998458,0.0849030829849653,B_parameter_matched
1,ResDyNet,2,0.36836946757684413,0.46806762411195507,0.684154678498916,0.6061854970043962,60.618549700439615,0.15412029100116342,B_parameter_matched
1,Plain,2,0.92919967458873,2.127369063898073,1.458550329573194,1.292327720944838,129.2327720944838,0.15835170799982734,B_parameter_matched
1,ResDyNet,3,0.35041411341856393,0.4389729238479436,0.6625503179743737,0.5870432614345599,58.70432614345599,0.22747562499716878,B_parameter_matched
1,Plain,3,0.9001209929355332,2.076478431343093,1.4409991087239065,1.2767767119874738,127.67767119874738,0.23220124997897074,B_parameter_matched
1,ResDyNet,4,0.13794213713457482,0.39762411514480633,0.6305744326761166,0.5587114842343982,55.87114842343982,0.3022598329989705,B_parameter_matched
1,Plain,4,0.8378070146751565,1.85350142453312,1.3614335916720728,1.2062788201886472,120.62788201886472,0.3061374999815598,B_parameter_matched
1,ResDyNet,5,0.0953965069680347,0.2685261165150957,0.518195056436373,0.4591393404197872,45.91393404197872,0.3757151250028983,B_parameter_matched
1,Plain,5,0.4903756419023321,0.9649738004112082,0.9823307998893286,0.8703801974432923,87.03801974432923,0.37993933298275806,B_parameter_matched
1,ResDyNet,6,0.07658651070398521,0.20136430528896898,0.4487363427325326,0.3975964376068888,39.75964376068888,0.44927870799438097,B_parameter_matched
1,Plain,6,0.3967952571053449,1.0956752427949816,1.0467450705854704,0.9274535434617517,92.74535434617516,0.45346729099401273,B_parameter_matched
1,ResDyNet,7,0.061831882873346525,0.2140861200379911,0.4626944132340384,0.4099637869360524,40.99637869360524,0.5225846660032403,B_parameter_matched
1,Plain,7,0.3614430709593524,1.0136468366601867,1.0068002963151068,0.8920610458222765,89.20610458222765,0.525767207989702,B_parameter_matched
1,ResDyNet,8,0.04831095926741059,0.11377801498075799,0.33730996869460883,0.2988686878036203,29.88686878036203,0.5950733329809736,B_parameter_matched
1,Plain,8,0.3026272670433369,0.8349824531287997,0.9137737428536671,0.8096361946638286,80.96361946638287,0.5993709159956779,B_parameter_matched
1,ResDyNet,9,0.03396130551793902,0.11516931186347079,0.33936604406373777,0.3006904440653016,30.06904440653016,0.6691527910006698,B_parameter_matched
1,Plain,9,0.27132099740801224,0.7946052421150176,0.8914063282897523,0.7898178659433718,78.98178659433718,0.6723130409955047,B_parameter_matched
1,ResDyNet,10,0.028539250488562554,0.06585219832585602,0.25661683172749217,0.2273716844584434,22.73716844584434,0.743146416003583,B_parameter_matched
1,Plain,10,0.2716588560588981,0.7273198173764485,0.852830473996121,0.7556382803288137,75.56382803288137,0.7475233330042101,B_parameter_matched
1,ResDyNet,11,0.02556155911273989,0.0631858937069287,0.2513680443233163,0.22272107122540707,22.272107122540707,0.8166301249875687,B_parameter_matched
1,Plain,11,0.2856240308768741,0.7421506926129544,0.8614816844326724,0.7633035619719603,76.33035619719602,0.8206959999806713,B_parameter_matched
1,ResDyNet,12,0.022715696503654143,0.07436292855133306,0.2726956702100953,0.2416181100156219,24.16181100156219,0.889924749993952,B_parameter_matched
1,Plain,12,0.26885590409785914,0.7475831424465265,0.8646289044708871,0.766092111408227,76.6092111408227,0.8930863330024295,B_parameter_matched
1,ResDyNet,13,0.019785574006055913,0.061516850589519625,0.24802590709343172,0.21975981819093315,21.975981819093317,0.9622050829930231,B_parameter_matched
1,Plain,13,0.2582316064691081,0.7216484903484299,0.8494989643009754,0.7526864436699492,75.26864436699492,0.9663804159790743,B_parameter_matched
1,ResDyNet,14,0.01653863382017797,0.05580561776571617,0.23623212687040723,0.20931010740076414,20.931010740076413,1.0428672079870012,B_parameter_matched
1,Plain,14,0.24784469440579357,0.7123427810401681,0.8440040171943307,0.747817724142718,74.7817724142718,1.049191707978025,B_parameter_matched
1,ResDyNet,15,0.014363738781581504,0.04905089860493508,0.22147437460107,0.19623421144448133,19.623421144448134,1.1278695829969365,B_parameter_matched
1,Plain,15,0.25290765743688726,0.6728791628744174,0.8202921204512557,0.7268081361594054,72.68081361594054,1.1320992079854477,B_parameter_matched
1,ResDyNet,16,0.012909521879408845,0.05850694931295111,0.24188209795880125,0.21431618371642006,21.431618371642006,1.2027993749943562,B_parameter_matched
1,Plain,16,0.2407008543940549,0.6597026032708172,0.8122207848059647,0.7196566443061816,71.96566443061816,1.2059419159777462,B_parameter_matched
1,ResDyNet,17,0.014055237213956757,0.029911690994346898,0.17294996673705057,0.1532398518028389,15.32398518028389,1.2773353749944363,B_parameter_matched
1,Plain,17,0.23919955415669325,0.5472637508851281,0.7397727697645596,0.6554651136698451,65.5465113669845,1.281439665996004,B_parameter_matched
1,ResDyNet,18,0.012833750549080985,0.042154728143459816,0.20531616629836974,0.18191746139000015,18.191746139000013,1.3502603329834528,B_parameter_matched
1,Plain,18,0.24913875167330818,0.5529454528969614,0.7436030210380814,0.6588588531922961,65.88588531922962,1.353433332988061,B_parameter_matched
1,ResDyNet,19,0.013626418419106723,0.04206348712279762,0.20509384954892632,0.18172048080433864,18.172048080433864,1.4223263329768088,B_parameter_matched
1,Plain,19,0.23718382135480248,0.5884484297243127,0.7671039236793882,0.6796814928604615,67.96814928604616,1.4255014160007704,B_parameter_matched
1,ResDyNet,20,0.008761815751005804,0.03415994575088644,0.18482409407565464,0.16376075300903684,16.376075300903683,1.494229790987447,B_parameter_matched
1,Plain,20,0.2168675803956322,0.5774159307692922,0.759878892172491,0.67327985672097,67.327985672097,1.4975301660015248,B_parameter_matched
1,ResDyNet,21,0.008978179306791824,0.033236340911953724,0.182308367641076,0.16153172947532643,16.153172947532642,1.5656924159848131,B_parameter_matched
1,Plain,21,0.19040541552828621,0.4189735008786012,0.6472816240853754,0.5735146529420798,57.35146529420798,1.5688761659839656,B_parameter_matched
1,ResDyNet,22,0.01040227388552813,0.03515731286605108,0.1875028342880477,0.1661342125760428,16.61342125760428,1.639471832982963,B_parameter_matched
1,Plain,22,0.1662158913114521,0.38479073895440136,0.620315032023569,0.5496212885827702,54.96212885827701,1.642662707978161,B_parameter_matched
1,ResDyNet,23,0.01193878992587876,0.048623774691771135,0.22050799235349983,0.19537796223439793,19.537796223439795,1.7132509579823818,B_parameter_matched
1,Plain,23,0.15433986439075784,0.3571929783384242,0.5976562375968515,0.529544786889883,52.9544786889883,1.7164139160013292,B_parameter_matched
1,ResDyNet,24,0.008086632109842656,0.05559165554908338,0.235778827609867,0.20890846805489985,20.890846805489986,1.7861436659877654,B_parameter_matched
1,Plain,24,0.11267434652280152,0.32245442380186906,0.5678507055572521,0.5031360202458446,50.313602024584455,1.789296832983382,B_parameter_matched
1,ResDyNet,25,0.009887041816874586,0.045475807786319024,0.2132505751136888,0.18894763117807076,18.894763117807077,1.8587828329764307,B_parameter_matched
1,Plain,25,0.11076097008804935,0.336367258627719,0.5799717739922513,0.5138757200891834,51.38757200891833,1.8623490409809165,B_parameter_matched
1,ResDyNet,26,0.011018176707428122,0.03026641353153035,0.1739724504958482,0.15414580895695146,15.414580895695146,1.9309933329932392,B_parameter_matched
1,Plain,26,0.08284663136258401,0.27430523726462924,0.5237415748865363,0.46405375400054827,46.40537540005483,1.9341615829907823,B_parameter_matched
1,ResDyNet,27,0.0105739575927005,0.033345133796187386,0.18260649987387467,0.16179588528890446,16.179588528890445,2.0039451659831684,B_parameter_matched
1,Plain,27,0.0721189928137672,0.2110773375983254,0.45943153744418264,0.40707276237026707,40.707276237026704,2.007102749979822,B_parameter_matched
1,ResDyNet,28,0.010257656404179494,0.030215104283601447,0.17382492423010415,0.15401509541287767,15.401509541287767,2.077047582977684,B_parameter_matched
1,Plain,28,0.10082624363470893,0.18699576240424906,0.4324300664896569,0.383148494065428,38.3148494065428,2.0805339999787975,B_parameter_matched
1,ResDyNet,29,0.0069296590447105975,0.0374566437537721,0.19353718958838917,0.17148086704146923,17.148086704146923,2.153794082987588,B_parameter_matched
1,Plain,29,0.07171900277613248,0.19258531363957537,0.4388454325153395,0.3888327376509225,38.883273765092255,2.1569594999891706,B_parameter_matched
1,ResDyNet,30,0.006551764914190834,0.04090422744676108,0.20224793558096232,0.17919889931506622,17.91988993150662,2.225696249981411,B_parameter_matched
1,Plain,30,0.07987972336749023,0.11927909899046932,0.3453680630725275,0.3060084474207062,30.60084474207062,2.2290309160016477,B_parameter_matched
1,ResDyNet,31,0.006627138658926684,0.04257330393992881,0.20633299285361226,0.18281840605957303,18.281840605957303,2.299000208004145,B_parameter_matched
1,Plain,31,0.0659451494528689,0.17332477478795644,0.4163229212858168,0.36887698774154454,36.88769877415445,2.3021706659928896,B_parameter_matched
1,ResDyNet,32,0.006136188856842612,0.037754275524468306,0.19430459470755782,0.17216081540429795,17.216081540429794,2.370890332997078,B_parameter_matched
1,Plain,32,0.0692063310687458,0.21283569814871542,0.4613411949400524,0.40876478716323034,40.876478716323035,2.3743137079873122,B_parameter_matched
1,ResDyNet,33,0.005593334149831269,0.03319150818151252,0.18218536763832743,0.16142274707684123,16.142274707684123,2.442966250004247,B_parameter_matched
1,Plain,33,0.06728150807331407,0.1518879551854903,0.38972805285928586,0.34531298380858194,34.531298380858196,2.4462794580031186,B_parameter_matched
1,ResDyNet,34,0.005878372861418482,0.03571271356749272,0.18897807694939833,0.16744133029953043,16.744133029953044,2.5147837909753434,B_parameter_matched
1,Plain,34,0.06870617341802532,0.16195219586856682,0.40243284640864846,0.35656988496572406,35.6569884965724,2.5179458749771584,B_parameter_matched
1,ResDyNet,35,0.007249985127818203,0.03478202474977406,0.1864993961110171,0.16524513048806955,16.524513048806956,2.5867505409987643,B_parameter_matched
1,Plain,35,0.05286990322348775,0.20961965993954043,0.45784239639808416,0.4056647266071369,40.56647266071369,2.589927540975623,B_parameter_matched
1,ResDyNet,36,0.006639503689503354,0.03378569147067666,0.18380884491959754,0.16286120597151885,16.286120597151886,2.6591790829843376,B_parameter_matched
1,Plain,36,0.04576552847176435,0.0905771968018437,0.30096045720633086,0.26666172148463796,26.666172148463797,2.662560915981885,B_parameter_matched
1,ResDyNet,37,0.007183442958226872,0.034050955150741864,0.1845290089680803,0.16349929705731256,16.349929705731256,2.7334702909865882,B_parameter_matched
1,Plain,37,0.04513065546036322,0.11737251126207357,0.3425967181134016,0.3035529367383788,30.35529367383788,2.7366452499991283,B_parameter_matched
1,ResDyNet,38,0.0055722666195534565,0.04048192213662876,0.20120119814908846,0.17827145253977594,17.827145253977594,2.805771207989892,B_parameter_matched
1,Plain,38,0.04425010211963737,0.21745442928931852,0.46632009316489736,0.41317626893747467,41.317626893747466,2.8089641659753397,B_parameter_matched
1,ResDyNet,39,0.006970899587310319,0.042827730848984835,0.2069486188622307,0.18336387270583204,18.336387270583206,2.877520290989196,B_parameter_matched
1,Plain,39,0.06025086666182619,0.21271307218035596,0.4612082741889568,0.4086470146271397,40.86470146271397,2.8808269159926567,B_parameter_matched
1,ResDyNet,40,0.007051190753218447,0.04467491824219098,0.21136442047371876,0.1872764307554324,18.72764307554324,2.9491593329876196,B_parameter_matched
1,Plain,40,0.045305752194196476,0.09123249229192433,0.30204716898511785,0.26762458695998614,26.762458695998614,2.9523252910003066,B_parameter_matched
1,ResDyNet,41,0.006663593172013947,0.037241188548024926,0.19297976201670713,0.17098696629036214,17.098696629036215,3.0209389579831623,B_parameter_matched
1,Plain,41,0.0377270137629817,0.11172988901492377,0.33426021153425334,0.29616649396048383,29.616649396048384,3.0240964999829885,B_parameter_matched
1,ResDyNet,42,0.006388064929769606,0.02829914986777942,0.16822351163787844,0.14905204366031932,14.905204366031931,3.0928963749902323,B_parameter_matched
1,Plain,42,0.05554886134052934,0.08305617392593119,0.28819468059964465,0.2553507871591579,25.535078715915787,3.097260207985528,B_parameter_matched
1,ResDyNet,43,0.00559466578631972,0.028681339699097093,0.1693556603692274,0.1500551678995651,15.005516789956511,3.16596716598724,B_parameter_matched
1,Plain,43,0.050415989038804315,0.08865787396946093,0.2977547211539406,0.2638213247684352,26.382132476843516,3.1691418749978766,B_parameter_matched
1,ResDyNet,44,0.005559412954899974,0.028894430346345173,0.16998361787638588,0.15061156069426132,15.061156069426133,3.2408932079852093,B_parameter_matched
1,Plain,44,0.05138464992325077,0.0725228677498314,0.2693007013541394,0.23861004627223362,23.861004627223362,3.2450693330029026,B_parameter_matched
1,ResDyNet,45,0.005427466617489678,0.02965590671365068,0.17220890428096533,0.15258324398099524,15.258324398099523,3.3151729999808595,B_parameter_matched
1,Plain,45,0.056972688778399026,0.0810119610049732,0.2846260019832573,0.25218881035959834,25.218881035959832,3.318339541001478,B_parameter_matched
1,ResDyNet,46,0.004890867906849158,0.03355021230164713,0.18316717037080396,0.16229265938768353,16.229265938768354,3.387315874977503,B_parameter_matched
1,Plain,46,0.05980533463987509,0.10102253417034854,0.31784042249271655,0.2816179740224343,28.161797402243433,3.3908100409898907,B_parameter_matched
1,ResDyNet,47,0.004265300058014834,0.03133174667648134,0.17700775880305739,0.1568352005997948,15.68352005997948,3.45956666598795,B_parameter_matched
1,Plain,47,0.06043501079922715,0.06271592733285994,0.25043148231174917,0.2218912438102049,22.189124381020488,3.462886332999915,B_parameter_matched
1,ResDyNet,48,0.00424012292798171,0.027782812722999213,0.16668177081792482,0.1476860061916491,14.768600619164909,3.5325546249805484,B_parameter_matched
1,Plain,48,0.05760993646426327,0.08741007438782382,0.29565194805349043,0.26195819264781506,26.195819264781505,3.536769083002582,B_parameter_matched
1,ResDyNet,49,0.004157112074730303,0.03501506172688447,0.18712311916725968,0.165797771407914,16.5797771407914,3.6057821249996778,B_parameter_matched
1,Plain,49,0.04905877564486598,0.060062814832410556,0.2450771609767229,0.21714712374262682,21.71471237426268,3.6093323749955744,B_parameter_matched
1,ResDyNet,50,0.003830479322454676,0.03089858164747225,0.17577992390336347,0.1557472949955485,15.574729499554852,3.6797354579903185,B_parameter_matched
1,Plain,50,0.04073132872189873,0.07451338383420388,0.27297139746538257,0.2418624142183655,24.18624142183655,3.6828929579933174,B_parameter_matched
1,ResDyNet,51,0.0039698715330158865,0.03370495520918453,0.18358909338297996,0.16266649825610238,16.266649825610237,3.7518231659778394,B_parameter_matched
1,Plain,51,0.026935244549618265,0.08026915349627417,0.2833181136042561,0.25102997451155495,25.102997451155495,3.7552364159782883,B_parameter_matched
1,ResDyNet,52,0.00415600638268202,0.04328506544002555,0.20805063191450668,0.18434029565636265,18.434029565636266,3.824026624992257,B_parameter_matched
1,Plain,52,0.027544052191918116,0.07018288323837303,0.26492052249377174,0.23472905125329166,23.472905125329167,3.827175582991913,B_parameter_matched
1,ResDyNet,53,0.004578973985559637,0.033050976212957626,0.18179927451163722,0.16108065476753158,16.108065476753158,3.8961546249920502,B_parameter_matched
1,Plain,53,0.022558563393449527,0.05717956705337518,0.23912249382560224,0.21187107582548384,21.187107582548386,3.8993282909796108,B_parameter_matched
1,ResDyNet,54,0.004034359252051191,0.03184250502058311,0.17844468336317312,0.15810836711609008,15.810836711609008,3.9692044999974314,B_parameter_matched
1,Plain,54,0.025674472975619166,0.10966353368530943,0.3311548485003797,0.2934150313260428,29.34150313260428,3.9723669579834677,B_parameter_matched
1,ResDyNet,55,0.004466000020183436,0.037397305713673445,0.19338383002121312,0.17134498498384307,17.134498498384307,4.041268707980635,B_parameter_matched
1,Plain,55,0.01890582610115704,0.08472162543330167,0.2910697947800521,0.2578982410802779,25.789824108027794,4.0447165409859736,B_parameter_matched
1,ResDyNet,56,0.004604202289162588,0.03745370608535209,0.19352960002374853,0.17147414241594472,17.147414241594472,4.113337124988902,B_parameter_matched
1,Plain,56,0.022786334336894955,0.11480301399312881,0.33882593465248323,0.3002118878232885,30.02118878232885,4.116503124998417,B_parameter_matched
1,ResDyNet,57,0.004259293866808784,0.04269554616978728,0.20662900611914892,0.1830806843924245,18.30806843924245,4.185013207985321,B_parameter_matched
1,Plain,57,0.029741867393432642,0.056990972209110584,0.238727820350102,0.21152138102046478,21.15213810204648,4.188160791003611,B_parameter_matched
1,ResDyNet,58,0.0043404219920327135,0.025592083666643884,0.1599752595454806,0.14174379751192198,14.174379751192198,4.261879457975738,B_parameter_matched
1,Plain,58,0.023252443436687194,0.05174089707628041,0.2274662548077855,0.201543231458885,20.1543231458885,4.266894582979148,B_parameter_matched
1,ResDyNet,59,0.0041018029391131,0.02927177188671497,0.17108995261766535,0.15159181281570727,15.159181281570728,4.338203291001264,B_parameter_matched
1,Plain,59,0.022170287074045922,0.0652100241219537,0.2553625346873611,0.22626033245200647,22.626033245200645,4.341353290976258,B_parameter_matched
1,ResDyNet,60,0.004328408226470498,0.03745553058572121,0.1935343137165118,0.17147831891620152,17.147831891620154,4.4105619579786435,B_parameter_matched
1,Plain,60,0.025897046876096796,0.09483499939420217,0.30795291749584414,0.2728572912133756,27.28572912133756,4.413885707996087,B_parameter_matched
1,ResDyNet,61,0.004227313875966251,0.03738822876676112,0.19336035986406605,0.17132418958578163,17.132418958578164,4.482541832985589,B_parameter_matched
1,Plain,61,0.01716438610059896,0.05831585367021787,0.24148675671808148,0.21396589724755039,21.39658972475504,4.485712374997092,B_parameter_matched
1,ResDyNet,62,0.003833320815669381,0.034686749249484526,0.18624378982796858,0.16501865418585793,16.501865418585794,4.567983207991347,B_parameter_matched
1,Plain,62,0.031920912599978486,0.07710628024600424,0.2776801761847688,0.24603456045663666,24.603456045663666,4.5711794160015415,B_parameter_matched
1,ResDyNet,63,0.004550564596780461,0.0307166844603076,0.17526175983456174,0.15528818311128054,15.528818311128054,4.641065790987341,B_parameter_matched
1,Plain,63,0.05564992315677946,0.04854385174335289,0.2203266932156721,0.19521732471860737,19.521732471860737,4.644227290991694,B_parameter_matched
1,ResDyNet,64,0.0036848857142404157,0.03133217101058168,0.17700895743035627,0.15683626262642086,15.683626262642086,4.714816790976329,B_parameter_matched
1,Plain,64,0.028451163228554274,0.04842475074567215,0.22005624450506317,0.19497769749510527,19.497769749510528,4.7179898750036955,B_parameter_matched
1,ResDyNet,65,0.0034995486898738476,0.03189626175744325,0.17859524561825058,0.15824177065522027,15.824177065522028,4.788580708001973,B_parameter_matched
1,Plain,65,0.019849879693018265,0.10885527391598725,0.32993222624652363,0.29233174431231007,29.233174431231006,4.791785332985455,B_parameter_matched
1,ResDyNet,66,0.004116220408991464,0.030112191088666435,0.17352864630563578,0.1537525825827537,15.37525825827537,4.8608632079849485,B_parameter_matched
1,Plain,66,0.01997171318353249,0.08346784404212508,0.28890802003773636,0.2559828313962319,25.59828313962319,4.864228374994127,B_parameter_matched
1,ResDyNet,67,0.004637018255993076,0.02854149769011559,0.16894229100528851,0.1496889078691938,14.968890786919381,4.9327659999835305,B_parameter_matched
1,Plain,67,0.019199375399464938,0.04638846902927743,0.21537982502843073,0.19083422270244116,19.083422270244117,4.935919165989617,B_parameter_matched
1,ResDyNet,68,0.0048645060791004235,0.02807866460692014,0.16756689591598972,0.14847025866312058,14.847025866312059,5.006462499994086,B_parameter_matched
1,Plain,68,0.018202146832294062,0.046460968319084694,0.2155480649857119,0.1909832893175292,19.09832893175292,5.009642207995057,B_parameter_matched
1,ResDyNet,69,0.0037906357166500025,0.04038926296253087,0.20097080126856953,0.17806731266919573,17.806731266919574,5.0794651659962256,B_parameter_matched
1,Plain,69,0.01785344365542267,0.07181672846588678,0.2679864333616289,0.2374455578586121,23.74455578586121,5.082617499982007,B_parameter_matched
1,ResDyNet,70,0.0039857758059252705,0.03135805313893745,0.17708205199550137,0.15690102702355693,15.690102702355693,5.151707582990639,B_parameter_matched
1,Plain,70,0.0170111592985323,0.06680173161364848,0.25846030955187005,0.22900507169718737,22.900507169718736,5.154874125000788,B_parameter_matched
1,ResDyNet,71,0.003707731715471579,0.02949913576518972,0.17175312446994878,0.15217940677875344,15.217940677875344,5.2240507079986855,B_parameter_matched
1,Plain,71,0.018665380907513508,0.0540460233548559,0.23247800617446782,0.20598382229097648,20.59838222909765,5.227211666002404,B_parameter_matched
1,ResDyNet,72,0.004184183962365981,0.029951845061632783,0.17306601359490772,0.15334267346644323,15.334267346644323,5.297009999980219,B_parameter_matched
1,Plain,72,0.017895143280857014,0.06520636228069283,0.25535536469926146,0.22625397958629306,22.625397958629307,5.300135957979364,B_parameter_matched
1,ResDyNet,73,0.0038047281427652,0.03603569410836858,0.18983069854048523,0.16819678350213615,16.819678350213614,5.373059165984159,B_parameter_matched
1,Plain,73,0.020133229114830318,0.09590135096203373,0.30967943257832564,0.27438704528252256,27.438704528252256,5.376209832989844,B_parameter_matched
1,ResDyNet,74,0.0038046179065468477,0.03311329778910459,0.18197059594644566,0.16123245168184155,16.123245168184155,5.4451810409955215,B_parameter_matched
1,Plain,74,0.03658090625199342,0.09876951747234877,0.3142761802497109,0.278459928008248,27.8459928008248,5.44837266599643,B_parameter_matched
1,ResDyNet,75,0.0036924521979363307,0.030032986445688033,0.17330027826200406,0.15355024033416667,15.355024033416667,5.517233749997104,B_parameter_matched
1,Plain,75,0.04419044947727446,0.03911665848099776,0.19777931762698991,0.17523954409835577,17.523954409835575,5.520401999994647,B_parameter_matched
1,ResDyNet,76,0.004308015907590652,0.031624970524537346,0.1778341095643278,0.15756737690825728,15.756737690825728,5.590385540999705,B_parameter_matched
1,Plain,76,0.030422436031261987,0.05570462698882212,0.2360182768109752,0.20912062860505432,20.912062860505433,5.593578500003787,B_parameter_matched
1,ResDyNet,77,0.0034057463857362184,0.02865585975569755,0.1692804175198583,0.1499885000458264,14.99885000458264,5.663014999998268,B_parameter_matched
1,Plain,77,0.04042807535314535,0.053047746702776,0.23032096453162051,0.2040726063022216,20.40726063022216,5.6661767499754205,B_parameter_matched
1,ResDyNet,78,0.0033309850047969847,0.031380772312942,0.17714618910081584,0.15695785479114127,15.695785479114127,5.735266915988177,B_parameter_matched
1,Plain,78,0.030859234198146065,0.09850810166719569,0.31386000329318114,0.2780911803504971,27.809118035049714,5.738408374978462,B_parameter_matched
1,ResDyNet,79,0.003316748029305733,0.03330903856248026,0.1825076397373005,0.16170829167461445,16.170829167461445,5.807119999983115,B_parameter_matched
1,Plain,79,0.040914871281091475,0.07118804692732054,0.26681088232551636,0.23640397762613685,23.640397762613684,5.810299207980279,B_parameter_matched
1,ResDyNet,80,0.0037388894174202616,0.03893740472306816,0.19732563118629107,0.17483756169703304,17.483756169703305,5.879249915975379,B_parameter_matched
1,Plain,80,0.06892988522110995,0.04529872322062449,0.21283496710039093,0.18857938762435753,18.85793876243575,5.88241404099972,B_parameter_matched
1,ResDyNet,81,0.004828665436217751,0.03143705846316536,0.17730498713562842,0.15709855552546553,15.709855552546554,5.9507620410004165,B_parameter_matched
1,Plain,81,0.041238967198685875,0.0886916519148274,0.2978114368435628,0.263871576896473,26.3871576896473,5.953917124978034,B_parameter_matched
1,ResDyNet,82,0.004429168319373591,0.031040310269391618,0.17618260490011953,0.15610408475059098,15.610408475059097,6.0224214579793625,B_parameter_matched
1,Plain,82,0.072351080466481,0.06875652440253388,0.2622146532948414,0.2323315544346171,23.23315544346171,6.025590874982299,B_parameter_matched
1,ResDyNet,83,0.0038042110815990167,0.035896203387567584,0.18946293407304654,0.1678709310399941,16.78709310399941,6.094261165999342,B_parameter_matched
1,Plain,83,0.04424826715919201,0.05853699956043692,0.241944207536442,0.21437121502202114,21.437121502202114,6.097601624991512,B_parameter_matched
1,ResDyNet,84,0.003476873310688847,0.02794148375988075,0.16715706314685225,0.14810713218214205,14.810713218214206,6.165768290986307,B_parameter_matched
1,Plain,84,0.030309838791798525,0.08755267456546094,0.2958930120253957,0.26217178394260804,26.217178394260802,6.168909915984841,B_parameter_matched
1,ResDyNet,85,0.003164111152104836,0.027977645739558483,0.16726519584049304,0.14820294161339653,14.820294161339653,6.237234290980268,B_parameter_matched
1,Plain,85,0.023864585838735467,0.09096086976652731,0.30159719787578815,0.2672258964750433,26.72258964750433,6.240390958002536,B_parameter_matched
1,ResDyNet,86,0.0027576960600090676,0.031203709779932497,0.17664571826096578,0.15651441974008476,15.651441974008476,6.3090399999928195,B_parameter_matched
1,Plain,86,0.020613918052157863,0.14508344663673792,0.38089821033543586,0.33748942775173474,33.748942775173475,6.312340207980014,B_parameter_matched
1,ResDyNet,87,0.002775902324747641,0.031024566829006128,0.17613791990654973,0.15606449224923563,15.606449224923564,6.381066290981835,B_parameter_matched
1,Plain,87,0.03298935174456917,0.12051512174893196,0.3471528795054593,0.3075898585700566,30.758985857005662,6.3842292909976095,B_parameter_matched
1,ResDyNet,88,0.0028654748391814216,0.025413675353962425,0.15941667213300628,0.14124886910041995,14.124886910041996,6.452694707986666,B_parameter_matched
1,Plain,88,0.020593923985644576,0.07758607371724414,0.2785427682013018,0.24679884781253306,24.679884781253307,6.456476749997819,B_parameter_matched
1,ResDyNet,89,0.0031565393270618063,0.03518593415031448,0.18757914103203074,0.16620182307843334,16.620182307843333,6.525292332982644,B_parameter_matched
1,Plain,89,0.02939676574141155,0.04939226272847838,0.2222437012121567,0.19691586231782407,19.691586231782406,6.528611415997148,B_parameter_matched
1,ResDyNet,90,0.003847722871937322,0.030774734711114072,0.17542729180807093,0.1554348503559626,15.54348503559626,6.597618040977977,B_parameter_matched
1,Plain,90,0.029994188130631913,0.062092534106010275,0.24918373563699994,0.2207856956616079,22.07856956616079,6.600785791000817,B_parameter_matched
1,ResDyNet,91,0.002908605311011247,0.028607567882278237,0.16913771868592242,0.1498620637788682,14.986206377886822,6.674462124996353,B_parameter_matched
1,Plain,91,0.03487638994528131,0.08330258160651628,0.2886218661267997,0.25572928880393175,25.572928880393174,6.677661333000287,B_parameter_matched
1,ResDyNet,92,0.0026499940793691746,0.03146530931852041,0.1773846366473726,0.1571691278395638,15.71691278395638,6.746990415995242,B_parameter_matched
1,Plain,92,0.03491530394412736,0.13040215896778215,0.36111239104713944,0.31995848471231775,31.995848471231774,6.750140832999023,B_parameter_matched
1,ResDyNet,93,0.0034072012293324626,0.037480979954717525,0.19360005153593715,0.171536564973698,17.153656497369802,6.819067415985046,B_parameter_matched
1,Plain,93,0.027376735996633202,0.13083844877046608,0.36171597804142697,0.32049328436160224,32.04932843616022,6.822208540979773,B_parameter_matched
1,ResDyNet,94,0.0033266626903048465,0.03543767951995976,0.18824898278598948,0.16679532681274772,16.67953268127477,6.890837999992073,B_parameter_matched
1,Plain,94,0.02882075993690725,0.10572205894699224,0.3251492871697434,0.28809388934687863,28.809388934687863,6.893990874988958,B_parameter_matched
1,ResDyNet,95,0.00433928234912631,0.030139960992576233,0.1736086431966342,0.1538234626872866,15.38234626872866,6.962700624979334,B_parameter_matched
1,Plain,95,0.018731908846081054,0.07536526183749255,0.27452734260450734,0.24324103722148718,24.324103722148717,6.965873749984894,B_parameter_matched
1,ResDyNet,96,0.003476741918853859,0.026117040568388636,0.16160767484370486,0.14319017580906787,14.319017580906786,7.034322124993196,B_parameter_matched
1,Plain,96,0.03482193533036735,0.05075281144632142,0.22528384639454604,0.19960953960494815,19.960953960494816,7.037476124998648,B_parameter_matched
1,ResDyNet,97,0.003100196479161398,0.0327203989770626,0.18088780770704974,0.16027306260262214,16.027306260262215,7.10620487498818,B_parameter_matched
1,Plain,97,0.025880642835414056,0.051620122509581305,0.22720062171917862,0.2013078710485882,20.13078710485882,7.109392040991224,B_parameter_matched
1,ResDyNet,98,0.002829622617136399,0.027349125203629,0.16537570923091757,0.1465287889466024,14.65287889466024,7.177776041004108,B_parameter_matched
1,Plain,98,0.028182706128843868,0.06188724056905041,0.2487714625294678,0.22042040695359344,22.042040695359344,7.181114249979146,B_parameter_matched
1,ResDyNet,99,0.0023975112484725942,0.03051466359791551,0.17468446867971837,0.15477668251556323,15.477668251556324,7.249222499987809,B_parameter_matched
1,Plain,99,0.02467544139108549,0.04796872699636305,0.21901764083370784,0.194057457522337,19.4057457522337,7.2523576249950565,B_parameter_matched
1,ResDyNet,100,0.0025523269545609517,0.029356696241122467,0.17133795913667954,0.15181155545536706,15.181155545536706,7.321073375002015,B_parameter_matched
1,Plain,100,0.019261357448945436,0.08169376153215024,0.28582120553267254,0.2532478034212453,25.32478034212453,7.3242523329972755,B_parameter_matched
2,ResDyNet,0,0.8974983793981895,1.8423523857863864,1.3573328205662702,1.2026453904263508,120.26453904263508,0.00310175001504831,B_parameter_matched
2,Plain,0,1.0426939398597797,2.0539367409639313,1.433156216524888,1.2698276291922714,126.98276291922714,0.007007000007433817,B_parameter_matched
2,ResDyNet,1,0.6672266593304118,0.47682279869269717,0.6905235685280389,0.6118285611958754,61.182856119587534,0.07783933301107027,B_parameter_matched
2,Plain,1,0.9950599368892923,2.2159353399596977,1.488601807052409,1.3189544040385255,131.89544040385255,0.0816394170105923,B_parameter_matched
2,ResDyNet,2,0.17652325492151177,0.26861528549150904,0.518281087337276,0.45921556687275256,45.921556687275256,0.15089533300488256,B_parameter_matched
2,Plain,2,0.9333880922618722,2.2804040986064034,1.5101006915455681,1.3380031840748172,133.8003184074817,0.1549810830038041,B_parameter_matched
2,ResDyNet,3,0.07528132637091611,0.3021434790453652,0.5496757944874098,0.48703239946222887,48.70323994622289,0.2235046669957228,B_parameter_matched
2,Plain,3,0.9087352212783987,2.120929500770375,1.4563411347518735,1.2903702953759886,129.03702953759887,0.22682979199453257,B_parameter_matched
2,ResDyNet,4,0.06011798910324634,0.14601976648301138,0.38212532824063283,0.3385766980732312,33.85766980732312,0.2966015830170363,B_parameter_matched
2,Plain,4,0.8713345770778127,2.0712336108582936,1.4391781025496093,1.2751632354338436,127.51632354338436,0.3007900420052465,B_parameter_matched
2,ResDyNet,5,0.0451714734753557,0.13713574528721792,0.3703184376819738,0.3281153710571234,32.81153710571234,0.3701717919902876,B_parameter_matched
2,Plain,5,0.8298884709812561,1.7521095767016697,1.3236727604289777,1.172821374125986,117.28213741259862,0.37437850001151673,B_parameter_matched
2,ResDyNet,6,0.030650547011697782,0.09835853566040247,0.3136216441197936,0.277879985603861,27.7879985603861,0.4440320419962518,B_parameter_matched
2,Plain,6,0.44794972163374913,0.7734249876512893,0.8794458412268997,0.779220446934972,77.9220446934972,0.4478374579921365,B_parameter_matched
2,ResDyNet,7,0.026415341081387513,0.09717638206732011,0.3117312657840405,0.27620504283580294,27.620504283580296,0.5174236670136452,B_parameter_matched
2,Plain,7,0.3163813186985789,0.8897767720948968,0.9432797952330458,0.8357796116254358,83.57796116254357,0.521647874993505,B_parameter_matched
2,ResDyNet,8,0.024155511556868996,0.06201330525244097,0.24902470811636537,0.22064479159464348,22.064479159464348,0.5904574579908513,B_parameter_matched
2,Plain,8,0.27082251381305816,0.720186837779071,0.848638225499577,0.7519237983288964,75.19237983288964,0.5943885000015143,B_parameter_matched
2,ResDyNet,9,0.02366888560476627,0.09501484150336334,0.3082447753058652,0.27311588766412326,27.311588766412324,0.6637292919913307,B_parameter_matched
2,Plain,9,0.2900234293229432,0.7772973303719597,0.8816446735346161,0.7811686909464094,78.11686909464093,0.666887958010193,B_parameter_matched
2,ResDyNet,10,0.019447487232748827,0.06297639602375428,0.25095098330900056,0.22235154026086143,22.235154026086143,0.7355697500170209,B_parameter_matched
2,Plain,10,0.2933503554410537,0.7903947332400887,0.889041468796641,0.7877225159118225,78.77225159118225,0.7387301670096349,B_parameter_matched
2,ResDyNet,11,0.018387631183255596,0.08130279624470316,0.28513645197466975,0.25264108729559637,25.264108729559638,0.8073054580017924,B_parameter_matched
2,Plain,11,0.29083532025717695,0.8142994942109698,0.9023854465864184,0.7995457571505721,79.9545757150572,0.8106307919952087,B_parameter_matched
2,ResDyNet,12,0.01746823889283182,0.04827648906044637,0.21971911400796784,0.19467898782555296,19.467898782555295,0.8799826250178739,B_parameter_matched
2,Plain,12,0.2824278780763776,0.823571908274553,0.9075086271075075,0.804085078195973,80.4085078195973,0.8841942920116708,B_parameter_matched
2,ResDyNet,13,0.01445456730911639,0.06379261545919902,0.25257200054479323,0.2237878194673234,22.37878194673234,0.9535679580003489,B_parameter_matched
2,Plain,13,0.27974985950037673,0.7600926656976797,0.871832934510781,0.7724751394973561,77.24751394973562,0.9567397920181975,B_parameter_matched
2,ResDyNet,14,0.01308227443764078,0.04575329640566037,0.21390020197667037,0.18952322379649428,18.952322379649427,1.0263815830112435,B_parameter_matched
2,Plain,14,0.2748772458003061,0.7440414286027053,0.8625783608477001,0.7642752564711562,76.42752564711563,1.0305797920154873,B_parameter_matched
2,ResDyNet,15,0.012478643964848699,0.043801915686076956,0.20928907206559294,0.18543759789237685,18.543759789237686,1.103842042008182,B_parameter_matched
2,Plain,15,0.26604930456240444,0.6634157725799892,0.8145033901586839,0.7216791142295604,72.16791142295604,1.1080659580184147,B_parameter_matched
2,ResDyNet,16,0.011777366313499224,0.07172233013265387,0.26781025023821226,0.23728945331443732,23.728945331443732,1.1783401670109015,B_parameter_matched
2,Plain,16,0.24291911366042185,0.645668684538177,0.803535117177947,0.7119608323598876,71.19608323598877,1.1815059170185123,B_parameter_matched
2,ResDyNet,17,0.012106082865900487,0.06018597484139638,0.2453283001233172,0.21736964200228343,21.736964200228343,1.2632292920025066,B_parameter_matched
2,Plain,17,0.2522440494422232,0.7481550464562213,0.8649595634804099,0.7663850871084975,76.63850871084975,1.2704999170091469,B_parameter_matched
2,ResDyNet,18,0.012815333893923206,0.03904082588718126,0.19758751450226114,0.17506959967475583,17.506959967475584,1.3404057500010822,B_parameter_matched
2,Plain,18,0.2758322675823779,0.7971292149538555,0.8928209310684061,0.7910712545635058,79.10712545635057,1.344651666993741,B_parameter_matched
2,ResDyNet,19,0.011294443003420298,0.05085752751933972,0.22551613582921226,0.19981535634614322,19.98153563461432,1.4132450420001987,B_parameter_matched
2,Plain,19,0.266263334427779,0.7366125365494494,0.8582613451329667,0.7604502262567124,76.04502262567124,1.4164187500136904,B_parameter_matched
2,ResDyNet,20,0.01126811510271651,0.03512097544955769,0.18740591092480965,0.16604833501214936,16.604833501214937,1.4855935419909656,B_parameter_matched
2,Plain,20,0.24406986401718755,0.6484723499144909,0.8052778091531462,0.7135049197341484,71.35049197341485,1.489806541998405,B_parameter_matched
2,ResDyNet,21,0.009340287498178028,0.041161018975088844,0.2028817857154477,0.179760513188178,17.976051318817802,1.5589735000103246,B_parameter_matched
2,Plain,21,0.23846422961703292,0.593209399080989,0.7702008822904509,0.6824255088759159,68.24255088759159,1.5621451670012902,B_parameter_matched
2,ResDyNet,22,0.008907074202964169,0.06345772861426874,0.2519081749651423,0.22319964627846525,22.319964627846524,1.6322074579948094,B_parameter_matched
2,Plain,22,0.235044727956052,0.5734992786567271,0.7572973515447727,0.6709925194599226,67.09925194599225,1.6353529999905732,B_parameter_matched
2,ResDyNet,23,0.008273277906729031,0.04956288138583364,0.2226272251676188,0.19725567824960277,19.725567824960276,1.7051049580040853,B_parameter_matched
2,Plain,23,0.23061561443336473,0.6169768238845016,0.7854787227446085,0.6959622215520276,69.59622215520275,1.7087025420041755,B_parameter_matched
2,ResDyNet,24,0.00695804389754151,0.04410890372871121,0.21002119828415228,0.18608628788838927,18.608628788838928,1.7776693330088165,B_parameter_matched
2,Plain,24,0.23468824440338845,0.6115393684497379,0.7820098263127758,0.692888655334223,69.2888655334223,1.7808354170119856,B_parameter_matched
2,ResDyNet,25,0.007144599561601426,0.035586259055844637,0.18864320569754067,0.16714462240200467,16.71446224020047,1.849964249995537,B_parameter_matched
2,Plain,25,0.2239159752732656,0.6574034645328893,0.8108042085071397,0.7184015070766417,71.84015070766418,1.8530969580169767,B_parameter_matched
2,ResDyNet,26,0.007826442215611051,0.052172807375586536,0.22841367598194845,0.2023826804802562,20.23826804802562,1.9220902920060325,B_parameter_matched
2,Plain,26,0.22697036436204082,0.6324077046380105,0.7952406583154628,0.7046116453617525,70.46116453617525,1.9254031669988763,B_parameter_matched
2,ResDyNet,27,0.0069020151331955736,0.037178966341519674,0.19281848029045265,0.1708440649166526,17.08440649166526,1.9931683329923544,B_parameter_matched
2,Plain,27,0.2282951608000562,0.5134091357412246,0.7165257397618209,0.6348674142329207,63.486741423292074,1.9963333749910817,B_parameter_matched
2,ResDyNet,28,0.006073092276134213,0.03809959448985611,0.1951911742109671,0.17294635653088533,17.294635653088534,2.065905333001865,B_parameter_matched
2,Plain,28,0.20941040919733322,0.5500504165249016,0.7416538387448026,0.6571318080162025,65.71318080162025,2.0690566250123084,B_parameter_matched
2,ResDyNet,29,0.005963124081027317,0.03757529492389334,0.19384348047817687,0.17175225171673192,17.17522517167319,2.137676999991527,B_parameter_matched
2,Plain,29,0.1765050988158263,0.434725970544675,0.6593375239925868,0.5841966111406596,58.41966111406596,2.1411522919952404,B_parameter_matched
2,ResDyNet,30,0.00623957148059304,0.029678385637216566,0.17227415835585025,0.15264106142353975,15.264106142353976,2.2150855000072625,B_parameter_matched
2,Plain,30,0.14370687104518284,0.4442547452724374,0.6665243771029215,0.5905644198562916,59.056441985629164,2.219145417009713,B_parameter_matched
2,ResDyNet,31,0.006509756425586187,0.040119219298145166,0.20029782649381186,0.17747103296647854,17.747103296647854,2.288155624992214,B_parameter_matched
2,Plain,31,0.16478322129789721,0.3821458077320338,0.6181794300460295,0.5477290689037368,54.77290689037368,2.2913466670142952,B_parameter_matched
2,ResDyNet,32,0.00620126239839748,0.04292727590680359,0.2071889859688579,0.18357684655308248,18.357684655308248,2.3611864580016118,B_parameter_matched
2,Plain,32,0.12124929959351363,0.30590976308734996,0.55309109836206,0.4900584807589589,49.00584807589589,2.364332833007211,B_parameter_matched
2,ResDyNet,33,0.004987168395746669,0.045879927644110544,0.21419600286679147,0.1897853139571372,18.97853139571372,2.434038417006377,B_parameter_matched
2,Plain,33,0.10256857612091069,0.26816843187591544,0.5178498159465884,0.45883344500685913,45.883344500685915,2.437460207991535,B_parameter_matched
2,ResDyNet,34,0.0048040600826910465,0.0384752012381312,0.19615096542747681,0.1737967658518841,17.37967658518841,2.5063742920174263,B_parameter_matched
2,Plain,34,0.1216749616565203,0.27866240294767386,0.5278848387173796,0.46772483383593094,46.77248338359309,2.5096997919899877,B_parameter_matched
2,ResDyNet,35,0.004592384442135498,0.040489845929087664,0.20122088840149688,0.1782888988071442,17.82888988071442,2.5787871250067838,B_parameter_matched
2,Plain,35,0.07351944996343852,0.3124468841087271,0.5589694840585907,0.4952669405810174,49.52669405810174,2.582184958009748,B_parameter_matched
2,ResDyNet,36,0.004865399426722165,0.04564820113966195,0.2136543964903647,0.18930543135047967,18.930543135047966,2.6507562499900814,B_parameter_matched
2,Plain,36,0.07507358156694557,0.18930026277743683,0.4350865003392278,0.3855021893977387,38.55021893977387,2.653946750011528,B_parameter_matched
2,ResDyNet,37,0.00484361690259629,0.0342987926483601,0.18519933220279197,0.16409322740078228,16.409322740078228,2.7235280830063857,B_parameter_matched
2,Plain,37,0.07963198843492342,0.17032027086670185,0.41269876528371374,0.3656658559954655,36.566585599546556,2.726820375013631,B_parameter_matched
2,ResDyNet,38,0.004001499205930212,0.03597563192081327,0.18967243321266605,0.1680565547652471,16.805655476524713,2.795901125005912,B_parameter_matched
2,Plain,38,0.0834772515506856,0.1775163762339083,0.4213269232246004,0.3733107123035513,37.33107123035513,2.7993108330119867,B_parameter_matched
2,ResDyNet,39,0.004253117791847912,0.0426249323411727,0.20645806436458883,0.18292922388838445,18.292922388838445,2.8679770000162534,B_parameter_matched
2,Plain,39,0.05181797790251109,0.12633651379616614,0.3554384810289484,0.31493119764927857,31.493119764927858,2.871184916992206,B_parameter_matched
2,ResDyNet,40,0.004826420044481679,0.038785796723303505,0.19694109962956818,0.17449685299452533,17.449685299452533,2.940640125016216,B_parameter_matched
2,Plain,40,0.04956220491129454,0.19282244010957336,0.43911552023308553,0.38907204502184617,38.90720450218462,2.9439838750113267,B_parameter_matched
2,ResDyNet,41,0.004561654042233771,0.03492331855520597,0.18687781718332963,0.16558042508299947,16.55804250829995,3.0123528749973048,B_parameter_matched
2,Plain,41,0.0690417963021606,0.10906888145686038,0.3302557818674192,0.29261842615638,29.261842615638002,3.0157797500141896,B_parameter_matched
2,ResDyNet,42,0.004331725399314998,0.03817421588168639,0.1953822302096237,0.17311563897408289,17.311563897408288,3.085314625001047,B_parameter_matched
2,Plain,42,0.04413123110067645,0.07435226656837449,0.27267612027527177,0.24160078807464885,24.160078807464885,3.0884957920061424,B_parameter_matched
2,ResDyNet,43,0.004125474148159133,0.03316463121545052,0.18211159000857283,0.16135737746004825,16.135737746004825,3.1581005830084905,B_parameter_matched
2,Plain,43,0.042897676372808065,0.14522405169883948,0.38108273602833215,0.3376529241106339,33.76529241106339,3.1617052080109715,B_parameter_matched
2,ResDyNet,44,0.004071499254604327,0.035619802852638764,0.18873209279992303,0.16722337955156208,16.722337955156206,3.2299860829953104,B_parameter_matched
2,Plain,44,0.0385510545550905,0.12251522550288838,0.3500217500426058,0.31013178040009803,31.013178040009805,3.233159625000553,B_parameter_matched
2,ResDyNet,45,0.0041049929301530666,0.034652788370220636,0.18615259431504208,0.16493785170205527,16.493785170205527,3.3050162500003353,B_parameter_matched
2,Plain,45,0.037865195041088574,0.08654267106697942,0.2941813574429546,0.26065519680761473,26.065519680761472,3.309186625003349,B_parameter_matched
2,ResDyNet,46,0.0035831969907875855,0.03134246706627366,0.17703803847273517,0.1568620294693321,15.686202946933209,3.378353792009875,B_parameter_matched
2,Plain,46,0.03711421485621186,0.0643904968329442,0.2537528262560719,0.22483407325051397,22.483407325051395,3.3815619579982013,B_parameter_matched
2,ResDyNet,47,0.0036528851943370927,0.03423978584151147,0.18503995741869234,0.16395201564597653,16.395201564597652,3.451710124994861,B_parameter_matched
2,Plain,47,0.034370247123636136,0.1456900572034946,0.3816936693259329,0.3381942328472126,33.81942328472126,3.4549202079942916,B_parameter_matched
2,ResDyNet,48,0.0036357309153701328,0.02833376612530427,0.16832636788484528,0.1491431779712392,14.91431779712392,3.5234800830075983,B_parameter_matched
2,Plain,48,0.03383515140877208,0.0971808369794847,0.31173841113902645,0.2762113738756972,27.62113738756972,3.527807792008389,B_parameter_matched
2,ResDyNet,49,0.0033336346259695815,0.026104304320322957,0.1615682652018117,0.14315525745784033,14.315525745784033,3.596145957999397,B_parameter_matched
2,Plain,49,0.0339448002292884,0.0773181900360589,0.27806148607108266,0.24637241464401868,24.637241464401868,3.6002869580115657,B_parameter_matched
2,ResDyNet,50,0.004173528375994821,0.025284206182410705,0.15901008201498013,0.1408886157242192,14.088861572421921,3.669068499992136,B_parameter_matched
2,Plain,50,0.031063218397404602,0.05763864271135368,0.2400804921507653,0.2127198965806711,21.27198965806711,3.672958832990844,B_parameter_matched
2,ResDyNet,51,0.004223922651875964,0.02834094986458294,0.168347705254877,0.14916208364369007,14.916208364369007,3.741781999997329,B_parameter_matched
2,Plain,51,0.028051621971767186,0.10247456447665904,0.3201164857933109,0.28363464745381606,28.363464745381606,3.7449730419903062,B_parameter_matched
2,ResDyNet,52,0.003591614465000291,0.029146813107968825,0.17072437760310866,0.15126790028707024,15.126790028707024,3.8137324580166023,B_parameter_matched
2,Plain,52,0.027558002777747875,0.08241129089777334,0.28707366806757695,0.2543575299904858,25.435752999048578,3.816903667000588,B_parameter_matched
2,ResDyNet,53,0.003720935795266787,0.02394116549239334,0.1547293297742653,0.13709571624382122,13.709571624382122,3.8854866250185296,B_parameter_matched
2,Plain,53,0.03298764385553425,0.09293524565070327,0.30485282621406556,0.2701104995397045,27.01104995397045,3.88954954201472,B_parameter_matched
2,ResDyNet,54,0.0035371380688990067,0.02971519962483445,0.17238097233985672,0.1527357024309272,15.27357024309272,3.958626917010406,B_parameter_matched
2,Plain,54,0.030735743651496207,0.15897694553324618,0.3987191311352469,0.3532794005044045,35.327940050440446,3.96181379200425,B_parameter_matched
2,ResDyNet,55,0.004357407387794177,0.031950853632101955,0.1787480171417349,0.15837713168511874,15.837713168511874,4.030334458017023,B_parameter_matched
2,Plain,55,0.04152622404390651,0.06300282287516108,0.2510036311991543,0.22239818817318602,22.2398188173186,4.033512374997372,B_parameter_matched
2,ResDyNet,56,0.004248532228457013,0.025228147284028776,0.15883370953304835,0.14073234340163232,14.073234340163232,4.102046999993036,B_parameter_matched
2,Plain,56,0.04298446393164973,0.0722864748083877,0.268861441654224,0.2382208464788602,23.82208464788602,4.1052170420007315,B_parameter_matched
2,ResDyNet,57,0.003108517994696013,0.028372548070212646,0.16844152715471516,0.14924521320016418,14.924521320016417,4.1737299580127,B_parameter_matched
2,Plain,57,0.05108016362995551,0.07122463559214466,0.2668794401825376,0.23646472233773216,23.646472233773217,4.177042958006496,B_parameter_matched
2,ResDyNet,58,0.0027523200325811135,0.0279902221606289,0.16730278587228875,0.1482362477250444,14.82362477250444,4.245418500009691,B_parameter_matched
2,Plain,58,0.055900595318357504,0.07053465762727401,0.2655836170159485,0.23531657669909953,23.531657669909954,4.248570166993886,B_parameter_matched
2,ResDyNet,59,0.0032266952322003955,0.027827861659660568,0.16681685064663154,0.14780569174766914,14.780569174766914,4.3175906669930555,B_parameter_matched
2,Plain,59,0.04936546281571612,0.05151543561334821,0.22697012052987992,0.20110363875670106,20.110363875670107,4.320763249997981,B_parameter_matched
2,ResDyNet,60,0.002885790350095609,0.02732342295980641,0.1652979823222486,0.14645992012754308,14.645992012754308,4.390681541990489,B_parameter_matched
2,Plain,60,0.03175819527287163,0.07441317307797782,0.2727877802944586,0.2416997228424046,24.16997228424046,4.394040917017264,B_parameter_matched
2,ResDyNet,61,0.0029097588322598024,0.03518536755184556,0.18757763073417244,0.16620048490055248,16.620048490055247,4.462114249996375,B_parameter_matched
2,Plain,61,0.03170982337089215,0.08991611843959191,0.29986016480951905,0.2656868230963452,26.56868230963452,4.465529292006977,B_parameter_matched
2,ResDyNet,62,0.00276139889021095,0.03200618626113712,0.17890272848991745,0.15851421146902964,15.851421146902963,4.535369582998101,B_parameter_matched
2,Plain,62,0.023491181516578183,0.05379724298826234,0.2319423268579117,0.20550919127119888,20.550919127119887,4.539503375010099,B_parameter_matched
2,ResDyNet,63,0.0027363268112662203,0.02898662879714919,0.17025459992948558,0.15085166047827206,15.085166047827206,4.624680625012843,B_parameter_matched
2,Plain,63,0.021972981696213027,0.043609376355427665,0.20882858127044696,0.18502958658982466,18.502958658982465,4.62804037501337,B_parameter_matched
2,ResDyNet,64,0.003467458734931336,0.025082449490523195,0.15837439657508784,0.14032537570492265,14.032537570492265,4.7209263750119135,B_parameter_matched
2,Plain,64,0.02164787778702068,0.04242869717756904,0.2059822739401841,0.18250765656749654,18.250765656749653,4.724110083014239,B_parameter_matched
2,ResDyNet,65,0.0034559997486303595,0.024568250893684376,0.15674262628169905,0.13887956890511363,13.887956890511363,4.794148375018267,B_parameter_matched
2,Plain,65,0.02092062557704176,0.061995932313654016,0.2489898237150547,0.22061388276830524,22.061388276830524,4.797339083015686,B_parameter_matched
2,ResDyNet,66,0.0037469943215189742,0.02807786067778444,0.16756449706839585,0.148468133198417,14.8468133198417,4.867889167013345,B_parameter_matched
2,Plain,66,0.01955213017991231,0.06740408115321486,0.2596229596033734,0.2300352211962145,23.00352211962145,4.871395583002595,B_parameter_matched
2,ResDyNet,67,0.004615801157503901,0.03277604735329186,0.18104156250234876,0.1604092948464908,16.04092948464908,4.940537457994651,B_parameter_matched
2,Plain,67,0.019020121508090612,0.04100537154689313,0.2024978309683665,0.17942031555962815,17.942031555962814,4.943843375018332,B_parameter_matched
2,ResDyNet,68,0.003309920688437012,0.026008186537011452,0.16127053834166813,0.14289146081892287,14.289146081892287,5.0129374579992145,B_parameter_matched
2,Plain,68,0.019584370816427405,0.03641233992455081,0.19082017693250056,0.16907349672165975,16.907349672165974,5.016112917015562,B_parameter_matched
2,ResDyNet,69,0.002643681792277225,0.02748297654541366,0.16577990392509478,0.14688691989165992,14.688691989165992,5.086084250011481,B_parameter_matched
2,Plain,69,0.02148856358986638,0.06438176488006461,0.25373562004587497,0.2248188279333254,22.481882793332538,5.08927120800945,B_parameter_matched
2,ResDyNet,70,0.0022428733170219636,0.029290338623142165,0.17114420417630907,0.1516398816356295,15.16398816356295,5.158065666997572,B_parameter_matched
2,Plain,70,0.02025424487947501,0.05734577611010566,0.2394697812044469,0.21217878485527544,21.217878485527546,5.161405416991329,B_parameter_matched
2,ResDyNet,71,0.0021979210856148995,0.02927500252763278,0.17109939370913263,0.15160017796017417,15.160017796017417,5.229734374996042,B_parameter_matched
2,Plain,71,0.019598423327794025,0.07509769229071107,0.2740395816131514,0.24280886355044953,24.280886355044952,5.232906791992718,B_parameter_matched
2,ResDyNet,72,0.0023776278394902228,0.028139746763961502,0.16774905890633635,0.1486316615831172,14.863166158311719,5.302291375002824,B_parameter_matched
2,Plain,72,0.02456013336905414,0.046761890444178424,0.21624497784729804,0.19160077902072944,19.160077902072945,5.305484625016106,B_parameter_matched
2,ResDyNet,73,0.0022622560624483957,0.0301355811399994,0.17359602858360385,0.1538122856892924,15.38122856892924,5.374964791990351,B_parameter_matched
2,Plain,73,0.032019199240604396,0.05499991288372361,0.2345206022585726,0.2077936354243734,20.77936354243734,5.378276708011981,B_parameter_matched
2,ResDyNet,74,0.002606687507666665,0.030697347056889267,0.1752065839427539,0.15523929529913902,15.523929529913902,5.446680207998725,B_parameter_matched
2,Plain,74,0.03180070343310494,0.10526148490223988,0.32444026399668685,0.28746566947489016,28.746566947489015,5.449829958000919,B_parameter_matched
2,ResDyNet,75,0.0026510445008414,0.036240578835895376,0.19036958484982672,0.16867425603214029,16.867425603214027,5.518666707997909,B_parameter_matched
2,Plain,75,0.05478806308770464,0.067356047555295,0.2595304366645558,0.2299532425656298,22.99532425656298,5.521850124991033,B_parameter_matched
2,ResDyNet,76,0.0025392567162829,0.035056444961891975,0.18723366407217473,0.16589571814457046,16.589571814457045,5.590583457989851,B_parameter_matched
2,Plain,76,0.03859388459470715,0.06495143428886309,0.2548557126863416,0.2258112700451618,22.58112700451618,5.593885667010909,B_parameter_matched
2,ResDyNet,77,0.002397234101351671,0.032167461597003316,0.17935289681798652,0.1589130766968242,15.89130766968242,5.662165250018006,B_parameter_matched
2,Plain,77,0.03550124257603174,0.04951230126543667,0.2225135979337817,0.1971550004593582,19.71550004593582,5.665330666990485,B_parameter_matched
2,ResDyNet,78,0.0022236671169020726,0.026879567925241602,0.16394989455697007,0.1452654661865222,14.526546618652219,5.734030708001228,B_parameter_matched
2,Plain,78,0.03229666598900613,0.046972326309637595,0.21673099988150654,0.1920314119135837,19.20314119135837,5.737203249998856,B_parameter_matched
2,ResDyNet,79,0.002276854485042597,0.02438858968856484,0.15616846573032866,0.13837084213596193,13.837084213596192,5.810565958003281,B_parameter_matched
2,Plain,79,0.032137632101570474,0.06461612723961448,0.2541970244507486,0.22522764872674889,22.522764872674887,5.813749374996405,B_parameter_matched
2,ResDyNet,80,0.002120436318034378,0.02577750098261211,0.1605537323845575,0.14225634512210386,14.225634512210386,5.88427483299165,B_parameter_matched
2,Plain,80,0.031252310897528085,0.06254387198488283,0.25008772857715916,0.2215866657155162,22.15866657155162,5.887451916991267,B_parameter_matched
2,ResDyNet,81,0.0024119786027098395,0.02750249925894717,0.16583877489582213,0.14693908167578715,14.693908167578714,5.956002708000597,B_parameter_matched
2,Plain,81,0.018348045414603255,0.055001194726267084,0.23452333514229898,0.2077960568570289,20.77960568570289,5.959343166992767,B_parameter_matched
2,ResDyNet,82,0.002988303539796087,0.029767317964571802,0.17253207807411294,0.15286958751203386,15.286958751203386,6.027732292015571,B_parameter_matched
2,Plain,82,0.016826729205840822,0.08590450147782425,0.2930946971165194,0.2596923769208892,25.96923769208892,6.030935916991439,B_parameter_matched
2,ResDyNet,83,0.002737554600050771,0.030505817350524534,0.17465914619774292,0.15475424589150133,15.475424589150133,6.1026570000103675,B_parameter_matched
2,Plain,83,0.019770220757446687,0.04170734237648405,0.2042237556614902,0.18094954652270342,18.094954652270342,6.106800458015641,B_parameter_matched
2,ResDyNet,84,0.0026609556131083696,0.024157260702749296,0.155426061851767,0.13771304576586138,13.771304576586138,6.182885207992513,B_parameter_matched
2,Plain,84,0.01510558827397505,0.033977130398125645,0.18432886479910204,0.1633219621703966,16.33219621703966,6.186038582993206,B_parameter_matched
2,ResDyNet,85,0.0030413280453689805,0.025041341534881613,0.1582445624180547,0.140210338001487,14.0210338001487,6.260786208003992,B_parameter_matched
2,Plain,85,0.016814011839532027,0.03803506922498586,0.19502581681660985,0.1727998439695714,17.27998439695714,6.263971667009173,B_parameter_matched
2,ResDyNet,86,0.002518393679979006,0.029369338586327287,0.17137484817302476,0.15184424045999204,15.184424045999204,6.333298542012926,B_parameter_matched
2,Plain,86,0.01716477886138642,0.05400353844293094,0.23238661416469525,0.20590284570394535,20.590284570394534,6.336458833015058,B_parameter_matched
2,ResDyNet,87,0.0020921427507781865,0.026450341020146515,0.16263560809412714,0.144100961407526,14.410096140752602,6.406394416990224,B_parameter_matched
2,Plain,87,0.014701898448186677,0.06086528683813237,0.24670891114455587,0.2185929127104741,21.85929127104741,6.409709500003373,B_parameter_matched
2,ResDyNet,88,0.0019995765280825155,0.027536652642071443,0.1659417145930204,0.1470302899265946,14.703028992659458,6.478451208007755,B_parameter_matched
2,Plain,88,0.01817318229939852,0.038626685702096514,0.19653672863385233,0.1741385658400035,17.41385658400035,6.481622582999989,B_parameter_matched
2,ResDyNet,89,0.0020545681294190233,0.03434127089091463,0.18531397921072934,0.1641948087473267,16.41948087473267,6.550667875009822,B_parameter_matched
2,Plain,89,0.022328308603293753,0.04813003201392798,0.21938557840917433,0.19438346336437862,19.43834633643786,6.553826207993552,B_parameter_matched
2,ResDyNet,90,0.0022177601098566503,0.03302814492625708,0.18173647109553184,0.16102500869625289,16.10250086962529,6.622606417018687,B_parameter_matched
2,Plain,90,0.045685954961843474,0.044333826924438595,0.2105559947482821,0.18656013666936377,18.656013666936378,6.625915500015253,B_parameter_matched
2,ResDyNet,91,0.002010874774879045,0.03227273578053393,0.17964614045543514,0.15917290104020249,15.917290104020248,6.71097508299863,B_parameter_matched
2,Plain,91,0.03393858077982443,0.06564085088903926,0.2562047050485983,0.22700652549143588,22.700652549143587,6.714112999994541,B_parameter_matched
2,ResDyNet,92,0.0021347374490073884,0.026600311312419803,0.16309601868966575,0.1445089016503597,14.45089016503597,6.782944750011666,B_parameter_matched
2,Plain,92,0.028820203796667884,0.06910482860541155,0.2628779728417951,0.23291927926041975,23.291927926041975,6.786093292001169,B_parameter_matched
2,ResDyNet,93,0.002004722769537397,0.02807062929003461,0.167542917755525,0.14844901315596354,14.844901315596355,6.854602708015591,B_parameter_matched
2,Plain,93,0.031217402984505194,0.05697164681853357,0.23868734113591691,0.21148551498995982,21.14855149899598,6.857794917013962,B_parameter_matched
2,ResDyNet,94,0.001991193681647852,0.027222026234175772,0.1649909883423206,0.14618791248928747,14.618791248928748,6.926612875016872,B_parameter_matched
2,Plain,94,0.024027953997045857,0.047585565009903574,0.21814115844998985,0.1932808628046696,19.328086280466962,6.9297828749986365,B_parameter_matched
2,ResDyNet,95,0.001894222191819738,0.029434111312859845,0.17156372376717594,0.1520115909868696,15.20115909868696,6.9982632500177715,B_parameter_matched
2,Plain,95,0.013543828198957282,0.036029573795124274,0.18981457740417165,0.168182499599189,16.818249959918898,7.001432292017853,B_parameter_matched
2,ResDyNet,96,0.0018662127675089357,0.029187320786631703,0.17084297113616265,0.15137297839591773,15.137297839591774,7.069987750001019,B_parameter_matched
2,Plain,96,0.019398366922643018,0.05711662681325332,0.23899085089863448,0.2117544354872402,21.175443548724022,7.073175249999622,B_parameter_matched
2,ResDyNet,97,0.0019952695940528013,0.026749540157341604,0.16355286655189386,0.14491368518414735,14.491368518414735,7.141302833013469,B_parameter_matched
2,Plain,97,0.03507257846040729,0.04290665597049625,0.20713921881308775,0.1835327510743799,18.35327510743799,7.144653958006529,B_parameter_matched
2,ResDyNet,98,0.0017734438327531574,0.02804179925383266,0.16745685788833092,0.14837276103782904,14.837276103782903,7.212730917002773,B_parameter_matched
2,Plain,98,0.02770520309821296,0.036590241311230266,0.19128575825510447,0.16948601841347635,16.948601841347635,7.215897332993336,B_parameter_matched
2,ResDyNet,99,0.0017561330643164903,0.030720749545139637,0.17527335663226068,0.15529845828851416,15.529845828851416,7.287635082990164,B_parameter_matched
2,Plain,99,0.029621900332477188,0.07353157813582706,0.27116706683487035,0.24026371279251676,24.026371279251677,7.291562250000425,B_parameter_matched
2,ResDyNet,100,0.0018216065574946788,0.024688943832618142,0.15712715816375647,0.13922027789587935,13.922027789587935,7.3606480000016745,B_parameter_matched
2,Plain,100,0.027100053417786114,0.0939828778733506,0.306566269953742,0.27162867193195317,27.162867193195318,7.363828833011212,B_parameter_matched
3,ResDyNet,0,1.2254374002988029,2.2082684415228355,1.4860243744713058,1.3166707066536016,131.66707066536017,0.0031289170146919787,B_parameter_matched
3,Plain,0,1.0023507905866693,2.152580961226086,1.467167666364716,1.299962989327836,129.9962989327836,0.007182750006904826,B_parameter_matched
3,ResDyNet,1,0.9963844650475586,2.0148093786814787,1.4194398115740867,1.2576744041782175,125.76744041782175,0.07722912501776591,B_parameter_matched
3,Plain,1,0.9615472686978692,2.278038589871522,1.5093172595155473,1.3373090352961678,133.7309035296168,0.08156437499565072,B_parameter_matched
3,ResDyNet,2,0.7629392209490959,1.2553431501618448,1.1204209700652004,0.992733023595332,99.2733023595332,0.15001916699111462,B_parameter_matched
3,Plain,2,0.9287179860815226,2.1815876144476647,1.4770198422660628,1.3086923692955885,130.86923692955884,0.15382729200064205,B_parameter_matched
3,ResDyNet,3,0.283345570691419,0.4667909218183652,0.683220990469676,0.6053582160402526,60.535821604025266,0.2221227920090314,B_parameter_matched
3,Plain,3,0.8783132649119539,2.0085068771197303,1.4172180062078419,1.2557058052158614,125.57058052158614,0.22622712500742637,B_parameter_matched
3,ResDyNet,4,0.14656103130808837,0.3744969406706145,0.6119615516277265,0.5422198063966357,54.22198063966357,0.2951009590178728,B_parameter_matched
3,Plain,4,0.8566400928498846,1.987123732864943,1.409653763469932,1.2490036158022007,124.90036158022006,0.299196292005945,B_parameter_matched
3,ResDyNet,5,0.11596837751035316,0.424227022990483,0.6513271244086822,0.5770991108156936,57.709911081569366,0.3680078750185203,B_parameter_matched
3,Plain,5,0.7393134986067497,1.048933516723926,1.0241745538353928,0.907455258945433,90.7455258945433,0.37115479199565016,B_parameter_matched
3,ResDyNet,6,0.0907695290288403,0.23605993665665448,0.4858599969709942,0.4304893220705837,43.04893220705837,0.4404588750039693,B_parameter_matched
3,Plain,6,0.3299234248591836,0.8264520404564342,0.9090940767909744,0.8054898432798814,80.54898432798814,0.44458316700183786,B_parameter_matched
3,ResDyNet,7,0.07249003525537978,0.22564598969267455,0.47502209389950967,0.4208865525999607,42.088655259996074,0.5134056250099093,B_parameter_matched
3,Plain,7,0.25631510683796077,0.8755857390462766,0.9357273850039212,0.8290879062374557,82.90879062374556,0.5173855000175536,B_parameter_matched
3,ResDyNet,8,0.056941091981098174,0.1234122587223177,0.3513008094529782,0.311265072751582,31.1265072751582,0.5858847920026165,B_parameter_matched
3,Plain,8,0.2473655553703273,0.711226859345084,0.8433426701792599,0.7472317470506623,74.72317470506623,0.589991667016875,B_parameter_matched
3,ResDyNet,9,0.038461586676634,0.06174161882515575,0.24847860838542168,0.22016092771529036,22.016092771529035,0.6588524590188172,B_parameter_matched
3,Plain,9,0.23110360310082978,0.6317616504890646,0.7948343541198157,0.7042516453229986,70.42516453229986,0.6625932090100832,B_parameter_matched
3,ResDyNet,10,0.030593716859058505,0.06049059066420556,0.24594834958626083,0.2179190279871699,21.79190279871699,0.7313742499973159,B_parameter_matched
3,Plain,10,0.1919414568853719,0.43891344601243437,0.6625054309305203,0.587003489909432,58.7003489909432,0.7354516249906737,B_parameter_matched
3,ResDyNet,11,0.027464106331854272,0.03707362586374307,0.19254512682418912,0.17060186397582386,17.060186397582385,0.8046348750067409,B_parameter_matched
3,Plain,11,0.16238840475391164,0.3580822275664365,0.5983997222312495,0.530203540848281,53.0203540848281,0.8083082500088494,B_parameter_matched
3,ResDyNet,12,0.021362705662299447,0.047671647312974484,0.21833837801214537,0.19345560638541445,19.345560638541446,0.8776437920168974,B_parameter_matched
3,Plain,12,0.15065260945402423,0.5956912299254155,0.7718103587834355,0.683851562571781,68.38515625717811,0.8809547499986365,B_parameter_matched
3,ResDyNet,13,0.01973782332957759,0.03860849515312622,0.19649044544996638,0.17409755728490833,17.409755728490833,0.950001124991104,B_parameter_matched
3,Plain,13,0.13637592177739324,0.2812999000151565,0.5303771299888,0.4699330929775048,46.99330929775048,0.9531717089994345,B_parameter_matched
3,ResDyNet,14,0.022046446533924968,0.06888129989347011,0.26245247168481783,0.2325422700278232,23.254227002782322,1.0227576250035781,B_parameter_matched
3,Plain,14,0.13417629123346153,0.23192581731013615,0.48158677028146873,0.42670309049750454,42.67030904975046,1.0259061249962542,B_parameter_matched
3,ResDyNet,15,0.019889553641200135,0.06442276606718245,0.2538164022816147,0.22489040388136747,22.489040388136747,1.1003252920054365,B_parameter_matched
3,Plain,15,0.11411331318570073,0.36550465016438627,0.604569805865614,0.5356704554686155,53.56704554686155,1.1034696249989793,B_parameter_matched
3,ResDyNet,16,0.016686406654738806,0.04844262550213312,0.22009685482108354,0.19501367968652186,19.501367968652186,1.1720521670067683,B_parameter_matched
3,Plain,16,0.10246556701348464,0.22015568117279083,0.4692075033210688,0.41573461753258273,41.57346175325827,1.1752135000133421,B_parameter_matched
3,ResDyNet,17,0.016715374786314883,0.044951060632623,0.21201665178146503,0.18785433100500096,18.785433100500097,1.2446832499990705,B_parameter_matched
3,Plain,17,0.08170189243263529,0.19649729776333097,0.44328015719557196,0.39276206221574556,39.276206221574554,1.2479967919935007,B_parameter_matched
3,ResDyNet,18,0.014526393101434743,0.04115795419068136,0.20287423244631478,0.17975382072177054,17.975382072177055,1.3171922500187065,B_parameter_matched
3,Plain,18,0.07945245618821037,0.13214566424662252,0.3635184510401398,0.32209033985928454,32.20903398592846,1.320613542018691,B_parameter_matched
3,ResDyNet,19,0.015082182947846592,0.04557156257630972,0.21347496943742542,0.18914645256880902,18.914645256880902,1.3902356250036974,B_parameter_matched
3,Plain,19,0.07880651911031444,0.1974508379022731,0.4443544057419406,0.3937138848217321,39.37138848217321,1.3934046670037787,B_parameter_matched
3,ResDyNet,20,0.011466542950186747,0.03576236308383614,0.18910939448857675,0.16755768233256327,16.755768233256326,1.4639261249976698,B_parameter_matched
3,Plain,20,0.08036809297897594,0.1352942079713434,0.367823609861226,0.32590486444218864,32.59048644421886,1.4681180840125307,B_parameter_matched
3,ResDyNet,21,0.012609910284970183,0.03585562121385121,0.18935580586253808,0.16777601161669534,16.777601161669534,1.5370629999961238,B_parameter_matched
3,Plain,21,0.06267037019935463,0.12511957393686376,0.3537224532551811,0.3134107357104713,31.34107357104713,1.540208459016867,B_parameter_matched
3,ResDyNet,22,0.013013592129584618,0.04381251854219389,0.20931440118203498,0.18546004039481326,18.546004039481325,1.6105284999939613,B_parameter_matched
3,Plain,22,0.05142677742943683,0.09044193523872884,0.300735656746467,0.2664625402427756,26.64625402427756,1.6137904589995742,B_parameter_matched
3,ResDyNet,23,0.009526048933743756,0.0412255167179898,0.2030406774958895,0.17990129698448024,17.990129698448023,1.6833306250046007,B_parameter_matched
3,Plain,23,0.0631342697601151,0.06933662449820219,0.2633184849155148,0.2333095887017439,23.33095887017439,1.6864749590167776,B_parameter_matched
3,ResDyNet,24,0.009039360094136226,0.03523951709367074,0.1877219142606178,0.16632832526171132,16.632832526171132,1.7565801670134533,B_parameter_matched
3,Plain,24,0.0593686772584522,0.11160856191088732,0.3340786762289496,0.2960056471918688,29.600564719186877,1.7607295839989092,B_parameter_matched
3,ResDyNet,25,0.008935666269287164,0.03736450799010694,0.19329901187048767,0.171269833070879,17.1269833070879,1.830209209001623,B_parameter_matched
3,Plain,25,0.0625980143191347,0.10031081978260327,0.31671883395624467,0.2806242064932736,28.062420649327358,1.8336163340136409,B_parameter_matched
3,ResDyNet,26,0.008551643404866947,0.03271419110376286,0.18087064743557166,0.16025785798878028,16.02578579887803,1.9028066250029951,B_parameter_matched
3,Plain,26,0.05978587085970914,0.1246920066718508,0.35311755361614466,0.31287477301102506,31.287477301102506,1.9068323340034112,B_parameter_matched
3,ResDyNet,27,0.009263430898629833,0.04683208482669477,0.21640721990426928,0.1917445312817765,19.17445312817765,1.975914125010604,B_parameter_matched
3,Plain,27,0.05722170678845386,0.12157904638215432,0.3486818698787683,0.3089445986872956,30.894459868729562,1.9790855839964934,B_parameter_matched
3,ResDyNet,28,0.009464243393845995,0.03403874622402566,0.18449592468134807,0.16346998319682735,16.346998319682733,2.048621624999214,B_parameter_matched
3,Plain,28,0.04088743657187153,0.07551253863167698,0.2747954487099031,0.24347858881304513,24.347858881304514,2.0518115420127288,B_parameter_matched
3,ResDyNet,29,0.010438843407184649,0.05378323521789574,0.23191212822510113,0.20548243420322224,20.548243420322223,2.125879667000845,B_parameter_matched
3,Plain,29,0.040527733094767336,0.12050323371567262,0.34713575689587584,0.3075746873259994,30.75746873259994,2.1290830000070855,B_parameter_matched
3,ResDyNet,30,0.010012332903648072,0.03431184576006089,0.18523456955995252,0.16412444895861825,16.412444895861825,2.1984430419979617,B_parameter_matched
3,Plain,30,0.045610809807746316,0.1387709064970081,0.3725196726308667,0.33006574389451415,33.006574389451416,2.2016072919941507,B_parameter_matched
3,ResDyNet,31,0.006689414291242601,0.03055629149172773,0.17480357974517494,0.15488221917661615,15.488221917661615,2.2860355419979896,B_parameter_matched
3,Plain,31,0.04419808981692981,0.11610909198990488,0.3407478422380762,0.30191476663356775,30.191476663356774,2.2899191250035074,B_parameter_matched
3,ResDyNet,32,0.006308956353133308,0.02922235700534219,0.17094547962827852,0.1514638045836108,15.146380458361081,2.359369375015376,B_parameter_matched
3,Plain,32,0.0362137709641011,0.07258894411307433,0.26942335480257523,0.2387187216112118,23.87187216112118,2.3634183340182062,B_parameter_matched
3,ResDyNet,33,0.005910650659550555,0.028416105307738096,0.16857077240060953,0.14935972910728307,14.935972910728307,2.4334187089989427,B_parameter_matched
3,Plain,33,0.03751556980140477,0.05667238826975903,0.23805963175170844,0.21092934204106528,21.092934204106527,2.437623709003674,B_parameter_matched
3,ResDyNet,34,0.005773966405748458,0.029460955300007773,0.17164193922234675,0.15208089267559027,15.208089267559027,2.506381125014741,B_parameter_matched
3,Plain,34,0.05112376860721625,0.14554620686377254,0.3815051858936816,0.3380272297897943,33.80272297897943,2.509522584005026,B_parameter_matched
3,ResDyNet,35,0.005561460449598479,0.03731698896304111,0.1931760569093414,0.17116089058086323,17.116089058086324,2.57846287501161,B_parameter_matched
3,Plain,35,0.06502169794869479,0.1202296612957726,0.34674149058884285,0.3072253532867946,30.722535328679463,2.5818095419963356,B_parameter_matched
3,ResDyNet,36,0.006259171103952255,0.03381462172179056,0.18388752464969058,0.16293091902441392,16.293091902441393,2.650361542007886,B_parameter_matched
3,Plain,36,0.03775079257866032,0.07353611320821778,0.2711754288430605,0.24027112183063343,24.02711218306334,2.6535142920038197,B_parameter_matched
3,ResDyNet,37,0.005819566712148213,0.038524047861360884,0.19627543876237008,0.17390705367530676,17.390705367530675,2.722478542011231,B_parameter_matched
3,Plain,37,0.030798293499119687,0.07744885155229726,0.2782963376552003,0.24658050154119954,24.658050154119955,2.7256185419973917,B_parameter_matched
3,ResDyNet,38,0.0053836751261091866,0.03343725716643324,0.1828585714874565,0.16201922974763863,16.201922974763864,2.7940332920115907,B_parameter_matched
3,Plain,38,0.027501883438569016,0.07433451561748203,0.27264356881738844,0.24157194631956722,24.15719463195672,2.7972622090019286,B_parameter_matched
3,ResDyNet,39,0.005522125849181964,0.04240203173156052,0.20591753624099265,0.18245029665227183,18.245029665227182,2.8683741250133608,B_parameter_matched
3,Plain,39,0.0271060861840889,0.07638232633073666,0.27637352682689537,0.24487682242559541,24.48768224255954,2.871534709003754,B_parameter_matched
3,ResDyNet,40,0.00824702525061579,0.03468551595285463,0.18624047882470296,0.16501572051862853,16.501572051862855,2.9412123340007383,B_parameter_matched
3,Plain,40,0.02918548644148095,0.11660759158606304,0.34147853751892376,0.3025621887676255,30.256218876762546,2.944388625008287,B_parameter_matched
3,ResDyNet,41,0.0066880403751627005,0.028992369567358334,0.17027145846370828,0.15086659774212147,15.086659774212146,3.0129593340097927,B_parameter_matched
3,Plain,41,0.03894598598889372,0.13341440799646045,0.36525937085372695,0.32363285703501965,32.363285703501965,3.016308124992065,B_parameter_matched
3,ResDyNet,42,0.004857361975911248,0.03083659105787843,0.17560350525510143,0.155590981767943,15.5590981767943,3.084487917018123,B_parameter_matched
3,Plain,42,0.03394657315878982,0.09606410467594571,0.30994209890872476,0.2746197770390146,27.461977703901457,3.0876120000029914,B_parameter_matched
3,ResDyNet,43,0.0062554084277741786,0.03837729348715122,0.1959012340113028,0.17357549489169247,17.357549489169248,3.1560128749988507,B_parameter_matched
3,Plain,43,0.04812257079692944,0.08214451201704613,0.2866086391179549,0.25394549772087305,25.394549772087306,3.159162166994065,B_parameter_matched
3,ResDyNet,44,0.006739125584197699,0.03205909312906749,0.17905053233394055,0.15864517095737937,15.864517095737938,3.2283312090148684,B_parameter_matched
3,Plain,44,0.04863062947055997,0.052132831497947604,0.22832615158572528,0.2023051307370593,20.23051307370593,3.2316444590105675,B_parameter_matched
3,ResDyNet,45,0.0051282691616787975,0.029779733184303984,0.17256805377677523,0.152901463270373,15.290146327037299,3.301973833993543,B_parameter_matched
3,Plain,45,0.04108355947257085,0.08565021997422097,0.292660588351457,0.25930774103989124,25.930774103989123,3.3051244170055725,B_parameter_matched
3,ResDyNet,46,0.004827011549278132,0.030153326350712845,0.17364713170885618,0.15385756488470406,15.385756488470406,3.3756224590179045,B_parameter_matched
3,Plain,46,0.0443635882448078,0.04324319796107634,0.20794998908650209,0.18425112251375148,18.425112251375147,3.3788134590140544,B_parameter_matched
3,ResDyNet,47,0.005320817648207052,0.028163235141201438,0.16781905476197104,0.1486936804128784,14.869368041287839,3.452024291997077,B_parameter_matched
3,Plain,47,0.04193962652983682,0.09029287904112293,0.30048773525906664,0.26624287294416465,26.624287294416465,3.4567806670092978,B_parameter_matched
3,ResDyNet,48,0.005134291767710699,0.027882698490993438,0.16698113214071056,0.14795125102288365,14.795125102288365,3.526380750001408,B_parameter_matched
3,Plain,48,0.040380791313090955,0.11845727387095605,0.344176225022816,0.3049524363120805,30.49524363120805,3.5306816670054104,B_parameter_matched
3,ResDyNet,49,0.00530079763614886,0.028696956121485442,0.169401759499379,0.15009601337647352,15.009601337647352,3.5995083750167396,B_parameter_matched
3,Plain,49,0.039889497077125885,0.0724662737012987,0.26919560490709854,0.23851692706398286,23.851692706398286,3.602651541994419,B_parameter_matched
3,ResDyNet,50,0.005105512020113392,0.03281893950059475,0.1811599831656946,0.16051421978659847,16.051421978659846,3.672226916998625,B_parameter_matched
3,Plain,50,0.0390534059734712,0.056580674541451846,0.2378669261193154,0.21075859796341895,21.075859796341895,3.6761074170062784,B_parameter_matched
3,ResDyNet,51,0.008796541176649736,0.03450042946136637,0.1857429122776058,0.16457485877475123,16.457485877475122,3.7586271250038408,B_parameter_matched
3,Plain,51,0.04063859516521593,0.06698610299952025,0.2588167363203552,0.22932087855284444,22.932087855284443,3.7618072089971974,B_parameter_matched
3,ResDyNet,52,0.005161611710334116,0.03286994766409799,0.18130071060009112,0.16063890932310648,16.06389093231065,3.8336395420192275,B_parameter_matched
3,Plain,52,0.03718915770716252,0.05807657337519571,0.24099081595611835,0.21352647600740776,21.352647600740777,3.8377420420001727,B_parameter_matched
3,ResDyNet,53,0.004555853884248451,0.03026410566711475,0.17396581752492282,0.15413993190764758,15.413993190764758,3.9247583750111517,B_parameter_matched
3,Plain,53,0.03582473711192555,0.05482730402868342,0.23415230946690108,0.20746731484807862,20.746731484807864,3.927960417000577,B_parameter_matched
3,ResDyNet,54,0.004795891042713429,0.03245653357572192,0.18015696926769698,0.1596255136250123,15.962551362501229,3.9981388750020415,B_parameter_matched
3,Plain,54,0.038150597745993914,0.08143254015224065,0.2853638732429889,0.2528425906674185,25.28425906674185,4.001337749999948,B_parameter_matched
3,ResDyNet,55,0.0046746480117647385,0.03292285654296742,0.18144656663317557,0.16076814298134934,16.076814298134934,4.071071000013035,B_parameter_matched
3,Plain,55,0.03570572434613492,0.08553878113141929,0.292470137161761,0.2591389944790488,25.913899447904882,4.074237124994397,B_parameter_matched
3,ResDyNet,56,0.004433003650329164,0.036111996021323214,0.19003156585505265,0.16837475912188948,16.83747591218895,4.143097416992532,B_parameter_matched
3,Plain,56,0.037500664102032254,0.04823287316064368,0.2196198378121696,0.19459102556792038,19.459102556792036,4.1463007919956,B_parameter_matched
3,ResDyNet,57,0.0044586406541353134,0.03271187015444855,0.180864231274314,0.16025217304059083,16.025217304059083,4.215141583990771,B_parameter_matched
3,Plain,57,0.03312536762600962,0.05844865240521516,0.24176156105802915,0.21420938371431786,21.420938371431784,4.218290542019531,B_parameter_matched
3,ResDyNet,58,0.004953235299080358,0.04102457446368951,0.20254524053576156,0.17946232213076962,17.94623221307696,4.287116708990652,B_parameter_matched
3,Plain,58,0.03361461828253186,0.04573347000437451,0.2138538519746009,0.1894821560381004,18.94821560381004,4.2907520000007935,B_parameter_matched
3,ResDyNet,59,0.006352728455288803,0.029936117900596446,0.17302057074404895,0.15330240947644383,15.330240947644382,4.360752750013489,B_parameter_matched
3,Plain,59,0.03705690568219129,0.09061008496592432,0.301015090927223,0.2667101289139709,26.67101289139709,4.364020292006899,B_parameter_matched
3,ResDyNet,60,0.005314414892787248,0.03151146588865332,0.177514692036049,0.15728436156214223,15.728436156214224,4.432806666998658,B_parameter_matched
3,Plain,60,0.03873988226892623,0.12938339738278806,0.35969903722805274,0.3187062027149982,31.87062027149982,4.435989334015176,B_parameter_matched
3,ResDyNet,61,0.0058923101813206855,0.03554572526348888,0.18853574001628678,0.1670494039675642,16.70494039675642,4.505562209000345,B_parameter_matched
3,Plain,61,0.03733036671199821,0.07206338390141305,0.26844624024450975,0.23785296319045418,23.78529631904542,4.508749500004342,B_parameter_matched
3,ResDyNet,62,0.004462546211689439,0.03131108687980639,0.17694939073024918,0.15678348440119766,15.678348440119766,4.5817679169995245,B_parameter_matched
3,Plain,62,0.035621408910166096,0.04869976803374966,0.22068023933680528,0.1955305792177556,19.55305792177556,4.58491704199696,B_parameter_matched
3,ResDyNet,63,0.005095557599414024,0.032890861442476806,0.1813583784733333,0.16069000511986284,16.069000511986285,4.654417917015962,B_parameter_matched
3,Plain,63,0.03221577481926421,0.07400893598650615,0.27204583434874746,0.24104233221717622,24.10423322171762,4.6575243750121444,B_parameter_matched
3,ResDyNet,64,0.006600058222154005,0.028598305466897653,0.1691103351865215,0.14983780101970606,14.983780101970606,4.726612500002375,B_parameter_matched
3,Plain,64,0.03357023019704103,0.058760443392761603,0.24240553498788267,0.21477996763195273,21.47799676319527,4.729800000000978,B_parameter_matched
3,ResDyNet,65,0.00495068103161613,0.04218361263910491,0.20538649575642726,0.18197977580343103,18.197977580343103,4.799774584011175,B_parameter_matched
3,Plain,65,0.03416632483653669,0.08182927818986466,0.28605817273740786,0.25345776483390625,25.345776483390626,4.802939917019103,B_parameter_matched
3,ResDyNet,66,0.005120109010172054,0.03760586122441882,0.19392230718619977,0.17182209499732587,17.182209499732586,4.872988499992061,B_parameter_matched
3,Plain,66,0.03291989341824115,0.09637367022150556,0.3104410897763142,0.27506190078175363,27.506190078175365,4.8761820000072476,B_parameter_matched
3,ResDyNet,67,0.004153443704657011,0.03066536006240433,0.17511527649638203,0.15515839363830322,15.515839363830322,4.945523375004996,B_parameter_matched
3,Plain,67,0.03154775863615139,0.0669967751222293,0.2588373526410539,0.2293391453498158,22.933914534981582,4.948877459013602,B_parameter_matched
3,ResDyNet,68,0.005986033636292743,0.03648559520371509,0.1910120289503127,0.16924348446627901,16.924348446627903,5.01772291699308,B_parameter_matched
3,Plain,68,0.031269299501869685,0.06012042348230211,0.2451946644654041,0.2172512360332016,21.72512360332016,5.0209036669984926,B_parameter_matched
3,ResDyNet,69,0.005083443470159049,0.03539271981491869,0.18812952935389674,0.16668948680261889,16.668948680261888,5.090149249997921,B_parameter_matched
3,Plain,69,0.029385658452392445,0.06222881483800277,0.24945704006502356,0.22102785315280346,22.102785315280347,5.093341416999465,B_parameter_matched
3,ResDyNet,70,0.00436655525887725,0.034060079863204196,0.18455373164258748,0.1635212022305203,16.35212022305203,5.162638417008566,B_parameter_matched
3,Plain,70,0.03308038755951035,0.0542441678987478,0.23290377390404776,0.20636106771642634,20.636106771642634,5.165975292009534,B_parameter_matched
3,ResDyNet,71,0.004745674969365201,0.030560876988758135,0.17481669539479958,0.1548938401109401,15.48938401109401,5.234416833991418,B_parameter_matched
3,Plain,71,0.03333626693992804,0.09894637077488942,0.314557420473416,0.2787091168980446,27.870911689804462,5.237583000009181,B_parameter_matched
3,ResDyNet,72,0.00610042766608892,0.044275691713118646,0.2104178977965483,0.18643777783450904,18.643777783450904,5.306274250004208,B_parameter_matched
3,Plain,72,0.03546621073512449,0.09250574435969652,0.30414757003746806,0.2694856173612121,26.948561736121214,5.309490250016097,B_parameter_matched
3,ResDyNet,73,0.005755252271831034,0.032987777417767344,0.1816253765798363,0.16092657498480167,16.09265749848017,5.378330792009365,B_parameter_matched
3,Plain,73,0.030406693289264576,0.08844174246923445,0.297391564220027,0.2634995547456707,26.34995547456707,5.381648959009908,B_parameter_matched
3,ResDyNet,74,0.006368731632818306,0.04824385295383641,0.21964483366069965,0.1946131727830757,19.46131727830757,5.451754750014516,B_parameter_matched
3,Plain,74,0.025969674441002084,0.049354190453790844,0.2221580303608016,0.1968399548816264,19.68399548816264,5.45492029201705,B_parameter_matched
3,ResDyNet,75,0.011427261942079672,0.04290041471120021,0.20712415289193148,0.18351940212977577,18.351940212977578,5.523976166994544,B_parameter_matched
3,Plain,75,0.02616279075371496,0.04563707176043964,0.2136283496178343,0.1892823528904962,18.92823528904962,5.5271168340113945,B_parameter_matched
3,ResDyNet,76,0.007959925126528796,0.029229499669448905,0.1709663699955313,0.15148231419562358,15.148231419562357,5.596108500001719,B_parameter_matched
3,Plain,76,0.018736556325931564,0.05839146146797297,0.24164325247764104,0.2141045580837166,21.41045580837166,5.599401125014992,B_parameter_matched
3,ResDyNet,77,0.005178611633361404,0.03239079261294245,0.17997442210753853,0.15946377031683207,15.946377031683207,5.668006708991015,B_parameter_matched
3,Plain,77,0.017775406175089586,0.06328704065708456,0.25156915680799297,0.22289926407463967,22.289926407463966,5.671183124999516,B_parameter_matched
3,ResDyNet,78,0.004717284608907651,0.03206385777597526,0.1790638371530535,0.15865695950263092,15.865695950263092,5.740189834003104,B_parameter_matched
3,Plain,78,0.019760284499335496,0.04090503754858119,0.20224993831539528,0.17920067380935203,17.920067380935205,5.743363417015644,B_parameter_matched
3,ResDyNet,79,0.0048997381713885525,0.03172852257912904,0.17812501952036114,0.1578251335264953,15.78251335264953,5.814056375005748,B_parameter_matched
3,Plain,79,0.015031797644561973,0.055831524144704776,0.23628695297181512,0.2093586852861097,20.93586852861097,5.8173181250167545,B_parameter_matched
3,ResDyNet,80,0.004619781535344648,0.0327973485293157,0.18110038246595644,0.16046141143648698,16.046141143648697,5.886499999993248,B_parameter_matched
3,Plain,80,0.023102089229624555,0.05782946487726972,0.24047757666208655,0.21307172764959859,21.30717276495986,5.889648084004875,B_parameter_matched
3,ResDyNet,81,0.004381329892699861,0.030101839374945462,0.17349881663845856,0.15372615243151516,15.372615243151516,5.95914770901436,B_parameter_matched
3,Plain,81,0.01705860225628361,0.050316647913988044,0.22431372653938958,0.1987499787409603,19.874997874096028,5.9623190840065945,B_parameter_matched
3,ResDyNet,82,0.004223370932309169,0.03101746625944584,0.1761177624756965,0.1560466320450682,15.604663204506819,6.031335667008534,B_parameter_matched
3,Plain,82,0.01815958047953091,0.05350934404186278,0.23132086815041736,0.20495855664527377,20.495855664527376,6.034512375015765,B_parameter_matched
3,ResDyNet,83,0.0038664342960916275,0.03155459525822767,0.1776361316236865,0.15739196137706943,15.739196137706942,6.103532459004782,B_parameter_matched
3,Plain,83,0.03556056081342941,0.10811404003910038,0.3288069951188696,0.29133474931717485,29.133474931717483,6.106678875017678,B_parameter_matched
3,ResDyNet,84,0.00376446240864425,0.030099527537112133,0.1734921541082251,0.15372024919160784,15.372024919160785,6.175559499999508,B_parameter_matched
3,Plain,84,0.026784526670402698,0.0391928633972847,0.19797187526839438,0.175410157050697,17.5410157050697,6.178722500015283,B_parameter_matched
3,ResDyNet,85,0.0036757756486416483,0.029595994288721297,0.17203486358503411,0.15242903770414343,15.242903770414342,6.24920237500919,B_parameter_matched
3,Plain,85,0.03462557641855983,0.049562818770563226,0.22262708453951244,0.19725555364807448,19.725555364807448,6.252360667014727,B_parameter_matched
3,ResDyNet,86,0.00388084781976366,0.03336024301864557,0.18264786617599882,0.16183253731102815,16.183253731102816,6.321313166990876,B_parameter_matched
3,Plain,86,0.031966795088177104,0.05611718939197124,0.2368906697022304,0.20989359988624023,20.989359988624024,6.32476062499336,B_parameter_matched
3,ResDyNet,87,0.0043767773132956786,0.03222304466614601,0.17950778441657067,0.15905031264489014,15.905031264489015,6.394207792007364,B_parameter_matched
3,Plain,87,0.031099232459190277,0.057236861123914545,0.2392422645017275,0.21197719692516387,21.197719692516387,6.397529542009579,B_parameter_matched
3,ResDyNet,88,0.004038921669601877,0.03164100800743988,0.17787919498198737,0.15760732419966744,15.760732419966745,6.467003458994441,B_parameter_matched
3,Plain,88,0.03185967636270914,0.07102969865748307,0.26651397460073845,0.23614090677042943,23.61409067704294,6.470169709005859,B_parameter_matched
3,ResDyNet,89,0.0043644348618921405,0.028234925622258093,0.16803251358668087,0.14888281256064154,14.888281256064154,6.538801042013802,B_parameter_matched
3,Plain,89,0.02693238701426853,0.09143095904905722,0.30237552653787514,0.26791552348730774,26.791552348730775,6.541962916991906,B_parameter_matched
3,ResDyNet,90,0.003959358375381778,0.03284901903480858,0.18124298340848558,0.1605877609681601,16.05877609681601,6.610563708993141,B_parameter_matched
3,Plain,90,0.02675130718379489,0.09545014916811731,0.3089500755269649,0.2737408088676188,27.37408088676188,6.6138360839977395,B_parameter_matched
3,ResDyNet,91,0.004610405781644984,0.03411858733866695,0.18471217431091796,0.16366158809744055,16.366158809744054,6.682431749999523,B_parameter_matched
3,Plain,91,0.03179703504244785,0.04735254760058386,0.2176064052379522,0.19280705234659457,19.280705234659457,6.685569249995751,B_parameter_matched
3,ResDyNet,92,0.0060530262816371316,0.037257708428222805,0.193022559376418,0.171024886280654,17.102488628065398,6.754042999993544,B_parameter_matched
3,Plain,92,0.040765631985068024,0.07969495952586504,0.28230295699100466,0.25013050947027027,25.013050947027025,6.75720491699758,B_parameter_matched
3,ResDyNet,93,0.004389131988558702,0.03664008589047304,0.1914160021797369,0.1696014191856502,16.960141918565018,6.825935291999485,B_parameter_matched
3,Plain,93,0.08678351169341957,0.08032474264491077,0.28341620039248067,0.25111688291156753,25.111688291156753,6.829109500016784,B_parameter_matched
3,ResDyNet,94,0.004205571767153922,0.03246445010600542,0.18017893912998106,0.1596449797082042,15.964497970820421,6.902196334005566,B_parameter_matched
3,Plain,94,0.044707003282355384,0.03822034134063013,0.19550023360761012,0.17322019420216894,17.322019420216893,6.905370166990906,B_parameter_matched
3,ResDyNet,95,0.006183778444673494,0.0468645315076693,0.21648217364870787,0.19181094297821408,19.181094297821407,6.9760672920092475,B_parameter_matched
3,Plain,95,0.03307492715507137,0.04139565325530916,0.20345921767103392,0.1802721385383857,18.02721385383857,6.979215416999068,B_parameter_matched
3,ResDyNet,96,0.01337961032506046,0.04774104524062286,0.21849724309616095,0.19359636652772894,19.359636652772892,7.0484494589909445,B_parameter_matched
3,Plain,96,0.025983749352284032,0.06251111174253703,0.25002222249739525,0.22152862498764217,22.152862498764218,7.05161575000966,B_parameter_matched
3,ResDyNet,97,0.008629302407943731,0.03716642261207285,0.19278595024553227,0.17081524213422145,17.081524213422146,7.1203056249942165,B_parameter_matched
3,Plain,97,0.019940748930623312,0.04883284785350299,0.2209815554599591,0.1957975560719813,19.57975560719813,7.123466000019107,B_parameter_matched
3,ResDyNet,98,0.005595107344789619,0.03412420915612262,0.18472739146137104,0.16367507103660664,16.367507103660664,7.192217542004073,B_parameter_matched
3,Plain,98,0.029712273935330963,0.061984212655018474,0.24896628818982397,0.22059302945178544,22.059302945178544,7.195414125017123,B_parameter_matched
3,ResDyNet,99,0.0049120903141007125,0.028789503427507718,0.16967469884313252,0.1503378473899576,15.03378473899576,7.264056084008189,B_parameter_matched
3,Plain,99,0.028427348500870555,0.039311474861254636,0.19827121541276393,0.17567538311709788,17.56753831170979,7.267242709000129,B_parameter_matched
3,ResDyNet,100,0.004507556567206419,0.032545565400388006,0.18040389519183894,0.15984429881899456,15.984429881899457,7.338773374998709,B_parameter_matched
3,Plain,100,0.016541011913342275,0.0680318556119917,0.2608291694040214,0.23110396618981985,23.110396618981984,7.3419298340159,B_parameter_matched
4,ResDyNet,0,1.306625902324819,2.6315287271862156,1.6221987323340552,1.4373260546246176,143.73260546246175,0.003130500001134351,B_parameter_matched
4,Plain,0,1.0225773248491774,2.1531364697172903,1.4673569673795435,1.3001307167926375,130.01307167926376,0.0072366250096820295,B_parameter_matched
4,ResDyNet,1,1.0686980148086291,1.9961550919450581,1.4128535281284675,1.251838721650029,125.18387216500291,0.07660308398772031,B_parameter_matched
4,Plain,1,0.9791909807976878,2.191068774792746,1.4802259201867618,1.3115330689193314,131.15330689193314,0.08039454199024476,B_parameter_matched
4,ResDyNet,2,0.8063203689866808,1.5428824794323441,1.2421282057148304,1.1005699842270629,110.05699842270629,0.14982879199669696,B_parameter_matched
4,Plain,2,0.9240159112899446,2.2607348417981994,1.5035740227199323,1.332220322230575,133.2220322230575,0.15380075000575744,B_parameter_matched
4,ResDyNet,3,0.4475161485315728,0.704367648970205,0.8392661371520984,0.7436197930923168,74.36197930923169,0.22213462501531467,B_parameter_matched
4,Plain,3,0.8926037454499517,2.0776219991218365,1.4413958509451303,1.2771282397751413,127.71282397751413,0.22606912499759346,B_parameter_matched
4,ResDyNet,4,0.25936927504625723,0.5242912059765676,0.7240795577673544,0.6415603669611134,64.15603669611134,0.29486612501204945,B_parameter_matched
4,Plain,4,0.8600834359257031,1.958318225477102,1.399399237343333,1.23991773915478,123.99177391547799,0.2990674170141574,B_parameter_matched
4,ResDyNet,5,0.16166082435116813,0.48035057380867274,0.6930732817016342,0.6140876981950488,61.40876981950488,0.36862358401413076,B_parameter_matched
4,Plain,5,0.7896860646913771,1.4230963044762737,1.1929360018359214,1.0569839334490365,105.69839334490365,0.3723433749983087,B_parameter_matched
4,ResDyNet,6,0.10358592684108711,0.29411938114790426,0.5423277432954212,0.4805217634849929,48.052176348499295,0.4416709590004757,B_parameter_matched
4,Plain,6,0.3575396258853306,0.7571656378668199,0.8701526520483748,0.770986349181961,77.0986349181961,0.44577570899855345,B_parameter_matched
4,ResDyNet,7,0.06405275541271568,0.1125923093614388,0.3355477750804478,0.29730732128024595,29.730732128024595,0.5151804169872776,B_parameter_matched
4,Plain,7,0.2844359315696355,0.907679585395793,0.9527221973879862,0.8441459174084591,84.4145917408459,0.5193725000135601,B_parameter_matched
4,ResDyNet,8,0.05656574513379556,0.1138763877223862,0.3374557566887639,0.29899786117694,29.899786117694,0.5883022919879295,B_parameter_matched
4,Plain,8,0.2627540289277908,0.7571056619222374,0.8701181884791499,0.7709558132278913,77.09558132278913,0.5917520840012003,B_parameter_matched
4,ResDyNet,9,0.04515609197178485,0.08500478923182893,0.2915558080913994,0.2583288662443654,25.83288662443654,0.66572391698719,B_parameter_matched
4,Plain,9,0.25691574488022056,0.7851399329162417,0.8860812225277329,0.7850996319176494,78.50996319176494,0.6696984590089414,B_parameter_matched
4,ResDyNet,10,0.03819756135882311,0.10176761264975862,0.3190103644864201,0.2826545844428667,28.26545844428667,0.7385407499969006,B_parameter_matched
4,Plain,10,0.2817282411769958,0.743105911647501,0.8620359108804581,0.7637946264128862,76.37946264128863,0.7416900419921149,B_parameter_matched
4,ResDyNet,11,0.03022984971589275,0.0767432262085661,0.2770256778866647,0.2454546515725883,24.545465157258832,0.8113724169961642,B_parameter_matched
4,Plain,11,0.27421752410400213,0.7925504291095836,0.8902530140974438,0.7887959883492571,78.87959883492572,0.8154816669994034,B_parameter_matched
4,ResDyNet,12,0.025247034396494148,0.07474780218807568,0.27340044291857996,0.24224256382408707,24.224256382408708,0.8841123750025872,B_parameter_matched
4,Plain,12,0.2605632455888749,0.8076753677139851,0.8987076096895948,0.7962870622132026,79.62870622132026,0.8879453749977984,B_parameter_matched
4,ResDyNet,13,0.02114667174299526,0.07703161229382428,0.2775456940646428,0.2459154044917814,24.59154044917814,0.9567892090126406,B_parameter_matched
4,Plain,13,0.2668725882469498,0.7079095221395783,0.8413735924900295,0.7454870738426894,74.54870738426894,0.9601212920097169,B_parameter_matched
4,ResDyNet,14,0.020754038980515924,0.054673911897677493,0.23382453228367098,0.20717689254890062,20.71768925489006,1.0294593750149943,B_parameter_matched
4,Plain,14,0.2288748513920262,0.7498150077960957,0.8659185918988549,0.7672348205631483,76.72348205631482,1.0336677090090234,B_parameter_matched
4,ResDyNet,15,0.02045372055134682,0.05914476912106433,0.2431969759702294,0.21548121262860484,21.548121262860484,1.1026494590041693,B_parameter_matched
4,Plain,15,0.22742358494873557,0.6553758669260379,0.8095528808706927,0.717292786067996,71.7292786067996,1.105872249987442,B_parameter_matched
4,ResDyNet,16,0.016031907226565875,0.04577711846367437,0.21395587971279117,0.18957255626063313,18.95725562606331,1.1756252920022234,B_parameter_matched
4,Plain,16,0.21112079330054118,0.7161299902146896,0.8462446396962817,0.7498029957598389,74.98029957598389,1.1796266669989564,B_parameter_matched
4,ResDyNet,17,0.016852710268102394,0.051260732130493855,0.22640833052362241,0.20060587273264566,20.060587273264566,1.2480152499920223,B_parameter_matched
4,Plain,17,0.18518004725062948,0.685518072489045,0.827960187743979,0.7336023178393455,73.36023178393455,1.2514560839917976,B_parameter_matched
4,ResDyNet,18,0.013752427413656641,0.04963123290120823,0.22278068341130527,0.1973916477381439,19.73916477381439,1.320298750011716,B_parameter_matched
4,Plain,18,0.15893241643595984,0.45251108242082566,0.6726894398017749,0.5960268857483138,59.602688574831376,1.323874749999959,B_parameter_matched
4,ResDyNet,19,0.012947178271845139,0.05651174812013204,0.23772199755203985,0.21063018607303063,21.063018607303064,1.4040264170034789,B_parameter_matched
4,Plain,19,0.12011047112093307,0.39129316293400684,0.6255343019643341,0.5542457482882633,55.42457482882634,1.4072027500078548,B_parameter_matched
4,ResDyNet,20,0.014829073303569007,0.04350709755636631,0.2085835505411832,0.18481248060623917,18.481248060623916,1.4934970420144964,B_parameter_matched
4,Plain,20,0.09994601917855477,0.34525922002262205,0.5875876275268413,0.520623638513285,52.0623638513285,1.4989424590021372,B_parameter_matched
4,ResDyNet,21,0.013488478556176053,0.045118310931646526,0.21241071284576615,0.18820348319180988,18.820348319180987,1.5693914589937776,B_parameter_matched
4,Plain,21,0.0837084290664092,0.20572240431411704,0.45356631743783293,0.4018759678202538,40.18759678202538,1.5725632089888677,B_parameter_matched
4,ResDyNet,22,0.010989407759933784,0.03778261020148498,0.19437749407142016,0.17222540684612098,17.2225406846121,1.6439510420022998,B_parameter_matched
4,Plain,22,0.07951804412214562,0.16912894565393566,0.4112528974413866,0.3643847654114959,36.43847654114959,1.6480042920156848,B_parameter_matched
4,ResDyNet,23,0.010643015420778834,0.042481942931165514,0.2061114818033326,0.18262213935216653,18.262213935216653,1.7211043749994133,B_parameter_matched
4,Plain,23,0.054594764862822096,0.17147330141120204,0.41409334866815,0.3669015067168249,36.690150671682495,1.7243364590103738,B_parameter_matched
4,ResDyNet,24,0.018053284074818723,0.04971818800624419,0.22297575654371976,0.19756448950542427,19.756448950542428,1.7937203340115957,B_parameter_matched
4,Plain,24,0.04856099132468306,0.1271016289102329,0.356513153909127,0.3158833962301865,31.58833962301865,1.7968770420120563,B_parameter_matched
4,ResDyNet,25,0.020664542120316,0.04802810760833562,0.21915316016050423,0.19417753248937225,19.417753248937224,1.8666467090079095,B_parameter_matched
4,Plain,25,0.09698656478563845,0.11010482577581467,0.33182047220720823,0.29400479771984583,29.400479771984582,1.8697805420088116,B_parameter_matched
4,ResDyNet,26,0.02778947539200019,0.08701608938815625,0.2949848968814442,0.2613671614688112,26.136716146881124,1.9405754590115976,B_parameter_matched
4,Plain,26,0.07496738466422423,0.11264868301181266,0.33563176698848496,0.297381741112658,29.738174111265803,1.9440375420090277,B_parameter_matched
4,ResDyNet,27,0.020673987375775475,0.08940090917595163,0.29899984812028185,0.26492455176175367,26.492455176175365,2.0138054999988526,B_parameter_matched
4,Plain,27,0.06791654032188728,0.22445257797400858,0.4737642641377762,0.41977207047592374,41.97720704759237,2.016976250015432,B_parameter_matched
4,ResDyNet,28,0.02332760989761326,0.07659927048933457,0.2767657321442352,0.24522433035427182,24.522433035427184,2.0862488750135526,B_parameter_matched
4,Plain,28,0.06222548105467627,0.27686975949816306,0.5261841497975429,0.46621796266992066,46.621796266992064,2.089422624994768,B_parameter_matched
4,ResDyNet,29,0.026875443484758326,0.03908424057062052,0.19769734588663684,0.17516691420671304,17.516691420671304,2.158595749991946,B_parameter_matched
4,Plain,29,0.06371088168188924,0.18536141450413285,0.43053619418596256,0.3814704555168988,38.14704555168988,2.1619274170079734,B_parameter_matched
4,ResDyNet,30,0.016024054322965914,0.045385084787029795,0.21303775437004072,0.1887590643929335,18.87590643929335,2.2313373340002727,B_parameter_matched
4,Plain,30,0.04430094465300071,0.12918647634056887,0.35942520270644474,0.3184635755419412,31.84635755419412,2.234509292000439,B_parameter_matched
4,ResDyNet,31,0.012832447444143205,0.04491350758600498,0.21192807172718997,0.1877758459110406,18.77758459110406,2.3038051670009736,B_parameter_matched
4,Plain,31,0.042499856446458255,0.06967334737835373,0.26395709382085897,0.2338754190159162,23.38754190159162,2.3069852920016274,B_parameter_matched
4,ResDyNet,32,0.008684194720334172,0.0374142808263419,0.19342771473173614,0.17138386840581668,17.138386840581667,2.3775111669965554,B_parameter_matched
4,Plain,32,0.0634466779186298,0.05970325956176057,0.24434250461546916,0.21649619194975925,21.649619194975926,2.3816949170141015,B_parameter_matched
4,ResDyNet,33,0.00910106671414006,0.03925101636939601,0.19811869262993842,0.17554024248031316,17.554024248031315,2.4513079590105917,B_parameter_matched
4,Plain,33,0.0522430665286477,0.07118859329081281,0.2668119062013778,0.23640488481674365,23.640488481674364,2.454791916999966,B_parameter_matched
4,ResDyNet,34,0.008081995648935286,0.04773527701283393,0.2184840429249558,0.19358467070426386,19.358467070426386,2.5241625840135384,B_parameter_matched
4,Plain,34,0.03589590542941326,0.08088334008977809,0.28439996499609155,0.2519885335103526,25.19885335103526,2.527541958988877,B_parameter_matched
4,ResDyNet,35,0.007585459121293416,0.062001018993461984,0.249000038139479,0.22062293311341116,22.062293311341115,2.596285875013564,B_parameter_matched
4,Plain,35,0.03705133990289473,0.10793665105504156,0.3285371380149306,0.29109564627832646,29.109564627832647,2.599433499999577,B_parameter_matched
4,ResDyNet,36,0.008870404000639133,0.04293246722676032,0.20720151357256134,0.18358794645770332,18.35879464577033,2.6684149999928195,B_parameter_matched
4,Plain,36,0.03253124514132069,0.07467030151018991,0.27325867142725757,0.2421169492158279,24.21169492158279,2.671574292005971,B_parameter_matched
4,ResDyNet,37,0.006467428590409246,0.04119165037778939,0.2029572624416022,0.1798273882651074,17.98273882651074,2.740378292015521,B_parameter_matched
4,Plain,37,0.02757691321837665,0.1110654390449255,0.33326481819256815,0.295284539884151,29.528453988415098,2.7437074999907054,B_parameter_matched
4,ResDyNet,38,0.008163824056847135,0.04282375870585875,0.20693902170895356,0.18335536928502388,18.33553692850239,2.816938208998181,B_parameter_matched
4,Plain,38,0.03629776036491392,0.1512748146683287,0.38894063129008355,0.3446153001556306,34.461530015563056,2.820100042008562,B_parameter_matched
4,ResDyNet,39,0.006126880768825544,0.04526046234052988,0.21274506419780903,0.1884997304395184,18.84997304395184,2.889451958995778,B_parameter_matched
4,Plain,39,0.031732668272662405,0.0894165773763881,0.29902604798978316,0.26494776578252155,26.494776578252154,2.892751084000338,B_parameter_matched
4,ResDyNet,40,0.006287676601937631,0.03380498134758448,0.18386131008883974,0.16290769198658533,16.290769198658534,2.9618487500119954,B_parameter_matched
4,Plain,40,0.03239864863654077,0.045234062723784954,0.2126830099556261,0.18844474816311063,18.844474816311063,2.9661037920159288,B_parameter_matched
4,ResDyNet,41,0.005983570180307416,0.03466044804736765,0.18617316682961496,0.16495607968523351,16.495607968523352,3.0357802500075195,B_parameter_matched
4,Plain,41,0.03606467287654326,0.09524863497017867,0.3086237757694288,0.2734516956204092,27.345169562040923,3.038961542013567,B_parameter_matched
4,ResDyNet,42,0.005402777942871587,0.0373226451812777,0.19319069641490944,0.171173861706016,17.117386170601602,3.1077916669892147,B_parameter_matched
4,Plain,42,0.06629949213000129,0.0701846690766098,0.264923892989307,0.23473203763279823,23.473203763279823,3.1111285419901833,B_parameter_matched
4,ResDyNet,43,0.005422383442415761,0.03682867104560546,0.1919079754611711,0.17003732509624545,17.003732509624545,3.179196209006477,B_parameter_matched
4,Plain,43,0.04993098548055617,0.04998315505406728,0.22356912813281551,0.1980902379406078,19.809023794060778,3.182338292011991,B_parameter_matched
4,ResDyNet,44,0.005447617075371688,0.03751239959719571,0.19368118028656195,0.17160844794631283,17.160844794631284,3.250981958990451,B_parameter_matched
4,Plain,44,0.01872696765998952,0.093768752316235,0.30621683872092176,0.2713190633709173,27.13190633709173,3.2542216250149067,B_parameter_matched
4,ResDyNet,45,0.004792901801178401,0.03546171461327618,0.18831281053947493,0.16685188048355526,16.685188048355528,3.3230757919955067,B_parameter_matched
4,Plain,45,0.01970249367514164,0.12567351985026828,0.35450461188857374,0.3141037562141967,31.41037562141967,3.3263975419977214,B_parameter_matched
4,ResDyNet,46,0.00554275132899253,0.03156898423392754,0.17767662827149647,0.15742784285438907,15.742784285438907,3.3949942920007743,B_parameter_matched
4,Plain,46,0.030383045195913685,0.08736449939111592,0.2955748625832649,0.2618898921661418,26.18898921661418,3.3987895000027493,B_parameter_matched
4,ResDyNet,47,0.005500424448954797,0.03318016864130228,0.18215424409357658,0.16139517050382893,16.139517050382892,3.4675417089893017,B_parameter_matched
4,Plain,47,0.030370084087385393,0.05275190866748442,0.22967783669192904,0.20350277205070977,20.350277205070977,3.4706909999949858,B_parameter_matched
4,ResDyNet,48,0.00553500543050411,0.03601780761763358,0.18978358100118561,0.1681550356783244,16.81550356783244,3.539651708997553,B_parameter_matched
4,Plain,48,0.026437651035339772,0.06621847911769799,0.2573295146649486,0.22800314701249105,22.800314701249107,3.5430019999912474,B_parameter_matched
4,ResDyNet,49,0.00477327248291533,0.03951815361392597,0.19879173426962696,0.17613658142774888,17.613658142774888,3.611776125006145,B_parameter_matched
4,Plain,49,0.03229487267785278,0.13450352232104443,0.3667472185593838,0.32495114327826996,32.495114327827,3.6149391249928158,B_parameter_matched
4,ResDyNet,50,0.0051143934394937115,0.038693135777984,0.19670570855464262,0.1742882880892071,17.42882880892071,3.683599999989383,B_parameter_matched
4,Plain,50,0.04410473887801346,0.15144650250840672,0.38916128084433926,0.3448108035467698,34.481080354676976,3.6867596250085626,B_parameter_matched
4,ResDyNet,51,0.005083199553717348,0.034501407994393204,0.1857455463648946,0.16457719267023202,16.4577192670232,3.7568090420099907,B_parameter_matched
4,Plain,51,0.062200107901396365,0.16988657959216724,0.41217299716522826,0.36520000665140717,36.520000665140714,3.7602665000013076,B_parameter_matched
4,ResDyNet,52,0.00467123010554926,0.04051674632278093,0.20128772024835725,0.17834811421204894,17.834811421204893,3.83047612500377,B_parameter_matched
4,Plain,52,0.049462096857942804,0.09062886917036266,0.3010462907434049,0.266737773066197,26.6737773066197,3.833638959011296,B_parameter_matched
4,ResDyNet,53,0.005448683194165141,0.04059683283329736,0.2014865574506085,0.17852429107973344,17.852429107973343,3.9024496669881046,B_parameter_matched
4,Plain,53,0.0444447364741874,0.06313186100311854,0.25126054406356474,0.22262582215318183,22.262582215318183,3.9056236670003273,B_parameter_matched
4,ResDyNet,54,0.004722615373975731,0.03873156754841246,0.19680337280751176,0.1743748221077933,17.43748221077933,3.974101125000743,B_parameter_matched
4,Plain,54,0.04743091386853706,0.05577852571662579,0.2361747779010828,0.2092592941642766,20.92592941642766,3.9774497089965735,B_parameter_matched
4,ResDyNet,55,0.004580743695181749,0.036544577412052796,0.19116636056600753,0.16938022779363407,16.938022779363408,4.0468745839898475,B_parameter_matched
4,Plain,55,0.04470234067871566,0.08890270223722042,0.2981655617894535,0.2641853442550437,26.41853442550437,4.050925042014569,B_parameter_matched
4,ResDyNet,56,0.004493016041805981,0.03473500201608287,0.186373286755594,0.16513339309198571,16.51333930919857,4.129592959012371,B_parameter_matched
4,Plain,56,0.03911772199111004,0.1265624243629941,0.35575613046438725,0.3152126464019453,31.52126464019453,4.134283333987696,B_parameter_matched
4,ResDyNet,57,0.0049594791186611835,0.03181394692213767,0.17836464594234383,0.1580374511006785,15.80374511006785,4.208200666995253,B_parameter_matched
4,Plain,57,0.037268281871043904,0.12354556234475045,0.3514904868481513,0.3114331337028215,31.14331337028215,4.21233387500979,B_parameter_matched
4,ResDyNet,58,0.004880362026446462,0.03865443650622679,0.1966073154951941,0.17420110832194388,17.42011083219439,4.28526391700143,B_parameter_matched
4,Plain,58,0.022938246157511766,0.049896281717543386,0.2233747562226837,0.19791801748133175,19.791801748133174,4.288436333998106,B_parameter_matched
4,ResDyNet,59,0.004617819417641182,0.04669006119617471,0.21607883097650893,0.19145356695508078,19.145356695508077,4.363317042007111,B_parameter_matched
4,Plain,59,0.0191699515158407,0.11196247522620371,0.33460794256293996,0.2964745960798916,29.647459607989155,4.36652124999091,B_parameter_matched
4,ResDyNet,60,0.005214824074973174,0.04522725938716149,0.21266701527778464,0.18843057630688942,18.843057630688943,4.439984208991518,B_parameter_matched
4,Plain,60,0.032750543372061486,0.2084135296818089,0.45652330683307824,0.40449596610796024,40.44959661079602,4.4439108750084415,B_parameter_matched
4,ResDyNet,61,0.0063479453247508345,0.03245547745593418,0.18015403813385417,0.15962291653566812,15.962291653566812,4.517443874996388,B_parameter_matched
4,Plain,61,0.05608699329926153,0.13329886733692523,0.3651011741105816,0.3234926890666029,32.34926890666029,4.520588209008565,B_parameter_matched
4,ResDyNet,62,0.004622481263962867,0.033642170903053034,0.18341802229621013,0.16251492315910213,16.251492315910212,4.594758624996757,B_parameter_matched
4,Plain,62,0.026857535531510025,0.05998451134481163,0.24491735615266555,0.21700553095704878,21.700553095704876,4.597952542011626,B_parameter_matched
4,ResDyNet,63,0.005056831667694306,0.03193370665403379,0.17870004659773817,0.15833462806865875,15.833462806865874,4.67132500000298,B_parameter_matched
4,Plain,63,0.029144839673075743,0.07884485522582993,0.2807932606488801,0.24879286455423402,24.8792864554234,4.674511499993969,B_parameter_matched
4,ResDyNet,64,0.0064145887554513704,0.04836994748972623,0.21993168823461123,0.1948673361878135,19.48673361878135,4.746061209007166,B_parameter_matched
4,Plain,64,0.05616863360752705,0.15516662990824556,0.39391195705163046,0.34902007245675115,34.902007245675115,4.749289375002263,B_parameter_matched
4,ResDyNet,65,0.0056549663214374634,0.041795156006986994,0.20443863628724143,0.18113993843700477,18.113993843700477,4.8211936250154395,B_parameter_matched
4,Plain,65,0.07178796112795964,0.07021320013510883,0.26497773516865303,0.23477974372803137,23.477974372803136,4.824393833987415,B_parameter_matched
4,ResDyNet,66,0.004173076358531486,0.034622276747085935,0.1860706230093454,0.16486522219553365,16.486522219553365,4.896772125008283,B_parameter_matched
4,Plain,66,0.05457784875748234,0.052527256114459575,0.2291882547480555,0.20306898495066025,20.306898495066026,4.899942416988779,B_parameter_matched
4,ResDyNet,67,0.0041779171339884815,0.033833881165540335,0.18393988465131844,0.1629773118572154,16.29773118572154,4.972671208990505,B_parameter_matched
4,Plain,67,0.0557547838807124,0.0892510524557553,0.2987491463682454,0.26470242104930786,26.470242104930787,4.975950249994639,B_parameter_matched
4,ResDyNet,68,0.004282546555594954,0.032065970726536074,0.17906973704826865,0.15866218702065524,15.866218702065524,5.047734291991219,B_parameter_matched
4,Plain,68,0.05973878687789364,0.060666006724031926,0.24630470300835086,0.2182347698552995,21.82347698552995,5.0508796669892035,B_parameter_matched
4,ResDyNet,69,0.004375275014848439,0.028515247922944464,0.16886458457280043,0.14962005719276258,14.962005719276258,5.122435666999081,B_parameter_matched
4,Plain,69,0.04514762454288332,0.05296419095352084,0.2301395032442732,0.2039118251161614,20.39118251161614,5.127014083991526,B_parameter_matched
4,ResDyNet,70,0.004483604866128134,0.029416698455981164,0.17151296876907346,0.15196662024455485,15.196662024455485,5.200148625008296,B_parameter_matched
4,Plain,70,0.043992810092586494,0.15273449653636095,0.39081261051347993,0.34627394065255185,34.62739406525518,5.203277583990712,B_parameter_matched
4,ResDyNet,71,0.004147686837083816,0.02916838169389971,0.17078753377778985,0.1513238589150548,15.132385891505479,5.275246959005017,B_parameter_matched
4,Plain,71,0.041287768295088,0.21027100488688288,0.45855316473325414,0.4062944927551304,40.62944927551304,5.278804292000132,B_parameter_matched
4,ResDyNet,72,0.004630840628359946,0.03574574271991983,0.1890654455999822,0.16751874204652453,16.751874204652452,5.349323083995841,B_parameter_matched
4,Plain,72,0.03654789230921887,0.10678230739883504,0.3267756224060097,0.2895348804918269,28.953488049182692,5.352494958991883,B_parameter_matched
4,ResDyNet,73,0.004551691516187495,0.04117929199364737,0.20292681437810867,0.17980041019263096,17.980041019263098,5.423403958993731,B_parameter_matched
4,Plain,73,0.024838843578729213,0.07973821389325676,0.2823795564364686,0.25019837931663413,25.019837931663414,5.42717041700962,B_parameter_matched
4,ResDyNet,74,0.004964075068543746,0.04175632973222505,0.20434365596275567,0.18105578247489051,18.105578247489053,5.515726917015854,B_parameter_matched
4,Plain,74,0.015706104483518644,0.03519329031268301,0.187598748163955,0.16621919569808188,16.62191956980819,5.519235374988057,B_parameter_matched
4,ResDyNet,75,0.003985792168614596,0.03735028496115764,0.1932622181419784,0.171237232512403,17.1237232512403,5.593280708999373,B_parameter_matched
4,Plain,75,0.019511681152906107,0.08514116140367138,0.2917895841247103,0.25853600016509104,25.853600016509105,5.596473834011704,B_parameter_matched
4,ResDyNet,76,0.004380951193903367,0.036569959880266185,0.19123273746999017,0.16943904010288935,16.943904010288936,5.666675084008602,B_parameter_matched
4,Plain,76,0.01935303411818946,0.06567278441569618,0.2562670178070057,0.22706173682245798,22.706173682245797,5.669820375012932,B_parameter_matched
4,ResDyNet,77,0.004360557542131821,0.0387694178722144,0.1968995121177663,0.1744600049727211,17.44600049727211,5.7398800420050975,B_parameter_matched
4,Plain,77,0.015172975444553465,0.05020968483137952,0.22407517674070798,0.19853861509350065,19.853861509350065,5.743212583998684,B_parameter_matched
4,ResDyNet,78,0.0037858785287292356,0.04046256035050589,0.2011530769103617,0.17822881540239927,17.822881540239926,5.811890917015262,B_parameter_matched
4,Plain,78,0.01950282655518393,0.062116559344376245,0.24923193885290112,0.220828405433691,22.0828405433691,5.815066792012658,B_parameter_matched
4,ResDyNet,79,0.005833971940507781,0.04790264305172402,0.2188667244048853,0.1939237401726104,19.39237401726104,5.884031166991917,B_parameter_matched
4,Plain,79,0.028886001415095893,0.10489272126638183,0.3238714579372221,0.2869616869769377,28.696168697693768,5.887196708994452,B_parameter_matched
4,ResDyNet,80,0.004883710754518185,0.052056031348235866,0.22815790880054074,0.2021560616163478,20.21560616163478,5.9560918339993805,B_parameter_matched
4,Plain,80,0.017251654278852654,0.05372311921418379,0.23178248254383632,0.2053675634960535,20.53675634960535,5.959342999994988,B_parameter_matched
4,ResDyNet,81,0.006229503863224628,0.034779791049026204,0.18649340752162313,0.16523982438383286,16.523982438383285,6.028886666987091,B_parameter_matched
4,Plain,81,0.027009367636909268,0.07210480428621209,0.2685233775413457,0.23792130959235655,23.792130959235656,6.0320742090116255,B_parameter_matched
4,ResDyNet,82,0.004716993972852265,0.033145063674151334,0.18205785804010585,0.1613097690155929,16.13097690155929,6.101272458996391,B_parameter_matched
4,Plain,82,0.019375597641328533,0.07911293357925069,0.2812702145255531,0.2492154627354137,24.92154627354137,6.104485666990513,B_parameter_matched
4,ResDyNet,83,0.0037895178453591543,0.034430527690098044,0.18555464879678452,0.16440805060216104,16.440805060216103,6.173776792013086,B_parameter_matched
4,Plain,83,0.019473811853215388,0.047497754637733126,0.21793979590183415,0.19310244839025728,19.310244839025728,6.17711429198971,B_parameter_matched
4,ResDyNet,84,0.003439207572116884,0.034798074019727857,0.18654241882137118,0.1652832501470854,16.52832501470854,6.25033833400812,B_parameter_matched
4,Plain,84,0.016963159177634503,0.08357504900085275,0.2890934952586321,0.256147169070875,25.614716907087498,6.2534791250072885,B_parameter_matched
4,ResDyNet,85,0.003343374836644073,0.029871259574191514,0.1728330395907898,0.15313625017224725,15.313625017224725,6.32320970899309,B_parameter_matched
4,Plain,85,0.019121341064278315,0.08815904103376473,0.29691588208407566,0.26307808337222277,26.307808337222276,6.3266126250091475,B_parameter_matched
4,ResDyNet,86,0.003627708599889975,0.028550164394855946,0.16896793895545967,0.14971163286970943,14.971163286970942,6.402564249990974,B_parameter_matched
4,Plain,86,0.01669714129725576,0.05626681532305328,0.23720627167731734,0.21017323451585848,21.01732345158585,6.4067347919917665,B_parameter_matched
4,ResDyNet,87,0.003589753928933728,0.027000727346009484,0.16431898048006957,0.14559248950560888,14.559248950560889,6.478480874997331,B_parameter_matched
4,Plain,87,0.01763081079822149,0.05316761565842664,0.230581039243097,0.20430304179172312,20.430304179172314,6.482304125005612,B_parameter_matched
4,ResDyNet,88,0.003792840013842898,0.036044157426302674,0.18985298898437883,0.16821653363209177,16.821653363209176,6.594433374993969,B_parameter_matched
4,Plain,88,0.03192128229599694,0.06474429900890075,0.25444901062668873,0.225450917484679,22.5450917484679,6.5975781670131255,B_parameter_matched
4,ResDyNet,89,0.003928216610940112,0.03994491047843914,0.19986222874380027,0.1770850777915989,17.70850777915989,6.667577000014717,B_parameter_matched
4,Plain,89,0.0353636949161771,0.11997608281011443,0.3463756383034385,0.30690119508627683,30.690119508627685,6.671376792015508,B_parameter_matched
4,ResDyNet,90,0.004899564478424038,0.04025763710714889,0.20064305895582057,0.1777769212665103,17.77769212665103,6.741158666991396,B_parameter_matched
4,Plain,90,0.03965637921725188,0.11047287582567812,0.33237460165553884,0.29449577621578776,29.449577621578776,6.744515917001991,B_parameter_matched
4,ResDyNet,91,0.003910612890482933,0.03878220042045262,0.19693196901583201,0.17448876294442472,17.44887629444247,6.813063917012187,B_parameter_matched
4,Plain,91,0.025557912665084653,0.12612998006070308,0.35514782846119597,0.3146736690862565,31.46736690862565,6.816304167005001,B_parameter_matched
4,ResDyNet,92,0.003505531134337395,0.03343041228081481,0.18283985419162532,0.16200264555457153,16.200264555457153,6.88539383400348,B_parameter_matched
4,Plain,92,0.026667639407453793,0.14004294121106248,0.37422311688491733,0.33157505638511436,33.15750563851144,6.888545541994972,B_parameter_matched
4,ResDyNet,93,0.0033999034880750007,0.033793117559059026,0.18382904438379433,0.16287910341873096,16.287910341873097,6.957367166993208,B_parameter_matched
4,Plain,93,0.025155190292803074,0.12003553915693246,0.3464614540709146,0.306977230923337,30.6977230923337,6.960962250013836,B_parameter_matched
4,ResDyNet,94,0.003841313660738984,0.035689816030769046,0.1889174847142769,0.16738764341363166,16.738764341363165,7.030833374999929,B_parameter_matched
4,Plain,94,0.024857646275698454,0.07590281580940925,0.2755046566020423,0.24410697235274278,24.410697235274277,7.034015334007563,B_parameter_matched
4,ResDyNet,95,0.003533899190747936,0.031577439982158666,0.17770042200894928,0.15744892495616622,15.744892495616622,7.103028084005928,B_parameter_matched
4,Plain,95,0.012983422095324366,0.0369250921395212,0.19215902825399903,0.17025976684337876,17.025976684337877,7.106159666989697,B_parameter_matched
4,ResDyNet,96,0.00497191048584337,0.028359036017877266,0.1684014133488115,0.1492096709344564,14.92096709344564,7.174830000003567,B_parameter_matched
4,Plain,96,0.014172992912601925,0.06955292418729082,0.26372888386995236,0.23367321684313389,23.36732168431339,7.17816833400866,B_parameter_matched
4,ResDyNet,97,0.005345119023133297,0.030098792482690595,0.17349003568704052,0.15371837219472542,15.371837219472543,7.246651249995921,B_parameter_matched
4,Plain,97,0.017004050506417383,0.031995232315336956,0.1788721116198301,0.15848708382787788,15.848708382787787,7.249810000008438,B_parameter_matched
4,ResDyNet,98,0.005756409400596641,0.03791479469049694,0.19471721724207375,0.17252641371710867,17.252641371710865,7.319472709001275,B_parameter_matched
4,Plain,98,0.012403693598501011,0.06508499436484103,0.25511760888821655,0.22604331944025685,22.604331944025684,7.32262812499539,B_parameter_matched
4,ResDyNet,99,0.0049381163499437495,0.02953349281045745,0.1718531140551647,0.1522680011249068,15.226800112490679,7.391344292002032,B_parameter_matched
4,Plain,99,0.0236215515341415,0.10293641179301129,0.32083704866023705,0.28427309190700445,28.427309190700445,7.3947364169871435,B_parameter_matched
4,ResDyNet,100,0.006502151769480692,0.033797596813595135,0.18384122718692653,0.16288989781772242,16.28898978177224,7.462995417008642,B_parameter_matched
4,Plain,100,0.035213189976230075,0.10869721175113257,0.3296926019053697,0.29211942858181555,29.211942858181555,7.466153709014179,B_parameter_matched
