seed,model,epoch,train_loss,val_loss,val_rmse,val_nrmse,val_nrmse_percent,wall_time_sec,comparison
0,ResDyNet,0,1.2594085390465992,2.4970557367353696,1.580207497999984,1.400120320227718,140.0120320227718,0.00447429102496244,A_same_width
0,Plain,0,1.0256006121510657,2.4037623637105003,1.5504071606228154,1.3737161562402516,137.37161562402517,0.00969833301496692,A_same_width
0,ResDyNet,1,1.0193293793952964,1.8327957494924347,1.3538078702284289,1.1995221584444422,119.95221584444423,0.09139924999908544,A_same_width
0,Plain,1,0.9694416239015565,2.145264888461325,1.4646722802256227,1.2977519880228927,129.77519880228928,0.09592875000089407,A_same_width
0,ResDyNet,2,0.5860820760075622,0.9104295627072325,0.9541643268888398,0.8454236956882739,84.5423695688274,0.1703761660028249,A_same_width
0,Plain,2,0.9102222512782556,2.0600223773707973,1.435277804946066,1.2717074323595206,127.17074323595206,0.17424912500428036,A_same_width
0,ResDyNet,3,0.18698842000960977,0.3448288913126201,0.5872213307711328,0.5202990864961922,52.029908649619216,0.2432891250064131,A_same_width
0,Plain,3,0.8719216402654163,2.0105241954853144,1.4179295453178604,1.2563362542979184,125.63362542979183,0.24744120801915415,A_same_width
0,ResDyNet,4,0.10804185302145364,0.28062592515938994,0.5297413757291287,0.46936979198142437,46.93697919814244,0.31699112500064075,A_same_width
0,Plain,4,0.845900999840947,1.9512642568857788,1.3968766076091972,1.2376825990509364,123.76825990509363,0.320897583005717,A_same_width
0,ResDyNet,5,0.07833838562366824,0.2774791077692802,0.5267628572415487,0.46673071814845435,46.673071814845436,0.38963829100248404,A_same_width
0,Plain,5,0.6869445509878399,0.9606332752558305,0.9801190107613619,0.8684204732260332,86.84204732260332,0.3935918750066776,A_same_width
0,ResDyNet,6,0.061313621078262714,0.16197389234148066,0.40245980214361865,0.3565937687103121,35.65937687103121,0.46223766601178795,A_same_width
0,Plain,6,0.3359743113473189,0.8347334262548884,0.9136374698176999,0.8095154518835304,80.95154518835304,0.46591541601810604,A_same_width
0,ResDyNet,7,0.044546968673249525,0.1189283902685186,0.34485995747334686,0.30555824770001466,30.555824770001465,0.5400691660179291,A_same_width
0,Plain,7,0.26839886072715957,0.817217351649089,0.9040007475932136,0.8009769715738428,80.09769715738429,0.5439409160171635,A_same_width
0,ResDyNet,8,0.033602252421125973,0.09216484060164808,0.3035866278373408,0.2689886025236889,26.898860252368888,0.6138046249980107,A_same_width
0,Plain,8,0.24707940322511507,0.7849789820007284,0.885990396110888,0.7850191564661666,78.50191564661667,0.6177245410217438,A_same_width
0,ResDyNet,9,0.030754555923482415,0.0759090836608596,0.2755160315859308,0.24411705099501266,24.411705099501265,0.6880722500209231,A_same_width
0,Plain,9,0.23499233267289443,0.6832981537408381,0.8266185055639863,0.7324135394758251,73.24135394758251,0.6924326660227962,A_same_width
0,ResDyNet,10,0.024849945106601816,0.06584958393122366,0.25661173771132073,0.22736717097805415,22.736717097805414,0.7619604160136078,A_same_width
0,Plain,10,0.234132089944113,0.5573515136087503,0.7465597856894988,0.6614786523489385,66.14786523489386,0.7655845410190523,A_same_width
0,ResDyNet,11,0.024269345244611665,0.05933596983254333,0.24358975724061824,0.21582923087226732,21.58292308722673,0.8350880000216421,A_same_width
0,Plain,11,0.2222060637363789,0.5669556074773142,0.7529645459630315,0.6671534988589761,66.71534988589761,0.8391035000095144,A_same_width
0,ResDyNet,12,0.021603785456188362,0.05030090635229811,0.22427863552353375,0.1987188868467506,19.87188868467506,0.907251583004836,A_same_width
0,Plain,12,0.19773534671754997,0.709506796192169,0.8423222638587734,0.7463276305811416,74.63276305811416,0.9115342500153929,A_same_width
0,ResDyNet,13,0.019205424882760277,0.05319290364223416,0.23063586807397102,0.20435162209547322,20.43516220954732,0.9808762080210727,A_same_width
0,Plain,13,0.18289046940595122,0.43643090773346704,0.6606291756601936,0.5853410606821036,58.534106068210356,0.9842591250198893,A_same_width
0,ResDyNet,14,0.017870471289312243,0.05635108063823439,0.23738382556154577,0.21033055360310382,21.03305536031038,1.053808166005183,A_same_width
0,Plain,14,0.15787599391167648,0.35753948504423183,0.5979460552961545,0.5298015757296205,52.98015757296205,1.057013875019038,A_same_width
0,ResDyNet,15,0.017286761735996196,0.05771981780472873,0.24024949074811527,0.21286963537797407,21.28696353779741,1.1278305830201134,A_same_width
0,Plain,15,0.1375768681168177,0.2950575399341816,0.5431919917802375,0.48128751853099083,48.12875185309908,1.1308247080014553,A_same_width
0,ResDyNet,16,0.015756741200493998,0.05450673812703152,0.2334667816350573,0.20685991268813383,20.685991268813382,1.200929750018986,A_same_width
0,Plain,16,0.10375055282486702,0.2525734939524454,0.5025669049514158,0.4452922396501858,44.52922396501858,1.204145374998916,A_same_width
0,ResDyNet,17,0.014591199246308832,0.07300580253394419,0.27019585957957276,0.23940318845313993,23.940318845313993,1.2733303330023773,A_same_width
0,Plain,17,0.09491070182381382,0.22338136397601888,0.4726323771981971,0.41876917819354254,41.876917819354254,1.2767282080021687,A_same_width
0,ResDyNet,18,0.015665563220256966,0.04499886533241934,0.21212935990196957,0.18795419442798358,18.79541944279836,1.347094916010974,A_same_width
0,Plain,18,0.09235378073942811,0.1658840086329394,0.4072886060681533,0.3608722615700748,36.08722615700748,1.351136708020931,A_same_width
0,ResDyNet,19,0.014102375228683349,0.045264766427296536,0.21275517955456816,0.18850869300713227,18.850869300713228,1.4205399159982335,A_same_width
0,Plain,19,0.07724665571333196,0.14576278685712626,0.3817889297205018,0.3382786369614303,33.82786369614303,1.4333158750087023,A_same_width
0,ResDyNet,20,0.013076622019733393,0.06092088582514206,0.24682156677474937,0.21869272962516512,21.86927296251651,1.5116887080075685,A_same_width
0,Plain,20,0.07166550456415964,0.09826768182362408,0.313476764407865,0.27775161700105616,27.775161700105617,1.5147399580164347,A_same_width
0,ResDyNet,21,0.01346678740612413,0.03810269256196561,0.19519911004398974,0.172953387962572,17.2953387962572,1.5833497910061851,A_same_width
0,Plain,21,0.07589821997810425,0.11115082866895049,0.3333929043470339,0.2953980287948379,29.53980287948379,1.587530750024598,A_same_width
0,ResDyNet,22,0.01183432960635179,0.06004174064125483,0.24503416219224378,0.2171090252827913,21.71090252827913,1.6607984160073102,A_same_width
0,Plain,22,0.06915465768846693,0.18662304931344442,0.43199889966693716,0.3827664648504914,38.276646485049135,1.6639278750226367,A_same_width
0,ResDyNet,23,0.011886857516786198,0.034990298189092946,0.18705693836127263,0.16573913284849137,16.573913284849137,1.732549791020574,A_same_width
0,Plain,23,0.06725663800879934,0.1183010053455655,0.34394913191570275,0.3047512237028154,30.47512237028154,1.7366977500205394,A_same_width
0,ResDyNet,24,0.010436717327286587,0.042239131419695465,0.20552160815762285,0.18209949021984034,18.209949021984034,1.804461291001644,A_same_width
0,Plain,24,0.0686688103631769,0.13518057257482424,0.3676691074523725,0.3257679697859909,32.576796978599084,1.8074365830107126,A_same_width
0,ResDyNet,25,0.009699795933007899,0.034538941470193096,0.18584655356016988,0.1646666886552676,16.46666886552676,1.8768624580116011,A_same_width
0,Plain,25,0.060660359119199585,0.15312504593953877,0.39131195476184827,0.3467163775032909,34.67163775032909,1.880609000014374,A_same_width
0,ResDyNet,26,0.009469418651323535,0.03521813661863926,0.18766495841962416,0.1662778603509754,16.62778603509754,1.9486122500093188,A_same_width
0,Plain,26,0.05808264033067134,0.21838920973005402,0.46732131315622016,0.4140633856336323,41.406338563363235,1.951620208012173,A_same_width
0,ResDyNet,27,0.009152929608018579,0.03404714635654936,0.18451868836665125,0.1634901526355856,16.34901526355856,2.0202686249976978,A_same_width
0,Plain,27,0.06073853624662573,0.1590501866478064,0.3988109660576128,0.35336076952782314,35.336076952782314,2.02442429101211,A_same_width
0,ResDyNet,28,0.00894308871762673,0.03394417646326955,0.18423945414397414,0.16324274113439477,16.324274113439476,2.092961791000562,A_same_width
0,Plain,28,0.045954635734653256,0.11279213416888466,0.33584540218511943,0.29757102953225,29.757102953225,2.0968262500246055,A_same_width
0,ResDyNet,29,0.007894104037626422,0.03539377123435577,0.18813232373612931,0.16669196272514886,16.669196272514885,2.1658875410212204,A_same_width
0,Plain,29,0.03703638217669469,0.09509140546983391,0.30836894375055657,0.2732259053439302,27.322590534393022,2.168834041018272,A_same_width
0,ResDyNet,30,0.007566318216173664,0.029519788337648508,0.17181323679405064,0.15223266844633673,15.223266844633674,2.2382837909972295,A_same_width
0,Plain,30,0.06931996112407612,0.10156041393850214,0.31868544670019394,0.2823666956716297,28.23666956716297,2.2422218749998137,A_same_width
0,ResDyNet,31,0.007384385288233909,0.03193325822560683,0.17869879189744634,0.15833351635935689,15.833351635935689,2.3102445830008946,A_same_width
0,Plain,31,0.06803020336584392,0.09763431837262143,0.3124649074258123,0.27685507555094324,27.685507555094325,2.3135192500194535,A_same_width
0,ResDyNet,32,0.007132363827983768,0.030130585207975007,0.17358163845284735,0.1537995355191354,15.37995355191354,2.3822892910102382,A_same_width
0,Plain,32,0.05472682263783455,0.07315007324169313,0.27046270212673157,0.23963962048694007,23.963962048694007,2.3855438330210745,A_same_width
0,ResDyNet,33,0.00677254954850663,0.029026965410544857,0.17037301843468308,0.15095658350618316,15.095658350618315,2.45444154102006,A_same_width
0,Plain,33,0.043386418585502476,0.1001765405525797,0.31650677805156036,0.28043631738279373,28.043631738279373,2.4579980410053395,A_same_width
0,ResDyNet,34,0.0066839068451267645,0.03206574475802385,0.17906910609600935,0.1586616279744031,15.866162797440312,2.526533416006714,A_same_width
0,Plain,34,0.06127607877980247,0.09335830056828835,0.3055459058280578,0.27072459284853534,27.072459284853533,2.5297593330033123,A_same_width
0,ResDyNet,35,0.007555779586153979,0.027030518873373512,0.16440960699841572,0.14567278783987733,14.567278783987733,2.598053958005039,A_same_width
0,Plain,35,0.04674606530764814,0.05225679429445164,0.2285974503236019,0.20254551111510077,20.25455111151008,2.6020815829979256,A_same_width
0,ResDyNet,36,0.007130372404357669,0.03419905679703237,0.18492986994272279,0.16385447420771437,16.38544742077144,2.6738232909992803,A_same_width
0,Plain,36,0.02852177961277786,0.10561796745059268,0.3249891805131252,0.28795202912686413,28.795202912686413,2.6775664160086308,A_same_width
0,ResDyNet,37,0.007377057741345823,0.02228138649953496,0.14926950961108887,0.13225812044394836,13.225812044394836,2.7491161250218283,A_same_width
0,Plain,37,0.042167768401053095,0.0740564849292898,0.27213321173515337,0.24111975170442088,24.111975170442086,2.7532904999970924,A_same_width
0,ResDyNet,38,0.006612630458939836,0.02815993004812262,0.16780920728053816,0.1486849551923775,14.86849551923775,2.8215064160176553,A_same_width
0,Plain,38,0.03635679406619995,0.05923840380853809,0.24338940775748252,0.2156517140696699,21.56517140696699,2.8244950830121525,A_same_width
0,ResDyNet,39,0.006693576833427896,0.030682666566212876,0.1751646841295724,0.1552021705671507,15.520217056715069,2.8935609580075834,A_same_width
0,Plain,39,0.03657202205590289,0.06912950279525552,0.2629248995345544,0.2329608579873759,23.29608579873759,2.8964902910229284,A_same_width
0,ResDyNet,40,0.0060840057779378435,0.028667161171557452,0.1693137949830357,0.1500180736711202,15.001807367112018,2.965036625013454,A_same_width
0,Plain,40,0.05387016487706398,0.052056349911629426,0.22815860691989998,0.20215668017505103,20.215668017505102,2.9680373330193106,A_same_width
0,ResDyNet,41,0.006367772731612364,0.02424708251234158,0.15571474725388593,0.13796883134982513,13.796883134982513,3.037446041009389,A_same_width
0,Plain,41,0.03613805343177503,0.06418120347960043,0.253340094496707,0.2244683781605834,22.44683781605834,3.0404471660149284,A_same_width
0,ResDyNet,42,0.005057353717091174,0.02022210787784732,0.14220445800975198,0.1259982322185039,12.59982322185039,3.1086392080178484,A_same_width
0,Plain,42,0.048153070964232804,0.044321418298481983,0.21052652635352626,0.18653402661840252,18.65340266184025,3.1131550410063937,A_same_width
0,ResDyNet,43,0.005451860671742288,0.020501611015027812,0.14318383643075014,0.12686599650273087,12.686599650273086,3.182073500007391,A_same_width
0,Plain,43,0.02799519827462442,0.05992966133997791,0.24480535398552442,0.21690629303397707,21.690629303397706,3.185053458000766,A_same_width
0,ResDyNet,44,0.005061883114723645,0.022051696640334652,0.14849813682445534,0.13157465658594034,13.157465658594033,3.253800916019827,A_same_width
0,Plain,44,0.027223992001512175,0.068376646354139,0.2614892853524576,0.2316888525128386,23.16888525128386,3.257066541002132,A_same_width
0,ResDyNet,45,0.004590239156235446,0.024825543608142472,0.15756123764474075,0.1396048878301375,13.96048878301375,3.325128583004698,A_same_width
0,Plain,45,0.026538433017628225,0.09900432522335403,0.31464952760707277,0.2787907271103958,27.879072711039584,3.3281246660044417,A_same_width
0,ResDyNet,46,0.004516076176321458,0.02614650233336736,0.16169880127374897,0.14327091708296769,14.327091708296768,3.39626183299697,A_same_width
0,Plain,46,0.05370825664038989,0.07235893436506811,0.2689961605024654,0.23834021219328644,23.834021219328644,3.3994266250228975,A_same_width
0,ResDyNet,47,0.004505276190923315,0.02701971058436184,0.16437673370754707,0.1456436609292683,14.56436609292683,3.46720483302488,A_same_width
0,Plain,47,0.0470931040569131,0.08369473719136825,0.28930042722292726,0.2563305181870391,25.633051818703912,3.4703739999968093,A_same_width
0,ResDyNet,48,0.004897249341480263,0.022968442059961413,0.15155342972021918,0.13428175528849715,13.428175528849714,3.5395805000152905,A_same_width
0,Plain,48,0.04896671875369127,0.047361782731720224,0.21762762400881058,0.19282585293593915,19.282585293593915,3.542617083003279,A_same_width
0,ResDyNet,49,0.004419944231325589,0.021549792003843687,0.14679847411960278,0.13006869468308313,13.006869468308313,3.610597457998665,A_same_width
0,Plain,49,0.05242351094102618,0.048134581323734243,0.21939594646149288,0.19439264982928955,19.439264982928954,3.6137593330058735,A_same_width
0,ResDyNet,50,0.004328042085917216,0.021850481944467634,0.1478190851834351,0.13097299256252581,13.097299256252581,3.6819649579992983,A_same_width
0,Plain,50,0.04435400280430688,0.047766656479257825,0.2185558429309494,0.19364828807572382,19.364828807572383,3.6849189159984235,A_same_width
0,ResDyNet,51,0.004448825570458361,0.0219670937310404,0.1482130012213517,0.1313220162507748,13.13220162507748,3.7569676660059486,A_same_width
0,Plain,51,0.030112730212676943,0.05592477288327366,0.2364841916138871,0.20953344577234245,20.953344577234244,3.7606882080144715,A_same_width
0,ResDyNet,52,0.004696533943397372,0.023552544265979556,0.15346838197485355,0.13597847142696184,13.597847142696185,3.831876333017135,A_same_width
0,Plain,52,0.03963370599463228,0.06052181027563912,0.24601180921988097,0.21797525549062005,21.797525549062005,3.83486787500442,A_same_width
0,ResDyNet,53,0.004541409201313009,0.021004799842836663,0.14493032754684804,0.12841345005161023,12.841345005161022,3.904262166004628,A_same_width
0,Plain,53,0.04565775871044126,0.05318049275728105,0.23060896070465486,0.2043277812045832,20.43277812045832,3.907262875000015,A_same_width
0,ResDyNet,54,0.004759336114727171,0.019735980201527538,0.1404848041658867,0.12447455745199326,12.447455745199326,3.975984165997943,A_same_width
0,Plain,54,0.03859825398955968,0.03854714758970896,0.1963342751271641,0.1739591847973402,17.39591847973402,3.9800038750108797,A_same_width
0,ResDyNet,55,0.004212019913204867,0.02065588537135049,0.14372155499906927,0.12734243437245382,12.734243437245382,4.049582833016757,A_same_width
0,Plain,55,0.029902694818703956,0.0626307323881833,0.25026132819151925,0.22174048117833162,22.174048117833163,4.053115125017939,A_same_width
0,ResDyNet,56,0.00466228915339662,0.02050686884237272,0.14320219566184283,0.12688226343764236,12.688226343764237,4.123218332999386,A_same_width
0,Plain,56,0.025897507332956017,0.04426691087830048,0.210397031533956,0.18641928958008697,18.641928958008698,4.126529666013084,A_same_width
0,ResDyNet,57,0.0036280143141178118,0.022997832370677315,0.15165036225039924,0.13436764097462886,13.436764097462886,4.194864250021055,A_same_width
0,Plain,57,0.026340108591479564,0.13136701730454767,0.3624458818976257,0.3211400052651354,32.11400052651354,4.197819499997422,A_same_width
0,ResDyNet,58,0.0034987666197122415,0.021387568572648816,0.14624489246687836,0.12957820155362657,12.957820155362656,4.266702708002413,A_same_width
0,Plain,58,0.05292149894749782,0.061975035017835564,0.24894785602176928,0.2205766978921188,22.057669789211882,4.26980370801175,A_same_width
0,ResDyNet,59,0.004118185933922983,0.02345299302941551,0.15314370058678714,0.13569079211294333,13.569079211294333,4.338369041011902,A_same_width
0,Plain,59,0.021773233159021296,0.0963984782867641,0.31048104336136867,0.27509730108606273,27.509730108606274,4.341639000020223,A_same_width
0,ResDyNet,60,0.004604226790816732,0.026591526345469574,0.16306908457911198,0.14448503706577742,14.448503706577743,4.409492958016926,A_same_width
0,Plain,60,0.02864964679218869,0.06126643116455702,0.2475205671546448,0.21931206894419578,21.931206894419578,4.412723832996562,A_same_width
0,ResDyNet,61,0.0043750536380414125,0.041354354214940554,0.20335770016141644,0.18018219039660416,18.018219039660416,4.481063625018578,A_same_width
0,Plain,61,0.025277234151626672,0.11773873040109381,0.343130777402864,0.30402613235625126,30.402613235625125,4.484267874999205,A_same_width
0,ResDyNet,62,0.0051329229539547406,0.03447141260148401,0.18566478557196572,0.16450563572128668,16.45056357212867,4.551891458017053,A_same_width
0,Plain,62,0.030177383728550736,0.06638729260490898,0.25765731622624066,0.22829359091150325,22.829359091150327,4.555058916012058,A_same_width
0,ResDyNet,63,0.00424093272530532,0.0230439588539328,0.15180236774811123,0.1345023232783151,13.45023232783151,4.622971291013528,A_same_width
0,Plain,63,0.0226560427368679,0.040360231637849533,0.2008985605668929,0.17800330482561,17.800330482561,4.625918416015338,A_same_width
0,ResDyNet,64,0.0033649784889857514,0.024482942697436776,0.156470261383551,0.13863824387096685,13.863824387096685,4.694291000021622,A_same_width
0,Plain,64,0.020600698895342818,0.04711312581841175,0.21705558232492375,0.1923190035591067,19.231900355910668,4.697427166014677,A_same_width
0,ResDyNet,65,0.0032198329883168664,0.024290454933297873,0.15585395385840511,0.13809217337670698,13.809217337670699,4.76610750000691,A_same_width
0,Plain,65,0.03130133513691462,0.06608505043516336,0.25707012746556795,0.22777332068327832,22.777332068327834,4.769100583012914,A_same_width
0,ResDyNet,66,0.003951643897068355,0.02261449192121531,0.15038115547240388,0.1332430784075665,13.32430784075665,4.852380249998532,A_same_width
0,Plain,66,0.031037757401647978,0.06984469869519222,0.26428147626194354,0.23416283345222436,23.416283345222435,4.855373166006757,A_same_width
0,ResDyNet,67,0.0037522842850892424,0.02199447500402147,0.1483053438147846,0.13140383508890308,13.140383508890308,4.923288208025042,A_same_width
0,Plain,67,0.04461374384731601,0.07129861861051569,0.2670180117717074,0.23658750171831885,23.658750171831887,4.926227208023192,A_same_width
0,ResDyNet,68,0.003650702771100246,0.02338115453312396,0.15290897466507308,0.13548281655714323,13.548281655714323,4.9938497910043225,A_same_width
0,Plain,68,0.034365003371293605,0.055131101034892306,0.23480012997205157,0.20804130696890413,20.804130696890414,4.996806166018359,A_same_width
0,ResDyNet,69,0.0038592592016388726,0.027328872389359143,0.16531446515462325,0.14647452450612747,14.647452450612747,5.064962458010996,A_same_width
0,Plain,69,0.03188511821177678,0.05924507303787259,0.2434031081105428,0.21566385307213526,21.566385307213526,5.06995812500827,A_same_width
0,ResDyNet,70,0.0033580730517550565,0.02468472652229138,0.15711373753523714,0.1392083867393547,13.92083867393547,5.148980041005416,A_same_width
0,Plain,70,0.03463539798261643,0.07110135951404267,0.2666483817952824,0.23625999634854114,23.625999634854114,5.151959333015839,A_same_width
0,ResDyNet,71,0.002717307209488335,0.02296876670137489,0.15155450076251412,0.13428270427024977,13.428270427024977,5.222897333005676,A_same_width
0,Plain,71,0.032725506121219626,0.04622249942595564,0.2149941846328771,0.19049253152909923,19.049253152909923,5.226724791020388,A_same_width
0,ResDyNet,72,0.0030709524378744746,0.02797550523797648,0.16725879719158715,0.14819727218177667,14.819727218177666,5.319926791009493,A_same_width
0,Plain,72,0.031306213509252445,0.054297512783523544,0.23301826705973835,0.2064625127443814,20.64625127443814,5.322902250016341,A_same_width
0,ResDyNet,73,0.0031722322058215656,0.027070203170464407,0.16453025001641616,0.1457796818656365,14.57796818656365,5.392194790998474,A_same_width
0,Plain,73,0.031197880339653202,0.08401107994130892,0.28984664900824525,0.2568144902109301,25.681449021093012,5.395115749997785,A_same_width
0,ResDyNet,74,0.003207334872715135,0.022455260524879724,0.14985079420837158,0.1327731593723935,13.27731593723935,5.4635426250169985,A_same_width
0,Plain,74,0.03172136235831975,0.059271144597410216,0.24345665856043086,0.21571130068464217,21.571130068464218,5.466532708000159,A_same_width
0,ResDyNet,75,0.003344381185203822,0.021160819627025748,0.1454675896102831,0.12888948344169032,12.888948344169032,5.534220125002321,A_same_width
0,Plain,75,0.0297239235267164,0.058242935919673645,0.24133573278665893,0.21383208464667802,21.383208464667803,5.537305291014491,A_same_width
0,ResDyNet,76,0.00374262288965036,0.02488935085197056,0.1577635916552693,0.13978418071564724,13.978418071564725,5.605732291005552,A_same_width
0,Plain,76,0.03078460415153681,0.0658498136386792,0.2566121852887723,0.22736756754767276,22.736756754767278,5.6086990000039805,A_same_width
0,ResDyNet,77,0.003243565396555445,0.024185803629930665,0.15551785630573317,0.13779437893283147,13.779437893283147,5.677250958018703,A_same_width
0,Plain,77,0.030838897826467208,0.057507553804794595,0.23980732642017966,0.21247786198036267,21.247786198036266,5.680172207998112,A_same_width
0,ResDyNet,78,0.002906790049837333,0.026572158769550026,0.1630096891891707,0.14443241062748377,14.443241062748378,5.748731416009832,A_same_width
0,Plain,78,0.029420499077028775,0.0746406242887827,0.2732043635976239,0.24206883053779746,24.206883053779745,5.7516902910138015,A_same_width
0,ResDyNet,79,0.0027443613157356423,0.023700423618758213,0.15394941902702397,0.1364046874475659,13.640468744756589,5.819518208008958,A_same_width
0,Plain,79,0.027271351471780152,0.07522954991782331,0.2742800574555564,0.24302193374148537,24.302193374148537,5.822488666017307,A_same_width
0,ResDyNet,80,0.002614385285309649,0.023052908764302427,0.15183184370975156,0.13452844003380646,13.452844003380646,5.890915208001388,A_same_width
0,Plain,80,0.032018650774165804,0.060654837600840464,0.24628202857870174,0.21821467950024076,21.821467950024076,5.893836333008949,A_same_width
0,ResDyNet,81,0.0026309210664190023,0.022435210058426976,0.1497838778321184,0.13271386907142566,13.271386907142565,5.962175375025254,A_same_width
0,Plain,81,0.02907868144268742,0.059428004946236436,0.24377859821205888,0.21599655072218593,21.599655072218592,5.965152832999593,A_same_width
0,ResDyNet,82,0.002534370229696912,0.02326739945738394,0.1525365512176801,0.1351528360722486,13.515283607224859,6.033736791025149,A_same_width
0,Plain,82,0.035434635589153475,0.07200804754542636,0.26834315259649605,0.23776162384993646,23.776162384993647,6.03700891599874,A_same_width
0,ResDyNet,83,0.002445975416385957,0.026432674393853235,0.16258128549698836,0.14405282964495822,14.405282964495822,6.104731083003571,A_same_width
0,Plain,83,0.031486822807901695,0.059220950317611376,0.2433535500411107,0.215619942851401,21.5619942851401,6.107977708015824,A_same_width
0,ResDyNet,84,0.003023556261343858,0.028400885807239908,0.1685256235924968,0.1493197256496658,14.93197256496658,6.1766299580049235,A_same_width
0,Plain,84,0.030384451565814426,0.05569438187359908,0.23599657174119942,0.20910139713748851,20.91013971374885,6.179527708009118,A_same_width
0,ResDyNet,85,0.0034227480729893066,0.021253128399345032,0.14578452729746402,0.1291703015599625,12.917030155996251,6.247471958020469,A_same_width
0,Plain,85,0.02079722854598784,0.09148357791453333,0.30246252315705713,0.2679926056011833,26.79926056011833,6.250430166022852,A_same_width
0,ResDyNet,86,0.002719234150330598,0.02347317533194897,0.15320957976559094,0.13574916341990134,13.574916341990134,6.319529750006041,A_same_width
0,Plain,86,0.02938614027291472,0.10737760759593644,0.3276852263925495,0.2903408221333685,29.03408221333685,6.322549500007881,A_same_width
0,ResDyNet,87,0.00302378046666818,0.027632284619914738,0.1662296141483663,0.14728537922223106,14.728537922223106,6.390476833010325,A_same_width
0,Plain,87,0.021243464058980043,0.04081647143578112,0.20203086753212024,0.17900656926572733,17.900656926572733,6.393449666007655,A_same_width
0,ResDyNet,88,0.00308449622313458,0.028703412920555636,0.16942081607805942,0.15011289818627113,15.011289818627112,6.461562791024335,A_same_width
0,Plain,88,0.015377731463592803,0.0562156811476899,0.23709846298044596,0.21007771215732143,21.007771215732145,6.464510999998311,A_same_width
0,ResDyNet,89,0.0035473521442214036,0.02234873301155286,0.14949492637395043,0.13245784775229355,13.245784775229355,6.532695916015655,A_same_width
0,Plain,89,0.021418454732910267,0.059066411035651585,0.24303582253579736,0.21533842492603517,21.533842492603515,6.535733708005864,A_same_width
0,ResDyNet,90,0.00340211796935362,0.02398547626908586,0.1548724516145007,0.13722252730947912,13.722252730947911,6.604091500019422,A_same_width
0,Plain,90,0.019634894737548654,0.05353605459109982,0.23137859579291215,0.2050097053997241,20.50097053997241,6.607002500008093,A_same_width
0,ResDyNet,91,0.004135959901428222,0.024500031594544253,0.15652485935002228,0.138686619620605,13.8686619620605,6.675285791017814,A_same_width
0,Plain,91,0.021929193670092207,0.058202963724753816,0.24125290407527494,0.21375869544807355,21.375869544807355,6.678198500012513,A_same_width
0,ResDyNet,92,0.003057969927275833,0.02344971475886322,0.1531329969629773,0.1356813083196977,13.568130831969771,6.746486165997339,A_same_width
0,Plain,92,0.018883654248481846,0.045092719571454734,0.2123504640245807,0.18815010058293205,18.815010058293204,6.74969525000779,A_same_width
0,ResDyNet,93,0.002736718086096304,0.027749107357152983,0.16658063319951988,0.1475963946470593,14.759639464705929,6.819998125021812,A_same_width
0,Plain,93,0.018575762353372268,0.13272594390423736,0.36431572008937163,0.3227967487314934,32.27967487314934,6.822916333010653,A_same_width
0,ResDyNet,94,0.0031147689341458314,0.02570604598858737,0.16033105123021982,0.14205904166068214,14.205904166068214,6.890361916011898,A_same_width
0,Plain,94,0.03378913202740817,0.14839307381585598,0.3852182158411723,0.34131710702786305,34.13171070278631,6.893255541013787,A_same_width
0,ResDyNet,95,0.002435862907924258,0.032588738402685676,0.18052351204949918,0.15995028363001706,15.995028363001706,6.97721462501795,A_same_width
0,Plain,95,0.041891578751102825,0.057478769481936275,0.23974730338824726,0.21242467942883284,21.242467942883284,6.980212916008895,A_same_width
0,ResDyNet,96,0.0028369165883541914,0.028873186890121288,0.1699211196117813,0.15055618499811851,15.055618499811851,7.048242958000628,A_same_width
0,Plain,96,0.020161285383572963,0.04456639279070109,0.21110753845066996,0.18704882410198528,18.70488241019853,7.051186041004257,A_same_width
0,ResDyNet,97,0.0030987824698733295,0.03024809427753587,0.1739197926560858,0.15409915222891798,15.409915222891799,7.119579541002167,A_same_width
0,Plain,97,0.028391055603409106,0.040030833352122555,0.20007706853141005,0.17727543352184735,17.727543352184735,7.122930958023062,A_same_width
0,ResDyNet,98,0.0031754713688921217,0.031015810537856344,0.1761130618036503,0.1560424670816321,15.604246708163211,7.190639333013678,A_same_width
0,Plain,98,0.016682667208138324,0.037767229510376706,0.19433792607305633,0.17219034818540074,17.219034818540074,7.193581875006203,A_same_width
0,ResDyNet,99,0.0026990415029984676,0.029841790150019445,0.17274776452973117,0.15306069342039794,15.306069342039793,7.262940540997079,A_same_width
0,Plain,99,0.015348326423325311,0.050410334931202304,0.22452245974779964,0.19893492382378716,19.893492382378717,7.265864790999331,A_same_width
0,ResDyNet,100,0.003233454503031582,0.03816051478050754,0.19534716476188627,0.1730845697341399,17.308456973413993,7.333764000009978,A_same_width
0,Plain,100,0.01620537993647657,0.061625579310400164,0.2482449985606964,0.2199539410613119,21.99539410613119,7.336856583016925,A_same_width
1,ResDyNet,0,0.9835986270876619,2.3503132992596294,1.5330731552211165,1.3583576079327837,135.83576079327838,0.0031148330017458647,A_same_width
1,Plain,0,1.0145781402197676,2.4142182827367105,1.553775493028742,1.3767006191369207,137.67006191369205,0.007183875015471131,A_same_width
1,ResDyNet,1,0.8960421422287567,1.6669377293521241,1.2910994265942977,1.1439602361695977,114.39602361695978,0.09582366701215506,A_same_width
1,Plain,1,0.960999588274378,2.121651770294505,1.4565890876614809,1.2905899905157978,129.05899905157978,0.09964945801766589,A_same_width
1,ResDyNet,2,0.36836946757684413,0.46806762411195507,0.684154678498916,0.6061854970043962,60.618549700439615,0.16890450002392754,A_same_width
1,Plain,2,0.9132561375232621,2.0920305585645016,1.446385342349853,1.28154910748536,128.154910748536,0.17308162502013147,A_same_width
1,ResDyNet,3,0.35041411341856393,0.4389729238479436,0.6625503179743737,0.5870432614345599,58.70432614345599,0.2411137500021141,A_same_width
1,Plain,3,0.8770488012011838,2.0761578713637854,1.4408878760555193,1.2766781558678,127.66781558678,0.24499333300627768,A_same_width
1,ResDyNet,4,0.13794213713457482,0.39762411514480633,0.6305744326761166,0.5587114842343982,55.87114842343982,0.3130941670096945,A_same_width
1,Plain,4,0.8593711335738631,1.987816310985051,1.4098993974695682,1.2492212563048972,124.92212563048972,0.31687037501251325,A_same_width
1,ResDyNet,5,0.0953965069680347,0.2685261165150957,0.518195056436373,0.4591393404197872,45.91393404197872,0.3858783330069855,A_same_width
1,Plain,5,0.8007299234917973,1.562342290887405,1.2499369147630632,1.107488779528955,110.7488779528955,0.39014512501307763,A_same_width
1,ResDyNet,6,0.07658651070398521,0.20136430528896898,0.4487363427325326,0.3975964376068888,39.75964376068888,0.45842204202199355,A_same_width
1,Plain,6,0.36899581073070115,0.8492405844547691,0.9215425027934246,0.8165195936278208,81.65195936278208,0.4622503330174368,A_same_width
1,ResDyNet,7,0.061831882873346525,0.2140861200379911,0.4626944132340384,0.4099637869360524,40.99637869360524,0.5304263750149403,A_same_width
1,Plain,7,0.27479048218820173,1.0191303130272371,1.0095198428100545,0.8944706612140523,89.44706612140523,0.533358542015776,A_same_width
1,ResDyNet,8,0.04831095926741059,0.11377801498075799,0.33730996869460883,0.2988686878036203,29.88686878036203,0.6016112920187879,A_same_width
1,Plain,8,0.26056973875375833,0.8639148747901831,0.9294702118896458,0.823543827225321,82.35438272253211,0.6053354169998784,A_same_width
1,ResDyNet,9,0.03396130551793902,0.11516931186347079,0.33936604406373777,0.3006904440653016,30.06904440653016,0.6738902080105618,A_same_width
1,Plain,9,0.25308135436710627,0.8709114962701383,0.9332263906845639,0.8268719358843608,82.68719358843609,0.6768367500044405,A_same_width
1,ResDyNet,10,0.028539250488562554,0.06585219832585602,0.25661683172749217,0.2273716844584434,22.73716844584434,0.7448386250180192,A_same_width
1,Plain,10,0.25038823147423117,0.7251138953222115,0.851536197305911,0.7544915049235245,75.44915049235244,0.7488954170257784,A_same_width
1,ResDyNet,11,0.02556155911273989,0.0631858937069287,0.2513680443233163,0.22272107122540707,22.272107122540707,0.8165929580281954,A_same_width
1,Plain,11,0.2552396326918092,0.715719447408179,0.8460020374728296,0.749588041519198,74.9588041519198,0.8205082500062417,A_same_width
1,ResDyNet,12,0.022715696503654143,0.07436292855133306,0.2726956702100953,0.2416181100156219,24.16181100156219,0.8887227920058649,A_same_width
1,Plain,12,0.2354396366030019,0.7179641064038711,0.8473276263664906,0.7507625606558506,75.07625606558506,0.8925277920207009,A_same_width
1,ResDyNet,13,0.019785574006055913,0.061516850589519625,0.24802590709343172,0.21975981819093315,21.975981819093317,0.9640590000199154,A_same_width
1,Plain,13,0.23367670756687553,0.703898471506893,0.8389865740921562,0.7433720902295564,74.33720902295565,0.9678638330078684,A_same_width
1,ResDyNet,14,0.01653863382017797,0.05580561776571617,0.23623212687040723,0.20931010740076414,20.931010740076413,1.0351842080126517,A_same_width
1,Plain,14,0.23689738320162756,0.6323262511198001,0.7951894435414747,0.7045662672415706,70.45662672415706,1.039314875000855,A_same_width
1,ResDyNet,15,0.014363738781581504,0.04905089860493508,0.22147437460107,0.19623421144448133,19.623421144448134,1.1076678750105202,A_same_width
1,Plain,15,0.22945212133300116,0.7558440808809435,0.8693929381361132,0.7703132155033374,77.03132155033374,1.1115957920264918,A_same_width
1,ResDyNet,16,0.012909521879408845,0.05850694931295111,0.24188209795880125,0.21431618371642006,21.431618371642006,1.179311708023306,A_same_width
1,Plain,16,0.21893251703810673,0.8838651138255222,0.9401410074161866,0.8329985334386597,83.29985334386598,1.182233208004618,A_same_width
1,ResDyNet,17,0.014055237213956757,0.029911690994346898,0.17294996673705057,0.1532398518028389,15.32398518028389,1.2500935000134632,A_same_width
1,Plain,17,0.2040549253983787,0.587276602610229,0.7663397435930287,0.6790044019919651,67.90044019919651,1.2541079170187004,A_same_width
1,ResDyNet,18,0.012833750549080985,0.042154728143459816,0.20531616629836974,0.18191746139000015,18.191746139000013,1.3220886250201147,A_same_width
1,Plain,18,0.20490451125720185,0.7004032065215628,0.8369009538299994,0.7415241561367109,74.15241561367108,1.32527095801197,A_same_width
1,ResDyNet,19,0.013626418419106723,0.04206348712279762,0.20509384954892632,0.18172048080433864,18.172048080433864,1.3928492500272114,A_same_width
1,Plain,19,0.17798713888511705,0.6268289442435769,0.7917252959477655,0.701496908664068,70.1496908664068,1.396168083010707,A_same_width
1,ResDyNet,20,0.008761815751005804,0.03415994575088644,0.18482409407565464,0.16376075300903684,16.376075300903683,1.4638783330156002,A_same_width
1,Plain,20,0.13907228814472355,0.3745365253246026,0.6119938932085863,0.5422484621931736,54.22484621931736,1.4668226250214502,A_same_width
1,ResDyNet,21,0.008978179306791824,0.033236340911953724,0.182308367641076,0.16153172947532643,16.153172947532642,1.5355962500034366,A_same_width
1,Plain,21,0.10723697745804074,0.22826689636153516,0.47777285017206156,0.4233238209701389,42.33238209701389,1.5385328750126064,A_same_width
1,ResDyNet,22,0.01040227388552813,0.03515731286605108,0.1875028342880477,0.1661342125760428,16.61342125760428,1.6074745830264874,A_same_width
1,Plain,22,0.09043670343054233,0.2091975403280095,0.4573811761846015,0.40525606901386885,40.52560690138689,1.6106505000207108,A_same_width
1,ResDyNet,23,0.01193878992587876,0.048623774691771135,0.22050799235349983,0.19537796223439793,19.537796223439795,1.6796990420261864,A_same_width
1,Plain,23,0.07668880307913231,0.25846151360402986,0.5083911029945645,0.450452687274668,45.0452687274668,1.6826550000114366,A_same_width
1,ResDyNet,24,0.008086632109842656,0.05559165554908338,0.235778827609867,0.20890846805489985,20.890846805489986,1.7505877500225324,A_same_width
1,Plain,24,0.07479680283671909,0.17482588604031596,0.41812185549229064,0.3704709077428257,37.04709077428257,1.7535594170039985,A_same_width
1,ResDyNet,25,0.009887041816874586,0.045475807786319024,0.2132505751136888,0.18894763117807076,18.894763117807077,1.8217334170185495,A_same_width
1,Plain,25,0.05661221891935047,0.18952165737156984,0.4353408519442781,0.38572755401040143,38.57275540104014,1.824880000000121,A_same_width
1,ResDyNet,26,0.011018176707428122,0.03026641353153035,0.1739724504958482,0.15414580895695146,15.414580895695146,1.8922080000047572,A_same_width
1,Plain,26,0.0645783122717167,0.14351426953958488,0.37883277252580044,0.3356593760331488,33.565937603314886,1.895159333012998,A_same_width
1,ResDyNet,27,0.0105739575927005,0.033345133796187386,0.18260649987387467,0.16179588528890446,16.179588528890445,1.9635342080146074,A_same_width
1,Plain,27,0.048340916969666414,0.0769650120991583,0.2774256875257919,0.24580907440929664,24.580907440929664,1.9664838330063503,A_same_width
1,ResDyNet,28,0.010257656404179494,0.030215104283601447,0.17382492423010415,0.15401509541287767,15.401509541287767,2.0357406670227647,A_same_width
1,Plain,28,0.05026642703426577,0.07781841080422405,0.27895951463290164,0.24716810004554918,24.71681000455492,2.039051625004504,A_same_width
1,ResDyNet,29,0.0069296590447105975,0.0374566437537721,0.19353718958838917,0.17148086704146923,17.148086704146923,2.1065071250195615,A_same_width
1,Plain,29,0.04034839415472948,0.09318297853930854,0.3052588713523467,0.27047027004437346,27.047027004437346,2.1101051670266315,A_same_width
1,ResDyNet,30,0.006551764914190834,0.04090422744676108,0.20224793558096232,0.17919889931506622,17.91988993150662,2.181318833027035,A_same_width
1,Plain,30,0.035140587929772094,0.12014741155377108,0.34662286646118873,0.3071202480700379,30.71202480700379,2.184259000001475,A_same_width
1,ResDyNet,31,0.006627138658926684,0.04257330393992881,0.20633299285361226,0.18281840605957303,18.281840605957303,2.251801875012461,A_same_width
1,Plain,31,0.04754576166869258,0.19062769621993608,0.4366093176054951,0.3868514599215105,38.68514599215105,2.254707625019364,A_same_width
1,ResDyNet,32,0.006136188856842612,0.037754275524468306,0.19430459470755782,0.17216081540429795,17.216081540429794,2.3225055420189165,A_same_width
1,Plain,32,0.0483111294744684,0.2292372477127512,0.47878726770116936,0.42422263115645725,42.42226311564573,2.325460167019628,A_same_width
1,ResDyNet,33,0.005593334149831269,0.03319150818151252,0.18218536763832743,0.16142274707684123,16.142274707684123,2.3924356670177076,A_same_width
1,Plain,33,0.05914829995103491,0.09630973258630131,0.3103380939979836,0.2749706428410586,27.49706428410586,2.395377583015943,A_same_width
1,ResDyNet,34,0.005878372861418482,0.03571271356749272,0.18897807694939833,0.16744133029953043,16.744133029953044,2.46311270800652,A_same_width
1,Plain,34,0.0359443408537987,0.05074713166803092,0.22527124021505923,0.19959837007937492,19.95983700793749,2.466124958009459,A_same_width
1,ResDyNet,35,0.007249985127818203,0.03478202474977406,0.1864993961110171,0.16524513048806955,16.524513048806956,2.5346451670047827,A_same_width
1,Plain,35,0.03915806318070529,0.06779120134971761,0.26036743527122896,0.2306948532456757,23.06948532456757,2.537610333005432,A_same_width
1,ResDyNet,36,0.006639503689503354,0.03378569147067666,0.18380884491959754,0.16286120597151885,16.286120597151886,2.605144208006095,A_same_width
1,Plain,36,0.036734182323533524,0.1073019702757009,0.3275697945105759,0.2902385453603764,29.02385453603764,2.6085132080188487,A_same_width
1,ResDyNet,37,0.007183442958226872,0.034050955150741864,0.1845290089680803,0.16349929705731256,16.349929705731256,2.6757799170154613,A_same_width
1,Plain,37,0.0408550130075187,0.11146521767981389,0.3338640706632175,0.29581549899057513,29.581549899057514,2.678719625022495,A_same_width
1,ResDyNet,38,0.0055722666195534565,0.04048192213662876,0.20120119814908846,0.17827145253977594,17.827145253977594,2.7465444580011535,A_same_width
1,Plain,38,0.0522534243045403,0.20316300060838552,0.45073606535131566,0.39936826331770264,39.93682633177026,2.7493665830115788,A_same_width
1,ResDyNet,39,0.006970899587310319,0.042827730848984835,0.2069486188622307,0.18336387270583204,18.336387270583206,2.817059250024613,A_same_width
1,Plain,39,0.05616674943880244,0.10326694213743885,0.321351742079359,0.2847291286716143,28.472912867161433,2.8200192500080448,A_same_width
1,ResDyNet,40,0.007051190753218447,0.04467491824219098,0.21136442047371876,0.1872764307554324,18.72764307554324,2.8881598750012927,A_same_width
1,Plain,40,0.0333977256422612,0.09889077987174827,0.3144690443775798,0.2786308125185506,27.86308125185506,2.8912800830148626,A_same_width
1,ResDyNet,41,0.006663593172013947,0.037241188548024926,0.19297976201670713,0.17098696629036214,17.098696629036215,2.9584739170095418,A_same_width
1,Plain,41,0.02762539097947753,0.06687171085688239,0.25859565127217893,0.22912498929852698,22.9124989298527,2.961413667013403,A_same_width
1,ResDyNet,42,0.006388064929769606,0.02829914986777942,0.16822351163787844,0.14905204366031932,14.905204366031931,3.0290500830160454,A_same_width
1,Plain,42,0.03077547837304373,0.04818299983088674,0.21950626376230528,0.19449039490057646,19.449039490057647,3.032993875007378,A_same_width
1,ResDyNet,43,0.00559466578631972,0.028681339699097093,0.1693556603692274,0.1500551678995651,15.005516789956511,3.1013036250078585,A_same_width
1,Plain,43,0.07950476546949745,0.06893616369031358,0.2625569722751875,0.2326348612857672,23.263486128576723,3.1042291250196286,A_same_width
1,ResDyNet,44,0.005559412954899974,0.028894430346345173,0.16998361787638588,0.15061156069426132,15.061156069426133,3.1718596250284463,A_same_width
1,Plain,44,0.07750167740397246,0.21343560753677893,0.46199091715831264,0.4093404642698388,40.934046426983876,3.1749379170069005,A_same_width
1,ResDyNet,45,0.005427466617489678,0.02965590671365068,0.17220890428096533,0.15258324398099524,15.258324398099523,3.2423641250061337,A_same_width
1,Plain,45,0.049076836772875325,0.20942164797808632,0.4576261006302922,0.4054730808264099,40.547308082640996,3.2452846670057625,A_same_width
1,ResDyNet,46,0.004890867906849158,0.03355021230164713,0.18316717037080396,0.16229265938768353,16.229265938768354,3.3128208330017515,A_same_width
1,Plain,46,0.053086992917038646,0.10590293880647496,0.32542731724069346,0.28834023392660263,28.834023392660264,3.315719000005629,A_same_width
1,ResDyNet,47,0.004265300058014834,0.03133174667648134,0.17700775880305739,0.1568352005997948,15.68352005997948,3.3833927920204587,A_same_width
1,Plain,47,0.032333704827073484,0.10548562275196402,0.3247855026813297,0.28777156328839815,28.777156328839816,3.3863520000013523,A_same_width
1,ResDyNet,48,0.00424012292798171,0.027782812722999213,0.16668177081792482,0.1476860061916491,14.768600619164909,3.4535591670137364,A_same_width
1,Plain,48,0.04259279985908643,0.11499450661286373,0.3391083995020821,0.3004621617753955,30.04621617753955,3.4573131250217557,A_same_width
1,ResDyNet,49,0.004157112074730303,0.03501506172688447,0.18712311916725968,0.165797771407914,16.5797771407914,3.5247349580167793,A_same_width
1,Plain,49,0.03633422712643573,0.06410647783738019,0.2531925706599232,0.22433766676865516,22.433766676865517,3.5276888750086073,A_same_width
1,ResDyNet,50,0.003830479322454676,0.03089858164747225,0.17577992390336347,0.1557472949955485,15.574729499554852,3.5953642500098795,A_same_width
1,Plain,50,0.028948622712076114,0.1649929687337411,0.406193265249119,0.3599017504566635,35.99017504566635,3.5987195830093697,A_same_width
1,ResDyNet,51,0.0039698715330158865,0.03370495520918453,0.18358909338297996,0.16266649825610238,16.266649825610237,3.6714525000134017,A_same_width
1,Plain,51,0.054692739054626766,0.09842219557539222,0.3137231192873618,0.2779698962290736,27.796989622907358,3.674629958026344,A_same_width
1,ResDyNet,52,0.00415600638268202,0.04328506544002555,0.20805063191450668,0.18434029565636265,18.434029565636266,3.7424862080079038,A_same_width
1,Plain,52,0.03808441680581197,0.07714478448953725,0.2777494995306693,0.2460959834187377,24.60959834187377,3.7454232920135837,A_same_width
1,ResDyNet,53,0.004578973985559637,0.033050976212957626,0.18179927451163722,0.16108065476753158,16.108065476753158,3.8130896250077058,A_same_width
1,Plain,53,0.03648110715467456,0.13370894231588515,0.3656623337395925,0.32398989655388793,32.398989655388796,3.815994667005725,A_same_width
1,ResDyNet,54,0.004034359252051191,0.03184250502058311,0.17844468336317312,0.15810836711609008,15.810836711609008,3.8835920830024406,A_same_width
1,Plain,54,0.040199824850244086,0.15355489742271577,0.3918608138391944,0.3472026862621763,34.72026862621763,3.886593000002904,A_same_width
1,ResDyNet,55,0.004466000020183436,0.037397305713673445,0.19338383002121312,0.17134498498384307,17.134498498384307,3.953775708010653,A_same_width
1,Plain,55,0.043885782027345624,0.10875469895401411,0.329779773415554,0.2921966656553697,29.219666565536972,3.9569070000143256,A_same_width
1,ResDyNet,56,0.004604202289162588,0.03745370608535209,0.19352960002374853,0.17147414241594472,17.147414241594472,4.024321042001247,A_same_width
1,Plain,56,0.03471722140940911,0.16876172790532215,0.4108061926326356,0.3639889689856042,36.398896898560416,4.027201832999708,A_same_width
1,ResDyNet,57,0.004259293866808784,0.04269554616978728,0.20662900611914892,0.1830806843924245,18.30806843924245,4.094528000015998,A_same_width
1,Plain,57,0.05411370691560742,0.07872747704944986,0.28058417106004013,0.24860760370560914,24.860760370560914,4.097482958022738,A_same_width
1,ResDyNet,58,0.0043404219920327135,0.025592083666643884,0.1599752595454806,0.14174379751192198,14.174379751192198,4.164878167008283,A_same_width
1,Plain,58,0.03626556752153341,0.07966106765076361,0.2822429231190104,0.2500773173140582,25.00773173140582,4.1688084170164075,A_same_width
1,ResDyNet,59,0.0041018029391131,0.02927177188671497,0.17108995261766535,0.15159181281570727,15.159181281570728,4.236067083023954,A_same_width
1,Plain,59,0.04537999307985951,0.051015926104510195,0.22586705404841625,0.20012628243026032,20.012628243026032,4.239111250004498,A_same_width
1,ResDyNet,60,0.004328408226470498,0.03745553058572121,0.1935343137165118,0.17147831891620152,17.147831891620154,4.306606708007166,A_same_width
1,Plain,60,0.05182432572935944,0.0439353411702114,0.2096075885320267,0.18571981486549302,18.5719814865493,4.310111708007753,A_same_width
1,ResDyNet,61,0.004227313875966251,0.03738822876676112,0.19336035986406605,0.17132418958578163,17.132418958578164,4.379487417027121,A_same_width
1,Plain,61,0.026319350938045067,0.0614581090152952,0.24790746058821062,0.2196548703540004,21.965487035400038,4.382446875009919,A_same_width
1,ResDyNet,62,0.003833320815669381,0.034686749249484526,0.18624378982796858,0.16501865418585793,16.501865418585794,4.450384417024907,A_same_width
1,Plain,62,0.023035507944737438,0.06503286976984105,0.25501543045439634,0.22595278569601013,22.595278569601014,4.453325875016162,A_same_width
1,ResDyNet,63,0.004550564596780461,0.0307166844603076,0.17526175983456174,0.15528818311128054,15.528818311128054,4.521526208001887,A_same_width
1,Plain,63,0.024405217851407635,0.06147959449311831,0.2479507904668148,0.21969326217506407,21.969326217506406,4.524683042021934,A_same_width
1,ResDyNet,64,0.0036848857142404157,0.03133217101058168,0.17700895743035627,0.15683626262642086,15.683626262642086,4.592150917014806,A_same_width
1,Plain,64,0.02640210198020039,0.08929517722404498,0.2988229864385352,0.26476784599064673,26.476784599064672,4.595106708002277,A_same_width
1,ResDyNet,65,0.0034995486898738476,0.03189626175744325,0.17859524561825058,0.15824177065522027,15.824177065522028,4.663139625015901,A_same_width
1,Plain,65,0.023835785273541084,0.0717441852361406,0.2678510504667484,0.2373256037751304,23.73256037751304,4.6660781250102445,A_same_width
1,ResDyNet,66,0.004116220408991464,0.030112191088666435,0.17352864630563578,0.1537525825827537,15.37525825827537,4.734266583021963,A_same_width
1,Plain,66,0.021528934162073826,0.043770813882865876,0.20921475541382326,0.18537175068281372,18.53717506828137,4.737243792013032,A_same_width
1,ResDyNet,67,0.004637018255993076,0.02854149769011559,0.16894229100528851,0.1496889078691938,14.968890786919381,4.806120917026419,A_same_width
1,Plain,67,0.02204295769147211,0.05449918451478221,0.23345060401460138,0.2068455787382178,20.68455787382178,4.809084875014378,A_same_width
1,ResDyNet,68,0.0048645060791004235,0.02807866460692014,0.16756689591598972,0.14847025866312058,14.847025866312059,4.876348792022327,A_same_width
1,Plain,68,0.021580938883829434,0.05680872633039313,0.23834581248763978,0.21118290840126946,21.118290840126946,4.879285708011594,A_same_width
1,ResDyNet,69,0.0037906357166500025,0.04038926296253087,0.20097080126856953,0.17806731266919573,17.806731266919574,4.94693441700656,A_same_width
1,Plain,69,0.01784415168646346,0.06242930947914605,0.24985857895847013,0.2213836309634947,22.13836309634947,4.949938917008694,A_same_width
1,ResDyNet,70,0.0039857758059252705,0.03135805313893745,0.17708205199550137,0.15690102702355693,15.690102702355693,5.0175323330040555,A_same_width
1,Plain,70,0.02360180169477812,0.04149666185077353,0.20370729454482855,0.18049194351489548,18.049194351489547,5.020487125002546,A_same_width
1,ResDyNet,71,0.003707731715471579,0.02949913576518972,0.17175312446994878,0.15217940677875344,15.217940677875344,5.089656667027157,A_same_width
1,Plain,71,0.03074692808487756,0.031596270112428985,0.17775339690827005,0.15749586261030019,15.749586261030018,5.0925917500280775,A_same_width
1,ResDyNet,72,0.004184183962365981,0.029951845061632783,0.17306601359490772,0.15334267346644323,15.334267346644323,5.16118154200376,A_same_width
1,Plain,72,0.04144603192620975,0.08414136274605744,0.2900713063128744,0.2570135446121382,25.70135446121382,5.164140958018834,A_same_width
1,ResDyNet,73,0.0038047281427652,0.03603569410836858,0.18983069854048523,0.16819678350213615,16.819678350213614,5.247678375017131,A_same_width
1,Plain,73,0.03848137769213772,0.14352407535304684,0.3788457144446098,0.3356708430357612,33.567084303576124,5.250597250007559,A_same_width
1,ResDyNet,74,0.0038046179065468477,0.03311329778910459,0.18197059594644566,0.16123245168184155,16.123245168184155,5.32280150000588,A_same_width
1,Plain,74,0.04018835684420578,0.055431421596041586,0.23543878524160286,0.208607178363421,20.8607178363421,5.3257461250177585,A_same_width
1,ResDyNet,75,0.0036924521979363307,0.030032986445688033,0.17330027826200406,0.15355024033416667,15.355024033416667,5.3929267920029815,A_same_width
1,Plain,75,0.025802522778516423,0.10250335581068504,0.3201614527245356,0.28367448976201015,28.367448976201015,5.3958709580183495,A_same_width
1,ResDyNet,76,0.004308015907590652,0.031624970524537346,0.1778341095643278,0.15756737690825728,15.756737690825728,5.463445500005037,A_same_width
1,Plain,76,0.044719684061596245,0.1119877298053374,0.33464567800187917,0.2965080310274655,29.650803102746547,5.466400208009873,A_same_width
1,ResDyNet,77,0.0034057463857362184,0.02865585975569755,0.1692804175198583,0.1499885000458264,14.99885000458264,5.534079750010278,A_same_width
1,Plain,77,0.03702199989422329,0.07178773793573756,0.2679323383538045,0.2373976277483109,23.739762774831092,5.5370519580028486,A_same_width
1,ResDyNet,78,0.0033309850047969847,0.031380772312942,0.17714618910081584,0.15695785479114127,15.695785479114127,5.604360875004204,A_same_width
1,Plain,78,0.030563800014879988,0.13333400615784427,0.36514929297185317,0.32353532409746927,32.353532409746926,5.607470750022912,A_same_width
1,ResDyNet,79,0.003316748029305733,0.03330903856248026,0.1825076397373005,0.16170829167461445,16.170829167461445,5.674897458025953,A_same_width
1,Plain,79,0.05104307063261776,0.04655297544060875,0.21576138542521633,0.19117229885105444,19.117229885105445,5.677845292026177,A_same_width
1,ResDyNet,80,0.0037388894174202616,0.03893740472306816,0.19732563118629107,0.17483756169703304,17.483756169703305,5.74570662502083,A_same_width
1,Plain,80,0.030709023823876573,0.04972111631950617,0.22298232288570807,0.19757030751910856,19.757030751910857,5.748608500027331,A_same_width
1,ResDyNet,81,0.004828665436217751,0.03143705846316536,0.17730498713562842,0.15709855552546553,15.709855552546554,5.816031917027431,A_same_width
1,Plain,81,0.02428197788294398,0.14349432386848907,0.3788064464452645,0.3356360501848935,33.56360501848935,5.818974958005128,A_same_width
1,ResDyNet,82,0.004429168319373591,0.031040310269391618,0.17618260490011953,0.15610408475059098,15.610408475059097,5.885926708026091,A_same_width
1,Plain,82,0.04437084258074114,0.12144001272224018,0.3484824424877675,0.30876789889128553,30.876789889128553,5.888976958027342,A_same_width
1,ResDyNet,83,0.0038042110815990167,0.035896203387567584,0.18946293407304654,0.1678709310399941,16.78709310399941,5.955878458014922,A_same_width
1,Plain,83,0.04166711054200918,0.06094340722628114,0.2468671853979,0.21873314935569724,21.873314935569724,5.958834250021027,A_same_width
1,ResDyNet,84,0.003476873310688847,0.02794148375988075,0.16715706314685225,0.14810713218214205,14.810713218214206,6.025538083020365,A_same_width
1,Plain,84,0.01939495464822103,0.08623345145991611,0.2936553276545755,0.2601891156146785,26.01891156146785,6.028469250013586,A_same_width
1,ResDyNet,85,0.003164111152104836,0.027977645739558483,0.16726519584049304,0.14820294161339653,14.820294161339653,6.095723333011847,A_same_width
1,Plain,85,0.021656059028434232,0.07404964609484821,0.2721206462120216,0.24110861820183127,24.11086182018313,6.0986424580041785,A_same_width
1,ResDyNet,86,0.0027576960600090676,0.031203709779932497,0.17664571826096578,0.15651441974008476,15.651441974008476,6.166741583001567,A_same_width
1,Plain,86,0.030164860718799934,0.10029909817693293,0.31670032866565345,0.28060781014442615,28.060781014442615,6.170678667025641,A_same_width
1,ResDyNet,87,0.002775902324747641,0.031024566829006128,0.17613791990654973,0.15606449224923563,15.606449224923564,6.247883875010302,A_same_width
1,Plain,87,0.021791681964751758,0.0623614223677243,0.24972269093481334,0.2212632293178638,22.12632293178638,6.250824917020509,A_same_width
1,ResDyNet,88,0.0028654748391814216,0.025413675353962425,0.15941667213300628,0.14124886910041995,14.124886910041996,6.3208109580155,A_same_width
1,Plain,88,0.022123682557901137,0.03864079160911052,0.19657261154370037,0.17417035938059278,17.41703593805928,6.325746875023469,A_same_width
1,ResDyNet,89,0.0031565393270618063,0.03518593415031448,0.18757914103203074,0.16620182307843334,16.620182307843333,6.394459667004412,A_same_width
1,Plain,89,0.019232732866356347,0.06786868848048778,0.2605161961961056,0.230826660741868,23.0826660741868,6.39738620800199,A_same_width
1,ResDyNet,90,0.003847722871937322,0.030774734711114072,0.17542729180807093,0.1554348503559626,15.54348503559626,6.464962958008982,A_same_width
1,Plain,90,0.017717088111843537,0.05644681609543749,0.23758538695685283,0.21050914420319908,21.05091442031991,6.468105125008151,A_same_width
1,ResDyNet,91,0.002908605311011247,0.028607567882278237,0.16913771868592242,0.1498620637788682,14.986206377886822,6.536934292002115,A_same_width
1,Plain,91,0.028408524704096116,0.06817708752503322,0.26110742525832775,0.23135051082166708,23.135051082166708,6.540048458002275,A_same_width
1,ResDyNet,92,0.0026499940793691746,0.03146530931852041,0.1773846366473726,0.1571691278395638,15.71691278395638,6.607198917015921,A_same_width
1,Plain,92,0.01727506736093225,0.030833503909855193,0.17559471492574938,0.1555831932219686,15.558319322196859,6.610147375002271,A_same_width
1,ResDyNet,93,0.0034072012293324626,0.037480979954717525,0.19360005153593715,0.171536564973698,17.153656497369802,6.679418667015852,A_same_width
1,Plain,93,0.02048203272482331,0.10584565124775622,0.32533928635772874,0.28826223541805074,28.826223541805074,6.682397792028496,A_same_width
1,ResDyNet,94,0.0033266626903048465,0.03543767951995976,0.18824898278598948,0.16679532681274772,16.67953268127477,6.750961875019129,A_same_width
1,Plain,94,0.039853599030173464,0.05862830598073257,0.24213282714397188,0.21453833873560318,21.453833873560317,6.753880375006702,A_same_width
1,ResDyNet,95,0.00433928234912631,0.030139960992576233,0.1736086431966342,0.1538234626872866,15.38234626872866,6.822644208004931,A_same_width
1,Plain,95,0.04111731203037718,0.031727643069984095,0.17812255070592295,0.15782294606866704,15.782294606866703,6.825594792026095,A_same_width
1,ResDyNet,96,0.003476741918853859,0.026117040568388636,0.16160767484370486,0.14319017580906787,14.319017580906786,6.892795542022213,A_same_width
1,Plain,96,0.026216322350266785,0.03431253330006491,0.1852364254137531,0.16412609331141423,16.41260933114142,6.895739000028698,A_same_width
1,ResDyNet,97,0.003100196479161398,0.0327203989770626,0.18088780770704974,0.16027306260262214,16.027306260262215,6.963169417023892,A_same_width
1,Plain,97,0.03091447712852049,0.0408676941649548,0.20215759734661173,0.17911885641072114,17.911885641072114,6.966121833014768,A_same_width
1,ResDyNet,98,0.002829622617136399,0.027349125203629,0.16537570923091757,0.1465287889466024,14.65287889466024,7.033826375001809,A_same_width
1,Plain,98,0.02348543373034593,0.07552617241317398,0.27482025473602556,0.24350056783876303,24.350056783876305,7.036870208015898,A_same_width
1,ResDyNet,99,0.0023975112484725942,0.03051466359791551,0.17468446867971837,0.15477668251556323,15.477668251556324,7.10448516701581,A_same_width
1,Plain,99,0.01869979128461435,0.06476927336952688,0.2544980812688514,0.22549439582743175,22.549439582743176,7.107590333005646,A_same_width
1,ResDyNet,100,0.0025523269545609517,0.029356696241122467,0.17133795913667954,0.15181155545536706,15.181155545536706,7.174874542019097,A_same_width
1,Plain,100,0.01668966886622625,0.03429309259526949,0.18518394259565135,0.1640795916588274,16.40795916588274,7.1778126250137575,A_same_width
2,ResDyNet,0,0.8974983793981895,1.8423523857863864,1.3573328205662702,1.2026453904263508,120.26453904263508,0.003249750006943941,A_same_width
2,Plain,0,1.0127332127871624,2.0894760685259826,1.4455020126329754,1.280766445785788,128.0766445785788,0.007195750018581748,A_same_width
2,ResDyNet,1,0.6672266593304118,0.47682279869269717,0.6905235685280389,0.6118285611958754,61.182856119587534,0.0755154580110684,A_same_width
2,Plain,1,0.9759595881399243,2.2289402779301724,1.4929635889499022,1.3228190986908488,132.28190986908487,0.07935662500676699,A_same_width
2,ResDyNet,2,0.17652325492151177,0.26861528549150904,0.518281087337276,0.45921556687275256,45.921556687275256,0.14766862499527633,A_same_width
2,Plain,2,0.9243153515830571,2.1797004997308242,1.4763808789505588,1.3081262249613481,130.81262249613482,0.16211262499564327,A_same_width
2,ResDyNet,3,0.07528132637091611,0.3021434790453652,0.5496757944874098,0.48703239946222887,48.70323994622289,0.23816075001377612,A_same_width
2,Plain,3,0.8909179124818659,2.0210005459106863,1.421618987602053,1.2596052320232762,125.96052320232762,0.24108979100128636,A_same_width
2,ResDyNet,4,0.06011798910324634,0.14601976648301138,0.38212532824063283,0.3385766980732312,33.85766980732312,0.3096358749899082,A_same_width
2,Plain,4,0.8618220679488967,2.0331433017569207,1.4258833408652059,1.2633836014234507,126.33836014234507,0.31337120800162666,A_same_width
2,ResDyNet,5,0.0451714734753557,0.13713574528721792,0.3703184376819738,0.3281153710571234,32.81153710571234,0.3802327500015963,A_same_width
2,Plain,5,0.8113303620976298,1.520894705596641,1.2332455982474215,1.0926996765443906,109.26996765443906,0.38636591599788517,A_same_width
2,ResDyNet,6,0.030650547011697782,0.09835853566040247,0.3136216441197936,0.277879985603861,27.7879985603861,0.4543162079935428,A_same_width
2,Plain,6,0.3497010926845963,0.7313128838412186,0.8551683365520607,0.7577097101091519,75.77097101091519,0.4582799579948187,A_same_width
2,ResDyNet,7,0.026415341081387513,0.09717638206732011,0.3117312657840405,0.27620504283580294,27.620504283580296,0.5263674579910003,A_same_width
2,Plain,7,0.3041569536618944,0.867190668578891,0.931230727896632,0.8251037073287805,82.51037073287804,0.5301127500133589,A_same_width
2,ResDyNet,8,0.024155511556868996,0.06201330525244097,0.24902470811636537,0.22064479159464348,22.064479159464348,0.5974853330117185,A_same_width
2,Plain,8,0.26715791397949856,0.5631864401074488,0.7504574872086018,0.6649321551996628,66.49321551996627,0.6012518329953309,A_same_width
2,ResDyNet,9,0.02366888560476627,0.09501484150336334,0.3082447753058652,0.27311588766412326,27.311588766412324,0.6698311660147738,A_same_width
2,Plain,9,0.2519141098610546,0.5770883988746327,0.7596633457490447,0.673088874886115,67.3088874886115,0.6731008329952601,A_same_width
2,ResDyNet,10,0.019447487232748827,0.06297639602375428,0.25095098330900056,0.22235154026086143,22.235154026086143,0.740469041018514,A_same_width
2,Plain,10,0.2415757088471756,0.5607613486758131,0.7488400020537185,0.6634990055431238,66.34990055431238,0.7433782500156667,A_same_width
2,ResDyNet,11,0.018387631183255596,0.08130279624470316,0.28513645197466975,0.25264108729559637,25.264108729559638,0.811981666018255,A_same_width
2,Plain,11,0.23261484917999425,0.5750476033893663,0.7583189325009407,0.6718976766986389,67.18976766986388,0.8148977910168469,A_same_width
2,ResDyNet,12,0.01746823889283182,0.04827648906044637,0.21971911400796784,0.19467898782555296,19.467898782555295,0.882111957995221,A_same_width
2,Plain,12,0.2233543785831279,0.846186992320257,0.9198842276722963,0.8150503026033454,81.50503026033455,0.8862402079976164,A_same_width
2,ResDyNet,13,0.01445456730911639,0.06379261545919902,0.25257200054479323,0.2237878194673234,22.37878194673234,0.953868832992157,A_same_width
2,Plain,13,0.21859633554838387,0.7760489264381352,0.8809363918230051,0.7805411280357617,78.05411280357617,0.9568140830087941,A_same_width
2,ResDyNet,14,0.01308227443764078,0.04575329640566037,0.21390020197667037,0.18952322379649428,18.952322379649427,1.0241011250182055,A_same_width
2,Plain,14,0.19933429073306994,0.5975052654215676,0.7729846475975881,0.6848920244304876,68.48920244304875,1.0279675000056159,A_same_width
2,ResDyNet,15,0.012478643964848699,0.043801915686076956,0.20928907206559294,0.18543759789237685,18.543759789237686,1.0962737910158467,A_same_width
2,Plain,15,0.192591676890652,0.6916257869815735,0.8316404192808172,0.7368631345133531,73.68631345133531,1.1002675000054296,A_same_width
2,ResDyNet,16,0.011777366313499224,0.07172233013265387,0.26781025023821226,0.23728945331443732,23.728945331443732,1.168887125008041,A_same_width
2,Plain,16,0.17658309156952584,0.6401996942447221,0.800124799168681,0.708939168718084,70.8939168718084,1.1718841660185717,A_same_width
2,ResDyNet,17,0.012106082865900487,0.06018597484139638,0.2453283001233172,0.21736964200228343,21.736964200228343,1.2392993750108872,A_same_width
2,Plain,17,0.16456536434530292,0.4280778773578339,0.6542766061520418,0.579712457055504,57.9712457055504,1.242241666011978,A_same_width
2,ResDyNet,18,0.012815333893923206,0.03904082588718126,0.19758751450226114,0.17506959967475583,17.506959967475584,1.3130909579922445,A_same_width
2,Plain,18,0.13059687492009486,0.3223082765436962,0.567722006393707,0.5030219881872042,50.30219881872042,1.3178724159952253,A_same_width
2,ResDyNet,19,0.011294443003420298,0.05085752751933972,0.22551613582921226,0.19981535634614322,19.98153563461432,1.38617849998991,A_same_width
2,Plain,19,0.10756447256237787,0.332012995625022,0.5762056886434063,0.5105388338693017,51.05388338693017,1.3891949160024524,A_same_width
2,ResDyNet,20,0.01126811510271651,0.03512097544955769,0.18740591092480965,0.16604833501214936,16.604833501214937,1.457618457992794,A_same_width
2,Plain,20,0.09336799640681248,0.2630180862873815,0.512852889518409,0.4544059896001281,45.440598960012814,1.4612955409975257,A_same_width
2,ResDyNet,21,0.009340287498178028,0.041161018975088844,0.2028817857154477,0.179760513188178,17.976051318817802,1.5299118330003694,A_same_width
2,Plain,21,0.07881090347740415,0.16536399579762337,0.40664972125605026,0.36030618679265314,36.03061867926532,1.5328891660028603,A_same_width
2,ResDyNet,22,0.008907074202964169,0.06345772861426874,0.2519081749651423,0.22319964627846525,22.319964627846524,1.601276333007263,A_same_width
2,Plain,22,0.10467244140669493,0.35855591486415683,0.5987953864753441,0.5305541135096851,53.055411350968505,1.6044235409935936,A_same_width
2,ResDyNet,23,0.008273277906729031,0.04956288138583364,0.2226272251676188,0.19725567824960277,19.725567824960276,1.671664541005157,A_same_width
2,Plain,23,0.08562545729304605,0.29855260969861347,0.5463996794459286,0.48412964444632933,48.412964444632934,1.6746238750056364,A_same_width
2,ResDyNet,24,0.00695804389754151,0.04410890372871121,0.21002119828415228,0.18608628788838927,18.608628788838928,1.7424719159898814,A_same_width
2,Plain,24,0.07005186790615191,0.17358024777000483,0.4166296290111936,0.3691487417480369,36.91487417480369,1.7453460000106134,A_same_width
2,ResDyNet,25,0.007144599561601426,0.035586259055844637,0.18864320569754067,0.16714462240200467,16.71446224020047,1.8129877079918515,A_same_width
2,Plain,25,0.05752984912433806,0.1537056448431107,0.39205311482388544,0.34737307180749644,34.737307180749646,1.8159553750010673,A_same_width
2,ResDyNet,26,0.007826442215611051,0.052172807375586536,0.22841367598194845,0.2023826804802562,20.23826804802562,1.884428499994101,A_same_width
2,Plain,26,0.04539900316608742,0.11325407838611044,0.33653243288888285,0.2981797632904286,29.81797632904286,1.8875814579951111,A_same_width
2,ResDyNet,27,0.0069020151331955736,0.037178966341519674,0.19281848029045265,0.1708440649166526,17.08440649166526,1.9560181249980815,A_same_width
2,Plain,27,0.04614030221347063,0.08718068121306165,0.2952637485589141,0.2616142340212762,26.16142340212762,1.959062083013123,A_same_width
2,ResDyNet,28,0.006073092276134213,0.03809959448985611,0.1951911742109671,0.17294635653088533,17.294635653088534,2.0275440409895964,A_same_width
2,Plain,28,0.04071115900478252,0.07508277570888207,0.27401236415330255,0.24278474790826482,24.278474790826483,2.030522415996529,A_same_width
2,ResDyNet,29,0.005963124081027317,0.03757529492389334,0.19384348047817687,0.17175225171673192,17.17522517167319,2.1001374580082484,A_same_width
2,Plain,29,0.03876562469318307,0.06574801364848656,0.2564137547958115,0.2271917510389555,22.71917510389555,2.103790332999779,A_same_width
2,ResDyNet,30,0.00623957148059304,0.029678385637216566,0.17227415835585025,0.15264106142353975,15.264106142353976,2.172331625013612,A_same_width
2,Plain,30,0.04332984428106472,0.06464354846548631,0.25425095568254275,0.22527543372563383,22.527543372563382,2.1760649580101017,A_same_width
2,ResDyNet,31,0.006509756425586187,0.040119219298145166,0.20029782649381186,0.17747103296647854,17.747103296647854,2.2435852909984533,A_same_width
2,Plain,31,0.05821468163975709,0.08402532931896936,0.28987122885683114,0.256836268835267,25.6836268835267,2.2468777500034776,A_same_width
2,ResDyNet,32,0.00620126239839748,0.04292727590680359,0.2071889859688579,0.18357684655308248,18.357684655308248,2.3140336660144385,A_same_width
2,Plain,32,0.04308285693103052,0.0608008824719044,0.24657834956034644,0.2184772304805618,21.84772304805618,2.316970624990063,A_same_width
2,ResDyNet,33,0.004987168395746669,0.045879927644110544,0.21419600286679147,0.1897853139571372,18.97853139571372,2.384985582990339,A_same_width
2,Plain,33,0.03249295681531722,0.08800339128595316,0.2966536554400656,0.26284574119358595,26.284574119358595,2.3886254579992965,A_same_width
2,ResDyNet,34,0.0048040600826910465,0.0384752012381312,0.19615096542747681,0.1737967658518841,17.37967658518841,2.4613785830151755,A_same_width
2,Plain,34,0.03297097964154983,0.10486227955745812,0.323824457935867,0.2869200432959456,28.69200432959456,2.4644268749980256,A_same_width
2,ResDyNet,35,0.004592384442135498,0.040489845929087664,0.20122088840149688,0.1782888988071442,17.82888988071442,2.532226500014076,A_same_width
2,Plain,35,0.03163205533719192,0.06099171033125069,0.24696499819053447,0.21881981498582434,21.881981498582434,2.5352980000025127,A_same_width
2,ResDyNet,36,0.004865399426722165,0.04564820113966195,0.2136543964903647,0.18930543135047967,18.930543135047966,2.6025933749915566,A_same_width
2,Plain,36,0.030647793100014788,0.07887444027327452,0.2808459369000636,0.2488395375954446,24.88395375954446,2.6055174999928568,A_same_width
2,ResDyNet,37,0.00484361690259629,0.0342987926483601,0.18519933220279197,0.16409322740078228,16.409322740078228,2.672658458002843,A_same_width
2,Plain,37,0.03000123974303734,0.07930446208984722,0.28161047936795114,0.24951694954692644,24.951694954692645,2.675622000009753,A_same_width
2,ResDyNet,38,0.004001499205930212,0.03597563192081327,0.18967243321266605,0.1680565547652471,16.805655476524713,2.74287354099215,A_same_width
2,Plain,38,0.02623353464814709,0.05960200617579566,0.2441352210882233,0.2163125313362558,21.63125313362558,2.7457688330032397,A_same_width
2,ResDyNet,39,0.004253117791847912,0.0426249323411727,0.20645806436458883,0.18292922388838445,18.292922388838445,2.8142889580049086,A_same_width
2,Plain,39,0.029960166728751663,0.05439736642705887,0.23323243005006586,0.20665226880804885,20.665226880804884,2.817206083011115,A_same_width
2,ResDyNet,40,0.004826420044481679,0.038785796723303505,0.19694109962956818,0.17449685299452533,17.449685299452533,2.8854313750052825,A_same_width
2,Plain,40,0.031656405169467154,0.052629848432702346,0.2294119622702843,0.20326719781071614,20.326719781071613,2.888371915993048,A_same_width
2,ResDyNet,41,0.004561654042233771,0.03492331855520597,0.18687781718332963,0.16558042508299947,16.55804250829995,2.956819999992149,A_same_width
2,Plain,41,0.048293926051386465,0.11589636103819585,0.3404355460850054,0.3016380610804067,30.16380610804067,2.959749625006225,A_same_width
2,ResDyNet,42,0.004331725399314998,0.03817421588168639,0.1953822302096237,0.17311563897408289,17.311563897408288,3.027151624992257,A_same_width
2,Plain,42,0.0483048299387211,0.04328574003472197,0.208052253135413,0.1843417321160285,18.43417321160285,3.030097458016826,A_same_width
2,ResDyNet,43,0.004125474148159133,0.03316463121545052,0.18211159000857283,0.16135737746004825,16.135737746004825,3.113810208014911,A_same_width
2,Plain,43,0.029704346302872883,0.05455379821262804,0.23356754528964,0.2069491928874116,20.694919288741158,3.116756500006886,A_same_width
2,ResDyNet,44,0.004071499254604327,0.035619802852638764,0.18873209279992303,0.16722337955156208,16.722337955156206,3.18448308299412,A_same_width
2,Plain,44,0.028538441130380777,0.06313436004231125,0.25126551701797695,0.22263022836852564,22.263022836852564,3.187594082992291,A_same_width
2,ResDyNet,45,0.0041049929301530666,0.034652788370220636,0.18615259431504208,0.16493785170205527,16.493785170205527,3.254928500013193,A_same_width
2,Plain,45,0.026370839622041394,0.04621304040026727,0.2149721851781464,0.190473039225942,19.0473039225942,3.257843291008612,A_same_width
2,ResDyNet,46,0.0035831969907875855,0.03134246706627366,0.17703803847273517,0.1568620294693321,15.686202946933209,3.325153333018534,A_same_width
2,Plain,46,0.0219815136101807,0.11176771514943093,0.33431678861437836,0.29621662327555315,29.621662327555313,3.328032457997324,A_same_width
2,ResDyNet,47,0.0036528851943370927,0.03423978584151147,0.18503995741869234,0.16395201564597653,16.395201564597652,3.3957582080038264,A_same_width
2,Plain,47,0.07079823955717068,0.1570511020815812,0.39629673488634903,0.35113307085085077,35.113307085085076,3.398715874995105,A_same_width
2,ResDyNet,48,0.0036357309153701328,0.02833376612530427,0.16832636788484528,0.1491431779712392,14.91431779712392,3.4673657910025213,A_same_width
2,Plain,48,0.0976464420057423,0.04375060997205778,0.2091664647405453,0.18532896342036906,18.532896342036906,3.4722612909972668,A_same_width
2,ResDyNet,49,0.0033336346259695815,0.026104304320322957,0.1615682652018117,0.14315525745784033,14.315525745784033,3.5430506659904495,A_same_width
2,Plain,49,0.07771500245126024,0.0992316451726435,0.3150105477164908,0.2791106038302866,27.91106038302866,3.546986083005322,A_same_width
2,ResDyNet,50,0.004173528375994821,0.025284206182410705,0.15901008201498013,0.1408886157242192,14.088861572421921,3.614267208002275,A_same_width
2,Plain,50,0.06575542248335883,0.10170026295699176,0.31890478666365574,0.2825610387185204,28.25610387185204,3.6182630000112113,A_same_width
2,ResDyNet,51,0.004223922651875964,0.02834094986458294,0.168347705254877,0.14916208364369007,14.916208364369007,3.685625665995758,A_same_width
2,Plain,51,0.08101060327135488,0.07184261607464291,0.26803472923231964,0.2374883497261502,23.748834972615022,3.688777666015085,A_same_width
2,ResDyNet,52,0.003591614465000291,0.029146813107968825,0.17072437760310866,0.15126790028707024,15.126790028707024,3.7557082080165856,A_same_width
2,Plain,52,0.07502498770368148,0.12149595488673089,0.3485626986450657,0.3088390087150263,30.88390087150263,3.758630500000436,A_same_width
2,ResDyNet,53,0.003720935795266787,0.02394116549239334,0.1547293297742653,0.13709571624382122,13.709571624382122,3.825784749991726,A_same_width
2,Plain,53,0.056140831975595364,0.155373525607708,0.39417448624652,0.3492526827062805,34.92526827062805,3.8297123750089668,A_same_width
2,ResDyNet,54,0.0035371380688990067,0.02971519962483445,0.17238097233985672,0.1527357024309272,15.27357024309272,3.8969719579908997,A_same_width
2,Plain,54,0.049016821340745656,0.17315766235693134,0.41612217239283383,0.36869911704754743,36.86991170475474,3.8999283330049366,A_same_width
2,ResDyNet,55,0.004357407387794177,0.031950853632101955,0.1787480171417349,0.15837713168511874,15.837713168511874,3.9668937910173554,A_same_width
2,Plain,55,0.04205457568725144,0.06598582296864203,0.2568770580815695,0.22760225430870903,22.760225430870904,3.9701326249924023,A_same_width
2,ResDyNet,56,0.004248532228457013,0.025228147284028776,0.15883370953304835,0.14073234340163232,14.073234340163232,4.037275166017935,A_same_width
2,Plain,56,0.025403901498032875,0.04792756227194241,0.21892364484436672,0.19397417371634126,19.397417371634127,4.040248958015582,A_same_width
2,ResDyNet,57,0.003108517994696013,0.028372548070212646,0.16844152715471516,0.14924521320016418,14.924521320016417,4.107516666001175,A_same_width
2,Plain,57,0.019678303532976303,0.083790090605067,0.2894651802981958,0.25647649530004196,25.647649530004195,4.110388208006043,A_same_width
2,ResDyNet,58,0.0027523200325811135,0.0279902221606289,0.16730278587228875,0.1482362477250444,14.82362477250444,4.17881979100639,A_same_width
2,Plain,58,0.02378551128598605,0.07378133811678131,0.27162720430174386,0.2406714110335915,24.06714110335915,4.181910915998742,A_same_width
2,ResDyNet,59,0.0032266952322003955,0.027827861659660568,0.16681685064663154,0.14780569174766914,14.780569174766914,4.249542750010733,A_same_width
2,Plain,59,0.029392871710894816,0.06078730467285941,0.24655081559966377,0.21845283440732652,21.84528344073265,4.252643707994139,A_same_width
2,ResDyNet,60,0.002885790350095609,0.02732342295980641,0.1652979823222486,0.14645992012754308,14.645992012754308,4.319764083018526,A_same_width
2,Plain,60,0.032702723250993354,0.055199477992763014,0.23494569158161427,0.20817027975738395,20.817027975738394,4.322710166015895,A_same_width
2,ResDyNet,61,0.0029097588322598024,0.03518536755184556,0.18757763073417244,0.16620048490055248,16.620048490055247,4.389563375007128,A_same_width
2,Plain,61,0.023538435158225998,0.09018113514325915,0.30030174016022476,0.2660780746390808,26.607807463908077,4.392490500002168,A_same_width
2,ResDyNet,62,0.00276139889021095,0.03200618626113712,0.17890272848991745,0.15851421146902964,15.851421146902963,4.460007332992973,A_same_width
2,Plain,62,0.0581496604211002,0.22361236280522195,0.4728766887944699,0.418985646999596,41.8985646999596,4.462959750002483,A_same_width
2,ResDyNet,63,0.0027363268112662203,0.02898662879714919,0.17025459992948558,0.15085166047827206,15.085166047827206,4.530812665994745,A_same_width
2,Plain,63,0.12507795883169467,0.2158517729047859,0.464598507213256,0.4116508822544204,41.16508822544204,4.533781125006499,A_same_width
2,ResDyNet,64,0.003467458734931336,0.025082449490523195,0.15837439657508784,0.14032537570492265,14.032537570492265,4.601020666013937,A_same_width
2,Plain,64,0.06623315902484075,0.11389659716761383,0.3374856992045942,0.29902439131611847,29.902439131611846,4.604168833000585,A_same_width
2,ResDyNet,65,0.0034559997486303595,0.024568250893684376,0.15674262628169905,0.13887956890511363,13.887956890511363,4.676059582998278,A_same_width
2,Plain,65,0.03432445132945553,0.07304459923958481,0.2702676437156043,0.23946679176324634,23.946679176324633,4.678945249994285,A_same_width
2,ResDyNet,66,0.0037469943215189742,0.02807786067778444,0.16756449706839585,0.148468133198417,14.8468133198417,4.76800166600151,A_same_width
2,Plain,66,0.04872724739338599,0.10648157713075022,0.3263151500172038,0.28912688549794985,28.912688549794986,4.771153790992685,A_same_width
2,ResDyNet,67,0.004615801157503901,0.03277604735329186,0.18104156250234876,0.1604092948464908,16.04092948464908,4.838935208012117,A_same_width
2,Plain,67,0.038967690955394235,0.06473248790540967,0.2544258003925893,0.22543035238772746,22.543035238772745,4.841894125012914,A_same_width
2,ResDyNet,68,0.003309920688437012,0.026008186537011452,0.16127053834166813,0.14289146081892287,14.289146081892287,4.909275790996617,A_same_width
2,Plain,68,0.03226280512618986,0.049627047012360266,0.22277128857274284,0.19738332357540378,19.73833235754038,4.912232250004308,A_same_width
2,ResDyNet,69,0.002643681792277225,0.02748297654541366,0.16577990392509478,0.14688691989165992,14.688691989165992,4.981216582993511,A_same_width
2,Plain,69,0.023931696093988465,0.0665678091043519,0.25800738187957317,0.22860376159178733,22.860376159178735,4.985187540994957,A_same_width
2,ResDyNet,70,0.0022428733170219636,0.029290338623142165,0.17114420417630907,0.1516398816356295,15.16398816356295,5.060983791016042,A_same_width
2,Plain,70,0.025073999374055772,0.03905284716882322,0.1976179323058088,0.17509655093583873,17.509655093583874,5.063998500001617,A_same_width
2,ResDyNet,71,0.0021979210856148995,0.02927500252763278,0.17109939370913263,0.15160017796017417,15.160017796017417,5.138070250017336,A_same_width
2,Plain,71,0.0227517136229575,0.11199194400372826,0.3346519744506646,0.29651360990612596,29.651360990612595,5.141041208000388,A_same_width
2,ResDyNet,72,0.0023776278394902228,0.028139746763961502,0.16774905890633635,0.1486316615831172,14.863166158311719,5.224218999996083,A_same_width
2,Plain,72,0.037873197653176066,0.09463084184730365,0.3076212636462305,0.2725634340492288,27.256343404922877,5.227172915998381,A_same_width
2,ResDyNet,73,0.0022622560624483957,0.0301355811399994,0.17359602858360385,0.1538122856892924,15.38122856892924,5.296242500015069,A_same_width
2,Plain,73,0.0331589873795797,0.07341695891710155,0.2709556401278659,0.24007638117366895,24.007638117366895,5.299221916007809,A_same_width
2,ResDyNet,74,0.002606687507666665,0.030697347056889267,0.1752065839427539,0.15523929529913902,15.523929529913902,5.367306333006127,A_same_width
2,Plain,74,0.03489575432907143,0.03894101363072486,0.19733477552303055,0.17484566390620504,17.484566390620504,5.370496791001642,A_same_width
2,ResDyNet,75,0.0026510445008414,0.036240578835895376,0.19036958484982672,0.16867425603214029,16.867425603214027,5.439289958012523,A_same_width
2,Plain,75,0.029518363418519992,0.05268387068158434,0.22952967276930522,0.2033714935198505,20.33714935198505,5.442244541016407,A_same_width
2,ResDyNet,76,0.0025392567162829,0.035056444961891975,0.18723366407217473,0.16589571814457046,16.589571814457045,5.5105124580150004,A_same_width
2,Plain,76,0.03135161589652467,0.058729889747385355,0.24234250503653987,0.21472412084235723,21.472412084235724,5.513723750016652,A_same_width
2,ResDyNet,77,0.002397234101351671,0.032167461597003316,0.17935289681798652,0.1589130766968242,15.89130766968242,5.58155041601276,A_same_width
2,Plain,77,0.031046087438522153,0.06036239524396788,0.2456875968460107,0.217687991739942,21.7687991739942,5.584515166003257,A_same_width
2,ResDyNet,78,0.0022236671169020726,0.026879567925241602,0.16394989455697007,0.1452654661865222,14.526546618652219,5.65224950000993,A_same_width
2,Plain,78,0.02900935643924729,0.09942705817235309,0.3153205641444165,0.2793852894654912,27.93852894654912,5.65526995799155,A_same_width
2,ResDyNet,79,0.002276854485042597,0.02438858968856484,0.15616846573032866,0.13837084213596193,13.837084213596192,5.722829875012394,A_same_width
2,Plain,79,0.02945642934187083,0.06427996413392056,0.2535349367127153,0.22464101532767486,22.464101532767486,5.725734875013586,A_same_width
2,ResDyNet,80,0.002120436318034378,0.02577750098261211,0.1605537323845575,0.14225634512210386,14.225634512210386,5.793047582992585,A_same_width
2,Plain,80,0.02691341260623189,0.050948404296868796,0.22571753209901263,0.19999380063913794,19.999380063913794,5.795939333009301,A_same_width
2,ResDyNet,81,0.0024119786027098395,0.02750249925894717,0.16583877489582213,0.14693908167578715,14.693908167578714,5.863576458010357,A_same_width
2,Plain,81,0.029325557708688152,0.05456803344921955,0.23359801679213707,0.2069761917276829,20.697619172768288,5.866562250012066,A_same_width
2,ResDyNet,82,0.002988303539796087,0.029767317964571802,0.17253207807411294,0.15286958751203386,15.286958751203386,5.933622832992114,A_same_width
2,Plain,82,0.02969528716530713,0.04657132909561041,0.21580391353173003,0.19120998027339042,19.12099802733904,5.936743458005367,A_same_width
2,ResDyNet,83,0.002737554600050771,0.030505817350524534,0.17465914619774292,0.15475424589150133,15.475424589150133,6.004018083011033,A_same_width
2,Plain,83,0.029356702412550353,0.052888754077838517,0.22997555104366751,0.2037665576067333,20.37665576067333,6.006949708011234,A_same_width
2,ResDyNet,84,0.0026609556131083696,0.024157260702749296,0.155426061851767,0.13771304576586138,13.771304576586138,6.07466829099576,A_same_width
2,Plain,84,0.03715054340892185,0.06642476064827489,0.25773001503176707,0.2283580046514726,22.83580046514726,6.077570249995915,A_same_width
2,ResDyNet,85,0.0030413280453689805,0.025041341534881613,0.1582445624180547,0.140210338001487,14.0210338001487,6.1452826659951825,A_same_width
2,Plain,85,0.031154684147678725,0.08768446291023194,0.2961156242251191,0.26236902630777703,26.236902630777703,6.148292833007872,A_same_width
2,ResDyNet,86,0.002518393679979006,0.029369338586327287,0.17137484817302476,0.15184424045999204,15.184424045999204,6.220564040995669,A_same_width
2,Plain,86,0.02067441022387982,0.05749638859220523,0.23978404574159065,0.2124572344670757,21.245723446707572,6.224541500007035,A_same_width
2,ResDyNet,87,0.0020921427507781865,0.026450341020146515,0.16263560809412714,0.144100961407526,14.410096140752602,6.299980083014816,A_same_width
2,Plain,87,0.03414260540474557,0.06395756571656444,0.25289833079038787,0.22407695972804248,22.407695972804248,6.303857749997405,A_same_width
2,ResDyNet,88,0.0019995765280825155,0.027536652642071443,0.1659417145930204,0.1470302899265946,14.703028992659458,6.378797165991273,A_same_width
2,Plain,88,0.05224669513682221,0.09609088608925999,0.3099852997954257,0.27465805456864184,27.465805456864185,6.3818455830041785,A_same_width
2,ResDyNet,89,0.0020545681294190233,0.03434127089091463,0.18531397921072934,0.1641948087473267,16.41948087473267,6.453753500012681,A_same_width
2,Plain,89,0.027658544081302618,0.051368699068045316,0.22664663921630368,0.20081702275157182,20.08170227515718,6.456747874995926,A_same_width
2,ResDyNet,90,0.0022177601098566503,0.03302814492625708,0.18173647109553184,0.16102500869625289,16.10250086962529,6.526746457995614,A_same_width
2,Plain,90,0.025867688354757012,0.06306579515716111,0.25112904084785,0.2225093056041017,22.250930560410172,6.5296735409938265,A_same_width
2,ResDyNet,91,0.002010874774879045,0.03227273578053393,0.17964614045543514,0.15917290104020249,15.917290104020248,6.600538500002585,A_same_width
2,Plain,91,0.026784413651380998,0.05622978069567131,0.23712819464515666,0.21010405547487201,21.010405547487203,6.603728499991121,A_same_width
2,ResDyNet,92,0.0021347374490073884,0.026600311312419803,0.16309601868966575,0.1445089016503597,14.45089016503597,6.67551208299119,A_same_width
2,Plain,92,0.014689101968979958,0.0420763107325377,0.20512510995131167,0.18174817863810644,18.174817863810645,6.679173957993044,A_same_width
2,ResDyNet,93,0.002004722769537397,0.02807062929003461,0.167542917755525,0.14844901315596354,14.844901315596355,6.753583500016248,A_same_width
2,Plain,93,0.022027854396334878,0.04419736715368587,0.21023169873662217,0.18627279881261488,18.627279881261487,6.756567125004949,A_same_width
2,ResDyNet,94,0.001991193681647852,0.027222026234175772,0.1649909883423206,0.14618791248928747,14.618791248928748,6.8241328750154935,A_same_width
2,Plain,94,0.025623897317142718,0.07126365814766022,0.26695253912944944,0.23652949061727013,23.652949061727014,6.827062374999514,A_same_width
2,ResDyNet,95,0.001894222191819738,0.029434111312859845,0.17156372376717594,0.1520115909868696,15.20115909868696,6.894737416005228,A_same_width
2,Plain,95,0.022612816571893634,0.04839197210957434,0.21998175403786183,0.1949116962788575,19.49116962788575,6.897678583016386,A_same_width
2,ResDyNet,96,0.0018662127675089357,0.029187320786631703,0.17084297113616265,0.15137297839591773,15.137297839591774,6.964979999989737,A_same_width
2,Plain,96,0.01757296392682141,0.058151194844025096,0.2411455884813676,0.21366360999638626,21.366360999638626,6.967897541006096,A_same_width
2,ResDyNet,97,0.0019952695940528013,0.026749540157341604,0.16355286655189386,0.14491368518414735,14.491368518414735,7.0353183330153115,A_same_width
2,Plain,97,0.031719222901813796,0.0753329813302753,0.27446854342579097,0.24318893904764755,24.318893904764753,7.038254083017819,A_same_width
2,ResDyNet,98,0.0017734438327531574,0.02804179925383266,0.16745685788833092,0.14837276103782904,14.837276103782903,7.105426624999382,A_same_width
2,Plain,98,0.03182144216017493,0.0783468543992131,0.2799050810528689,0.24800590568841363,24.800590568841365,7.108364707994042,A_same_width
2,ResDyNet,99,0.0017561330643164903,0.030720749545139637,0.17527335663226068,0.15529845828851416,15.529845828851416,7.175663083005929,A_same_width
2,Plain,99,0.036749850802413116,0.07578241155822843,0.2752860540569181,0.24391328268485465,24.391328268485466,7.178593541000737,A_same_width
2,ResDyNet,100,0.0018216065574946788,0.024688943832618142,0.15712715816375647,0.13922027789587935,13.922027789587935,7.246131916006561,A_same_width
2,Plain,100,0.03724611068512106,0.04514183306266149,0.2124660750864982,0.1882525361157584,18.82525361157584,7.249081499991007,A_same_width
3,ResDyNet,0,1.2254374002988029,2.2082684415228355,1.4860243744713058,1.3166707066536016,131.66707066536017,0.002823667018674314,A_same_width
3,Plain,0,1.0339808030228788,1.9699523748751668,1.4035499189110328,1.2435953913701292,124.35953913701292,0.0064725420088507235,A_same_width
3,ResDyNet,1,0.9963844650475586,2.0148093786814787,1.4194398115740867,1.2576744041782175,125.76744041782175,0.07577504200162366,A_same_width
3,Plain,1,0.9715052989559447,2.27374577410925,1.5078944837452155,1.3360484051133024,133.60484051133022,0.08017666701925918,A_same_width
3,ResDyNet,2,0.7629392209490959,1.2553431501618448,1.1204209700652004,0.992733023595332,99.2733023595332,0.14864037500228733,A_same_width
3,Plain,2,0.9218494134498322,2.206581062132273,1.4854565164057387,1.3161675641121242,131.6167564112124,0.15253495899378322,A_same_width
3,ResDyNet,3,0.283345570691419,0.4667909218183652,0.683220990469676,0.6053582160402526,60.535821604025266,0.22051608399488032,A_same_width
3,Plain,3,0.8740359334026221,1.9964689890991627,1.4129646099952973,1.2519371441541332,125.19371441541331,0.22452016701572575,A_same_width
3,ResDyNet,4,0.14656103130808837,0.3744969406706145,0.6119615516277265,0.5422198063966357,54.22198063966357,0.2927376670122612,A_same_width
3,Plain,4,0.8538308039861233,1.9614089617184838,1.4005031102137846,1.2408958099706846,124.08958099706847,0.29652929201256484,A_same_width
3,ResDyNet,5,0.11596837751035316,0.424227022990483,0.6513271244086822,0.5770991108156936,57.709911081569366,0.3649086249934044,A_same_width
3,Plain,5,0.7519872110853172,1.0798868048687527,1.0391760220813184,0.9207470959674413,92.07470959674413,0.36781729201902635,A_same_width
3,ResDyNet,6,0.0907695290288403,0.23605993665665448,0.4858599969709942,0.4304893220705837,43.04893220705837,0.43690695901750587,A_same_width
3,Plain,6,0.29351556116958016,0.7571154673823121,0.8701238230173405,0.7709608056301079,77.09608056301079,0.4407662920129951,A_same_width
3,ResDyNet,7,0.07249003525537978,0.22564598969267455,0.47502209389950967,0.4208865525999607,42.088655259996074,0.5089000840089284,A_same_width
3,Plain,7,0.2864312267325143,0.8110997615436312,0.9006107713899669,0.7979733314991936,79.79733314991935,0.5127365840016864,A_same_width
3,ResDyNet,8,0.056941091981098174,0.1234122587223177,0.3513008094529782,0.311265072751582,31.1265072751582,0.5801040840160567,A_same_width
3,Plain,8,0.25362765756620076,0.8895027091934712,0.9431345127782522,0.8356508861780585,83.56508861780586,0.5840251250192523,A_same_width
3,ResDyNet,9,0.038461586676634,0.06174161882515575,0.24847860838542168,0.22016092771529036,22.016092771529035,0.6515093340130989,A_same_width
3,Plain,9,0.2536285212828685,0.7629933938600272,0.8734949306435769,0.7739477274711586,77.39477274711587,0.6554579999938142,A_same_width
3,ResDyNet,10,0.030593716859058505,0.06049059066420556,0.24594834958626083,0.2179190279871699,21.79190279871699,0.7237349589995574,A_same_width
3,Plain,10,0.23690360033197122,0.6009258558829046,0.7751940762692299,0.6868496571990795,68.68496571990795,0.7276774590136483,A_same_width
3,ResDyNet,11,0.027464106331854272,0.03707362586374307,0.19254512682418912,0.17060186397582386,17.060186397582385,0.7959149590169545,A_same_width
3,Plain,11,0.24130773697271116,0.5912330246136988,0.7689167865339518,0.6812877541417636,68.12877541417636,0.7998473749903496,A_same_width
3,ResDyNet,12,0.021362705662299447,0.047671647312974484,0.21833837801214537,0.19345560638541445,19.345560638541446,0.8677059170149732,A_same_width
3,Plain,12,0.22515186065980136,0.7098154980703152,0.8425054884511526,0.746489974118481,74.6489974118481,0.8706262090126984,A_same_width
3,ResDyNet,13,0.01973782332957759,0.03860849515312622,0.19649044544996638,0.17409755728490833,17.409755728490833,0.9382587920117658,A_same_width
3,Plain,13,0.21448564167352543,0.5485589874731869,0.7406476810692023,0.656240316355301,65.6240316355301,0.9412222499959171,A_same_width
3,ResDyNet,14,0.022046446533924968,0.06888129989347011,0.26245247168481783,0.2325422700278232,23.254227002782322,1.0095837500120979,A_same_width
3,Plain,14,0.19575456071616235,0.482177055353915,0.6943896999192276,0.6152540917849434,61.52540917849434,1.01252495899098,A_same_width
3,ResDyNet,15,0.019889553641200135,0.06442276606718245,0.2538164022816147,0.22489040388136747,22.489040388136747,1.08537216699915,A_same_width
3,Plain,15,0.16276738770235538,0.3677743730484229,0.6064440395027582,0.5373310934566905,53.73310934566905,1.0882909999927506,A_same_width
3,ResDyNet,16,0.016686406654738806,0.04844262550213312,0.22009685482108354,0.19501367968652186,19.501367968652186,1.157674959016731,A_same_width
3,Plain,16,0.11791866807279805,0.2945105794315805,0.5426882893812806,0.48084122020306896,48.08412202030689,1.1607284170167986,A_same_width
3,ResDyNet,17,0.016715374786314883,0.044951060632623,0.21201665178146503,0.18785433100500096,18.785433100500097,1.229706417012494,A_same_width
3,Plain,17,0.10338557632426484,0.2720656748015898,0.5215991514578889,0.4621554902720331,46.21554902720331,1.2329553750168998,A_same_width
3,ResDyNet,18,0.014526393101434743,0.04115795419068136,0.20287423244631478,0.17975382072177054,17.975382072177055,1.3017935840180144,A_same_width
3,Plain,18,0.12584251719911227,0.2033741899249325,0.4509702760991377,0.399575782411022,39.9575782411022,1.3047383340017404,A_same_width
3,ResDyNet,19,0.015082182947846592,0.04557156257630972,0.21347496943742542,0.18914645256880902,18.914645256880902,1.4149942499934696,A_same_width
3,Plain,19,0.11141427996624202,0.18315671141598439,0.42796811962573145,0.37919504967292555,37.91950496729255,1.4179975000151899,A_same_width
3,ResDyNet,20,0.011466542950186747,0.03576236308383614,0.18910939448857675,0.16755768233256327,16.755768233256326,1.4870308340177871,A_same_width
3,Plain,20,0.07974269857636009,0.18587620251967213,0.4311336249002995,0.3819998004821201,38.19998004821201,1.4907637090072967,A_same_width
3,ResDyNet,21,0.012609910284970183,0.03585562121385121,0.18935580586253808,0.16777601161669534,16.777601161669534,1.5583041250065435,A_same_width
3,Plain,21,0.0654896080675314,0.14580978681190765,0.38185047703506625,0.3383331700818504,33.833317008185034,1.5613536250020843,A_same_width
3,ResDyNet,22,0.013013592129584618,0.04381251854219389,0.20931440118203498,0.18546004039481326,18.546004039481325,1.6299077089934144,A_same_width
3,Plain,22,0.05132615378114443,0.11275034657903997,0.3357831838836483,0.2975159018934494,29.751590189344938,1.6331339589960407,A_same_width
3,ResDyNet,23,0.009526048933743756,0.0412255167179898,0.2030406774958895,0.17990129698448024,17.990129698448023,1.7016848339990247,A_same_width
3,Plain,23,0.050465766442035924,0.17869759465043436,0.4227263827234283,0.37455068343653514,37.455068343653515,1.7046379169914871,A_same_width
3,ResDyNet,24,0.009039360094136226,0.03523951709367074,0.1877219142606178,0.16632832526171132,16.632832526171132,1.7743912500154693,A_same_width
3,Plain,24,0.06703214618932538,0.07069169143847209,0.2658790917662991,0.23557837788824948,23.557837788824948,1.7782456669956446,A_same_width
3,ResDyNet,25,0.008935666269287164,0.03736450799010694,0.19329901187048767,0.171269833070879,17.1269833070879,1.8467550420027692,A_same_width
3,Plain,25,0.04132072418020478,0.10070426937003772,0.3173393599445832,0.281174014696691,28.1174014696691,1.8497143340064213,A_same_width
3,ResDyNet,26,0.008551643404866947,0.03271419110376286,0.18087064743557166,0.16025785798878028,16.02578579887803,1.9169684590015095,A_same_width
3,Plain,26,0.04329800571526254,0.10446974843898423,0.3232178034065949,0.2863825257010303,28.638252570103027,1.920989667007234,A_same_width
3,ResDyNet,27,0.009263430898629833,0.04683208482669477,0.21640721990426928,0.1917445312817765,19.17445312817765,1.988984249997884,A_same_width
3,Plain,27,0.039331700966819316,0.12985563060357289,0.3603548676007761,0.3192872918647679,31.92872918647679,1.991937750019133,A_same_width
3,ResDyNet,28,0.009464243393845995,0.03403874622402566,0.18449592468134807,0.16346998319682735,16.346998319682733,2.073363709001569,A_same_width
3,Plain,28,0.0502633409324436,0.09394247599900404,0.3065003686767832,0.27157028104524006,27.157028104524006,2.0787845840095542,A_same_width
3,ResDyNet,29,0.010438843407184649,0.05378323521789574,0.23191212822510113,0.20548243420322224,20.548243420322223,2.167803417018149,A_same_width
3,Plain,29,0.03534993467249999,0.08591003625225722,0.2931041389203797,0.2597007426965618,25.97007426965618,2.1710241670079995,A_same_width
3,ResDyNet,30,0.010012332903648072,0.03431184576006089,0.18523456955995252,0.16412444895861825,16.412444895861825,2.2471231250092387,A_same_width
3,Plain,30,0.07576804135296833,0.06889655449530396,0.2624815317223365,0.23256801825967757,23.256801825967756,2.2500681669916958,A_same_width
3,ResDyNet,31,0.006689414291242601,0.03055629149172773,0.17480357974517494,0.15488221917661615,15.488221917661615,2.3202752090001013,A_same_width
3,Plain,31,0.12441195376965615,0.07637044155118082,0.27635202469166176,0.24485777076528692,24.48577707652869,2.324138625001069,A_same_width
3,ResDyNet,32,0.006308956353133308,0.02922235700534219,0.17094547962827852,0.1514638045836108,15.146380458361081,2.392491709004389,A_same_width
3,Plain,32,0.057434161476947444,0.07244077394239185,0.2691482378586043,0.23847495816610717,23.847495816610717,2.3967457500111777,A_same_width
3,ResDyNet,33,0.005910650659550555,0.028416105307738096,0.16857077240060953,0.14935972910728307,14.935972910728307,2.464288959017722,A_same_width
3,Plain,33,0.060064187643984794,0.11444047501271727,0.3382905186562539,0.2997374901147316,29.97374901147316,2.4682727089966647,A_same_width
3,ResDyNet,34,0.005773966405748458,0.029460955300007773,0.17164193922234675,0.15208089267559027,15.208089267559027,2.5357517499942333,A_same_width
3,Plain,34,0.04617297668515564,0.10014632516407465,0.3164590418428183,0.2803940213957446,28.03940213957446,2.538962624996202,A_same_width
3,ResDyNet,35,0.005561460449598479,0.03731698896304111,0.1931760569093414,0.17116089058086323,17.116089058086324,2.6066387920000125,A_same_width
3,Plain,35,0.059689351556842477,0.08463541494528215,0.29092166462001784,0.2577669924642797,25.77669924642797,2.6095707089989446,A_same_width
3,ResDyNet,36,0.006259171103952255,0.03381462172179056,0.18388752464969058,0.16293091902441392,16.293091902441393,2.6764830840111244,A_same_width
3,Plain,36,0.04136365161259742,0.09067713344543453,0.30112644096032903,0.26680878902298005,26.680878902298005,2.6794775419984944,A_same_width
3,ResDyNet,37,0.005819566712148213,0.038524047861360884,0.19627543876237008,0.17390705367530676,17.390705367530675,2.7578049169969745,A_same_width
3,Plain,37,0.04823513540311649,0.09427641565506731,0.30704464765741696,0.2720525316747445,27.205253167474453,2.7609057090012357,A_same_width
3,ResDyNet,38,0.0053836751261091866,0.03343725716643324,0.1828585714874565,0.16201922974763863,16.201922974763864,2.8293418750108685,A_same_width
3,Plain,38,0.04589737401669737,0.08540221771512106,0.2922365783318732,0.25893205300831895,25.893205300831895,2.832293084007688,A_same_width
3,ResDyNet,39,0.005522125849181964,0.04240203173156052,0.20591753624099265,0.18245029665227183,18.245029665227182,2.9187488750030752,A_same_width
3,Plain,39,0.04802465100203188,0.11260935685456798,0.33557317660171826,0.2973298279359481,29.732982793594807,2.9216845839982852,A_same_width
3,ResDyNet,40,0.00824702525061579,0.03468551595285463,0.18624047882470296,0.16501572051862853,16.501572051862855,2.9891265839978587,A_same_width
3,Plain,40,0.04797526318539094,0.13385538837620972,0.36586252660830093,0.32416727459050537,32.416727459050534,2.9921236670052167,A_same_width
3,ResDyNet,41,0.0066880403751627005,0.028992369567358334,0.17027145846370828,0.15086659774212147,15.086659774212146,3.0606460839917418,A_same_width
3,Plain,41,0.04690598963287756,0.07602690815160351,0.27572977378513824,0.24430643422270856,24.430643422270855,3.063857667002594,A_same_width
3,ResDyNet,42,0.004857361975911248,0.03083659105787843,0.17560350525510143,0.155590981767943,15.5590981767943,3.1323359170055483,A_same_width
3,Plain,42,0.029073318235267917,0.06372313369162454,0.2524344146340283,0.22366591343303183,22.36659134330318,3.1352830420073587,A_same_width
3,ResDyNet,43,0.0062554084277741786,0.03837729348715122,0.1959012340113028,0.17357549489169247,17.357549489169248,3.203971459006425,A_same_width
3,Plain,43,0.027992929014576475,0.06710032733671649,0.2590373087736909,0.22951631362981295,22.951631362981296,3.206932000000961,A_same_width
3,ResDyNet,44,0.006739125584197699,0.03205909312906749,0.17905053233394055,0.15864517095737937,15.864517095737938,3.274955750006484,A_same_width
3,Plain,44,0.030647097637429403,0.06572133944727727,0.2563617355364823,0.22714566011600884,22.714566011600883,3.2779007090139203,A_same_width
3,ResDyNet,45,0.0051282691616787975,0.029779733184303984,0.17256805377677523,0.152901463270373,15.290146327037299,3.3460097500064876,A_same_width
3,Plain,45,0.030602949027868497,0.08544279657987842,0.2923059981934658,0.25899356148677266,25.899356148677267,3.349035042017931,A_same_width
3,ResDyNet,46,0.004827011549278132,0.030153326350712845,0.17364713170885618,0.15385756488470406,15.385756488470406,3.419070333999116,A_same_width
3,Plain,46,0.04424723978628439,0.11654478958872645,0.3413865691393357,0.3024807014963382,30.248070149633822,3.4224142500024755,A_same_width
3,ResDyNet,47,0.005320817648207052,0.028163235141201438,0.16781905476197104,0.1486936804128784,14.869368041287839,3.490713084000163,A_same_width
3,Plain,47,0.052618229121719436,0.08415251125966038,0.29009052252643547,0.25703057086414544,25.703057086414542,3.494671541993739,A_same_width
3,ResDyNet,48,0.005134291767710699,0.027882698490993438,0.16698113214071056,0.14795125102288365,14.795125102288365,3.5622937089938205,A_same_width
3,Plain,48,0.03365225349829545,0.21548864489160724,0.4642075450610505,0.4113044758144841,41.13044758144841,3.5661811669997405,A_same_width
3,ResDyNet,49,0.00530079763614886,0.028696956121485442,0.169401759499379,0.15009601337647352,15.009601337647352,3.63335275001009,A_same_width
3,Plain,49,0.06610433166733883,0.1397323046407915,0.37380784454153915,0.3312071102469469,33.120711024694685,3.6365854589967057,A_same_width
3,ResDyNet,50,0.005105512020113392,0.03281893950059475,0.1811599831656946,0.16051421978659847,16.051421978659846,3.704752624995308,A_same_width
3,Plain,50,0.05023399333362476,0.06680184161995806,0.25846052236261935,0.22900526025511714,22.900526025511713,3.7077024590107612,A_same_width
3,ResDyNet,51,0.008796541176649736,0.03450042946136637,0.1857429122776058,0.16457485877475123,16.457485877475122,3.775094667013036,A_same_width
3,Plain,51,0.051047356337163195,0.0887630238326442,0.2979312401085932,0.26397772687108767,26.397772687108766,3.777999667014228,A_same_width
3,ResDyNet,52,0.005161611710334116,0.03286994766409799,0.18130071060009112,0.16063890932310648,16.06389093231065,3.8451635840174276,A_same_width
3,Plain,52,0.035388484369099235,0.08312404166164902,0.2883124028925031,0.2554550933180538,25.545509331805384,3.848270374990534,A_same_width
3,ResDyNet,53,0.004555853884248451,0.03026410566711475,0.17396581752492282,0.15413993190764758,15.413993190764758,3.9151899999997113,A_same_width
3,Plain,53,0.031338509610700165,0.07906373675119537,0.28118274618332356,0.24913796265805851,24.91379626580585,3.918140541994944,A_same_width
3,ResDyNet,54,0.004795891042713429,0.03245653357572192,0.18015696926769698,0.1596255136250123,15.962551362501229,3.98534920901875,A_same_width
3,Plain,54,0.0337218364277542,0.09847868040492912,0.3138131297522924,0.278049648717998,27.804964871799797,3.988271750014974,A_same_width
3,ResDyNet,55,0.0046746480117647385,0.03292285654296742,0.18144656663317557,0.16076814298134934,16.076814298134934,4.055059209000319,A_same_width
3,Plain,55,0.04773497305115109,0.05692153783663468,0.2385823502202849,0.21139248928630905,21.139248928630906,4.057989374996396,A_same_width
3,ResDyNet,56,0.004433003650329164,0.036111996021323214,0.19003156585505265,0.16837475912188948,16.83747591218895,4.126562958990689,A_same_width
3,Plain,56,0.030649826642522308,0.070707164915113,0.26590818888314255,0.23560415897371081,23.560415897371083,4.129627542017261,A_same_width
3,ResDyNet,57,0.0044586406541353134,0.03271187015444855,0.180864231274314,0.16025217304059083,16.025217304059083,4.197155208996264,A_same_width
3,Plain,57,0.026341845610308213,0.05719763149710365,0.23916026320671174,0.2119045408470337,21.19045408470337,4.200068167003337,A_same_width
3,ResDyNet,58,0.004953235299080358,0.04102457446368951,0.20254524053576156,0.17946232213076962,17.94623221307696,4.2672046670049895,A_same_width
3,Plain,58,0.02136289741205774,0.054200632885277246,0.23281029377000761,0.20627824097666408,20.62782409766641,4.270141042012256,A_same_width
3,ResDyNet,59,0.006352728455288803,0.029936117900596446,0.17302057074404895,0.15330240947644383,15.330240947644382,4.338215499999933,A_same_width
3,Plain,59,0.02268322595859618,0.04934086535103013,0.22212803819200794,0.19681338074814783,19.681338074814782,4.341098459000932,A_same_width
3,ResDyNet,60,0.005314414892787248,0.03151146588865332,0.177514692036049,0.15728436156214223,15.728436156214224,4.409242708992679,A_same_width
3,Plain,60,0.02313391366195125,0.0480323730664998,0.21916289162743724,0.19418615491687988,19.418615491687987,4.412267250008881,A_same_width
3,ResDyNet,61,0.0058923101813206855,0.03554572526348888,0.18853574001628678,0.1670494039675642,16.70494039675642,4.480876167013776,A_same_width
3,Plain,61,0.015352584974377755,0.07979672021716566,0.2824831326241722,0.2502901515207776,25.02901515207776,4.48385858401889,A_same_width
3,ResDyNet,62,0.004462546211689439,0.03131108687980639,0.17694939073024918,0.15678348440119766,15.678348440119766,4.550893167004688,A_same_width
3,Plain,62,0.031311873792491875,0.10484606940490557,0.32379942774023796,0.286897865648033,28.6897865648033,4.553829042008147,A_same_width
3,ResDyNet,63,0.005095557599414024,0.032890861442476806,0.1813583784733333,0.16069000511986284,16.069000511986285,4.621187500015367,A_same_width
3,Plain,63,0.04062271956608174,0.08212512135662445,0.28657480935459845,0.2539155233414553,25.39155233414553,4.6240921250137035,A_same_width
3,ResDyNet,64,0.006600058222154005,0.028598305466897653,0.1691103351865215,0.14983780101970606,14.983780101970606,4.695383792015491,A_same_width
3,Plain,64,0.030977212485959967,0.07057250951041967,0.26565486916376985,0.2353797086486383,23.53797086486383,4.698512834002031,A_same_width
3,ResDyNet,65,0.00495068103161613,0.04218361263910491,0.20538649575642726,0.18197977580343103,18.197977580343103,4.765827916999115,A_same_width
3,Plain,65,0.023273932178080003,0.06553159921240749,0.25599140456743363,0.22681753364171298,22.681753364171296,4.768766416993458,A_same_width
3,ResDyNet,66,0.005120109010172054,0.03760586122441882,0.19392230718619977,0.17182209499732587,17.182209499732586,4.836441459017806,A_same_width
3,Plain,66,0.016884639238847917,0.057156901636428,0.2390750962280011,0.21182907986000757,21.182907986000757,4.839290584000992,A_same_width
3,ResDyNet,67,0.004153443704657011,0.03066536006240433,0.17511527649638203,0.15515839363830322,15.515839363830322,4.906730084010633,A_same_width
3,Plain,67,0.020817882676635056,0.04557825193693447,0.21349063664932583,0.18916033427850276,18.916033427850277,4.909618792007677,A_same_width
3,ResDyNet,68,0.005986033636292743,0.03648559520371509,0.1910120289503127,0.16924348446627901,16.924348446627903,4.977979167015292,A_same_width
3,Plain,68,0.016638345356446985,0.05857661598366196,0.24202606467829443,0.2144437433752965,21.444374337529652,4.981083833990851,A_same_width
3,ResDyNet,69,0.005083443470159049,0.03539271981491869,0.18812952935389674,0.16668948680261889,16.668948680261888,5.048268459009705,A_same_width
3,Plain,69,0.02038983642534467,0.051415317744769824,0.22674946029653484,0.20090812590350698,20.090812590350698,5.051301291998243,A_same_width
3,ResDyNet,70,0.00436655525887725,0.034060079863204196,0.18455373164258748,0.1635212022305203,16.35212022305203,5.119238209008472,A_same_width
3,Plain,70,0.022250933521845727,0.046318302588186755,0.21521687338168158,0.19068984171948997,19.068984171948998,5.122194833995309,A_same_width
3,ResDyNet,71,0.004745674969365201,0.030560876988758135,0.17481669539479958,0.1548938401109401,15.48938401109401,5.189884459017776,A_same_width
3,Plain,71,0.020167608507870246,0.0517602927150987,0.22750888491463075,0.20158100325716025,20.158100325716024,5.192860542010749,A_same_width
3,ResDyNet,72,0.00610042766608892,0.044275691713118646,0.2104178977965483,0.18643777783450904,18.643777783450904,5.2602150840102695,A_same_width
3,Plain,72,0.019615209666373604,0.10629430937903081,0.3260280806602873,0.2888725317877933,28.887253178779332,5.263330542016774,A_same_width
3,ResDyNet,73,0.005755252271831034,0.032987777417767344,0.1816253765798363,0.16092657498480167,16.09265749848017,5.330790292005986,A_same_width
3,Plain,73,0.021724199588449986,0.06374655145171426,0.25248079422347014,0.2237070074068951,22.370700740689507,5.333742584014544,A_same_width
3,ResDyNet,74,0.006368731632818306,0.04824385295383641,0.21964483366069965,0.1946131727830757,19.46131727830757,5.400860916997772,A_same_width
3,Plain,74,0.03494306190706474,0.050578510207810144,0.2248966656218143,0.19926648360237295,19.926648360237294,5.403708792000543,A_same_width
3,ResDyNet,75,0.011427261942079672,0.04290041471120021,0.20712415289193148,0.18351940212977577,18.351940212977578,5.470980250014691,A_same_width
3,Plain,75,0.0321725609602529,0.07344445568168298,0.2710063757214634,0.2401213347228988,24.01213347228988,5.473900542012416,A_same_width
3,ResDyNet,76,0.007959925126528796,0.029229499669448905,0.1709663699955313,0.15148231419562358,15.148231419562357,5.541395584004931,A_same_width
3,Plain,76,0.03048922960540909,0.06857674433251165,0.26187161803546344,0.23202761293464474,23.202761293464473,5.544356667000102,A_same_width
3,ResDyNet,77,0.005178611633361404,0.03239079261294245,0.17997442210753853,0.15946377031683207,15.946377031683207,5.611576750001404,A_same_width
3,Plain,77,0.030534979491123968,0.05152037711276333,0.22698100606166,0.20111328372690976,20.111328372690977,5.614700834004907,A_same_width
3,ResDyNet,78,0.004717284608907651,0.03206385777597526,0.1790638371530535,0.15865695950263092,15.865695950263092,5.681715250015259,A_same_width
3,Plain,78,0.05413794151372541,0.13027831007525045,0.3609408678374485,0.3198065090182504,31.98065090182504,5.684650000010151,A_same_width
3,ResDyNet,79,0.0048997381713885525,0.03172852257912904,0.17812501952036114,0.1578251335264953,15.78251335264953,5.752459375013132,A_same_width
3,Plain,79,0.029765947132461897,0.13346150963982303,0.3653238421453259,0.32368998090359596,32.3689980903596,5.755427041993244,A_same_width
3,ResDyNet,80,0.004619781535344648,0.0327973485293157,0.18110038246595644,0.16046141143648698,16.046141143648697,5.8237871669989545,A_same_width
3,Plain,80,0.03303519927335791,0.07100541691354362,0.26646841635275204,0.23610054053445062,23.61005405344506,5.826745375001337,A_same_width
3,ResDyNet,81,0.004381329892699861,0.030101839374945462,0.17349881663845856,0.15372615243151516,15.372615243151516,5.894501625007251,A_same_width
3,Plain,81,0.019683270943761284,0.0740840057352368,0.27218377199097815,0.24116454989811745,24.116454989811746,5.897591917018872,A_same_width
3,ResDyNet,82,0.004223370932309169,0.03101746625944584,0.1761177624756965,0.1560466320450682,15.604663204506819,5.96485370901064,A_same_width
3,Plain,82,0.04584884091005586,0.09299429169667409,0.3049496543639197,0.2701962927411369,27.019629274113687,5.967790209018858,A_same_width
3,ResDyNet,83,0.0038664342960916275,0.03155459525822767,0.1776361316236865,0.15739196137706943,15.739196137706942,6.035012000007555,A_same_width
3,Plain,83,0.02785554964757174,0.05141035612600895,0.2267385192815922,0.20089843177323327,20.089843177323328,6.037940625014016,A_same_width
3,ResDyNet,84,0.00376446240864425,0.030099527537112133,0.1734921541082251,0.15372024919160784,15.372024919160785,6.110964584018802,A_same_width
3,Plain,84,0.02433146461925119,0.041839998212959875,0.20454827844046958,0.18123708530340207,18.123708530340206,6.1142463340074755,A_same_width
3,ResDyNet,85,0.0036757756486416483,0.029595994288721297,0.17203486358503411,0.15242903770414343,15.242903770414342,6.1830875420127995,A_same_width
3,Plain,85,0.04073165378536853,0.08047192764222298,0.28367574383831795,0.2513468476807252,25.134684768072518,6.18604862500797,A_same_width
3,ResDyNet,86,0.00388084781976366,0.03336024301864557,0.18264786617599882,0.16183253731102815,16.183253731102816,6.254165459016804,A_same_width
3,Plain,86,0.03966559375630908,0.07696870927850875,0.2774323508145882,0.24581497832131774,24.581497832131774,6.2571180000086315,A_same_width
3,ResDyNet,87,0.0043767773132956786,0.03222304466614601,0.17950778441657067,0.15905031264489014,15.905031264489015,6.324474791996181,A_same_width
3,Plain,87,0.03776545334092166,0.11236695921605322,0.3352118124649745,0.2970096463955511,29.70096463955511,6.327452625002479,A_same_width
3,ResDyNet,88,0.004038921669601877,0.03164100800743988,0.17787919498198737,0.15760732419966744,15.760732419966745,6.394506334007019,A_same_width
3,Plain,88,0.03503017878694107,0.06588985657955808,0.25669019572153134,0.2274366875792091,22.743668757920908,6.39760737499455,A_same_width
3,ResDyNet,89,0.0043644348618921405,0.028234925622258093,0.16803251358668087,0.14888281256064154,14.888281256064154,6.464804417017149,A_same_width
3,Plain,89,0.02948479534518367,0.0926908905336267,0.30445178687868907,0.2697551643553177,26.97551643553177,6.467771541996626,A_same_width
3,ResDyNet,90,0.003959358375381778,0.03284901903480858,0.18124298340848558,0.1605877609681601,16.05877609681601,6.535164166998584,A_same_width
3,Plain,90,0.029118461455757857,0.08070625362433531,0.284088460913736,0.25171252976015407,25.171252976015406,6.538105042011011,A_same_width
3,ResDyNet,91,0.004610405781644984,0.03411858733866695,0.18471217431091796,0.16366158809744055,16.366158809744054,6.605434750003042,A_same_width
3,Plain,91,0.03260718363440076,0.05159368693376047,0.22714243754472757,0.20125631779050804,20.125631779050803,6.608398084004875,A_same_width
3,ResDyNet,92,0.0060530262816371316,0.037257708428222805,0.193022559376418,0.171024886280654,17.102488628065398,6.677300875016954,A_same_width
3,Plain,92,0.02794776180239375,0.07145273488195153,0.26730644377184687,0.23684306277907213,23.684306277907215,6.680386666994309,A_same_width
3,ResDyNet,93,0.004389131988558702,0.03664008589047304,0.1914160021797369,0.1696014191856502,16.960141918565018,6.748209792014677,A_same_width
3,Plain,93,0.022734873961725324,0.05556167727635115,0.23571524616865822,0.20885213262557273,20.885213262557272,6.751150416996097,A_same_width
3,ResDyNet,94,0.004205571767153922,0.03246445010600542,0.18017893912998106,0.1596449797082042,15.964497970820421,6.818743584008189,A_same_width
3,Plain,94,0.018624206379745017,0.054827510477678455,0.23415275030987454,0.20746770545070892,20.74677054507089,6.821646083990345,A_same_width
3,ResDyNet,95,0.006183778444673494,0.0468645315076693,0.21648217364870787,0.19181094297821408,19.181094297821407,6.888868167006876,A_same_width
3,Plain,95,0.03135885639415983,0.060982028841714386,0.24694539647807648,0.2188024471680166,21.880244716801663,6.891724084009184,A_same_width
3,ResDyNet,96,0.01337961032506046,0.04774104524062286,0.21849724309616095,0.19359636652772894,19.359636652772892,6.958630625013029,A_same_width
3,Plain,96,0.02071111253984846,0.04835767490113595,0.21990378555435544,0.1948426134158583,19.484261341585828,6.961576959001832,A_same_width
3,ResDyNet,97,0.008629302407943731,0.03716642261207285,0.19278595024553227,0.17081524213422145,17.081524213422146,7.028613959002541,A_same_width
3,Plain,97,0.01723449881411633,0.04484284969903095,0.21176130359211276,0.18762808338302853,18.762808338302854,7.031687375012552,A_same_width
3,ResDyNet,98,0.005595107344789619,0.03412420915612262,0.18472739146137104,0.16367507103660664,16.367507103660664,7.098936666996451,A_same_width
3,Plain,98,0.016104066586464957,0.06786733084869763,0.26051359052590256,0.2308243520249408,23.082435202494082,7.1019039590028115,A_same_width
3,ResDyNet,99,0.0049120903141007125,0.028789503427507718,0.16967469884313252,0.1503378473899576,15.03378473899576,7.169649292016402,A_same_width
3,Plain,99,0.01503400790559777,0.04290029786859718,0.2071238708324011,0.183519152214951,18.351915221495098,7.172572250012308,A_same_width
3,ResDyNet,100,0.004507556567206419,0.032545565400388006,0.18040389519183894,0.15984429881899456,15.984429881899457,7.244918875017902,A_same_width
3,Plain,100,0.014829817372187795,0.04093435512713158,0.20232240391793388,0.17926488092313947,17.926488092313946,7.248024708998855,A_same_width
4,ResDyNet,0,1.306625902324819,2.6315287271862156,1.6221987323340552,1.4373260546246176,143.73260546246175,0.0032599589903838933,A_same_width
4,Plain,0,1.1202492713503147,2.5623300165386187,1.6007279645644412,1.4183021870102854,141.83021870102854,0.00716895901132375,A_same_width
4,ResDyNet,1,1.0686980148086291,1.9961550919450581,1.4128535281284675,1.251838721650029,125.18387216500291,0.07564866699976847,A_same_width
4,Plain,1,1.0297876629833602,2.246715285528344,1.4989046952786371,1.3280831312346908,132.80831312346908,0.07945554199977778,A_same_width
4,ResDyNet,2,0.8063203689866808,1.5428824794323441,1.2421282057148304,1.1005699842270629,110.05699842270629,0.1478516669885721,A_same_width
4,Plain,2,0.928760891604577,2.181904746435459,1.4771271937228219,1.3087874865230442,130.8787486523044,0.15178812498925254,A_same_width
4,ResDyNet,3,0.4475161485315728,0.704367648970205,0.8392661371520984,0.7436197930923168,74.36197930923169,0.22038849999080412,A_same_width
4,Plain,3,0.8973279520696515,2.0188496773005715,1.4208623006120513,1.2589347803059578,125.89347803059579,0.22433362499577925,A_same_width
4,ResDyNet,4,0.25936927504625723,0.5242912059765676,0.7240795577673544,0.6415603669611134,64.15603669611134,0.2924132919870317,A_same_width
4,Plain,4,0.8628479113386495,2.0209923328747075,1.4216160989784505,1.2596026725995242,125.96026725995242,0.29614824999589473,A_same_width
4,ResDyNet,5,0.16166082435116813,0.48035057380867274,0.6930732817016342,0.6140876981950488,61.40876981950488,0.3635584590083454,A_same_width
4,Plain,5,0.80890397522206,1.636890214250243,1.2794101040128778,1.133603078583232,113.36030785832321,0.36728616699110717,A_same_width
4,ResDyNet,6,0.10358592684108711,0.29411938114790426,0.5423277432954212,0.4805217634849929,48.052176348499295,0.4366110000119079,A_same_width
4,Plain,6,0.43372742921099894,0.8297901063682256,0.9109281565349847,0.80711490348353,80.711490348353,0.4416135840001516,A_same_width
4,ResDyNet,7,0.06405275541271568,0.1125923093614388,0.3355477750804478,0.29730732128024595,29.730732128024595,0.5178768750047311,A_same_width
4,Plain,7,0.2812030962620478,0.9239265437968232,0.9612109777758592,0.8516672802231872,85.16672802231872,0.5216912500036415,A_same_width
4,ResDyNet,8,0.05656574513379556,0.1138763877223862,0.3374557566887639,0.29899786117694,29.899786117694,0.6062457090010867,A_same_width
4,Plain,8,0.2632672861617878,0.888689611239728,0.9427033527254096,0.835268862961475,83.5268862961475,0.6092504170082975,A_same_width
4,ResDyNet,9,0.04515609197178485,0.08500478923182893,0.2915558080913994,0.2583288662443654,25.83288662443654,0.6775658749975264,A_same_width
4,Plain,9,0.2477089110019212,0.7894345777886811,0.8885013099532725,0.7872439158711898,78.72439158711899,0.6815677089907695,A_same_width
4,ResDyNet,10,0.03819756135882311,0.10176761264975862,0.3190103644864201,0.2826545844428667,28.26545844428667,0.7503036670095753,A_same_width
4,Plain,10,0.24992458018526595,0.7541641123806954,0.868426227368045,0.7694566752123514,76.94566752123514,0.7535127919982187,A_same_width
4,ResDyNet,11,0.03022984971589275,0.0767432262085661,0.2770256778866647,0.2454546515725883,24.545465157258832,0.8230152089963667,A_same_width
4,Plain,11,0.2569743939452689,0.7563567229344081,0.8696877157545737,0.7705743990087172,77.05743990087171,0.8269518750021234,A_same_width
4,ResDyNet,12,0.025247034396494148,0.07474780218807568,0.27340044291857996,0.24224256382408707,24.224256382408708,0.89540754200425,A_same_width
4,Plain,12,0.24485838833927395,0.7912237044066273,0.88950756287208,0.7881354919209769,78.81354919209768,0.8992545839864761,A_same_width
4,ResDyNet,13,0.02114667174299526,0.07703161229382428,0.2775456940646428,0.2459154044917814,24.59154044917814,0.9663542500056792,A_same_width
4,Plain,13,0.2336217528693515,0.5888928534018699,0.767393545322001,0.6799381079869643,67.99381079869643,0.9693274169985671,A_same_width
4,ResDyNet,14,0.020754038980515924,0.054673911897677493,0.23382453228367098,0.20717689254890062,20.71768925489006,1.0395837090036366,A_same_width
4,Plain,14,0.22662906864354848,0.5999538630041614,0.7745668873661986,0.6862939454151101,68.62939454151102,1.0444981250038836,A_same_width
4,ResDyNet,15,0.02045372055134682,0.05914476912106433,0.2431969759702294,0.21548121262860484,21.548121262860484,1.115220000006957,A_same_width
4,Plain,15,0.2051739882201758,0.5948998406554147,0.7712975046345053,0.683397155466297,68.33971554662969,1.1181600840063766,A_same_width
4,ResDyNet,16,0.016031907226565875,0.04577711846367437,0.21395587971279117,0.18957255626063313,18.95725562606331,1.1858806670061313,A_same_width
4,Plain,16,0.19182057252350673,0.570988137874674,0.7556375704494013,0.6695218940884441,66.9521894088444,1.1899198339961004,A_same_width
4,ResDyNet,17,0.016852710268102394,0.051260732130493855,0.22640833052362241,0.20060587273264566,20.060587273264566,1.2577963749936316,A_same_width
4,Plain,17,0.1710643562546882,0.3956373056920942,0.6289970633413913,0.5573138786282685,55.73138786282685,1.260742541984655,A_same_width
4,ResDyNet,18,0.013752427413656641,0.04963123290120823,0.22278068341130527,0.1973916477381439,19.73916477381439,1.3295154169900343,A_same_width
4,Plain,18,0.1468829208669589,0.2861957221501978,0.5349726368237891,0.47400487627783544,47.40048762778354,1.3325016250018962,A_same_width
4,ResDyNet,19,0.012947178271845139,0.05651174812013204,0.23772199755203985,0.21063018607303063,21.063018607303064,1.401087792008184,A_same_width
4,Plain,19,0.14529929466233896,0.3435232082627766,0.5861085294233284,0.519313104730247,51.93131047302471,1.4042139170051087,A_same_width
4,ResDyNet,20,0.014829073303569007,0.04350709755636631,0.2085835505411832,0.18481248060623917,18.481248060623916,1.4717144169844687,A_same_width
4,Plain,20,0.10287143403077033,0.25482998795198974,0.5048068818389758,0.4472769392298819,44.72769392298819,1.4754320840002038,A_same_width
4,ResDyNet,21,0.013488478556176053,0.045118310931646526,0.21241071284576615,0.18820348319180988,18.820348319180987,1.5434605839836877,A_same_width
4,Plain,21,0.09550318323119064,0.17850792313325303,0.422501980034713,0.3743518546341268,37.43518546341268,1.5463763749867212,A_same_width
4,ResDyNet,22,0.010989407759933784,0.03778261020148498,0.19437749407142016,0.17222540684612098,17.2225406846121,1.6151870419853367,A_same_width
4,Plain,22,0.09405461927097784,0.1868948717146675,0.4323133952524112,0.38304511917937,38.304511917937,1.6190880420035683,A_same_width
4,ResDyNet,23,0.010643015420778834,0.042481942931165514,0.2061114818033326,0.18262213935216653,18.262213935216653,1.6869380839925725,A_same_width
4,Plain,23,0.0795938449049978,0.1738410058738142,0.41694244911475997,0.3694259115400632,36.94259115400632,1.6898719590099063,A_same_width
4,ResDyNet,24,0.018053284074818723,0.04971818800624419,0.22297575654371976,0.19756448950542427,19.756448950542428,1.75817729200935,A_same_width
4,Plain,24,0.05613540267185432,0.1691086611076992,0.41122823481334453,0.3643629134416023,36.43629134416023,1.7614259170077275,A_same_width
4,ResDyNet,25,0.020664542120316,0.04802810760833562,0.21915316016050423,0.19417753248937225,19.417753248937224,1.830209667008603,A_same_width
4,Plain,25,0.09651718580267696,0.1468088763116091,0.3831564645306263,0.3394903216792268,33.94903216792268,1.8331559590005782,A_same_width
4,ResDyNet,26,0.02778947539200019,0.08701608938815625,0.2949848968814442,0.2613671614688112,26.136716146881124,1.9015466249838937,A_same_width
4,Plain,26,0.0800769669801047,0.14523638715603981,0.38109892043410437,0.3376672640725827,33.76672640725827,1.9046792500012089,A_same_width
4,ResDyNet,27,0.020673987375775475,0.08940090917595163,0.29899984812028185,0.26492455176175367,26.492455176175365,1.972858291992452,A_same_width
4,Plain,27,0.07519091254399629,0.19838055986511005,0.4453993262962014,0.3946397217785215,39.46397217785215,1.975792959012324,A_same_width
4,ResDyNet,28,0.02332760989761326,0.07659927048933457,0.2767657321442352,0.24522433035427182,24.522433035427184,2.0432046669884585,A_same_width
4,Plain,28,0.06646377055511025,0.21382437278870925,0.4624114756239396,0.40971309410124596,40.9713094101246,2.0461655000108294,A_same_width
4,ResDyNet,29,0.026875443484758326,0.03908424057062052,0.19769734588663684,0.17516691420671304,17.516691420671304,2.1142191250110045,A_same_width
4,Plain,29,0.05867392767411314,0.15361493735301124,0.3919374150971188,0.34727055771444487,34.72705577144449,2.1181140420085285,A_same_width
4,ResDyNet,30,0.016024054322965914,0.045385084787029795,0.21303775437004072,0.1887590643929335,18.87590643929335,2.1893364590068813,A_same_width
4,Plain,30,0.05089275050175735,0.3246012625915618,0.5697378893768272,0.5048081325583962,50.48081325583962,2.1922976250061765,A_same_width
4,ResDyNet,31,0.012832447444143205,0.04491350758600498,0.21192807172718997,0.1877758459110406,18.77758459110406,2.259917333984049,A_same_width
4,Plain,31,0.13305792586319945,0.09605576912101997,0.30992865166199135,0.27460786229780093,27.460786229780094,2.262999500002479,A_same_width
4,ResDyNet,32,0.008684194720334172,0.0374142808263419,0.19342771473173614,0.17138386840581668,17.138386840581667,2.332745541993063,A_same_width
4,Plain,32,0.09371722815070008,0.10537493313480048,0.32461505377107897,0.28762053946203053,28.762053946203054,2.336518416996114,A_same_width
4,ResDyNet,33,0.00910106671414006,0.03925101636939601,0.19811869262993842,0.17554024248031316,17.554024248031315,2.403719916997943,A_same_width
4,Plain,33,0.0683438659491304,0.16423405885342188,0.40525801516246646,0.35907308545382416,35.90730854538241,2.4066685420111753,A_same_width
4,ResDyNet,34,0.008081995648935286,0.04773527701283393,0.2184840429249558,0.19358467070426386,19.358467070426386,2.4754166250058915,A_same_width
4,Plain,34,0.05615591515563045,0.2188168206121353,0.46777860213153755,0.41446856000938254,41.446856000938254,2.478326834010659,A_same_width
4,ResDyNet,35,0.007585459121293416,0.062001018993461984,0.249000038139479,0.22062293311341116,22.062293311341115,2.5465683339862153,A_same_width
4,Plain,35,0.04991335076470989,0.09381149193946081,0.306286617303892,0.2713808896893325,27.13808896893325,2.549546124995686,A_same_width
4,ResDyNet,36,0.008870404000639133,0.04293246722676032,0.20720151357256134,0.18358794645770332,18.35879464577033,2.6181980000110343,A_same_width
4,Plain,36,0.07882240420422802,0.1293855853267117,0.3597020785687952,0.3187088974515943,31.87088974515943,2.621312041999772,A_same_width
4,ResDyNet,37,0.006467428590409246,0.04119165037778939,0.2029572624416022,0.1798273882651074,17.98273882651074,2.688921875000233,A_same_width
4,Plain,37,0.11109188996601717,0.13484571119140962,0.36721344091877905,0.3253642329515945,32.53642329515945,2.691916042007506,A_same_width
4,ResDyNet,38,0.008163824056847135,0.04282375870585875,0.20693902170895356,0.18335536928502388,18.33553692850239,2.7599536670022644,A_same_width
4,Plain,38,0.0843797952227377,0.12393292021606728,0.35204107745555385,0.3119209766592222,31.19209766592222,2.762854166998295,A_same_width
4,ResDyNet,39,0.006126880768825544,0.04526046234052988,0.21274506419780903,0.1884997304395184,18.84997304395184,2.8311309999844525,A_same_width
4,Plain,39,0.10802842445604326,0.07578085908039452,0.27528323428860413,0.24391078426934928,24.39107842693493,2.8340867089864332,A_same_width
4,ResDyNet,40,0.006287676601937631,0.03380498134758448,0.18386131008883974,0.16290769198658533,16.290769198658534,2.902982208994217,A_same_width
4,Plain,40,0.08594185268691483,0.13889028024949968,0.37267986295143407,0.33020767824377784,33.020767824377785,2.9068527499912307,A_same_width
4,ResDyNet,41,0.005983570180307416,0.03466044804736765,0.18617316682961496,0.16495607968523351,16.495607968523352,2.973985458986135,A_same_width
4,Plain,41,0.06858620985753504,0.19607301450106934,0.44280132621873364,0.3923378008567314,39.23378008567314,2.9769260000030044,A_same_width
4,ResDyNet,42,0.005402777942871587,0.0373226451812777,0.19319069641490944,0.171173861706016,17.117386170601602,3.044629584008362,A_same_width
4,Plain,42,0.08016887010840748,0.200178193148522,0.4474127771404411,0.39642371118774006,39.64237111877401,3.0475777919928078,A_same_width
4,ResDyNet,43,0.005422383442415761,0.03682867104560546,0.1919079754611711,0.17003732509624545,17.003732509624545,3.114966041990556,A_same_width
4,Plain,43,0.08472223183880993,0.2111475210456808,0.45950791184231077,0.40714043281664813,40.714043281664814,3.117833917000098,A_same_width
4,ResDyNet,44,0.005447617075371688,0.03751239959719571,0.19368118028656195,0.17160844794631283,17.160844794631284,3.1849366250098683,A_same_width
4,Plain,44,0.08373947746533628,0.09382778402477157,0.3063132122922084,0.2714044537994922,27.14044537994922,3.188039458997082,A_same_width
4,ResDyNet,45,0.004792901801178401,0.03546171461327618,0.18831281053947493,0.16685188048355526,16.685188048355528,3.2556825839856174,A_same_width
4,Plain,45,0.07451724748705722,0.0897005992320084,0.2995005830244883,0.26536822078326766,26.536822078326765,3.258639250008855,A_same_width
4,ResDyNet,46,0.00554275132899253,0.03156898423392754,0.17767662827149647,0.15742784285438907,15.742784285438907,3.3260841669980437,A_same_width
4,Plain,46,0.07501955076040026,0.09249853747989965,0.3041357221371729,0.2694751196981037,26.94751196981037,3.329825916996924,A_same_width
4,ResDyNet,47,0.005500424448954797,0.03318016864130228,0.18215424409357658,0.16139517050382893,16.139517050382892,3.399797624995699,A_same_width
4,Plain,47,0.06565293313861247,0.08936390040195669,0.2989379541007744,0.2648697114483628,26.48697114483628,3.402807792008389,A_same_width
4,ResDyNet,48,0.00553500543050411,0.03601780761763358,0.18978358100118561,0.1681550356783244,16.81550356783244,3.4757404169940855,A_same_width
4,Plain,48,0.039838510999410326,0.07241623502472071,0.26910264774751047,0.23843456369827637,23.84345636982764,3.4786726250022184,A_same_width
4,ResDyNet,49,0.00477327248291533,0.03951815361392597,0.19879173426962696,0.17613658142774888,17.613658142774888,3.5473217499966267,A_same_width
4,Plain,49,0.026373072942453946,0.06605080812757702,0.25700351773385716,0.22771430208033458,22.771430208033458,3.55028854199918,A_same_width
4,ResDyNet,50,0.0051143934394937115,0.038693135777984,0.19670570855464262,0.1742882880892071,17.42882880892071,3.618539041985059,A_same_width
4,Plain,50,0.02631596114414611,0.07400393253335787,0.2720366382187478,0.2410341841173246,24.10341841173246,3.621689499996137,A_same_width
4,ResDyNet,51,0.005083199553717348,0.034501407994393204,0.1857455463648946,0.16457719267023202,16.4577192670232,3.689301375008654,A_same_width
4,Plain,51,0.026152755940831066,0.07761305369093328,0.2785911945681939,0.24684175530436958,24.68417553043696,3.692207916988991,A_same_width
4,ResDyNet,52,0.00467123010554926,0.04051674632278093,0.20128772024835725,0.17834811421204894,17.834811421204893,3.7597790420113597,A_same_width
4,Plain,52,0.03332223554601618,0.06554339261161884,0.25601443828741155,0.22683794234084415,22.683794234084413,3.762698167003691,A_same_width
4,ResDyNet,53,0.005448683194165141,0.04059683283329736,0.2014865574506085,0.17852429107973344,17.852429107973343,3.8314051250054035,A_same_width
4,Plain,53,0.03529865775232739,0.06889107102159606,0.26247108606777253,0.23255876303640366,23.255876303640367,3.8343645420100074,A_same_width
4,ResDyNet,54,0.004722615373975731,0.03873156754841246,0.19680337280751176,0.1743748221077933,17.43748221077933,3.902175625000382,A_same_width
4,Plain,54,0.048587222005807486,0.054649279986342725,0.23377185456410857,0.20713021820665384,20.713021820665382,3.905271374998847,A_same_width
4,ResDyNet,55,0.004580743695181749,0.036544577412052796,0.19116636056600753,0.16938022779363407,16.938022779363408,3.973325291997753,A_same_width
4,Plain,55,0.03208718627273543,0.06080268117099926,0.24658199685094462,0.21848046211038685,21.848046211038685,3.9762408749957103,A_same_width
4,ResDyNet,56,0.004493016041805981,0.03473500201608287,0.186373286755594,0.16513339309198571,16.51333930919857,4.043736541992985,A_same_width
4,Plain,56,0.020306338802074015,0.06518077192220707,0.25530525243756164,0.22620957833140262,22.620957833140263,4.046676666999701,A_same_width
4,ResDyNet,57,0.0049594791186611835,0.03181394692213767,0.17836464594234383,0.1580374511006785,15.80374511006785,4.114337542006979,A_same_width
4,Plain,57,0.04040125902805575,0.12153407798266841,0.3486173804942439,0.3088874587877407,30.88874587877407,4.117263541993452,A_same_width
4,ResDyNet,58,0.004880362026446462,0.03865443650622679,0.1966073154951941,0.17420110832194388,17.42011083219439,4.1846677499997895,A_same_width
4,Plain,58,0.03776434662490356,0.052060941588230186,0.22816866916434908,0.20216559568326,20.216559568326,4.187812833988573,A_same_width
4,ResDyNet,59,0.004617819417641182,0.04669006119617471,0.21607883097650893,0.19145356695508078,19.145356695508077,4.2558655419852585,A_same_width
4,Plain,59,0.047252593357024184,0.07285640448978026,0.2699192555001963,0.2391581073529154,23.91581073529154,4.258826500008581,A_same_width
4,ResDyNet,60,0.005214824074973174,0.04522725938716149,0.21266701527778464,0.18843057630688942,18.843057630688943,4.326401667000027,A_same_width
4,Plain,60,0.04317346905646133,0.05250376000022882,0.229136989594061,0.20302356219199208,20.302356219199208,4.329259624995757,A_same_width
4,ResDyNet,61,0.0063479453247508345,0.03245547745593418,0.18015403813385417,0.15962291653566812,15.962291653566812,4.396974667004542,A_same_width
4,Plain,61,0.029665919726719826,0.11929607507731023,0.345392639002788,0.30603022257326673,30.60302225732667,4.399917959002778,A_same_width
4,ResDyNet,62,0.004622481263962867,0.033642170903053034,0.18341802229621013,0.16251492315910213,16.251492315910212,4.469213917007437,A_same_width
4,Plain,62,0.04802834595899533,0.09298932269072828,0.3049415069988477,0.27018907388449426,27.018907388449424,4.472638917010045,A_same_width
4,ResDyNet,63,0.005056831667694306,0.03193370665403379,0.17870004659773817,0.15833462806865875,15.833462806865874,4.543856459000381,A_same_width
4,Plain,63,0.0385937797913344,0.06590225048029655,0.25671433633573437,0.2274580770261844,22.74580770261844,4.546782791992882,A_same_width
4,ResDyNet,64,0.0064145887554513704,0.04836994748972623,0.21993168823461123,0.1948673361878135,19.48673361878135,4.614748833992053,A_same_width
4,Plain,64,0.03843982386251819,0.04935993542417779,0.22217095990290403,0.19685141091803413,19.685141091803413,4.617735917010577,A_same_width
4,ResDyNet,65,0.0056549663214374634,0.041795156006986994,0.20443863628724143,0.18113993843700477,18.113993843700477,4.685856291995151,A_same_width
4,Plain,65,0.03187474113110781,0.0582025210308501,0.24125198658425612,0.21375788251823952,21.375788251823952,4.688965667010052,A_same_width
4,ResDyNet,66,0.004173076358531486,0.034622276747085935,0.1860706230093454,0.16486522219553365,16.486522219553365,4.756286624993663,A_same_width
4,Plain,66,0.03381424721699478,0.05009013681716496,0.2238082590459185,0.19830211647621396,19.830211647621397,4.759257833997253,A_same_width
4,ResDyNet,67,0.0041779171339884815,0.033833881165540335,0.18393988465131844,0.1629773118572154,16.29773118572154,4.827504166983999,A_same_width
4,Plain,67,0.03543252303113328,0.09171377264106545,0.30284281837459087,0.26832956075576164,26.832956075576163,4.830444458988495,A_same_width
4,ResDyNet,68,0.004282546555594954,0.032065970726536074,0.17906973704826865,0.15866218702065524,15.866218702065524,4.8983925840002485,A_same_width
4,Plain,68,0.033036222190714365,0.1270595110195293,0.35645407981888677,0.31583105447491133,31.583105447491132,4.901361208991148,A_same_width
4,ResDyNet,69,0.004375275014848439,0.028515247922944464,0.16886458457280043,0.14962005719276258,14.962005719276258,4.968632083997363,A_same_width
4,Plain,69,0.03329128146540136,0.0991559700252529,0.3148904095479138,0.27900415711916005,27.900415711916004,4.972628666990204,A_same_width
4,ResDyNet,70,0.004483604866128134,0.029416698455981164,0.17151296876907346,0.15196662024455485,15.196662024455485,5.039841374993557,A_same_width
4,Plain,70,0.03372546224882959,0.0633149310990824,0.2516245836540667,0.22294837424122996,22.294837424122996,5.042830374994082,A_same_width
4,ResDyNet,71,0.004147686837083816,0.02916838169389971,0.17078753377778985,0.1513238589150548,15.132385891505479,5.1102232089906465,A_same_width
4,Plain,71,0.03282497724328424,0.049131807850321486,0.22165695985085038,0.19639598850142792,19.639598850142793,5.113433749997057,A_same_width
4,ResDyNet,72,0.004630840628359946,0.03574574271991983,0.1890654455999822,0.16751874204652453,16.751874204652452,5.181940874987049,A_same_width
4,Plain,72,0.031605287898556836,0.04419841419613046,0.2102341889325579,0.18627500521521415,18.627500521521416,5.184890042000916,A_same_width
4,ResDyNet,73,0.004551691516187495,0.04117929199364737,0.20292681437810867,0.17980041019263096,17.980041019263098,5.253453666984569,A_same_width
4,Plain,73,0.024441351464706083,0.07006005357664707,0.26468859736801487,0.23452355730281074,23.452355730281074,5.256333166995319,A_same_width
4,ResDyNet,74,0.004964075068543746,0.04175632973222505,0.20434365596275567,0.18105578247489051,18.105578247489053,5.323782749997918,A_same_width
4,Plain,74,0.01687235750936761,0.0525977169214021,0.22934192142171064,0.20320513911560295,20.320513911560294,5.3267150839965325,A_same_width
4,ResDyNet,75,0.003985792168614596,0.03735028496115764,0.1932622181419784,0.171237232512403,17.1237232512403,5.39404229199863,A_same_width
4,Plain,75,0.02646943020672824,0.06176296650685279,0.24852156145262888,0.22019898566798898,22.019898566798897,5.396968334011035,A_same_width
4,ResDyNet,76,0.004380951193903367,0.036569959880266185,0.19123273746999017,0.16943904010288935,16.943904010288936,5.464550500008045,A_same_width
4,Plain,76,0.014729034090169388,0.08199846889969122,0.2863537478359437,0.2537196549351348,25.371965493513482,5.467465833993629,A_same_width
4,ResDyNet,77,0.004360557542131821,0.0387694178722144,0.1968995121177663,0.1744600049727211,17.44600049727211,5.535008667007787,A_same_width
4,Plain,77,0.031661696845043094,0.08388727712045234,0.2896330041974711,0.2566251932728668,25.66251932728668,5.538162666984135,A_same_width
4,ResDyNet,78,0.0037858785287292356,0.04046256035050589,0.2011530769103617,0.17822881540239927,17.822881540239926,5.605095167004038,A_same_width
4,Plain,78,0.029851529192361063,0.20314743593853668,0.450718799184743,0.39935296487702227,39.935296487702225,5.608046667010058,A_same_width
4,ResDyNet,79,0.005833971940507781,0.04790264305172402,0.2188667244048853,0.1939237401726104,19.39237401726104,5.675307958998019,A_same_width
4,Plain,79,0.04824451717191179,0.15268068575251859,0.39074375971027175,0.346212936380165,34.621293638016496,5.678242833993863,A_same_width
4,ResDyNet,80,0.004883710754518185,0.052056031348235866,0.22815790880054074,0.2021560616163478,20.21560616163478,5.74556483401102,A_same_width
4,Plain,80,0.03171580012842588,0.05743469545068603,0.2396553680823487,0.21234322146201653,21.234322146201652,5.748488874989562,A_same_width
4,ResDyNet,81,0.006229503863224628,0.034779791049026204,0.18649340752162313,0.16523982438383286,16.523982438383285,5.819987541995943,A_same_width
4,Plain,81,0.017416274423897392,0.0503061812447106,0.22429039490069697,0.1987293060752002,19.87293060752002,5.822948541986989,A_same_width
4,ResDyNet,82,0.004716993972852265,0.033145063674151334,0.18205785804010585,0.1613097690155929,16.13097690155929,5.891861000010977,A_same_width
4,Plain,82,0.02000569567782484,0.04154268647172423,0.20382023077144287,0.18059200904804393,18.059200904804392,5.894800542009762,A_same_width
4,ResDyNet,83,0.0037895178453591543,0.034430527690098044,0.18555464879678452,0.16440805060216104,16.440805060216103,5.96366408400354,A_same_width
4,Plain,83,0.024713412939716833,0.06276697021575044,0.25053337146126947,0.22198152123822282,22.198152123822283,5.966565459006233,A_same_width
4,ResDyNet,84,0.003439207572116884,0.034798074019727857,0.18654241882137118,0.1652832501470854,16.52832501470854,6.034510333993239,A_same_width
4,Plain,84,0.021275206908662428,0.08424091368324313,0.29024285294084873,0.2571655410556416,25.71655410556416,6.0376331669976935,A_same_width
4,ResDyNet,85,0.003343374836644073,0.029871259574191514,0.1728330395907898,0.15313625017224725,15.313625017224725,6.104955333983526,A_same_width
4,Plain,85,0.015800983527766252,0.04040688896350955,0.20101464862917218,0.178106162997805,17.8106162997805,6.10784095901181,A_same_width
4,ResDyNet,86,0.003627708599889975,0.028550164394855946,0.16896793895545967,0.14971163286970943,14.971163286970942,6.175954999984242,A_same_width
4,Plain,86,0.019524371578578992,0.07128914950471431,0.2670002799712283,0.23657179070935552,23.657179070935552,6.178872541990131,A_same_width
4,ResDyNet,87,0.003589753928933728,0.027000727346009484,0.16431898048006957,0.14559248950560888,14.559248950560889,6.246481584006688,A_same_width
4,Plain,87,0.03370257310821642,0.08670871627305568,0.2944634379223602,0.2609051301939929,26.090513019399292,6.250332708994392,A_same_width
4,ResDyNet,88,0.003792840013842898,0.036044157426302674,0.18985298898437883,0.16821653363209177,16.821653363209176,6.317788249987643,A_same_width
4,Plain,88,0.04072339891003614,0.07566172230345858,0.2750667597210877,0.2437189800656761,24.371898006567612,6.320894333999604,A_same_width
4,ResDyNet,89,0.003928216610940112,0.03994491047843914,0.19986222874380027,0.1770850777915989,17.70850777915989,6.388226667011622,A_same_width
4,Plain,89,0.024039136611272917,0.05128195910011944,0.22645520329663313,0.20064740368477743,20.064740368477743,6.391395916987676,A_same_width
4,ResDyNet,90,0.004899564478424038,0.04025763710714889,0.20064305895582057,0.1777769212665103,17.77769212665103,6.459235291986261,A_same_width
4,Plain,90,0.023047703193495105,0.06130496952752235,0.2475984037257154,0.2193810349280623,21.93810349280623,6.462114083988126,A_same_width
4,ResDyNet,91,0.003910612890482933,0.03878220042045262,0.19693196901583201,0.17448876294442472,17.44887629444247,6.530374458990991,A_same_width
4,Plain,91,0.020263540645356626,0.08191693756731491,0.28621135122023883,0.25359348644433066,25.359348644433066,6.533284834004007,A_same_width
4,ResDyNet,92,0.003505531134337395,0.03343041228081481,0.18283985419162532,0.16200264555457153,16.200264555457153,6.60103704201174,A_same_width
4,Plain,92,0.01912689156582682,0.06380769567061689,0.25260185207281616,0.22381426898805257,22.381426898805255,6.604132459004177,A_same_width
4,ResDyNet,93,0.0033999034880750007,0.033793117559059026,0.18382904438379433,0.16287910341873096,16.287910341873097,6.671833833999699,A_same_width
4,Plain,93,0.016680933346662544,0.04995984583186492,0.22351699226650515,0.1980440436997083,19.80440436997083,6.674784333998105,A_same_width
4,ResDyNet,94,0.003841313660738984,0.035689816030769046,0.1889174847142769,0.16738764341363166,16.738764341363165,6.744651791988872,A_same_width
4,Plain,94,0.01898520470056151,0.051675247499999605,0.2273219028162478,0.20141533043520735,20.141533043520734,6.747565500001656,A_same_width
4,ResDyNet,95,0.003533899190747936,0.031577439982158666,0.17770042200894928,0.15744892495616622,15.744892495616622,6.820466750010382,A_same_width
4,Plain,95,0.017914928407412264,0.055691037882638086,0.23598948680531953,0.2090951196310816,20.90951196310816,6.823532125010388,A_same_width
4,ResDyNet,96,0.00497191048584337,0.028359036017877266,0.1684014133488115,0.1492096709344564,14.92096709344564,6.894226000003982,A_same_width
4,Plain,96,0.016848676614134705,0.08769505810624668,0.296133513986929,0.26238487727612503,26.2384877276125,6.897163791989442,A_same_width
4,ResDyNet,97,0.005345119023133297,0.030098792482690595,0.17349003568704052,0.15371837219472542,15.371837219472543,6.967294583999319,A_same_width
4,Plain,97,0.05032963440383686,0.08935360481126402,0.298920733324512,0.2648544532251196,26.485445322511957,6.970555917010643,A_same_width
4,ResDyNet,98,0.005756409400596641,0.03791479469049694,0.19471721724207375,0.17252641371710867,17.252641371710865,7.0436799169983715,A_same_width
4,Plain,98,0.039882714957057905,0.09022696497590255,0.3003780367735007,0.26614567616530277,26.614567616530277,7.046623542002635,A_same_width
4,ResDyNet,99,0.0049381163499437495,0.02953349281045745,0.1718531140551647,0.1522680011249068,15.226800112490679,7.116624541988131,A_same_width
4,Plain,99,0.026026919131580464,0.08541435693284885,0.29225734709815054,0.2589504548775214,25.89504548775214,7.1199707920022774,A_same_width
4,ResDyNet,100,0.006502151769480692,0.033797596813595135,0.18384122718692653,0.16288989781772242,16.28898978177224,7.193150500010233,A_same_width
4,Plain,100,0.018548278041494646,0.07377974103831574,0.2716242644505747,0.2406688062203846,24.06688062203846,7.196114416990895,A_same_width
