seed,model,epoch,train_loss,val_loss,val_rmse,val_nrmse,val_nrmse_percent,wall_time_sec,comparison
0,ResDyNet,0,1.018308984357645,2.458779768183609,1.5680496701902045,1.4126345280776824,141.26345280776823,0.00627133299713023,B_parameter_matched
0,Plain,0,1.0149730020579115,2.377933642413887,1.542055006286704,1.3892162904580763,138.92162904580763,0.014034249994438142,B_parameter_matched
0,ResDyNet,1,0.9441285380849183,2.4722803814004037,1.572348683149003,1.416507450127094,141.6507450127094,0.15989312500460073,B_parameter_matched
0,Plain,1,0.981632992367353,2.272516778944424,1.5074869083824323,1.358074363261586,135.80743632615858,0.16600370800006203,B_parameter_matched
0,ResDyNet,2,0.8442881231160786,1.4213813580981611,1.1922169928742674,1.0740520030152136,107.40520030152136,0.3084466249856632,B_parameter_matched
0,Plain,2,0.9390063503846537,2.3430687327410444,1.5307085721132696,1.3789944429052434,137.89944429052434,0.31651075000991113,B_parameter_matched
0,ResDyNet,3,0.48443815840857735,0.8034077883166909,0.8963301781802792,0.807491613516232,80.7491613516232,0.47941541598993354,B_parameter_matched
0,Plain,3,0.929544831663315,2.175089187441206,1.4748183574397242,1.3286437119746681,132.86437119746682,0.4865199160121847,B_parameter_matched
0,ResDyNet,4,0.33692208298947485,0.6910804147466608,0.8313124651697825,0.7489180440169111,74.8918044016911,0.6326897910039406,B_parameter_matched
0,Plain,4,0.9127830891523506,2.270397033275286,1.506783671691224,1.3574408269327962,135.7440826932796,0.639867416000925,B_parameter_matched
0,ResDyNet,5,0.19983686779495666,0.6581598186311036,0.8112704965861286,0.7308625082962324,73.08625082962324,0.7810718750115484,B_parameter_matched
0,Plain,5,0.9044695170904116,2.2595589695135465,1.5031829461225092,1.3541969824543993,135.41969824543995,0.7876980410073884,B_parameter_matched
0,ResDyNet,6,0.15245367677015892,0.40214524444122385,0.6341492288422528,0.5712963776891958,57.12963776891959,0.9247049579862505,B_parameter_matched
0,Plain,6,0.851830960251401,1.5170488033410598,1.2316853507860925,1.1096085075142128,110.96085075142128,0.9312010830035433,B_parameter_matched
0,ResDyNet,7,0.10947234611277362,0.36964259306975156,0.6079823953617008,0.5477230348494865,54.77230348494865,1.0686691660084762,B_parameter_matched
0,Plain,7,0.3879724857034595,1.0107677866243738,1.0053694776669788,0.9057236289304063,90.57236289304062,1.0903527910122648,B_parameter_matched
0,ResDyNet,8,0.07544490789359466,0.23925882089482736,0.48914090086071044,0.4406603558464105,44.06603558464105,1.22752399998717,B_parameter_matched
0,Plain,8,0.33693175523964186,1.121875570841684,1.059186277687586,0.9542064489233085,95.42064489233086,1.2348745409981348,B_parameter_matched
0,ResDyNet,9,0.05372067571627263,0.10188789955349846,0.31919884015061595,0.2875618747870489,28.75618747870489,1.3762344160059001,B_parameter_matched
0,Plain,9,0.36455943575318084,1.0909590684676314,1.0444898603948396,0.9409666473395658,94.09666473395659,1.3829450829944108,B_parameter_matched
0,ResDyNet,10,0.044698753460453676,0.08387917438290418,0.28961901592075096,0.2609138152032555,26.09138152032555,1.519710499997018,B_parameter_matched
0,Plain,10,0.35662942092700467,1.168443395393445,1.0809456024210677,0.9738091273400212,97.38091273400212,1.5269992499961518,B_parameter_matched
0,ResDyNet,11,0.03507513002659849,0.08302912664609771,0.28814775141600135,0.2595883731086232,25.95883731086232,1.6634913749876432,B_parameter_matched
0,Plain,11,0.3882725915590681,1.2474451373794475,1.116890835032434,1.0061916963822637,100.61916963822637,1.6706537079880945,B_parameter_matched
0,ResDyNet,12,0.03339726679868578,0.09219529171008299,0.3036367759512721,0.2735422237300208,27.35422237300208,1.8072397079959046,B_parameter_matched
0,Plain,12,0.3779612033532976,1.0826565099392054,1.040507813492626,0.9373792756807271,93.7379275680727,1.8136543330037966,B_parameter_matched
0,ResDyNet,13,0.03251481417928656,0.12388487813199679,0.35197283720764133,0.3170875210379451,31.708752103794506,1.9507051660038996,B_parameter_matched
0,Plain,13,0.35371382487827985,1.0240947442047479,1.0119756638401676,0.9116750518123254,91.16750518123254,1.95686299999943,B_parameter_matched
0,ResDyNet,14,0.043480109952682554,0.17257943224605538,0.41542680732718174,0.3742523359277689,37.42523359277689,2.098937000002479,B_parameter_matched
0,Plain,14,0.3463934068552075,1.0459430717562714,1.0227135824639622,0.9213486960189026,92.13486960189026,2.1051119579933584,B_parameter_matched
0,ResDyNet,15,0.036193201759801424,0.07257312712188634,0.26939399978820305,0.24269337444623557,24.269337444623556,2.2453929999901447,B_parameter_matched
0,Plain,15,0.36350972043838065,1.1836890647263327,1.087974753717352,0.9801415937235693,98.01415937235693,2.252565166010754,B_parameter_matched
0,ResDyNet,16,0.027984559364132834,0.08047671658874776,0.2836841845939737,0.25556720673165934,25.556720673165934,2.3955385829904117,B_parameter_matched
0,Plain,16,0.3776418440952708,1.2036596279550502,1.0971142273961496,0.9883752207141994,98.83752207141994,2.4016266250109766,B_parameter_matched
0,ResDyNet,17,0.029578237814822255,0.09695839282040818,0.3113814265822677,0.28051927369038077,28.051927369038076,2.541653166001197,B_parameter_matched
0,Plain,17,0.3489125344302819,0.9771491536229582,0.9885085501010895,0.8905338496091282,89.05338496091282,2.54771325000911,B_parameter_matched
0,ResDyNet,18,0.022293752925659688,0.05374196832858531,0.23182314019222783,0.2088463002598704,20.88463002598704,2.6869789579941425,B_parameter_matched
0,Plain,18,0.31905354765761246,0.9666835233259188,0.983200652626878,0.8857520372812967,88.57520372812967,2.6944904580013826,B_parameter_matched
0,ResDyNet,19,0.021941888155699415,0.086872236334542,0.2947409648056103,0.26552810898702556,26.552810898702557,2.833179207984358,B_parameter_matched
0,Plain,19,0.33054669107631995,0.9730697020925,0.9864429543022242,0.8886729825702828,88.86729825702828,2.8392538749903906,B_parameter_matched
0,ResDyNet,20,0.02121103574040974,0.06700752248746059,0.25885811265529346,0.2332017376500159,23.320173765001588,2.976481582998531,B_parameter_matched
0,Plain,20,0.3445525133230337,1.0429638124211582,1.0212559974958082,0.9200355776319247,92.00355776319246,2.9825698749918956,B_parameter_matched
0,ResDyNet,21,0.02424428983901702,0.07501021142696089,0.2738799215476755,0.24673468008097166,24.673468008097167,3.118440999998711,B_parameter_matched
0,Plain,21,0.3451674428901574,1.025593636527406,1.0127159703132,0.9123419838011815,91.23419838011814,3.1246767079865094,B_parameter_matched
0,ResDyNet,22,0.024043219580882697,0.060871680497353316,0.24672186870513388,0.22226836125825292,22.22683612582529,3.260462540987646,B_parameter_matched
0,Plain,22,0.33666500360023566,1.1283843974890755,1.062254393960823,0.9569704729629335,95.69704729629335,3.2664592080109287,B_parameter_matched
0,ResDyNet,23,0.023315835624140503,0.07276401097912406,0.2697480509273868,0.24301233428113386,24.301233428113385,3.4020726660091896,B_parameter_matched
0,Plain,23,0.42937573220543723,1.485918404914978,1.2189825285519795,1.0981647084859816,109.81647084859816,3.4082188330066856,B_parameter_matched
0,ResDyNet,24,0.026275733157188327,0.07470733266716845,0.2733264214582418,0.24623603941129618,24.62360394112962,3.5434917910024524,B_parameter_matched
0,Plain,24,0.33958464957977336,0.8628554862328233,0.9289001486881263,0.8368334550360071,83.68334550360072,3.5495015000051353,B_parameter_matched
0,ResDyNet,25,0.027215164511202677,0.06678947821171843,0.25843660385424977,0.2328220061290299,23.28220061290299,3.686237499990966,B_parameter_matched
0,Plain,25,0.34722672672845856,0.9923166148601251,0.9961508996432846,0.8974187379160362,89.74187379160362,3.6925221249985043,B_parameter_matched
0,ResDyNet,26,0.021044997231670668,0.05255050702750326,0.2292389736225131,0.20651825989732225,20.651825989732224,3.830885125003988,B_parameter_matched
0,Plain,26,0.359289268451703,1.1094717520031419,1.0533146500467663,0.9489167797890194,94.89167797890194,3.8379530000092927,B_parameter_matched
0,ResDyNet,27,0.02877273093820407,0.12836495098243708,0.3582805478705718,0.3227700514098934,32.27700514098934,3.974377665988868,B_parameter_matched
0,Plain,27,0.35067689923975487,1.1276983996132959,1.0619314476995658,0.9566795350876618,95.66795350876617,3.9805717499984894,B_parameter_matched
0,ResDyNet,28,0.0326470876889849,0.07305824297148752,0.27029288368635884,0.24350316667119354,24.350316667119355,4.117306666012155,B_parameter_matched
0,Plain,28,0.33961546432177275,1.1057633683565118,1.0515528366927227,0.9473295862049996,94.73295862049996,4.123362540995004,B_parameter_matched
0,ResDyNet,29,0.02709004386500193,0.11187018011353639,0.33446999882431366,0.3013194530298361,30.13194530298361,4.2594504579901695,B_parameter_matched
0,Plain,29,0.3466437477253936,1.1049273105871875,1.051155226684997,0.9469713847804527,94.69713847804528,4.265481375012314,B_parameter_matched
0,ResDyNet,30,0.02661589610965197,0.09919780895085015,0.3149568366472621,0.28374031177728964,28.374031177728966,4.400696708005853,B_parameter_matched
0,Plain,30,0.3340558404118198,1.0954137080204183,1.0466201354934932,0.9428857830760614,94.28857830760614,4.406764707993716,B_parameter_matched
0,ResDyNet,31,0.025876596782996857,0.06458350452852298,0.25413284818874354,0.22894481143993142,22.894481143993143,4.543365666002501,B_parameter_matched
0,Plain,31,0.3426289721075798,1.152825455002788,1.0736970964861496,0.9672790473589455,96.72790473589455,4.549360166012775,B_parameter_matched
0,ResDyNet,32,0.014588463334960465,0.07391640185433324,0.27187571030589186,0.2449291135510788,24.49291135510788,4.684446250001201,B_parameter_matched
0,Plain,32,0.3232455412264121,1.0947214163903531,1.0462893559576878,0.942587788310753,94.25877883107529,4.690522249991773,B_parameter_matched
0,ResDyNet,33,0.015049971634358896,0.06186838022935116,0.24873355268107913,0.22408065987227332,22.40806598722733,4.825517082994338,B_parameter_matched
0,Plain,33,0.31482735074528684,1.1468687106344104,1.0709195631019215,0.9647768054746224,96.47768054746224,4.831539665989112,B_parameter_matched
0,ResDyNet,34,0.02054365042703847,0.09689356262420291,0.31127730823849487,0.2804254748967482,28.042547489674817,4.96676995800226,B_parameter_matched
0,Plain,34,0.3329688570076322,1.0644283260252434,1.031711357902608,0.9294546690005994,92.94546690005994,4.9728008749953005,B_parameter_matched
0,ResDyNet,35,0.024023144878736167,0.08909903726938519,0.2984946184931735,0.2689097243186717,26.890972431867173,5.122364707989618,B_parameter_matched
0,Plain,35,0.2832448974785678,0.9472121781355157,0.9732482613061869,0.8767860638916634,87.67860638916633,5.130715999985114,B_parameter_matched
0,ResDyNet,36,0.02186065025319166,0.058337681433038614,0.24153194702365693,0.21759283171052882,21.759283171052882,5.269099708006252,B_parameter_matched
0,Plain,36,0.27590999146225326,0.9892343603044889,0.9946026142658629,0.8960239087693305,89.60239087693304,5.275354082987178,B_parameter_matched
0,ResDyNet,37,0.03141865912280254,0.047376705155992876,0.21766190561509122,0.19608863747394334,19.608863747394334,5.412588165985653,B_parameter_matched
0,Plain,37,0.29381452527833885,1.0372091135290484,1.0184346388104877,0.9174938541325076,91.74938541325076,5.419758832984371,B_parameter_matched
0,ResDyNet,38,0.02270326066162177,0.0695824967963559,0.26378494421849763,0.23764025290403903,23.764025290403904,5.556381291011348,B_parameter_matched
0,Plain,38,0.2754759295558495,0.9454928534819351,0.9723645681954557,0.8759899568395877,87.59899568395878,5.5625442909949925,B_parameter_matched
0,ResDyNet,39,0.015524439863691881,0.058176666580406496,0.24119839672022386,0.21729234079851378,21.729234079851377,5.700859208009206,B_parameter_matched
0,Plain,39,0.26977678743679695,0.975833645387694,0.9878429254632004,0.8899341974653876,88.99341974653876,5.706887749984162,B_parameter_matched
0,ResDyNet,40,0.01539602144705792,0.08534768617320984,0.29214326309742256,0.26318787500311913,26.318787500311913,5.84412783299922,B_parameter_matched
0,Plain,40,0.26976405484226507,1.0443708901010795,1.021944660977824,0.920655985155625,92.0655985155625,5.850187625008402,B_parameter_matched
0,ResDyNet,41,0.030929572229104967,0.11581489935672028,0.34031588172860855,0.30658592908266696,30.658592908266698,5.986616665992187,B_parameter_matched
0,Plain,41,0.2629861932663608,1.1285246101536064,1.0623203895970397,0.9570299275300905,95.70299275300906,5.992860083002597,B_parameter_matched
0,ResDyNet,42,0.030838014046362022,0.056876524957550245,0.23848799751255878,0.21485057917679318,21.485057917679317,6.130416208005045,B_parameter_matched
0,Plain,42,0.2518099172003709,1.081057378031031,1.0397390913258149,0.9366867443815086,93.66867443815086,6.136501375003718,B_parameter_matched
0,ResDyNet,43,0.01646889207156265,0.10407061393947453,0.32259977361968895,0.29062572929206903,29.062572929206905,6.295330958004342,B_parameter_matched
0,Plain,43,0.24969326994278543,1.349597739857628,1.1617218857616602,1.0465793775852612,104.65793775852612,6.301400916010607,B_parameter_matched
0,ResDyNet,44,0.028429358626481945,0.11722980494464695,0.34238838319173004,0.3084530173401083,30.84530173401083,6.438975708006183,B_parameter_matched
0,Plain,44,0.2760627572730032,1.0137101901532684,1.0068317586137558,0.9070409778603779,90.70409778603778,6.445205416006502,B_parameter_matched
0,ResDyNet,45,0.0182488619365213,0.0764341423077503,0.2764672535902766,0.24906557217480227,24.906557217480227,6.584733333002077,B_parameter_matched
0,Plain,45,0.2827572260085852,1.1093644695974674,1.0532637227197506,0.948870900055786,94.8870900055786,6.590950999991037,B_parameter_matched
0,ResDyNet,46,0.013653152858224599,0.06896972688137962,0.2626208805129166,0.23659156381296811,23.65915638129681,6.727345791005064,B_parameter_matched
0,Plain,46,0.28042195289990435,1.127020919506843,1.061612414917442,0.9563921228122827,95.63921228122827,6.733372665999923,B_parameter_matched
0,ResDyNet,47,0.011129716152423835,0.05816194326261336,0.24116787361216535,0.21726484294741416,21.726484294741415,6.869928208005149,B_parameter_matched
0,Plain,47,0.28041707795669035,1.1140936037560691,1.0555063257773822,0.950891230516108,95.0891230516108,6.876124291011365,B_parameter_matched
0,ResDyNet,48,0.010083464632696477,0.05674156038081275,0.23820487060682188,0.21459551401497134,21.459551401497134,7.012583625008119,B_parameter_matched
0,Plain,48,0.2777151955850405,1.1811812509567812,1.0868216279393694,0.9791027584620581,97.9102758462058,7.018646999989869,B_parameter_matched
0,ResDyNet,49,0.01342963923917313,0.05882891038126192,0.24254671793545657,0.21850702496304433,21.850702496304432,7.154760790988803,B_parameter_matched
0,Plain,49,0.2768934437473539,1.2215131078749493,1.1052208412235762,0.9956783583737518,99.56783583737518,7.160985374997836,B_parameter_matched
0,ResDyNet,50,0.01235650254050082,0.061795936327885465,0.24858788451548772,0.22394942941174129,22.39494294117413,7.315049625001848,B_parameter_matched
0,Plain,50,0.2548201972979184,0.9231864161831841,0.9608259031599763,0.8655949311290414,86.55949311290414,7.321294541005045,B_parameter_matched
0,ResDyNet,51,0.013698940121929268,0.06568141233271634,0.2562838510962334,0.2308826205762626,23.08826205762626,7.463994707999518,B_parameter_matched
0,Plain,51,0.2607049079349112,1.1138456616377177,1.0553888674975294,0.9507854139562865,95.07854139562865,7.470218915987061,B_parameter_matched
0,ResDyNet,52,0.020789916720292918,0.06405939130935193,0.25309956797543515,0.22801394341052655,22.801394341052657,7.61019470798783,B_parameter_matched
0,Plain,52,0.24921812928358728,1.0789359412280322,1.0387184128665632,0.9357672291001915,93.57672291001916,7.616178500000387,B_parameter_matched
0,ResDyNet,53,0.017853910446556008,0.07154438859907357,0.26747782823829264,0.2409671216721157,24.09671216721157,7.7542608749936335,B_parameter_matched
0,Plain,53,0.24467152826773883,1.0512138982779162,1.0252872272089983,0.9236672574133274,92.36672574133274,7.760492790985154,B_parameter_matched
0,ResDyNet,54,0.009291713511929103,0.06007472266733171,0.24510145382541432,0.22080855162822696,22.080855162822697,7.899394208012382,B_parameter_matched
0,Plain,54,0.23881102779005786,1.0410381810658238,1.0203127858974539,0.919185851187381,91.91858511873811,7.906053749989951,B_parameter_matched
0,ResDyNet,55,0.011873324554358577,0.06535392530259007,0.25564413801726427,0.23030631180199715,23.030631180199716,8.043772915989393,B_parameter_matched
0,Plain,55,0.248048691391187,0.8878136164904639,0.942238619719264,0.8488499013824188,84.88499013824188,8.049840291001601,B_parameter_matched
0,ResDyNet,56,0.010588448566642842,0.05552737040947086,0.23564246308649647,0.21228707608278613,21.22870760827861,8.186782540986314,B_parameter_matched
0,Plain,56,0.2586148376893181,1.1836732011966375,1.0879674632987135,0.9801350258850061,98.01350258850061,8.193031291011721,B_parameter_matched
0,ResDyNet,57,0.011701361903923554,0.06820588844018154,0.26116257090207534,0.235277792605292,23.5277792605292,8.329132915998343,B_parameter_matched
0,Plain,57,0.24957205787527934,0.9112460589740485,0.954592090357996,0.859978974330567,85.9978974330567,8.335148457990726,B_parameter_matched
0,ResDyNet,58,0.016748536088221144,0.10253067704392162,0.3202041177810204,0.2884675156720352,28.846751567203523,8.470923707995098,B_parameter_matched
0,Plain,58,0.25296466785646093,0.9687818101944209,0.9842671437137486,0.8867128245330282,88.67128245330282,8.477155000000494,B_parameter_matched
0,ResDyNet,59,0.015271479410846141,0.05850751347106387,0.2418832641400886,0.21790932850167694,21.790932850167692,8.612627541006077,B_parameter_matched
0,Plain,59,0.25837875430074375,1.0251996045182807,1.0125214094123052,0.9121667065432968,91.21667065432968,8.618679915991379,B_parameter_matched
0,ResDyNet,60,0.021754877565176634,0.05678115424526669,0.23828796496102503,0.21467037258359145,21.467037258359145,8.756051875010598,B_parameter_matched
0,Plain,60,0.24343986884656144,1.126329858687111,1.061286888021854,0.9560988600787943,95.60988600787942,8.7623212079925,B_parameter_matched
0,ResDyNet,61,0.016318115543905474,0.0509802089028536,0.2257879733352811,0.20340930087974304,20.340930087974304,8.899345540994545,B_parameter_matched
0,Plain,61,0.30081857691617625,0.7273869487384068,0.8528698310635726,0.768338780473734,76.8338780473734,8.90539870801149,B_parameter_matched
0,ResDyNet,62,0.010723452890491243,0.053892452326053664,0.23214747968921323,0.20913849328217773,20.913849328217772,9.043465333001222,B_parameter_matched
0,Plain,62,0.28634516462100484,0.9678541044992155,0.9837957636111346,0.8862881646377071,88.6288164637707,9.04943733298569,B_parameter_matched
0,ResDyNet,63,0.009949688155041221,0.06333347300909,0.25166142534979413,0.22671834036433328,22.671834036433328,9.185298291005893,B_parameter_matched
0,Plain,63,0.27473765770832753,1.2266213908292747,1.1075294085618108,0.9977581151533869,99.77581151533869,9.191445083008148,B_parameter_matched
0,ResDyNet,64,0.009599109057205213,0.054795024228412786,0.23408337025173914,0.2108825106453982,21.08825106453982,9.328564583003754,B_parameter_matched
0,Plain,64,0.26556224345939594,1.132362207750652,1.0641250902740016,0.9586557577174802,95.86557577174803,9.334718625003006,B_parameter_matched
0,ResDyNet,65,0.010249682140226863,0.04945722080644128,0.22238979474436607,0.2003479282068234,20.03479282068234,9.475453249993734,B_parameter_matched
0,Plain,65,0.2513983531480957,1.0068088692913242,1.0033986592034714,0.9039481454983119,90.3948145498312,9.481536665989552,B_parameter_matched
0,ResDyNet,66,0.009905992766505662,0.041058472938710934,0.2026289044996072,0.18254561212208245,18.254561212208245,9.619721875002142,B_parameter_matched
0,Plain,66,0.2512550266760542,0.9002138788357854,0.9487960153983497,0.8547573695746861,85.47573695746861,9.62719025000115,B_parameter_matched
0,ResDyNet,67,0.009515825139746156,0.04979786387165632,0.22315434988289232,0.2010367054871824,20.103670548718238,9.763404166005785,B_parameter_matched
0,Plain,67,0.24594463151885365,1.094902907741785,1.046376083318892,0.942665919805753,94.2665919805753,9.769498915993609,B_parameter_matched
0,ResDyNet,68,0.009303060691394595,0.061089336567583995,0.2471625711299832,0.22266538405273759,22.26653840527376,9.908311415987555,B_parameter_matched
0,Plain,68,0.2507371680782168,0.7997821193598335,0.8943053837251755,0.8056675038506289,80.56675038506289,9.914398791006533,B_parameter_matched
0,ResDyNet,69,0.010200025410455175,0.054083039027237705,0.23255760367538558,0.20950796837896446,20.950796837896448,10.067156041011913,B_parameter_matched
0,Plain,69,0.25112396830524303,0.9631500873988617,0.9814021028094762,0.8841317483192631,88.41317483192631,10.074420916003874,B_parameter_matched
0,ResDyNet,70,0.008703575394897745,0.0638327126692333,0.25265136585665493,0.22761016424422648,22.761016424422646,10.21980129100848,B_parameter_matched
0,Plain,70,0.23642343745970326,0.9828270662907037,0.9913763494711298,0.8931174108870226,89.31174108870226,10.22658291598782,B_parameter_matched
0,ResDyNet,71,0.006556977366312988,0.037073296009834514,0.19254427025968474,0.17346050289297182,17.34605028929718,10.367818124999758,B_parameter_matched
0,Plain,71,0.2444126180136365,0.897279855148085,0.9472485709401123,0.8533632980005863,85.33632980005864,10.375225124997087,B_parameter_matched
0,ResDyNet,72,0.006273859035827114,0.04907904823646885,0.22153791602447842,0.19958048230486933,19.958048230486934,10.519003624998732,B_parameter_matched
0,Plain,72,0.2603913810449212,1.3292217332564282,1.1529187886648513,1.0386487876623893,103.86487876623893,10.52570258299238,B_parameter_matched
0,ResDyNet,73,0.0055312984425439195,0.04866730159808401,0.22060666716598573,0.19874153292925414,19.874153292925413,10.665176000009524,B_parameter_matched
0,Plain,73,0.3447027424681706,0.890906542847492,0.9438784576668184,0.8503272089889351,85.03272089889352,10.671091374999378,B_parameter_matched
0,ResDyNet,74,0.007962379376559291,0.03934603265459059,0.19835834405083794,0.17869832255029064,17.869832255029063,10.809317333012586,B_parameter_matched
0,Plain,74,0.24407225731726717,0.9058925447363539,0.9517838750138363,0.8574490914876618,85.74490914876618,10.81535687498399,B_parameter_matched
0,ResDyNet,75,0.017637371199467483,0.04255378257733629,0.20628568194941763,0.18583995297448125,18.583995297448126,10.951142208010424,B_parameter_matched
0,Plain,75,0.23759527200068029,1.0010691401325482,1.000534427260026,0.9013677980663055,90.13677980663056,10.957290332997218,B_parameter_matched
0,ResDyNet,76,0.008196456735199253,0.06474732597902932,0.2544549586450013,0.22923499634989628,22.92349963498963,11.093330625008093,B_parameter_matched
0,Plain,76,0.24109467388515404,0.7558276471243874,0.8693834868022209,0.7832157073496365,78.32157073496366,11.099374832992908,B_parameter_matched
0,ResDyNet,77,0.006699607195314674,0.041319043051877315,0.20327086129565475,0.18312394223041434,18.312394223041434,11.234867124992888,B_parameter_matched
0,Plain,77,0.23574878727734644,0.9435536928808669,0.9713669197995508,0.8750911890277456,87.50911890277456,11.241082458000164,B_parameter_matched
0,ResDyNet,78,0.007497861661852674,0.04427601788619859,0.21041867285533047,0.1895633080243346,18.95633080243346,11.37645320800948,B_parameter_matched
0,Plain,78,0.23803060892901695,1.183583911165466,1.0879264272759743,0.9800980570926787,98.00980570926787,11.382457875006367,B_parameter_matched
0,ResDyNet,79,0.007238369969305323,0.059673461054434045,0.24428152008376328,0.22006988452079299,22.006988452079298,11.521795832988573,B_parameter_matched
0,Plain,79,0.2482670376957942,0.8713025930282515,0.9334359072953277,0.8409196580060833,84.09196580060832,11.528047291008988,B_parameter_matched
0,ResDyNet,80,0.021649014920361018,0.07295942885112051,0.2701100310079589,0.2433384371910184,24.33384371910184,11.663626416004263,B_parameter_matched
0,Plain,80,0.22368925878855034,0.8380251737905143,0.9154371490116153,0.824704822534059,82.47048225340589,11.669600583001738,B_parameter_matched
0,ResDyNet,81,0.025859654526231155,0.09527263242772827,0.3086626514946832,0.2780699663528565,27.806996635285653,11.804783333005616,B_parameter_matched
0,Plain,81,0.21557323839992149,0.8824273814089917,0.9393760596316002,0.846271060102448,84.6271060102448,11.81101895798929,B_parameter_matched
0,ResDyNet,82,0.013960055090645901,0.08671583963654558,0.29447553317134106,0.2652889852535488,26.528898525354883,11.946695416001603,B_parameter_matched
0,Plain,82,0.21946968639061581,0.6675325903880193,0.8170266766685279,0.7360481723021717,73.60481723021717,11.952740500011714,B_parameter_matched
0,ResDyNet,83,0.01406162465195994,0.04053742018157359,0.20133906769818316,0.18138361576704617,18.138361576704618,12.090514000010444,B_parameter_matched
0,Plain,83,0.21387443717204618,0.8351614059544933,0.9138716572662122,0.8232944924054804,82.32944924054803,12.096697665983811,B_parameter_matched
0,ResDyNet,84,0.015953218483899672,0.03331314385808356,0.18251888630518093,0.16442877143662696,16.442877143662695,12.231996082991827,B_parameter_matched
0,Plain,84,0.31769874574930757,1.0636685443938834,1.0313430779298824,0.9291228906039313,92.91228906039312,12.239121082995553,B_parameter_matched
0,ResDyNet,85,0.014500112807806905,0.04269765787916914,0.206634115961448,0.1861538524162579,18.61538524162579,12.375869999988936,B_parameter_matched
0,Plain,85,0.23606970253840176,0.7150921223233025,0.8456311975816068,0.7618175944506639,76.18175944506639,12.38216549999197,B_parameter_matched
0,ResDyNet,86,0.012633638237246413,0.07867888921850924,0.28049757435405615,0.25269643309609746,25.269643309609748,12.518094333005138,B_parameter_matched
0,Plain,86,0.22841070908035666,0.9742060389069634,0.9870187631990405,0.8891917209397876,88.91917209397876,12.524381958006416,B_parameter_matched
0,ResDyNet,87,0.012749698714283789,0.07312732821233733,0.27042065049166886,0.24361827004078337,24.361827004078336,12.660472874995321,B_parameter_matched
0,Plain,87,0.23327128846599218,0.7353224546834352,0.8575094487429483,0.7725185486632014,77.25185486632013,12.666486166010145,B_parameter_matched
0,ResDyNet,88,0.011513012408476223,0.05582919116871907,0.23628201617710787,0.21286324072572557,21.286324072572558,12.802504332998069,B_parameter_matched
0,Plain,88,0.24732585364935916,1.0514645020748106,1.0254094314344933,0.9237773495307475,92.37773495307475,12.808657290996052,B_parameter_matched
0,ResDyNet,89,0.011161407553827453,0.052801107141388706,0.22978491495611436,0.2070100909871221,20.70100909871221,12.944436290999874,B_parameter_matched
0,Plain,89,0.22995581065289444,1.1055402908110985,1.0514467608067934,0.9472340238883786,94.72340238883787,12.950539499986917,B_parameter_matched
0,ResDyNet,90,0.012329683479627,0.04518282629076502,0.21256252325084263,0.19149467356032945,19.149467356032947,13.090673541009892,B_parameter_matched
0,Plain,90,0.23243225155791397,0.8173004726573546,0.9040467203952208,0.8144433409885342,81.44433409885342,13.096902541001327,B_parameter_matched
0,ResDyNet,91,0.009684679790958306,0.05810216297094919,0.2410439025799018,0.21715315913791106,21.715315913791105,13.23276074999012,B_parameter_matched
0,Plain,91,0.2006526844446632,0.681736454710609,0.8256733341404511,0.7438378279039728,74.38378279039728,13.23881412501214,B_parameter_matched
0,ResDyNet,92,0.00546671001254688,0.05258060216386989,0.22930460563161373,0.2065773868777778,20.65773868777778,13.375042541010771,B_parameter_matched
0,Plain,92,0.21455152821468568,0.8538364897236973,0.9240327319547167,0.8324484657905303,83.24484657905303,13.381049082992831,B_parameter_matched
0,ResDyNet,93,0.005400813468723695,0.053460182591201486,0.23121458126857286,0.20829805783855695,20.829805783855697,13.515888041001745,B_parameter_matched
0,Plain,93,0.2324832788498094,0.6835650477375929,0.8267799270287063,0.744834742320775,74.4834742320775,13.521905125002377,B_parameter_matched
0,ResDyNet,94,0.00626681382066431,0.03550210006663396,0.18842000972994868,0.1697450129197579,16.97450129197579,13.65781279100338,B_parameter_matched
0,Plain,94,0.24813222438264998,0.929007971812336,0.9638505962089436,0.8683198357790896,86.83198357790896,13.663861957989866,B_parameter_matched
0,ResDyNet,95,0.009450411597738692,0.036965914067553944,0.1922652180389213,0.17320910855918176,17.320910855918175,13.799434624990681,B_parameter_matched
0,Plain,95,0.22095156755967224,0.6628323066549747,0.8141451385686551,0.7334522339902444,73.34522339902443,13.80549141598749,B_parameter_matched
0,ResDyNet,96,0.007570687040137294,0.03478201506830377,0.18649937015524684,0.16801473496313735,16.801473496313733,13.943693957990035,B_parameter_matched
0,Plain,96,0.18399942011912662,0.8568892412788763,0.9256831214183806,0.8339352791137744,83.39352791137745,13.949711416003993,B_parameter_matched
0,ResDyNet,97,0.005602824484937422,0.039996664653404776,0.1999916614596838,0.180169755892556,18.016975589255598,14.086807999992743,B_parameter_matched
0,Plain,97,0.19757709965512302,0.6829860145065867,0.8264296791056011,0.7445192087512893,74.45192087512893,14.093077833007555,B_parameter_matched
0,ResDyNet,98,0.0066899015910310946,0.05038020677594226,0.22445535586379367,0.2022087640034371,20.22087640034371,14.230289708008058,B_parameter_matched
0,Plain,98,0.2024598634038341,0.5544941537063118,0.7446436420908406,0.6708392852143801,67.08392852143801,14.236360290989978,B_parameter_matched
0,ResDyNet,99,0.009362279740735798,0.06765221828765501,0.26010040039887483,0.23432089770836909,23.43208977083691,14.373905457992805,B_parameter_matched
0,Plain,99,0.1784721655051336,0.5668811138635121,0.7529150774579508,0.6782909083475462,67.82909083475462,14.380165999988094,B_parameter_matched
0,ResDyNet,100,0.0071365877409027174,0.07344620786773709,0.271009608441725,0.24414885421273388,24.41488542127339,14.52005295798881,B_parameter_matched
0,Plain,100,0.19470149332227532,0.7181595775711872,0.8474429641994717,0.7634497902476912,76.34497902476912,14.526665790996049,B_parameter_matched
1,ResDyNet,0,1.2819358407970731,2.5355570140752848,1.5923432463119516,1.4345202789518245,143.45202789518245,0.006166541017591953,B_parameter_matched
1,Plain,0,0.9856195691872257,2.286145671575875,1.512000552769699,1.3621406438330064,136.21406438330064,0.013392374996328726,B_parameter_matched
1,ResDyNet,1,1.0678814335152516,2.3801470194860745,1.5427725106074694,1.3898626802994358,138.98626802994357,0.1544491660024505,B_parameter_matched
1,Plain,1,0.9650760862259518,2.329438267526845,1.5262497395665118,1.3749775415721992,137.49775415721993,0.16108066600281745,B_parameter_matched
1,ResDyNet,2,0.8961990018135794,1.9416173289262175,1.3934192940124726,1.2553124076566278,125.53124076566277,0.305376916017849,B_parameter_matched
1,Plain,2,0.9369188738748826,2.25497799368947,1.501658414450327,1.3528235526962646,135.28235526962646,0.31201508300728165,B_parameter_matched
1,ResDyNet,3,0.7446043285893134,1.2408150514130833,1.1139187813360019,1.003514213805853,100.35142138058531,0.4545946250145789,B_parameter_matched
1,Plain,3,0.9193443748756631,2.1855477113968873,1.4783598044444008,1.3318341532044773,133.18341532044772,0.46379375000833534,B_parameter_matched
1,ResDyNet,4,0.4731406639976404,0.9215146313969856,0.9599555361562251,0.8648108293847073,86.48108293847073,0.6256878749991301,B_parameter_matched
1,Plain,4,0.9097127876255324,2.212352604981547,1.4873979309456993,1.3399764779073162,133.99764779073163,0.6331871660077013,B_parameter_matched
1,ResDyNet,5,0.3770590622404209,0.7474895469855763,0.86457477813407,0.7788836073981903,77.88836073981903,0.7725057910138275,B_parameter_matched
1,Plain,5,0.8811765922606001,1.8892507209053355,1.3745001713005842,1.2382684284435774,123.82684284435774,0.7796645830094349,B_parameter_matched
1,ResDyNet,6,0.22407963841215986,0.9825891746131524,0.9912563617012263,0.8930093155441676,89.30093155441676,0.9165693749964703,B_parameter_matched
1,Plain,6,0.4958432142491401,1.000197226410776,1.0000986083435852,0.9009751747578365,90.09751747578365,0.9228119580075145,B_parameter_matched
1,ResDyNet,7,0.189536142546482,0.5664735164902884,0.7526443492714793,0.6780470130225421,67.80470130225422,1.06020362500567,B_parameter_matched
1,Plain,7,0.33075645164339584,1.1142431125164287,1.0555771466436874,0.9509550320671385,95.09550320671384,1.0678471660066862,B_parameter_matched
1,ResDyNet,8,0.1324027527550484,0.46411909665261963,0.681262868981291,0.6137404125109747,61.374041251097466,1.2047333329974208,B_parameter_matched
1,Plain,8,0.33380494304244634,1.0506267738557968,1.0250008652951454,0.9234092778768846,92.34092778768847,1.2113247080123983,B_parameter_matched
1,ResDyNet,9,0.09770706781345258,0.37644337009044304,0.6135498106025647,0.552738643188243,55.273864318824295,1.3549311660171952,B_parameter_matched
1,Plain,9,0.38415238203646035,1.2180001208379896,1.1036304276513897,0.99424557651186,99.42455765118599,1.3618115409917664,B_parameter_matched
1,ResDyNet,10,0.09237988863574088,0.19849308156777876,0.4455256239182868,0.401367948640289,40.1367948640289,1.4981585830100812,B_parameter_matched
1,Plain,10,0.3734330988773632,1.155739802095362,1.0750533949973657,0.9685009181604565,96.85009181604565,1.5050909999990836,B_parameter_matched
1,ResDyNet,11,0.06744340536928457,0.16754789804077777,0.409326151181155,0.36875633814170306,36.87563381417031,1.6418633749999572,B_parameter_matched
1,Plain,11,0.38995627561701085,1.1168173920511748,1.0567958137933622,0.9520529126551022,95.20529126551021,1.6485124999890104,B_parameter_matched
1,ResDyNet,12,0.057423876109189385,0.0979812679990568,0.3130195968291072,0.28199507888810404,28.199507888810405,1.7851784160011448,B_parameter_matched
1,Plain,12,0.3521073206577583,0.9733586528435917,0.9865894043844134,0.8888049174487967,88.88049174487968,1.7920746660092846,B_parameter_matched
1,ResDyNet,13,0.04247753734986825,0.1084515628182482,0.329319848806974,0.29667975323104634,29.667975323104635,1.9292433749942575,B_parameter_matched
1,Plain,13,0.31881016732365514,0.8227844416154823,0.9070746615441764,0.8171711718074922,81.71711718074923,1.9354790410143323,B_parameter_matched
1,ResDyNet,14,0.052589527350426456,0.07920591956441143,0.281435462521004,0.253541363734006,25.3541363734006,2.0718907910049893,B_parameter_matched
1,Plain,14,0.3151380534084579,0.8488709889214264,0.9213419500497231,0.8300243771288112,83.00243771288112,2.078919332998339,B_parameter_matched
1,ResDyNet,15,0.042963850698010175,0.07924462310643964,0.2815042150775715,0.25360330197304726,25.360330197304727,2.2162900409894064,B_parameter_matched
1,Plain,15,0.3223035568553011,0.87045452445775,0.9329815241781318,0.840510310462744,84.0510310462744,2.2222827910154592,B_parameter_matched
1,ResDyNet,16,0.047157416608793405,0.07943325619062565,0.2818390607964511,0.2539049599071425,25.39049599071425,2.3619646659935825,B_parameter_matched
1,Plain,16,0.34014441824640584,1.0394835049463318,1.0195506387356794,0.9184992432203843,91.84992432203843,2.370045707997633,B_parameter_matched
1,ResDyNet,17,0.03812840681933736,0.1285474729692719,0.35853517675295393,0.32299944309176226,32.299944309176226,2.5077717500098515,B_parameter_matched
1,Plain,17,0.3707708653843398,1.158389590072217,1.0762850877310421,0.9696105333191157,96.96105333191157,2.5138294160133228,B_parameter_matched
1,ResDyNet,18,0.03892820480099971,0.13427051875602888,0.36642941851880406,0.330111257662075,33.0111257662075,2.6500534160004463,B_parameter_matched
1,Plain,18,0.38665221689614465,1.1595290376502623,1.0768143004484396,0.970087293827093,97.0087293827093,2.6561192910012323,B_parameter_matched
1,ResDyNet,19,0.029319091626818977,0.09097310561734653,0.30161748228069696,0.2717230696460579,27.17230696460579,2.792486165999435,B_parameter_matched
1,Plain,19,0.3747734425953483,1.1303809703351348,1.0631937595448606,0.9578167345857164,95.78167345857163,2.7987392079958227,B_parameter_matched
1,ResDyNet,20,0.027809891614759434,0.11162178168521995,0.3340984610638306,0.30098473973667916,30.098473973667915,2.9341263330134097,B_parameter_matched
1,Plain,20,0.3605747800539671,1.124441523124486,1.0603968705746383,0.9552970555183712,95.52970555183713,2.940156249998836,B_parameter_matched
1,ResDyNet,21,0.028191588381905327,0.08697176132958807,0.2949097511605679,0.2656801663085596,26.56801663085596,3.0759315410105046,B_parameter_matched
1,Plain,21,0.358383272031119,1.0860622700823035,1.042143114011844,0.9388524955800371,93.88524955800371,3.0821584580116905,B_parameter_matched
1,ResDyNet,22,0.02675029461737332,0.10960158873256658,0.33106130660735117,0.29824860877482806,29.824860877482806,3.219439583015628,B_parameter_matched
1,Plain,22,0.35592808874863846,1.1043864490856823,1.0508979251505268,0.9467395853428265,94.67395853428265,3.225470208009938,B_parameter_matched
1,ResDyNet,23,0.02313428629428401,0.08033166946024538,0.28342842034673477,0.2553367922151002,25.53367922151002,3.362141916004475,B_parameter_matched
1,Plain,23,0.37049144289498565,1.1541543832279235,1.0743157744480547,0.9678364058835909,96.78364058835909,3.368382082990138,B_parameter_matched
1,ResDyNet,24,0.020683030437965624,0.08229806989373065,0.28687640177214063,0.25844303158129833,25.844303158129833,3.505042000004323,B_parameter_matched
1,Plain,24,0.36708731526727945,1.1477779829083008,1.0713440077343508,0.9651591818459998,96.51591818459998,3.5110852910147514,B_parameter_matched
1,ResDyNet,25,0.02050200262755702,0.06059978269258091,0.24617023112590383,0.2217713984985777,22.17713984985777,3.648311458004173,B_parameter_matched
1,Plain,25,0.35200857559425214,1.0879348277733025,1.0430411438544993,0.9396615183980612,93.96615183980612,3.6550585830118507,B_parameter_matched
1,ResDyNet,26,0.01922938403110863,0.120141992607957,0.34661504959819184,0.3122607633687846,31.22607633687846,3.795228416012833,B_parameter_matched
1,Plain,26,0.3384391474406306,0.9916424074898569,0.9958124358983759,0.8971138205517141,89.71138205517141,3.801606458000606,B_parameter_matched
1,ResDyNet,27,0.02610483893764225,0.11859226975043669,0.3443722836559828,0.31024028616797195,31.024028616797196,3.9415603750094306,B_parameter_matched
1,Plain,27,0.3181701367660805,0.9448300702463438,0.9720236983974947,0.8756828718949379,87.56828718949379,3.947620833001565,B_parameter_matched
1,ResDyNet,28,0.01924502360310035,0.08198850033924572,0.2863363412828447,0.2579564984638,25.795649846379998,4.084677915991051,B_parameter_matched
1,Plain,28,0.3137748423347432,0.9623425812762213,0.980990612226346,0.883761042073945,88.3761042073945,4.090724166017026,B_parameter_matched
1,ResDyNet,29,0.01736848606480003,0.08584041537501488,0.2929853501030638,0.26394649968346495,26.394649968346496,4.228033666004194,B_parameter_matched
1,Plain,29,0.30942944257223254,0.9212748279433568,0.9598306246121535,0.864698298280964,86.4698298280964,4.234223041014047,B_parameter_matched
1,ResDyNet,30,0.016579239792085778,0.07160062304940973,0.2675829274251437,0.241061804093879,24.1061804093879,4.369929375010543,B_parameter_matched
1,Plain,30,0.3076516492115709,0.9474968817070991,0.9733945149357989,0.876917821788734,87.6917821788734,4.375970374996541,B_parameter_matched
1,ResDyNet,31,0.031919921396245755,0.14436637645234143,0.37995575591421354,0.342296950249776,34.2296950249776,4.512107749993447,B_parameter_matched
1,Plain,31,0.29960828094963016,0.8635676769629868,0.9292834212246481,0.8371787400285986,83.71787400285986,4.518215916003101,B_parameter_matched
1,ResDyNet,32,0.05034165818381276,0.17425340450315785,0.417436707182248,0.3760630272516608,37.60630272516608,4.653763957991032,B_parameter_matched
1,Plain,32,0.30058779861386803,1.0355827810539833,1.017635878423114,0.916774261810711,91.6774261810711,4.65981462498894,B_parameter_matched
1,ResDyNet,33,0.04079855121150437,0.06216941182987532,0.2493379470314844,0.2246251504864348,22.462515048643482,4.800503125006799,B_parameter_matched
1,Plain,33,0.2874412805158548,1.0952635109164235,1.0465483796348947,0.942821139203246,94.28211392032459,4.806593957997393,B_parameter_matched
1,ResDyNet,34,0.03465337827747909,0.0804760735417758,0.283683051206405,0.25556618567828093,25.556618567828092,4.942456582997693,B_parameter_matched
1,Plain,34,0.2666709096915074,0.8418404128166267,0.9175186171498793,0.82657998874665,82.657998874665,4.948616083012894,B_parameter_matched
1,ResDyNet,35,0.03917562000243234,0.05582744956157621,0.2362783307067667,0.2128599205358393,21.28599205358393,5.084249790990725,B_parameter_matched
1,Plain,35,0.2935258697527685,1.0304796395328633,1.0151254304433828,0.9145126335188718,91.45126335188718,5.090977082989411,B_parameter_matched
1,ResDyNet,36,0.03658404014386637,0.1036802276756086,0.321994142300149,0.2900801243093113,29.008012430931128,5.2273148749955,B_parameter_matched
1,Plain,36,0.26994916311638895,0.624499039645723,0.7902525163805066,0.7119276970377897,71.19276970377896,5.233499041001778,B_parameter_matched
1,ResDyNet,37,0.033626822396012744,0.13694037788227412,0.3700545606829811,0.3333770987177895,33.33770987177895,5.3706568329944275,B_parameter_matched
1,Plain,37,0.2725487899698663,0.7781270990307951,0.8821151279911228,0.7946854689805658,79.46854689805659,5.376951999991434,B_parameter_matched
1,ResDyNet,38,0.030369511688904727,0.16781099347064612,0.4096474013961838,0.3690457480720957,36.90457480720957,5.521919124992564,B_parameter_matched
1,Plain,38,0.25127064276238775,1.126821199425138,1.0615183462499074,0.9563073776346931,95.63073776346931,5.528024791012285,B_parameter_matched
1,ResDyNet,39,0.03356190265284759,0.07885863616780972,0.28081779888000286,0.2529849189972072,25.29849189972072,5.670068000006722,B_parameter_matched
1,Plain,39,0.26686132889982833,0.8511336230631286,0.92256903430753,0.831129840574512,83.1129840574512,5.676179500005674,B_parameter_matched
1,ResDyNet,40,0.017344570707105714,0.06904168064741661,0.2627578365100014,0.23671494559990208,23.671494559990208,5.813596916006645,B_parameter_matched
1,Plain,40,0.2581422140252667,1.003426944336092,1.001712006684602,0.9024286632839921,90.2428663283992,5.819876291003311,B_parameter_matched
1,ResDyNet,41,0.013353014425815683,0.06952592173262766,0.26367768531414953,0.23754362482228475,23.754362482228476,5.955546083016088,B_parameter_matched
1,Plain,41,0.26345811413347936,0.6806895264130116,0.8250391059901413,0.7432664604270116,74.32664604270116,5.961690708005335,B_parameter_matched
1,ResDyNet,42,0.013138572276036617,0.09394467880062883,0.3065039621287608,0.27612523259112165,27.612523259112166,6.097617958002957,B_parameter_matched
1,Plain,42,0.30155585241906635,0.7187592654580564,0.8477967123420899,0.7637684771171226,76.37684771171226,6.1040316250000615,B_parameter_matched
1,ResDyNet,43,0.014155879850478585,0.0705107358911336,0.2655385770300308,0.23922007674905868,23.922007674905867,6.244477333006216,B_parameter_matched
1,Plain,43,0.26462191829203663,0.819541278006978,0.905285191531916,0.815559062717879,81.5559062717879,6.250677583011566,B_parameter_matched
1,ResDyNet,44,0.01851636600006147,0.058444068944013744,0.24175208157121159,0.21779114791734946,21.779114791734948,6.386959958006628,B_parameter_matched
1,Plain,44,0.26147894398951116,0.928646873441748,0.9636632572853175,0.868151064701873,86.8151064701873,6.392999416013481,B_parameter_matched
1,ResDyNet,45,0.01448114270046539,0.05757694470626557,0.2399519633307166,0.21616944598437612,21.616944598437613,6.529344500013394,B_parameter_matched
1,Plain,45,0.2707809530602957,1.0627937124158724,1.0309188680084735,0.9287407256805059,92.8740725680506,6.535580083000241,B_parameter_matched
1,ResDyNet,46,0.015788919096784693,0.08400194160680603,0.28983088449439964,0.26110468470709874,26.110468470709876,6.671616625011666,B_parameter_matched
1,Plain,46,0.28710475773735,1.1178809396207492,1.057298888498777,0.9525061257851335,95.25061257851335,6.677698832994793,B_parameter_matched
1,ResDyNet,47,0.011847112110298253,0.07073646020171939,0.2659632685197702,0.23960267551081466,23.960267551081465,6.813694040989503,B_parameter_matched
1,Plain,47,0.2971418253964181,1.0763568012016647,1.037476168980119,0.9346481085521341,93.46481085521341,6.819941916008247,B_parameter_matched
1,ResDyNet,48,0.012709266437787737,0.05214442059926419,0.22835152856782936,0.2057187727701919,20.57187727701919,6.955496583017521,B_parameter_matched
1,Plain,48,0.2729137234834434,1.0064733910052055,1.0032314742895607,0.9037975308931412,90.37975308931412,6.962234041013289,B_parameter_matched
1,ResDyNet,49,0.010194418207122509,0.07183317660441049,0.26801711998379973,0.2414529622388359,24.145296223883587,7.097981416009134,B_parameter_matched
1,Plain,49,0.26218630990235675,1.0328811364667818,1.0163075993353499,0.9155776333250383,91.55776333250382,7.104315915988991,B_parameter_matched
1,ResDyNet,50,0.010229282269234155,0.06180136602549527,0.2485988053581418,0.223959267849708,22.395926784970797,7.242765458009671,B_parameter_matched
1,Plain,50,0.25509075122805847,0.9508335989388084,0.9751069679470086,0.8784605473141646,87.84605473141646,7.248984000005294,B_parameter_matched
1,ResDyNet,51,0.009882463940045366,0.06838468846802793,0.2615046624212041,0.235585978181853,23.5585978181853,7.386823415989056,B_parameter_matched
1,Plain,51,0.25309187198500044,1.000326074877273,1.0001630241501998,0.9010332060780859,90.10332060780858,7.392850416013971,B_parameter_matched
1,ResDyNet,52,0.009010567677072914,0.06945423720214132,0.263541718143715,0.2374211338557725,23.742113385577248,7.529773707996355,B_parameter_matched
1,Plain,52,0.23813460145210727,0.9347530870715025,0.9668262962246644,0.8710006032747382,87.10006032747381,7.536115958006121,B_parameter_matched
1,ResDyNet,53,0.011801298685936684,0.08297784537278693,0.2880587533347788,0.25950819595297714,25.950819595297713,7.6750895000004675,B_parameter_matched
1,Plain,53,0.24418854951509888,1.05180281807725,1.0255743844681624,0.9239259534654967,92.39259534654967,7.6812081249954645,B_parameter_matched
1,ResDyNet,54,0.010816063771029876,0.0697748291776158,0.26414925549320745,0.23796845595487776,23.796845595487774,7.821948416007217,B_parameter_matched
1,Plain,54,0.2439820480928226,1.0699402479228945,1.0343791606190134,0.9318580560252187,93.18580560252187,7.827975249994779,B_parameter_matched
1,ResDyNet,55,0.011535562275860802,0.07374009927774701,0.2715512829609667,0.2446368413877625,24.46368413877625,7.965396082989173,B_parameter_matched
1,Plain,55,0.27996152001122365,1.0000202966035538,1.0000101482502834,0.9008954822681593,90.08954822681594,7.971500165993348,B_parameter_matched
1,ResDyNet,56,0.014645295319694515,0.07773909330757056,0.27881731170709356,0.25118270743009186,25.118270743009184,8.11099716598983,B_parameter_matched
1,Plain,56,0.26489803106125037,0.8114662975923207,0.9008142414462156,0.8115312448595288,81.15312448595287,8.11747708299663,B_parameter_matched
1,ResDyNet,57,0.010831246586266614,0.05862061887558257,0.24211695288761292,0.2181198555020978,21.81198555020978,8.256007999996655,B_parameter_matched
1,Plain,57,0.23941315930362508,0.9189245862346649,0.9586055425641273,0.863594638598704,86.3594638598704,8.262625208008103,B_parameter_matched
1,ResDyNet,58,0.014361651979862805,0.09563344540203299,0.3092465770255719,0.2785960168871227,27.85960168871227,8.402752041001804,B_parameter_matched
1,Plain,58,0.22689195047850766,1.0628654899227972,1.0309536798143732,0.9287720871609064,92.87720871609065,8.408784625004046,B_parameter_matched
1,ResDyNet,59,0.01298792489472263,0.06060393873427603,0.2461786723789777,0.22177900310816315,22.177900310816316,8.547806540998863,B_parameter_matched
1,Plain,59,0.23775923792445336,0.8135052980045677,0.9019452854827545,0.8125501869818134,81.25501869818133,8.554093540995382,B_parameter_matched
1,ResDyNet,60,0.011285507501416943,0.07670768395405797,0.2769615207101123,0.24951085067129838,24.95108506712984,8.692314415995497,B_parameter_matched
1,Plain,60,0.25096000796520757,1.0372544103468786,1.0184568770187958,0.9175138882305951,91.75138882305951,8.69869429100072,B_parameter_matched
1,ResDyNet,61,0.009219185333700414,0.07953797566877414,0.2820247784659606,0.25407227041867203,25.407227041867202,8.83702037500916,B_parameter_matched
1,Plain,61,0.2557920619784542,0.9651037856842882,0.9823969593215811,0.8850280009611274,88.50280009611275,8.843171665997943,B_parameter_matched
1,ResDyNet,62,0.01183521021768095,0.044763460648211864,0.21157377117263818,0.19060392031957862,19.06039203195786,8.999504665989662,B_parameter_matched
1,Plain,62,0.2870691669610778,0.8426923546081159,0.9179827637859634,0.8269981321107847,82.69981321107846,9.005951041006483,B_parameter_matched
1,ResDyNet,63,0.011899772984114189,0.04704897060150492,0.2169077467530953,0.19540922605709582,19.540922605709582,9.144386083004065,B_parameter_matched
1,Plain,63,0.25830823384596197,0.7874168657610803,0.8873651253915044,0.7994151199228076,79.94151199228075,9.150528750004014,B_parameter_matched
1,ResDyNet,64,0.013147040454607973,0.08058246080886643,0.2838705000680177,0.25573505579712785,25.573505579712787,9.287056208006106,B_parameter_matched
1,Plain,64,0.2741006469088421,1.5013182794645652,1.225282938534837,1.1038406617749805,110.38406617749806,9.293369040999096,B_parameter_matched
1,ResDyNet,65,0.011419978657319111,0.048891609615975246,0.22111447174704607,0.19919900713964367,19.919900713964367,9.440134750009747,B_parameter_matched
1,Plain,65,0.33583906264704955,0.8118856981537913,0.9010470010791841,0.8117409348333382,81.17409348333382,9.446428958006436,B_parameter_matched
1,ResDyNet,66,0.00889847845617194,0.07971364064003128,0.2823360420492419,0.25435268352894236,25.435268352894237,9.604061291000107,B_parameter_matched
1,Plain,66,0.29771714992606924,0.8900828358211297,0.9434420150815469,0.849934023825736,84.9934023825736,9.610289250005735,B_parameter_matched
1,ResDyNet,67,0.012004123021489736,0.04602610532006779,0.21453695560454797,0.19327341269673673,19.327341269673674,9.750517416017829,B_parameter_matched
1,Plain,67,0.26204126102441405,0.9945615815370806,0.9972770836317661,0.8984333016874149,89.84333016874149,9.756518000009237,B_parameter_matched
1,ResDyNet,68,0.018356279193846834,0.04077378339588605,0.2019251925736015,0.1819116476607557,18.19116476607557,9.89572387500084,B_parameter_matched
1,Plain,68,0.27855825117025396,1.0897242811751395,1.0438985971707881,0.9404339863777633,94.04339863777633,9.903265833010664,B_parameter_matched
1,ResDyNet,69,0.015647944654954667,0.054843421289361,0.23418672312785155,0.21097561983967186,21.097561983967186,10.04190841599484,B_parameter_matched
1,Plain,69,0.2809670266543661,1.0484763442337017,1.023951338801655,0.9224637737955904,92.24637737955904,10.048019708017819,B_parameter_matched
1,ResDyNet,70,0.013624719109392313,0.09610614964248634,0.310009918619528,0.27928370090175564,27.928370090175562,10.187559707992477,B_parameter_matched
1,Plain,70,0.2782553800374205,1.089118485566671,1.0436083966539704,0.9401725486963454,94.01725486963454,10.193700666015502,B_parameter_matched
1,ResDyNet,71,0.014132629576598126,0.10508777120880695,0.32417244054485406,0.2920425234420812,29.204252344208122,10.330328165990068,B_parameter_matched
1,Plain,71,0.27587949205261475,1.0743531742045078,1.0365100936336837,0.9337777844692665,93.37777844692665,10.336594458000036,B_parameter_matched
1,ResDyNet,72,0.014143804811153743,0.07657362525368376,0.2767193980437291,0.24929272566858612,24.92927256685861,10.473499207990244,B_parameter_matched
1,Plain,72,0.27400139828096687,1.067335293997967,1.0331192060928724,0.9307229802037885,93.07229802037885,10.479568875016412,B_parameter_matched
1,ResDyNet,73,0.014351934662629122,0.04993264666080157,0.22345614035152753,0.2013085843978722,20.130858439787218,10.625126958009787,B_parameter_matched
1,Plain,73,0.27007643701545564,1.1019739231794468,1.0497494573370576,0.9457049463779169,94.5704946377917,10.63132770798984,B_parameter_matched
1,ResDyNet,74,0.013601483577145999,0.04989585239971443,0.22337379523953663,0.20123440081132635,20.123440081132635,10.778721165988827,B_parameter_matched
1,Plain,74,0.27372838053697285,1.1375218867432675,1.0665467109992264,0.9608373627491282,96.08373627491282,10.785013624990825,B_parameter_matched
1,ResDyNet,75,0.013367528009337246,0.05816256804616298,0.24116916893782875,0.21726600988860997,21.726600988860998,10.923434708005516,B_parameter_matched
1,Plain,75,0.30445304261555883,1.142928391942378,1.069078290838598,0.9631180284446531,96.3118028444653,10.929469124996103,B_parameter_matched
1,ResDyNet,76,0.01289508271202779,0.08456215712573302,0.2907957309276273,0.2619739016788447,26.19739016788447,11.067591291008284,B_parameter_matched
1,Plain,76,0.2726124469467097,1.0011321722464654,1.0005659259871214,0.9013961748392683,90.13961748392683,11.073631665989524,B_parameter_matched
1,ResDyNet,77,0.01256641896736742,0.10388484310864458,0.32231171729964236,0.29036622328823214,29.036622328823213,11.211336291016778,B_parameter_matched
1,Plain,77,0.29145910107874634,0.9867900211151542,0.9933730523399324,0.8949162132262624,89.49162132262623,11.21753466600785,B_parameter_matched
1,ResDyNet,78,0.012486787141393245,0.09247356872693326,0.30409467066512896,0.2739547348228231,27.395473482282313,11.354937333002454,B_parameter_matched
1,Plain,78,0.25418416335622,1.0031582936022538,1.001577901913902,0.90230785012796,90.230785012796,11.361077665991616,B_parameter_matched
1,ResDyNet,79,0.01267005026188628,0.06202031723040838,0.24903878659840997,0.224355640938855,22.4355640938855,11.499049291014671,B_parameter_matched
1,Plain,79,0.23380476844437792,0.7995843906059832,0.8941948281029046,0.8055679058007317,80.55679058007317,11.505072833009763,B_parameter_matched
1,ResDyNet,80,0.010407642224143091,0.0454289362192248,0.21314064891339896,0.1920154990724421,19.201549907244207,11.642086875013774,B_parameter_matched
1,Plain,80,0.24000543841481187,0.8819654246002654,0.9391301425256594,0.846049516740971,84.6049516740971,11.648207707999973,B_parameter_matched
1,ResDyNet,81,0.014323289136179454,0.05389370736570183,0.23215018278196947,0.20914092846151716,20.914092846151718,11.784701208001934,B_parameter_matched
1,Plain,81,0.2385002451456305,1.0532682479574131,1.0262885792784664,0.9245693618140899,92.45693618140899,11.79077291599242,B_parameter_matched
1,ResDyNet,82,0.013490193518507297,0.09351405890448512,0.3058006849313538,0.27549165977085105,27.549165977085107,11.927326583012473,B_parameter_matched
1,Plain,82,0.23540432232984645,0.9940245383757828,0.997007792535135,0.8981907010170171,89.81907010170171,11.933537958015222,B_parameter_matched
1,ResDyNet,83,0.009594467640424386,0.10400709748913876,0.32250131393397263,0.29053702830618144,29.053702830618143,12.070820791006554,B_parameter_matched
1,Plain,83,0.22819925629417998,1.021424444460096,1.0106554528918825,0.9104856918032975,91.04856918032975,12.076834708015667,B_parameter_matched
1,ResDyNet,84,0.013325403965055905,0.11326715335249285,0.3365518583405726,0.30319497182951655,30.319497182951654,12.215361083013704,B_parameter_matched
1,Plain,84,0.29045963159222943,0.9210243915439807,0.9597001571032385,0.8645807618843885,86.45807618843885,12.221482207998633,B_parameter_matched
1,ResDyNet,85,0.011249198055992385,0.07365002474641494,0.27138538049499816,0.24448738212242435,24.448738212242436,12.361502457992174,B_parameter_matched
1,Plain,85,0.2270676220125201,0.7799620561398384,0.8831546048908075,0.7956219195200794,79.56219195200795,12.367883916012943,B_parameter_matched
1,ResDyNet,86,0.006002972838167488,0.046447159483393126,0.21551603068772662,0.19415544806485804,19.415544806485805,12.54857658300898,B_parameter_matched
1,Plain,86,0.23697250311119222,1.042126483853061,1.0208459648022619,0.9196661847794176,91.96661847794176,12.556299082993064,B_parameter_matched
1,ResDyNet,87,0.005341659862936959,0.069580353241063,0.2637808811135921,0.23763659250833227,23.76365925083323,12.69901199999731,B_parameter_matched
1,Plain,87,0.22859252296709026,0.9363865024303873,0.9676706580393907,0.8717612772995145,87.17612772995145,12.705065040994668,B_parameter_matched
1,ResDyNet,88,0.007595078951620798,0.0683765357250576,0.26148907381582426,0.235571934620209,23.5571934620209,12.840909040998667,B_parameter_matched
1,Plain,88,0.21578858006881332,1.0417285047717895,1.0206510200709102,0.9194905617339176,91.94905617339177,12.846927625010721,B_parameter_matched
1,ResDyNet,89,0.0056690828662784715,0.06688760404618596,0.2586263792542941,0.23299297219456902,23.299297219456903,12.983628332993248,B_parameter_matched
1,Plain,89,0.23431973716977056,0.9293978891661209,0.9640528456293882,0.8685020395192102,86.85020395192102,12.98971687501762,B_parameter_matched
1,ResDyNet,90,0.0048592900936567755,0.05144288692963179,0.22681024432249922,0.2043302508477509,20.43302508477509,13.126228000008268,B_parameter_matched
1,Plain,90,0.24054427974935438,0.829167203944992,0.9105861869943954,0.8203346571176235,82.03346571176236,13.132465250004316,B_parameter_matched
1,ResDyNet,91,0.005085280675696861,0.050416500879108865,0.22453619057761906,0.20228158689290793,20.228158689290794,13.26840658299625,B_parameter_matched
1,Plain,91,0.22434505292849402,0.7989284942661524,0.8938280003815905,0.8052374357175222,80.52374357175222,13.274437540996587,B_parameter_matched
1,ResDyNet,92,0.005255805931166983,0.05964238598875351,0.2442179067733435,0.2200125761584033,22.00125761584033,13.410544457990909,B_parameter_matched
1,Plain,92,0.2272755832380914,0.9991929121041904,0.9995963745953617,0.9005227192346512,90.05227192346513,13.416818500001682,B_parameter_matched
1,ResDyNet,93,0.004365220394523301,0.047231331106924575,0.21732770441645166,0.1957875601793281,19.57875601793281,13.55349095800193,B_parameter_matched
1,Plain,93,0.22434307344534618,0.7364021981120576,0.8581387988618494,0.7730855215883011,77.30855215883011,13.559549375000643,B_parameter_matched
1,ResDyNet,94,0.005028512968917089,0.05786114106556426,0.24054342864764414,0.21670228900889008,21.670228900889008,13.69561233301647,B_parameter_matched
1,Plain,94,0.20525445724403663,0.7705178605853219,0.8777914675965595,0.7907903423929614,79.07903423929613,13.701851833000546,B_parameter_matched
1,ResDyNet,95,0.007795843533558146,0.06176846840259079,0.2485326304584386,0.22389965178652455,22.389965178652453,13.837752082996303,B_parameter_matched
1,Plain,95,0.1981159773336088,0.6287584392461233,0.792942897847079,0.7143514249500053,71.43514249500052,13.843810999998823,B_parameter_matched
1,ResDyNet,96,0.005254986409373327,0.046615622288296216,0.21590651284362922,0.19450722810506513,19.450722810506512,13.985246500000358,B_parameter_matched
1,Plain,96,0.19332617442340336,0.571721105672625,0.7561224144757415,0.6811803544541629,68.1180354454163,13.991358416009462,B_parameter_matched
1,ResDyNet,97,0.004598640663011126,0.04840402338970349,0.22000914387748408,0.19820323236090187,19.820323236090186,14.135658375016646,B_parameter_matched
1,Plain,97,0.17904026110391785,0.6709427717682745,0.8191109642583687,0.7379258785201742,73.79258785201742,14.141775333002442,B_parameter_matched
1,ResDyNet,98,0.0041236621851825795,0.05053234316189384,0.22479400161457566,0.2025138453343642,20.25138453343642,14.284627624991117,B_parameter_matched
1,Plain,98,0.16944467609787736,0.6809354889022824,0.8251881536366614,0.7434007354157481,74.34007354157481,14.290718750009546,B_parameter_matched
1,ResDyNet,99,0.0033363594017123688,0.03832204815086257,0.1957601801972571,0.17635767222591256,17.635767222591255,14.430460833013058,B_parameter_matched
1,Plain,99,0.17656460578215893,0.5825565150346825,0.7632538994559298,0.6876050118556466,68.76050118556466,14.437476499995682,B_parameter_matched
1,ResDyNet,100,0.005954445940282285,0.03148117567243302,0.17742935403262058,0.15984368133606128,15.984368133606127,14.574992540990934,B_parameter_matched
1,Plain,100,0.15571856867360995,0.5417056018466626,0.736006522964751,0.6630582225780451,66.30582225780451,14.582731791015249,B_parameter_matched
2,ResDyNet,0,1.0072361320222758,2.165327226123224,1.4715050887180867,1.325658833443099,132.5658833443099,0.00614983300329186,B_parameter_matched
2,Plain,0,1.0279638209023667,2.1745723398887256,1.4746431228906625,1.328485845563149,132.8485845563149,0.012699540995527059,B_parameter_matched
2,ResDyNet,1,0.9471184637382286,1.9493540697608118,1.396192705095114,1.2578109358157625,125.78109358157626,0.1520896659931168,B_parameter_matched
2,Plain,1,0.9889415377720474,2.3038924304400212,1.5178578426321818,1.367417396258648,136.7417396258648,0.15922929099178873,B_parameter_matched
2,ResDyNet,2,0.6209893505416049,1.2121883080111109,1.100994236138914,0.9918706675890471,99.1870667589047,0.299496416002512,B_parameter_matched
2,Plain,2,0.943974892420337,2.4541168065548318,1.5665620978929726,1.4112943945155698,141.12943945155698,0.30617654099478386,B_parameter_matched
2,ResDyNet,3,0.44178522331956027,1.0373639911928192,1.0185106730873366,0.9175623523738811,91.75623523738811,0.44989229101338424,B_parameter_matched
2,Plain,3,0.9312968904524045,2.25974743669997,1.503245634186233,1.3542534572746796,135.42534572746797,0.4571682910027448,B_parameter_matched
2,ResDyNet,4,0.32218359476110076,0.8341925581118322,0.9133414247212442,0.8228168131487757,82.28168131487757,0.5972763329918962,B_parameter_matched
2,Plain,4,0.9128989759748297,2.151378713614946,1.4667578919559103,1.321382148727483,132.1382148727483,0.6046038749918807,B_parameter_matched
2,ResDyNet,5,0.2756527681896131,0.8499366511506682,0.9219200893519287,0.8305452149286975,83.05452149286975,0.7455553330073599,B_parameter_matched
2,Plain,5,0.909589559176449,2.1508910621944115,1.4665916480719545,1.321232381883344,132.1232381883344,0.7518977079889737,B_parameter_matched
2,ResDyNet,6,0.25298980524092146,0.798390997328712,0.8935272784468934,0.8049665194344608,80.49665194344608,0.9009444580005948,B_parameter_matched
2,Plain,6,0.8973037463612162,2.0711136379499058,1.4391364208961934,1.2964983427632744,129.64983427632743,0.9082023329974618,B_parameter_matched
2,ResDyNet,7,0.2198235011607492,0.8072200903269228,0.8984542783730972,0.8094051863644105,80.94051863644106,1.0703087500005495,B_parameter_matched
2,Plain,7,0.6947515923326688,1.0463872206190077,1.0229307017677236,0.9215442958337785,92.15442958337785,1.0763670410087798,B_parameter_matched
2,ResDyNet,8,0.1773762108460542,0.5082028293126222,0.7128834612421739,0.6422269721367109,64.22269721367108,1.216941249993397,B_parameter_matched
2,Plain,8,0.3858495761010845,1.188928753076845,1.0903800956899594,0.9823085334493546,98.23085334493547,1.224411000002874,B_parameter_matched
2,ResDyNet,9,0.1201165206218752,0.3572683824429685,0.5977193174416973,0.5384771681465585,53.847716814655854,1.3616623330162838,B_parameter_matched
2,Plain,9,0.3656129738723513,0.8817926810783626,0.9390381680625994,0.8459666582035854,84.59666582035854,1.368883207993349,B_parameter_matched
2,ResDyNet,10,0.10931366817181079,0.21087565940992092,0.45921199832966136,0.413697816389543,41.3697816389543,1.5109666660137009,B_parameter_matched
2,Plain,10,0.3373801865384205,0.9588660979687093,0.9792170841895628,0.8821632948922694,88.21632948922694,1.5175952909921762,B_parameter_matched
2,ResDyNet,11,0.08167832325967152,0.17445041839820788,0.4176726210780495,0.3762755588577687,37.62755588577687,1.654027083015535,B_parameter_matched
2,Plain,11,0.34704550551363333,1.0515131050752173,1.0254331304747362,0.9237986996723699,92.379869967237,1.66112541599432,B_parameter_matched
2,ResDyNet,12,0.07123881038153534,0.18072899251074095,0.4251223265258377,0.3829868967315731,38.29868967315731,1.7976477910124231,B_parameter_matched
2,Plain,12,0.39114191923193126,1.1796564439032877,1.0861199030969315,0.9784705841371737,97.84705841371736,1.8042567500087898,B_parameter_matched
2,ResDyNet,13,0.05554214572860273,0.10075007301117517,0.31741151997237776,0.28595170245353924,28.595170245353923,1.9401049159932882,B_parameter_matched
2,Plain,13,0.38931723395102247,1.2152724999379503,1.1023939858045082,0.9931316829419878,99.31316829419879,1.9472029999888036,B_parameter_matched
2,ResDyNet,14,0.044512579587843916,0.11156127343847949,0.3340078942756885,0.300903149354398,30.0903149354398,2.0831329580105375,B_parameter_matched
2,Plain,14,0.41085497771886126,1.2322197716929706,1.1100539499019724,1.0000324399611202,100.00324399611202,2.0896200829884037,B_parameter_matched
2,ResDyNet,15,0.05990361215786063,0.12810032284177375,0.3579110543721355,0.32243717976448943,32.24371797644894,2.2263492080091964,B_parameter_matched
2,Plain,15,0.39728734311182134,1.0843851308623191,1.041338144342326,0.9381273094007763,93.81273094007763,2.2324156659888104,B_parameter_matched
2,ResDyNet,16,0.0523957949995993,0.07764055787457863,0.27864055317663045,0.251023468084546,25.1023468084546,2.3678226250049192,B_parameter_matched
2,Plain,16,0.3524560353985674,0.9622547248883092,0.9809458317808937,0.8837206999823447,88.37206999823447,2.374878416012507,B_parameter_matched
2,ResDyNet,17,0.050572558481214454,0.08805850807490201,0.29674653843794374,0.2673349028759543,26.73349028759543,2.51104666601168,B_parameter_matched
2,Plain,17,0.32349617459710117,0.8860537237890932,0.9413042673806877,0.8480081561239903,84.80081561239902,2.519248249998782,B_parameter_matched
2,ResDyNet,18,0.04921022979017064,0.08895873858555525,0.29825951549876034,0.2686979232425475,26.86979232425475,2.6567308329977095,B_parameter_matched
2,Plain,18,0.3112547567544416,0.8596390058274372,0.9271671941065631,0.8352722599258997,83.52722599258998,2.662816625001142,B_parameter_matched
2,ResDyNet,19,0.04568929784109338,0.09545563819210806,0.3089589587503623,0.2783369055118957,27.833690551189573,2.799722791009117,B_parameter_matched
2,Plain,19,0.3197318194766806,0.954544512155812,0.977007938635,0.8801731058394276,88.01731058394276,2.8059713330003433,B_parameter_matched
2,ResDyNet,20,0.04589974100979898,0.11239320512575982,0.3352509584263106,0.30202300886724837,30.202300886724835,2.9420474159996957,B_parameter_matched
2,Plain,20,0.3320217443916055,0.9793469260144456,0.9896195865151648,0.8915347671376425,89.15347671376425,2.948117749998346,B_parameter_matched
2,ResDyNet,21,0.0372384374771081,0.10363801507309028,0.3219285869150024,0.29002106635832925,29.002106635832924,3.083767666015774,B_parameter_matched
2,Plain,21,0.3102142454398069,0.8923703200920591,0.944653545005818,0.851025474584829,85.1025474584829,3.0899536249926314,B_parameter_matched
2,ResDyNet,22,0.04206609096997728,0.05733615394055485,0.23944968979005768,0.21571695461272936,21.571695461272935,3.2250760000024457,B_parameter_matched
2,Plain,22,0.3031248164198719,0.971607309267393,0.9857014300828588,0.88800495353039,88.800495353039,3.232157874997938,B_parameter_matched
2,ResDyNet,23,0.04130960323302707,0.08880604597801087,0.2980034328292392,0.2684672218637041,26.846722186370407,3.3680141660152003,B_parameter_matched
2,Plain,23,0.33561934558208467,1.033552094779502,1.0166376418269698,0.9158749640973082,91.58749640973082,3.3740662909985986,B_parameter_matched
2,ResDyNet,24,0.06404596078828788,0.07793756072422785,0.2791729942602397,0.25150313698354354,25.150313698354353,3.5094868750020396,B_parameter_matched
2,Plain,24,0.3542618421312349,1.112765634958616,1.054877071017574,0.9503243434987124,95.03243434987124,3.5155770830169786,B_parameter_matched
2,ResDyNet,25,0.056430341871011244,0.0785251639913728,0.2802234179924526,0.2524494493749464,25.24494493749464,3.655121499992674,B_parameter_matched
2,Plain,25,0.3501054093355365,1.0972135420228366,1.0474796141323404,0.94366007564119,94.366007564119,3.6611459999985527,B_parameter_matched
2,ResDyNet,26,0.06545001630586757,0.11852895112242828,0.34428033798407404,0.3101574535681412,31.01574535681412,3.7973269160138443,B_parameter_matched
2,Plain,26,0.3457555267564503,1.07258959981098,1.0356590171533195,0.9330110612939404,93.30110612939404,3.803534041013336,B_parameter_matched
2,ResDyNet,27,0.05272628924782181,0.13333887948676099,0.3651559659744874,0.32896402166045535,32.89640216604553,3.9391947500116657,B_parameter_matched
2,Plain,27,0.3605495168397134,1.0814048140728074,1.0399061563779721,0.936837251004863,93.6837251004863,3.945327207999071,B_parameter_matched
2,ResDyNet,28,0.04916427547942865,0.24014711052488363,0.490048069606323,0.44147761177727,44.147761177727,4.081180665991269,B_parameter_matched
2,Plain,28,0.322999813755585,0.952449568991137,0.9759352278666535,0.8792067153616164,87.92067153616165,4.087385916005587,B_parameter_matched
2,ResDyNet,29,0.05291119156552651,0.09435071717872029,0.30716561848410096,0.2767213097633213,27.67213097633213,4.22247504099505,B_parameter_matched
2,Plain,29,0.3187776262835084,0.8561227644909429,0.9252690227663212,0.8335622232947846,83.35622232947846,4.228524625010323,B_parameter_matched
2,ResDyNet,30,0.020817051839029467,0.05310847437091126,0.23045275952114624,0.20761174303290109,20.761174303290108,4.365084165998269,B_parameter_matched
2,Plain,30,0.30853825406712077,0.8711564770954371,0.9333576362228131,0.8408491446660497,84.08491446660497,4.372348833014257,B_parameter_matched
2,ResDyNet,31,0.023079402866778054,0.061878634632672874,0.24875416505593004,0.22409922927920833,22.40992292792083,4.510151750000659,B_parameter_matched
2,Plain,31,0.3292219164290797,1.0944659678927169,1.0461672752923965,0.9424778075070325,94.24778075070324,4.516239082993707,B_parameter_matched
2,ResDyNet,32,0.027982387553662967,0.07661625535787885,0.2767964150018545,0.24936210919409793,24.936210919409792,4.652699375001248,B_parameter_matched
2,Plain,32,0.35044309407295815,1.261744032415356,1.1232738011791052,1.0119420233915128,101.19420233915129,4.658795082999859,B_parameter_matched
2,ResDyNet,33,0.025073179691253673,0.09315998487064857,0.3052212064563152,0.2749696155284527,27.496961552845274,4.796123708016239,B_parameter_matched
2,Plain,33,0.3656868270038723,1.1531093148410394,1.0738292763940829,0.967398126432405,96.7398126432405,4.802320749993669,B_parameter_matched
2,ResDyNet,34,0.03705122060274501,0.07978793006641788,0.2824675734777673,0.2544711783961616,25.447117839616162,4.939271000010194,B_parameter_matched
2,Plain,34,0.35267338800528547,1.105649291856807,1.0514985933689152,0.9472807191355535,94.72807191355534,4.945300499995938,B_parameter_matched
2,ResDyNet,35,0.045844896972997366,0.07047943099686242,0.2654796244476446,0.23916696717288818,23.91669671728882,5.083486082992749,B_parameter_matched
2,Plain,35,0.3392895477958203,1.0857200732205368,1.041978921677659,0.938704576949062,93.8704576949062,5.089618124999106,B_parameter_matched
2,ResDyNet,36,0.03267774416270491,0.07801677399142587,0.27931482952293435,0.2516309144342139,25.163091443421393,5.229308290989138,B_parameter_matched
2,Plain,36,0.3299758965600137,1.1234911547182689,1.0599486566425134,0.9548932657095902,95.48932657095902,5.235546832991531,B_parameter_matched
2,ResDyNet,37,0.01829470527469774,0.058514202547872735,0.24189709082143326,0.21792178477002577,21.792178477002576,5.390826207993086,B_parameter_matched
2,Plain,37,0.33510129710375125,1.1615179481903033,1.0777374207989177,0.9709189203408745,97.09189203408745,5.397025375015801,B_parameter_matched
2,ResDyNet,38,0.019613721827563987,0.07173029580350197,0.2678251216811111,0.24127999359066968,24.12799935906697,5.539299708005274,B_parameter_matched
2,Plain,38,0.3359191521976648,1.1156160386343112,1.056227266564498,0.95154071622306,95.154071622306,5.545507708011428,B_parameter_matched
2,ResDyNet,39,0.01631114318953685,0.076423976056938,0.27644886698436294,0.24904900793269852,24.904900793269853,5.68534916601493,B_parameter_matched
2,Plain,39,0.3306309558762118,1.102915548025944,1.0501978613699154,0.9461089074458513,94.61089074458513,5.691455124993809,B_parameter_matched
2,ResDyNet,40,0.01714502716660949,0.056217712102687604,0.2371027458775786,0.21360262490158727,21.36026249015873,5.8292658329883125,B_parameter_matched
2,Plain,40,0.3406461900697659,1.0300782619974813,1.0149277126955798,0.9143345123007305,91.43345123007305,5.835496207990218,B_parameter_matched
2,ResDyNet,41,0.014749365773945833,0.06377192429185348,0.2525310362942612,0.2275017609851861,22.750176098518608,5.980278958013514,B_parameter_matched
2,Plain,41,0.32188563275981097,1.0690173216746297,1.033932938673795,0.9314560607702309,93.14560607702309,5.986529290996259,B_parameter_matched
2,ResDyNet,42,0.01748236310895302,0.05790767905800524,0.24064014431928277,0.21678941883631855,21.678941883631854,6.1434990410052706,B_parameter_matched
2,Plain,42,0.3078023596335874,1.1318199516343446,1.0638702701148972,0.9584261937170251,95.84261937170251,6.149680458009243,B_parameter_matched
2,ResDyNet,43,0.016933416270973813,0.06680485490356013,0.25846635158867415,0.23284880545661424,23.284880545661423,6.291237833007472,B_parameter_matched
2,Plain,43,0.3096397248899186,1.1094864752460738,1.0533216390286841,0.9489230760673587,94.89230760673587,6.297301749989856,B_parameter_matched
2,ResDyNet,44,0.017248706983842673,0.09376646113345931,0.3062130975864019,0.2758631966981644,27.58631966981644,6.43589195801178,B_parameter_matched
2,Plain,44,0.2920513818460049,1.0070638981942464,1.0035257336980683,0.9040626251746374,90.40626251746374,6.442305125005078,B_parameter_matched
2,ResDyNet,45,0.020871923798934135,0.0756927718675299,0.27512319398322255,0.2478547272348657,24.78547272348657,6.622875291010132,B_parameter_matched
2,Plain,45,0.2879690378739047,1.2598070778516455,1.1224112783875817,1.0111649883908216,101.11649883908215,6.628962749993661,B_parameter_matched
2,ResDyNet,46,0.02052566603789493,0.08920026873620338,0.29866414035870353,0.2690624442516333,26.90624442516333,6.774271375004901,B_parameter_matched
2,Plain,46,0.2666479623115372,0.9721831251327948,0.9859934711410593,0.8882680493303976,88.82680493303977,6.780364958016435,B_parameter_matched
2,ResDyNet,47,0.017766214805998173,0.06948097372416577,0.2635924386703188,0.23746682728533972,23.746682728533973,6.926236583007267,B_parameter_matched
2,Plain,47,0.31811866414180945,0.7937989714151553,0.8909539670573084,0.8026482583554082,80.26482583554082,6.932331541000167,B_parameter_matched
2,ResDyNet,48,0.013161641991566135,0.047021722795408234,0.21684492799096833,0.19535263349240947,19.535263349240946,7.076761541015003,B_parameter_matched
2,Plain,48,0.28187519294135455,1.0225422616478455,1.0112083176318545,0.9109837600953219,91.09837600953219,7.084104665991617,B_parameter_matched
2,ResDyNet,49,0.014430580184235516,0.05263593598182131,0.22942522961047965,0.2066860553725962,20.668605537259623,7.229410750005627,B_parameter_matched
2,Plain,49,0.28993259803661164,1.0224053804524922,1.0111406333703004,0.9109227842686651,91.09227842686651,7.236227790999692,B_parameter_matched
2,ResDyNet,50,0.014769030025138172,0.06123478564654834,0.2474566338705599,0.22293030115878146,22.293030115878146,7.379711000015959,B_parameter_matched
2,Plain,50,0.3006733709172023,0.9820280998649313,0.9909733093605152,0.8927543175569589,89.27543175569589,7.386849125003209,B_parameter_matched
2,ResDyNet,51,0.013711528643857591,0.06106538110071703,0.24711410542645482,0.22262172196247776,22.262172196247775,7.553381750010885,B_parameter_matched
2,Plain,51,0.30678552943310106,1.036765287482772,1.0182167193101732,0.9172975334314878,91.72975334314877,7.559784083015984,B_parameter_matched
2,ResDyNet,52,0.013112965913138284,0.059197603083081425,0.2433055755281441,0.21919066940218654,21.919066940218652,7.708340375014814,B_parameter_matched
2,Plain,52,0.3177880183551808,1.0752541138070582,1.0369446049847881,0.9341692298099854,93.41692298099854,7.714397416013526,B_parameter_matched
2,ResDyNet,53,0.01305180137088875,0.05260266349077581,0.22935270543591985,0.20662071933442652,20.662071933442654,7.859183082997333,B_parameter_matched
2,Plain,53,0.3274237494722847,1.0934656376360448,1.0456890731168824,0.9420470016994262,94.20470016994263,7.865247750014532,B_parameter_matched
2,ResDyNet,54,0.012802326061065067,0.06437886495542616,0.2537299055204691,0.22858180589434102,22.858180589434102,8.004331125004683,B_parameter_matched
2,Plain,54,0.332246424206364,1.1190075038005802,1.05783151011897,0.952985957327073,95.2985957327073,8.010445416002767,B_parameter_matched
2,ResDyNet,55,0.013032680501901836,0.06308348653054051,0.25116426204884423,0.22627045273783372,22.627045273783374,8.154716332996031,B_parameter_matched
2,Plain,55,0.3187015945992025,1.057747003236114,1.0284682801312417,0.9265330245373105,92.65330245373104,8.160866040998371,B_parameter_matched
2,ResDyNet,56,0.012723866206075874,0.05576146820042072,0.23613866307832931,0.21273409587726108,21.273409587726107,8.310059208015446,B_parameter_matched
2,Plain,56,0.2974237162780458,0.9127876777376035,0.9553992242709869,0.8607061102472087,86.07061102472086,8.316280750004807,B_parameter_matched
2,ResDyNet,57,0.012686320875636063,0.05263715331362618,0.22942788259848929,0.20668844541325387,20.668844541325388,8.456939708004938,B_parameter_matched
2,Plain,57,0.2893518573500894,0.9246400924452168,0.9615820778515045,0.866276158579178,86.62761585791779,8.463261666009203,B_parameter_matched
2,ResDyNet,58,0.010027719165367325,0.05457217062118594,0.23360687194769325,0.21045323983232245,21.045323983232244,8.604566583002452,B_parameter_matched
2,Plain,58,0.2775760977241054,0.9829593203676208,0.9914430494827329,0.8931775000163434,89.31775000163434,8.61067391600227,B_parameter_matched
2,ResDyNet,59,0.01036539962958372,0.056343556093538354,0.23736797613313038,0.2138415672157283,21.38415672157283,8.751347415993223,B_parameter_matched
2,Plain,59,0.28340446474554126,0.9673829958762287,0.9835563003083396,0.8860724354193242,88.60724354193242,8.757623540994246,B_parameter_matched
2,ResDyNet,60,0.014236992050377265,0.07900550574443305,0.2810791805602703,0.2532203941824467,25.322039418244668,8.89742770799785,B_parameter_matched
2,Plain,60,0.2982653855014977,1.0570424617141023,1.0281257032649764,0.9262244017181441,92.62244017181442,8.903759625012754,B_parameter_matched
2,ResDyNet,61,0.015295088036122539,0.08112423070343137,0.28482315689464466,0.25659329131879915,25.659329131879915,9.04330525000114,B_parameter_matched
2,Plain,61,0.30833117312692565,1.106619154290901,1.0519596733197052,0.9476960997647981,94.76960997647981,9.049414250010159,B_parameter_matched
2,ResDyNet,62,0.02426461810835977,0.05890797202038244,0.24270964550339247,0.21865380418338246,21.865380418338244,9.187918582989369,B_parameter_matched
2,Plain,62,0.3070915890679173,1.132073543631013,1.0639894471426927,0.9585335586733899,95.85335586733899,9.194626790995244,B_parameter_matched
2,ResDyNet,63,0.02335130297480621,0.06404004389772659,0.25306134413957143,0.22797950807894035,22.797950807894036,9.331721333001042,B_parameter_matched
2,Plain,63,0.3086815036646524,0.9795831276956117,0.9897389189557071,0.8916422721032278,89.16422721032278,9.338018415990518,B_parameter_matched
2,ResDyNet,64,0.0221036641469748,0.07263273038844924,0.2695046017945691,0.2427930142829305,24.279301428293053,9.476285874989117,B_parameter_matched
2,Plain,64,0.29563995132613086,1.1906814309924356,1.091183500146715,0.9830323095498188,98.30323095498188,9.482354583014967,B_parameter_matched
2,ResDyNet,65,0.02397804783956686,0.07227001107727793,0.26883082240933226,0.2421860156386994,24.21860156386994,9.618755791016156,B_parameter_matched
2,Plain,65,0.3164285931985385,0.8063013866335186,0.8979428637911872,0.8089444599535686,80.89444599535686,9.624787415988976,B_parameter_matched
2,ResDyNet,66,0.016044934349680334,0.051296767261904706,0.22648789650200893,0.20403985209959138,20.40398520995914,9.760735124989878,B_parameter_matched
2,Plain,66,0.28768207145752284,0.928803511657232,0.9637445261360668,0.8682242786993681,86.82242786993682,9.766898541012779,B_parameter_matched
2,ResDyNet,67,0.013722777537699116,0.07823009835833787,0.2796964396597459,0.251974701793615,25.1974701793615,9.903141290997155,B_parameter_matched
2,Plain,67,0.2890459968001809,1.073751281292085,1.0362197070564163,0.933516179168531,93.3516179168531,9.90924929099856,B_parameter_matched
2,ResDyNet,68,0.04954568567678265,0.06875053032442727,0.2622032233295908,0.23621530216177045,23.621530216177046,10.045530791016063,B_parameter_matched
2,Plain,68,0.27266205405881105,0.9260514609697825,0.96231567636082,0.8669370474551533,86.69370474551533,10.051691250002477,B_parameter_matched
2,ResDyNet,69,0.01695138978139891,0.05827581706907591,0.2414038464256026,0.2174774276316153,21.74774276316153,10.186989165988052,B_parameter_matched
2,Plain,69,0.2975301235388948,1.017972159704606,1.0089460638233374,0.9089457265419595,90.89457265419595,10.193009041016921,B_parameter_matched
2,ResDyNet,70,0.011832779660163224,0.0566354158982207,0.23798196548944775,0.21439470183964676,21.439470183964676,10.327973291015951,B_parameter_matched
2,Plain,70,0.3365378101305514,1.0656917999358042,1.0323234957782392,0.9300061356508592,93.00061356508593,10.334071541001322,B_parameter_matched
2,ResDyNet,71,0.009163293284993492,0.04897611506030319,0.22130547905622033,0.1993710830152899,19.93710830152899,10.468987541011302,B_parameter_matched
2,Plain,71,0.2980857612357223,1.0005119711899528,1.0002559528390484,0.9011169242644497,90.11169242644496,10.474998541001696,B_parameter_matched
2,ResDyNet,72,0.00927194913288025,0.04664411480372221,0.21597248621924556,0.19456666261795155,19.456666261795156,10.609553415997652,B_parameter_matched
2,Plain,72,0.3372850849547712,1.0860290038089406,1.0421271533785792,0.9388381168635536,93.88381168635536,10.616725416010013,B_parameter_matched
2,ResDyNet,73,0.012522074419418454,0.09229451474564283,0.30380012301782044,0.2736893808709285,27.368938087092847,10.753136999992421,B_parameter_matched
2,Plain,73,0.3109040209876596,0.9774483491478333,0.9886598753604969,0.8906701764682023,89.06701764682023,10.759155458013993,B_parameter_matched
2,ResDyNet,74,0.036493944583778776,0.09725283325599537,0.31185386522535735,0.2809448872103566,28.09448872103566,10.894787375000305,B_parameter_matched
2,Plain,74,0.28608508324449217,0.799164024109404,0.893959744121291,0.8053561218529788,80.53561218529788,10.900934541015886,B_parameter_matched
2,ResDyNet,75,0.04093060030967826,0.06320237662874516,0.25140082861586827,0.22648357232653044,22.648357232653044,11.04571770800976,B_parameter_matched
2,Plain,75,0.27964081459163104,0.9856423692652174,0.9927952302792441,0.8943956612249253,89.43956612249254,11.051881374994991,B_parameter_matched
2,ResDyNet,76,0.028678077311932396,0.05303516528516253,0.23029365011906544,0.2074684035460251,20.74684035460251,11.191535749996547,B_parameter_matched
2,Plain,76,0.2781742888521252,1.0371865798085984,1.018423575831097,0.9174838876454966,91.74838876454966,11.197612290998222,B_parameter_matched
2,ResDyNet,77,0.025577246161155736,0.0974649571054762,0.31219378133697057,0.2812511129920032,28.125111299200324,11.351681916014059,B_parameter_matched
2,Plain,77,0.27406491272414435,1.0255253806519793,1.0126822703355576,0.9123116239516702,91.23116239516702,11.357781250000698,B_parameter_matched
2,ResDyNet,78,0.043169270381307065,0.04998747303213586,0.223578784843589,0.201419073145428,20.141907314542802,11.492923874990083,B_parameter_matched
2,Plain,78,0.2691712431251744,1.0752016895242393,1.0369193264300938,0.9341464567053701,93.41464567053701,11.499069250014145,B_parameter_matched
2,ResDyNet,79,0.030491041880978745,0.07365930882851936,0.27140248493431185,0.2445027912781528,24.450279127815282,11.635657166014425,B_parameter_matched
2,Plain,79,0.26484377010688964,1.07340575146624,1.03605296750033,0.9333659657801406,93.33659657801407,11.641621499991743,B_parameter_matched
2,ResDyNet,80,0.03181828987186559,0.0829010888484453,0.28792549183503235,0.2593881424882279,25.93881424882279,11.782001250016037,B_parameter_matched
2,Plain,80,0.2578093656770009,0.9548755171987171,0.9771773212670857,0.8803257003388811,88.0325700338881,11.788176291011041,B_parameter_matched
2,ResDyNet,81,0.01734581321518268,0.08109436564297703,0.28477072469440573,0.25654605586583573,25.654605586583575,11.92411245801486,B_parameter_matched
2,Plain,81,0.252383740073165,0.9663623015106932,0.9830372838863708,0.8856048606146156,88.56048606146156,11.930180958006531,B_parameter_matched
2,ResDyNet,82,0.01292940020814667,0.04937324415231972,0.22220090943180165,0.2001777640089362,20.01777640089362,12.065331207995769,B_parameter_matched
2,Plain,82,0.24204985884946115,1.0798870976089883,1.039176162933402,0.9361796098824711,93.6179609882471,12.071540915989317,B_parameter_matched
2,ResDyNet,83,0.01346719884686064,0.05292665494024942,0.23005793822480766,0.20725605392034854,20.725605392034854,12.206811250012834,B_parameter_matched
2,Plain,83,0.24620011723950405,0.9384839431457658,0.9687538093580669,0.8727370735264983,87.27370735264984,12.212815416016383,B_parameter_matched
2,ResDyNet,84,0.009096066843235153,0.059779817786604864,0.2444991161264287,0.22026591382323527,22.026591382323527,12.34864887499134,B_parameter_matched
2,Plain,84,0.2527201480564968,1.1780641283521631,1.0853866262084506,0.9778099850050149,97.7809985005015,12.354890749993501,B_parameter_matched
2,ResDyNet,85,0.014432632423813568,0.06517877293014322,0.25530133750167316,0.22999748750020824,22.999748750020824,12.49155645800056,B_parameter_matched
2,Plain,85,0.27999880986741066,1.0211566551789624,1.0105229612329263,0.9103663318776001,91.03663318776,12.497635083011119,B_parameter_matched
2,ResDyNet,86,0.016183978923928612,0.07484525819477836,0.2735786142862383,0.24646323648504587,24.646323648504588,12.634940499992808,B_parameter_matched
2,Plain,86,0.2958315978073307,0.9581403361091799,0.9788464313206541,0.8818293787858441,88.18293787858441,12.64099124999484,B_parameter_matched
2,ResDyNet,87,0.016373085774872943,0.07494996582053981,0.2737699140163868,0.24663557579875325,24.663557579875324,12.77859320800053,B_parameter_matched
2,Plain,87,0.25378877224573515,0.9339163098444242,0.9663934549884039,0.8706106625176682,87.06106625176682,12.785031500010518,B_parameter_matched
2,ResDyNet,88,0.01511027181140984,0.04747579083655618,0.2178894004685776,0.19629358447983497,19.629358447983495,12.92234891600674,B_parameter_matched
2,Plain,88,0.246663731237944,1.000667649963227,1.000333769280647,0.9011870280337014,90.11870280337014,12.928359500016086,B_parameter_matched
2,ResDyNet,89,0.015288216824641576,0.05195235074930702,0.2279305831811673,0.20533954882152597,20.533954882152596,13.064584500010824,B_parameter_matched
2,Plain,89,0.22684726357995533,0.8503725333639351,0.9221564581804625,0.8307581563774895,83.07581563774895,13.070808124990435,B_parameter_matched
2,ResDyNet,90,0.015406980095754454,0.05044661030472459,0.22460322861598536,0.20234198054592234,20.234198054592234,13.208910165994894,B_parameter_matched
2,Plain,90,0.27847194952492926,1.1204273946179568,1.0585024301426789,0.953590380011563,95.3590380011563,13.214978750009323,B_parameter_matched
2,ResDyNet,91,0.014523751653451747,0.0673059019840976,0.2594338104104737,0.233720375893539,23.3720375893539,13.352606333006406,B_parameter_matched
2,Plain,91,0.30505641531013383,0.7313878850320973,0.8552121871395995,0.7704489770656868,77.04489770656868,13.358657708013197,B_parameter_matched
2,ResDyNet,92,0.014158152891423859,0.0824496130357736,0.28714040648395966,0.2586808698198317,25.86808698198317,13.497042125003645,B_parameter_matched
2,Plain,92,0.2501843521563208,1.0451777885708422,1.0223393705471986,0.9210115736148818,92.10115736148819,13.503200790990377,B_parameter_matched
2,ResDyNet,93,0.014273859049116678,0.061768114525615966,0.24853191852479625,0.22389901041523128,22.389901041523128,13.63965699999244,B_parameter_matched
2,Plain,93,0.2965860818199542,1.0028540905424266,1.0014260284925824,0.9021710294373073,90.21710294373074,13.64571666601114,B_parameter_matched
2,ResDyNet,94,0.013110318525634856,0.049153241213952176,0.22170530262930604,0.19973127861063208,19.973127861063208,13.781755166011862,B_parameter_matched
2,Plain,94,0.2576310454578525,0.8883409674446816,0.9425184175625863,0.8491019674373868,84.91019674373868,13.787924041011138,B_parameter_matched
2,ResDyNet,95,0.01334165281020298,0.048566855535533124,0.22037889085738935,0.19853633236429863,19.853633236429864,13.923714375006966,B_parameter_matched
2,Plain,95,0.2488701165504831,0.9353227160003253,0.9671208383652611,0.8712659522657114,87.12659522657114,13.929754290991696,B_parameter_matched
2,ResDyNet,96,0.013454822891692234,0.04997975643272013,0.22356152717478053,0.20140352594734082,20.140352594734082,14.064926791004837,B_parameter_matched
2,Plain,96,0.24022597672184023,0.8483644314665735,0.9210670070448586,0.8297766847314919,82.9776684731492,14.071109999989858,B_parameter_matched
2,ResDyNet,97,0.013245635527021273,0.06857836288518629,0.2618747083725083,0.23591934752449906,23.591934752449905,14.206162124988623,B_parameter_matched
2,Plain,97,0.24741120081780418,0.9835035932139516,0.9917174966763225,0.893424745744058,89.3424745744058,14.212168333004229,B_parameter_matched
2,ResDyNet,98,0.013422630349511789,0.07259189132786278,0.2694288242335307,0.24272474731332405,24.272474731332405,14.348028832988348,B_parameter_matched
2,Plain,98,0.2374697640249363,0.9826003057116943,0.9912619763269921,0.8930143736838233,89.30143736838232,14.354187791002914,B_parameter_matched
2,ResDyNet,99,0.013492625895161198,0.05213062010474161,0.2283213089151812,0.20569154829792624,20.569154829792623,14.493590750003932,B_parameter_matched
2,Plain,99,0.32010045306008306,1.160229213529952,1.077139365880735,0.9703801408346047,97.03801408346047,14.499635415995726,B_parameter_matched
2,ResDyNet,100,0.013121418893183447,0.05351690042119994,0.231337200685925,0.20840852399664964,20.840852399664964,14.635792707995279,B_parameter_matched
2,Plain,100,0.2716199804122918,0.7877413772005735,0.8875479576904977,0.7995798310434536,79.95798310434536,14.6418093329994,B_parameter_matched
3,ResDyNet,0,1.1565438972258426,2.649601412472994,1.6277596298203842,1.4664264150613933,146.6426415061393,0.006153458001790568,B_parameter_matched
3,Plain,0,1.050682777469197,2.388269400734314,1.5454026662117268,1.3922321515549863,139.22321515549862,0.01281054099672474,B_parameter_matched
3,ResDyNet,1,0.9395184826294005,1.5745970789392734,1.2548295019401134,1.13045875713625,113.04587571362501,0.1507898750132881,B_parameter_matched
3,Plain,1,1.0042041570939673,2.322305369305436,1.5239112078154147,1.3728707902623347,137.28707902623347,0.15757741601555608,B_parameter_matched
3,ResDyNet,2,0.49397905237829276,0.8995406390259327,0.9484411626589879,0.8544376875891374,85.44376875891373,0.2936849160178099,B_parameter_matched
3,Plain,2,0.9459487796194106,2.236072275138149,1.4953502182225238,1.3471405848855553,134.71405848855554,0.3005912910157349,B_parameter_matched
3,ResDyNet,3,0.30460956779889403,0.7622878854624531,0.8730909949498122,0.7865557507946772,78.65557507946772,0.4370227080071345,B_parameter_matched
3,Plain,3,0.9357870847731808,2.283932484095846,1.5112685016554293,1.3614811489840903,136.14811489840903,0.44362745800754055,B_parameter_matched
3,ResDyNet,4,0.19319233904571761,0.5912680757568203,0.7689395787425826,0.6927271626577494,69.27271626577493,0.5792493330081925,B_parameter_matched
3,Plain,4,0.9188787163643006,2.312405870966123,1.5206596828239127,1.3699415358138158,136.9941535813816,0.5866394159966148,B_parameter_matched
3,ResDyNet,5,0.14380038842881748,0.4588647867365781,0.6773955910223938,0.6102564346254086,61.025643462540856,0.7225824159977492,B_parameter_matched
3,Plain,5,0.8837613151648424,1.9317908274284321,1.3898887823953512,1.252131817968088,125.2131817968088,0.7298640829976648,B_parameter_matched
3,ResDyNet,6,0.10616229434399752,0.3049539558174535,0.552226362841773,0.49749318678815674,49.749318678815676,0.8654997080157045,B_parameter_matched
3,Plain,6,0.5088984730453169,1.1697315672713113,1.0815412924485646,0.9743457763485769,97.43457763485769,0.87239941599546,B_parameter_matched
3,ResDyNet,7,0.08451755556023785,0.23819181373437895,0.4880489870232075,0.43967666558591295,43.9676665585913,1.0094840410165489,B_parameter_matched
3,Plain,7,0.3815354696758369,1.1632084646910372,1.078521425235047,0.9716252192277637,97.16252192277636,1.0159103750193026,B_parameter_matched
3,ResDyNet,8,0.07123700527095227,0.19800856971780093,0.44498153862581863,0.40087778963259213,40.08777896325921,1.1567213330126833,B_parameter_matched
3,Plain,8,0.3139798591699842,1.0127315692024375,1.0063456509581772,0.9066030501137714,90.66030501137715,1.1640758750145324,B_parameter_matched
3,ResDyNet,9,0.054809076617111006,0.1565150752186155,0.39561986201228005,0.35640852945945556,35.640852945945554,1.311146624997491,B_parameter_matched
3,Plain,9,0.3091152937981132,1.0833289414913547,1.0408308899582845,0.9376703308553653,93.76703308553654,1.3181614160130266,B_parameter_matched
3,ResDyNet,10,0.04672911570860847,0.10242869946358989,0.3200448397702889,0.28832402428792897,28.832402428792896,1.4583931660163216,B_parameter_matched
3,Plain,10,0.30263895211335345,1.1062706343423883,1.051794007561551,0.9475468537462964,94.75468537462964,1.4650382499967236,B_parameter_matched
3,ResDyNet,11,0.04448795506735072,0.0881185578165926,0.2968477013833737,0.2674260391915909,26.74260391915909,1.6066463330062106,B_parameter_matched
3,Plain,11,0.32285435686405844,1.170559805887425,1.0819241220563598,0.9746906623127289,97.46906623127289,1.6142423330165911,B_parameter_matched
3,ResDyNet,12,0.03753687906462907,0.10987311538493415,0.3314711380873667,0.2986178203568138,29.86178203568138,1.7523325830115937,B_parameter_matched
3,Plain,12,0.3404925335494419,1.2258886740153163,1.1071985702733347,0.9974600674585999,99.74600674586,1.7583765830204356,B_parameter_matched
3,ResDyNet,13,0.0349586432381195,0.10595629204340491,0.325509281040349,0.29324686478302836,29.324686478302837,1.8966346660163254,B_parameter_matched
3,Plain,13,0.3557862865919097,1.1882290783379381,1.0900592086386585,0.9820194506882035,98.20194506882035,1.9026825000182725,B_parameter_matched
3,ResDyNet,14,0.029724167255394104,0.08069709710110712,0.28407234483685156,0.2559168949921401,25.59168949921401,2.0414062080089934,B_parameter_matched
3,Plain,14,0.35619243999668176,1.1782897398094985,1.0854905526118126,0.9779036108821533,97.79036108821532,2.048270875005983,B_parameter_matched
3,ResDyNet,15,0.02711398126744832,0.0792913796753308,0.2815872505553666,0.2536781075007156,25.367810750071563,2.1895596660033334,B_parameter_matched
3,Plain,15,0.3516168355317928,1.1535120734083757,1.0740167938204577,0.9675670583203095,96.75670583203096,2.196880208008224,B_parameter_matched
3,ResDyNet,16,0.030819821701763853,0.10021320091647655,0.31656468678056393,0.28518880199890423,28.518880199890422,2.335403541015694,B_parameter_matched
3,Plain,16,0.35163612021213,1.1871113937177549,1.0895464165044806,0.9815574832593411,98.15574832593411,2.3414190000039525,B_parameter_matched
3,ResDyNet,17,0.02799429404960224,0.10870703094758503,0.3297074930109794,0.29702897659915606,29.702897659915607,2.478644125018036,B_parameter_matched
3,Plain,17,0.3698568051720011,1.263074125585023,1.123865706205605,1.0124752625443738,101.24752625443737,2.4846998330031056,B_parameter_matched
3,ResDyNet,18,0.029373614649673405,0.07464525764706571,0.27321284312247424,0.24613371824010047,24.61337182401005,2.6214157080103178,B_parameter_matched
3,Plain,18,0.3755896255498428,1.3002554265953548,1.1402874315694946,1.027269370601439,102.72693706014391,2.6288134579954203,B_parameter_matched
3,ResDyNet,19,0.027541122566568765,0.10466650404369761,0.3235220302293147,0.29145657767351546,29.145657767351548,2.765192749997368,B_parameter_matched
3,Plain,19,0.3882639898382927,1.4139715471182093,1.1891053557688693,1.0712487716523962,107.12487716523962,2.7715831250243355,B_parameter_matched
3,ResDyNet,20,0.020978179269549983,0.08914119165127331,0.298565221771179,0.2689733298473754,26.897332984737538,2.907462833012687,B_parameter_matched
3,Plain,20,0.40783603048041844,1.352611052487948,1.1630180791750178,1.047747100525156,104.7747100525156,2.9136603329970967,B_parameter_matched
3,ResDyNet,21,0.026346800286402117,0.0917403306726236,0.30288666308146284,0.2728664572922654,27.28664572922654,3.0497875410073902,B_parameter_matched
3,Plain,21,0.38483180655879906,1.293065640866547,1.1371304414474828,1.0244252813254833,102.44252813254833,3.0558236250071786,B_parameter_matched
3,ResDyNet,22,0.03102015969903159,0.14451036284885796,0.3801451865391142,0.34246760571209794,34.2467605712098,3.19274695799686,B_parameter_matched
3,Plain,22,0.3539941016801465,1.1324403423605716,1.0641618027163782,0.9586888314553197,95.86888314553197,3.200726333016064,B_parameter_matched
3,ResDyNet,23,0.03176966191114825,0.10376368523761101,0.3221237110763674,0.2901968510498773,29.01968510498773,3.3379476249974687,B_parameter_matched
3,Plain,23,0.33099116642853377,1.2502956982019022,1.1181662211862342,1.0073406743462539,100.73406743462539,3.344136833009543,B_parameter_matched
3,ResDyNet,24,0.030882206008967822,0.09202087212381999,0.30334942248802776,0.27328335092027595,27.328335092027594,3.4800789580040146,B_parameter_matched
3,Plain,24,0.327198842542987,1.1209320251902872,1.0587407733672523,0.9538051001667766,95.38051001667766,3.4861160830187146,B_parameter_matched
3,ResDyNet,25,0.028648759850937875,0.0774458658763733,0.2782909734008153,0.250708536439827,25.070853643982698,3.6212023330153897,B_parameter_matched
3,Plain,25,0.3598416378319594,1.3323328636758072,1.154267241013019,1.0398635899627897,103.98635899627897,3.6275248330202885,B_parameter_matched
3,ResDyNet,26,0.029138187540889694,0.06865055887013674,0.26201251662876096,0.23604349710007536,23.604349710007536,3.7634732910082676,B_parameter_matched
3,Plain,26,0.36678517260002563,1.2017991328505837,1.0962659954822023,0.9876110601699011,98.76110601699011,3.770640958013246,B_parameter_matched
3,ResDyNet,27,0.025208448214856384,0.09046814864895907,0.3007792357343822,0.2709679047830581,27.09679047830581,3.9072307500173338,B_parameter_matched
3,Plain,27,0.36311391117700753,1.2442022219259636,1.1154381300305112,1.0048829742902023,100.48829742902024,3.913488165999297,B_parameter_matched
3,ResDyNet,28,0.02857853544392297,0.08100176475469516,0.2846080897562386,0.2563995402716589,25.63995402716589,4.050042500020936,B_parameter_matched
3,Plain,28,0.36129196720532974,1.207271148117869,1.0987589126454762,0.9898568951886674,98.98568951886674,4.0561093330034055,B_parameter_matched
3,ResDyNet,29,0.019920571222410526,0.06343173141173104,0.25185656912562565,0.22689414272628627,22.68941427262863,4.19203729100991,B_parameter_matched
3,Plain,29,0.35410648987348803,1.107458720970766,1.052358646551054,0.9480555292988851,94.80555292988852,4.198560916003771,B_parameter_matched
3,ResDyNet,30,0.025122045871744565,0.11650648761791192,0.34133046687618135,0.30749995498272803,30.749995498272803,4.3342853329959325,B_parameter_matched
3,Plain,30,0.32964705644342607,0.9617803800108677,0.9807040226341828,0.8835028574252226,88.35028574252226,4.340615291002905,B_parameter_matched
3,ResDyNet,31,0.017464501193677495,0.10227006543317488,0.31979691279494066,0.28810067026255787,28.810067026255787,4.477285083004972,B_parameter_matched
3,Plain,31,0.3241743349469617,0.9616655236001425,0.9806454627438718,0.8834501016199784,88.34501016199783,4.483338457997888,B_parameter_matched
3,ResDyNet,32,0.021998831452091226,0.08594301981722484,0.29316039946968425,0.26410419926665235,26.410419926665234,4.6361036250018515,B_parameter_matched
3,Plain,32,0.32399354879420267,0.7380740173387763,0.8591123426763093,0.7739625739119917,77.39625739119917,4.643041375005851,B_parameter_matched
3,ResDyNet,33,0.017138750036223203,0.09632726220584402,0.31036633549056836,0.2796047919921673,27.96047919921673,4.779121500003384,B_parameter_matched
3,Plain,33,0.29592276725427996,0.8077079963187285,0.8987257625765095,0.8096497627747492,80.96497627747492,4.785514625022188,B_parameter_matched
3,ResDyNet,34,0.015925375433240626,0.0926828542632558,0.3044385886566547,0.27426456584341663,27.426456584341665,4.925902165996376,B_parameter_matched
3,Plain,34,0.27744993971863935,1.0097712077823577,1.0048737272823673,0.9052770141809353,90.52770141809353,4.932031125004869,B_parameter_matched
3,ResDyNet,35,0.018277584254363325,0.08125357083580298,0.2850501198663193,0.25679775915963216,25.679775915963216,5.068546249996871,B_parameter_matched
3,Plain,35,0.28091002489429295,1.0431611369103526,1.0213526016564274,0.920122607000599,92.0122607000599,5.074573874997441,B_parameter_matched
3,ResDyNet,36,0.01743651458243499,0.054427304605152,0.23329660221518875,0.21017372206864082,21.01737220686408,5.225345665996429,B_parameter_matched
3,Plain,36,0.29831951652695227,0.9673771463618285,0.983553326648753,0.8860697564900232,88.60697564900232,5.2318815830221865,B_parameter_matched
3,ResDyNet,37,0.014251823302626919,0.06781693159517008,0.26041684199600085,0.23460597562057964,23.460597562057963,5.369220499997027,B_parameter_matched
3,Plain,37,0.299031756488044,1.0231108721997846,1.0114894325695076,0.911237012702581,91.1237012702581,5.375303125008941,B_parameter_matched
3,ResDyNet,38,0.016344667989659528,0.05399859959177407,0.23237598755416633,0.20934435289626183,20.934435289626183,5.511390875006327,B_parameter_matched
3,Plain,38,0.2896931652547884,1.0594326343051046,1.0292874400793515,0.9272709945447132,92.72709945447131,5.5179442500229925,B_parameter_matched
3,ResDyNet,39,0.018090625783500524,0.07189430434318203,0.2681311327376626,0.2415556747713594,24.15556747713594,5.6543410410231445,B_parameter_matched
3,Plain,39,0.27830837624685867,0.9910018802461186,0.9954907735615226,0.8968240393463993,89.68240393463994,5.661005375004606,B_parameter_matched
3,ResDyNet,40,0.01180299938838205,0.05937656484376786,0.24367306959072818,0.21952173978314382,21.95217397831438,5.799008791014785,B_parameter_matched
3,Plain,40,0.2778479570742442,0.9746114148764206,0.9872240955712236,0.889376702069016,88.9376702069016,5.805068832996767,B_parameter_matched
3,ResDyNet,41,0.012743180810351725,0.07564497822321078,0.27503632164354364,0.2477764651307383,24.77764651307383,5.942455541022355,B_parameter_matched
3,Plain,41,0.26374291644429937,0.8927645944762793,0.9448622092539627,0.8512134573555973,85.12134573555973,5.948782999999821,B_parameter_matched
3,ResDyNet,42,0.015624691206535342,0.058049863616787295,0.240935393034704,0.2170554043708992,21.705540437089923,6.088616291002836,B_parameter_matched
3,Plain,42,0.2559822175474627,1.0557224262292526,1.0274835406123315,0.9256458861564156,92.56458861564157,6.096055083005922,B_parameter_matched
3,ResDyNet,43,0.013960243739684016,0.05683956344084014,0.23841049356276275,0.21478075692713766,21.478075692713766,6.2455600000103,B_parameter_matched
3,Plain,43,0.27078015046222503,1.1274801879322445,1.0618286999004334,0.9565869709989739,95.6586970998974,6.2517398330091964,B_parameter_matched
3,ResDyNet,44,0.013848279704787506,0.059132189607692016,0.24317111178693082,0.21906953285452263,21.906953285452264,6.405055875016842,B_parameter_matched
3,Plain,44,0.282411230909773,1.225239327097251,1.1069052927406442,0.9971958577356147,99.71958577356148,6.411456875008298,B_parameter_matched
3,ResDyNet,45,0.013525473649670038,0.07006302828287081,0.26469421656483316,0.23845940394005433,23.84594039400543,6.576033749995986,B_parameter_matched
3,Plain,45,0.2581346989720012,0.9671306729191496,0.9834280212192195,0.8859568705402477,88.59568705402478,6.59186137499637,B_parameter_matched
3,ResDyNet,46,0.012055195367396554,0.08106184874597201,0.284713625852315,0.256494616298975,25.649461629897502,6.735729708016152,B_parameter_matched
3,Plain,46,0.2639315598268694,0.8748265366420722,0.9353216220328023,0.8426184726539245,84.26184726539245,6.741826458019204,B_parameter_matched
3,ResDyNet,47,0.012220287969904245,0.05520314741783767,0.23495350054391118,0.21166639913950402,21.1666399139504,6.8820600410108455,B_parameter_matched
3,Plain,47,0.2768404085120947,1.1825984376623793,1.0874734192900437,0.9796899483863117,97.96899483863118,6.888311333023012,B_parameter_matched
3,ResDyNet,48,0.015758019563470713,0.0741873409706824,0.27237353206705384,0.24537759437538872,24.537759437538874,7.03434583300259,B_parameter_matched
3,Plain,48,0.2608693476111593,0.9876234598268213,0.9937924631565794,0.8952940547017642,89.52940547017641,7.040430833003484,B_parameter_matched
3,ResDyNet,49,0.035116897953187474,0.07403663192981189,0.272096732670225,0.24512822957990743,24.512822957990743,7.17804349999642,B_parameter_matched
3,Plain,49,0.3003552431030536,1.191425803200723,1.0915245316531934,0.983339540175463,98.3339540175463,7.184156250004889,B_parameter_matched
3,ResDyNet,50,0.01416873288455029,0.09521164914218526,0.30856384937672987,0.2779809568744443,27.79809568744443,7.320710250001866,B_parameter_matched
3,Plain,50,0.28950378441987273,1.0438342296484724,1.0216820589833573,0.9204194106059931,92.04194106059931,7.326899208012037,B_parameter_matched
3,ResDyNet,51,0.02290046880169815,0.07950238489531063,0.28196167274172323,0.2540154193337404,25.401541933374038,7.462690957996529,B_parameter_matched
3,Plain,51,0.2709592226660686,1.1602707867133495,1.0771586636672192,0.9703975259468377,97.03975259468378,7.468710583023494,B_parameter_matched
3,ResDyNet,52,0.019898754616622206,0.1013122623084143,0.3182958722767455,0.28674840336415736,28.674840336415734,7.604097125004046,B_parameter_matched
3,Plain,52,0.26805141614309286,1.1514417226913312,1.0730525255975736,0.9666983622503637,96.66983622503636,7.61026962500182,B_parameter_matched
3,ResDyNet,53,0.017989329257530603,0.056924287860084695,0.23858811340903952,0.2149407722203343,21.494077222033432,7.746010375005426,B_parameter_matched
3,Plain,53,0.26959382589084435,1.0720800550610328,1.0354129876822256,0.9327894167042318,93.27894167042318,7.752041666011792,B_parameter_matched
3,ResDyNet,54,0.022428173557382816,0.05374562138612007,0.23183101903351946,0.20885339820036383,20.885339820036382,7.890544666006463,B_parameter_matched
3,Plain,54,0.2731115434815092,1.1445963705433606,1.0698581076681901,0.9638205547740162,96.38205547740162,7.897464541019872,B_parameter_matched
3,ResDyNet,55,0.012879287112520465,0.059605458931214696,0.2441422923854339,0.21994445618923955,21.994445618923955,8.038190332998056,B_parameter_matched
3,Plain,55,0.2620666312201195,1.260999602559369,1.1229423861264518,1.0116434560977572,101.16434560977572,8.044386207999196,B_parameter_matched
3,ResDyNet,56,0.013093446379285854,0.05809542122684435,0.2410299177007791,0.217140560351345,21.714056035134497,8.181340500013903,B_parameter_matched
3,Plain,56,0.27371745232404504,1.353148865189173,1.16324927044429,1.0479553775815356,104.79553775815356,8.187398708018009,B_parameter_matched
3,ResDyNet,57,0.011863021227838652,0.07500248954583806,0.27386582398290965,0.246721979777449,24.6721979777449,8.324003041023389,B_parameter_matched
3,Plain,57,0.28014917815383616,1.2268726438703716,1.1076428322660565,0.9978602970191568,99.78602970191568,8.330190583015792,B_parameter_matched
3,ResDyNet,58,0.011694455259593459,0.06903327591947198,0.2627418427267952,0.2367005370190891,23.670053701908913,8.468590583011974,B_parameter_matched
3,Plain,58,0.2558939623921826,1.1162277942027303,1.0565168215427194,0.9518015723475746,95.18015723475746,8.47483520800597,B_parameter_matched
3,ResDyNet,59,0.016503221723821477,0.06887626463921726,0.262442878812166,0.23643120451229216,23.643120451229215,8.614427166001406,B_parameter_matched
3,Plain,59,0.24694137332023042,0.965980566890816,0.9828431039035763,0.8854299265206442,88.54299265206443,8.620533750014147,B_parameter_matched
3,ResDyNet,60,0.016652471642610123,0.06827975470516613,0.2613039508028268,0.2354051598266081,23.54051598266081,8.758978583005955,B_parameter_matched
3,Plain,60,0.26879628210569234,1.1226057647050849,1.0595309172955194,0.9545169300382663,95.45169300382663,8.765188208024483,B_parameter_matched
3,ResDyNet,61,0.01694742397620547,0.06766372142351279,0.260122512335078,0.2343408180496421,23.43408180496421,8.902699208003469,B_parameter_matched
3,Plain,61,0.24283107472505208,1.2091906040605143,1.0996320312088559,0.990643475775484,99.06434757754839,8.908936332998564,B_parameter_matched
3,ResDyNet,62,0.02283297497060723,0.13274761950207745,0.36434546724513733,0.3282338544267196,32.82338544267196,9.051347083004657,B_parameter_matched
3,Plain,62,0.24964820145392413,0.9500089091373404,0.9746840047612049,0.8780795055578153,87.80795055578153,9.057421791017987,B_parameter_matched
3,ResDyNet,63,0.0370134005687001,0.10182333361476537,0.31909768663336524,0.28747074696513014,28.747074696513014,9.19414533302188,B_parameter_matched
3,Plain,63,0.2399504101728673,0.7584345985016672,0.8708815065792057,0.7845652529035445,78.45652529035445,9.200226708024275,B_parameter_matched
3,ResDyNet,64,0.032488715602711105,0.05663401863556055,0.23797902982313493,0.2143920571379672,21.43920571379672,9.33560283301631,B_parameter_matched
3,Plain,64,0.2628243475411568,0.9344017087700688,0.9666445617547686,0.8708368811733296,87.08368811733295,9.34162395799649,B_parameter_matched
3,ResDyNet,65,0.024498539683732744,0.0612868864409819,0.24756188406332244,0.2230251196197076,22.30251196197076,9.477020749996882,B_parameter_matched
3,Plain,65,0.2503063738139939,1.0653300667925807,1.0321482775224597,0.9298482839177354,92.98482839177355,9.48301670802175,B_parameter_matched
3,ResDyNet,66,0.025700657296794712,0.06500913981601963,0.25496889970351216,0.2296979988289958,22.96979988289958,9.617768208001507,B_parameter_matched
3,Plain,66,0.24866339630012763,0.8827823236244203,0.9395649650899188,0.84644124244937,84.644124244937,9.623791291000089,B_parameter_matched
3,ResDyNet,67,0.030367369252908113,0.05744659758374286,0.23968019856413433,0.21592461681851013,21.592461681851013,9.760620208020555,B_parameter_matched
3,Plain,67,0.2512471391034488,1.0416679006215042,1.020621330671422,0.9194638149594804,91.94638149594803,9.766643000009935,B_parameter_matched
3,ResDyNet,68,0.03021054357682979,0.07245478158802052,0.2691742587767644,0.24249541277072606,24.249541277072606,9.903401333023794,B_parameter_matched
3,Plain,68,0.25463331561650204,1.0845028939004995,1.0413946868985358,0.9381782478172858,93.81782478172858,9.910924249998061,B_parameter_matched
3,ResDyNet,69,0.021669301796273986,0.10218756816067277,0.31966790292532155,0.28798444703331244,28.798444703331246,10.049568707996514,B_parameter_matched
3,Plain,69,0.2512536547757837,0.9562502793805007,0.9778805036304287,0.8809591877244389,88.0959187724439,10.055661624995992,B_parameter_matched
3,ResDyNet,70,0.023027724600665184,0.11650424466086061,0.34132718125115763,0.3074969950080263,30.74969950080263,10.19297508301679,B_parameter_matched
3,Plain,70,0.24594759593662743,1.0324153856665128,1.0160784348004404,0.9153711821259607,91.53711821259607,10.199060958024347,B_parameter_matched
3,ResDyNet,71,0.02950709460154053,0.07089076782296483,0.2662532024651813,0.2398638730416938,23.98638730416938,10.335020666010678,B_parameter_matched
3,Plain,71,0.23664824134187507,0.9053380331723482,0.951492529225715,0.857186622046971,85.71866220469711,10.341029250004794,B_parameter_matched
3,ResDyNet,72,0.0266986833161382,0.05274260599495614,0.22965758423129887,0.20689538047649284,20.689538047649283,10.477647874999093,B_parameter_matched
3,Plain,72,0.23417785893801893,1.1721948160169544,1.0826794613443789,0.9753711371592559,97.5371137159256,10.484674583014566,B_parameter_matched
3,ResDyNet,73,0.021106158251808796,0.06408286039145372,0.25314592706866473,0.22805570768434483,22.80557076843448,10.621410416002618,B_parameter_matched
3,Plain,73,0.23285400126106523,0.9649610100690686,0.9823242896666399,0.8849625338616695,88.49625338616694,10.627643708023243,B_parameter_matched
3,ResDyNet,74,0.0226148675350924,0.058281782488141205,0.2414162017929642,0.21748855841329517,21.74885584132952,10.764368833013577,B_parameter_matched
3,Plain,74,0.3176282988507272,0.8257701411432424,0.9087189560822655,0.8186524942955435,81.86524942955435,10.770421166002052,B_parameter_matched
3,ResDyNet,75,0.027138838961865253,0.04873321481211235,0.22075600742021123,0.19887607152427533,19.887607152427535,10.906223583006067,B_parameter_matched
3,Plain,75,0.2750312898014547,0.8643217963298407,0.9296890858399063,0.8375441977390444,83.75441977390444,10.91346862501814,B_parameter_matched
3,ResDyNet,76,0.015860888815350485,0.05804797370131722,0.24093147096491405,0.21705187103180154,21.705187103180155,11.049242291017435,B_parameter_matched
3,Plain,76,0.25605868096604356,0.961242597390137,0.9804298023775782,0.8832558161419378,88.32558161419378,11.055586708011106,B_parameter_matched
3,ResDyNet,77,0.011147616833164432,0.05563670604094925,0.23587434375308658,0.21249597420779204,21.249597420779203,11.193245791015215,B_parameter_matched
3,Plain,77,0.2631417822264699,1.0640674515181707,1.0315364518610919,0.9292970985370406,92.92970985370405,11.19934612500947,B_parameter_matched
3,ResDyNet,78,0.008832655918610531,0.04260628829594626,0.20641290729008752,0.18595456854597328,18.595456854597327,11.337320500024362,B_parameter_matched
3,Plain,78,0.26646233867016644,0.9808576890770045,0.9903825973213608,0.8922221531501009,89.22221531501009,11.346039374999236,B_parameter_matched
3,ResDyNet,79,0.009742694472678254,0.04664894378460424,0.2159836655504398,0.19457673392471309,19.457673392471307,11.494964666024316,B_parameter_matched
3,Plain,79,0.2641868498505368,0.9933405162071384,0.9966646959771066,0.8978816100146405,89.78816100146405,11.513237000006484,B_parameter_matched
3,ResDyNet,80,0.008923960238831286,0.04940156619727753,0.22226463100834898,0.20023516990680126,20.023516990680125,11.654934916005004,B_parameter_matched
3,Plain,80,0.24336092467703757,0.8398204790481608,0.9164171970495538,0.8255877344238327,82.55877344238327,11.661168375023408,B_parameter_matched
3,ResDyNet,81,0.008556553899698626,0.049884442358508835,0.22334825353807636,0.2012113906413843,20.12113906413843,11.797551583003951,B_parameter_matched
3,Plain,81,0.2388302100862959,0.8108375890296464,0.9004652070067152,0.8112168045008463,81.12168045008463,11.803619041020283,B_parameter_matched
3,ResDyNet,82,0.007342993930406162,0.05206876660525161,0.22818581595982604,0.2055694845453011,20.55694845453011,11.940023041010136,B_parameter_matched
3,Plain,82,0.25197059921785003,0.9853518065712161,0.992648883831144,0.8942638197089466,89.42638197089467,11.946235791023355,B_parameter_matched
3,ResDyNet,83,0.010185386991012693,0.05438613931561997,0.23320836030387068,0.2100942261361323,21.00942261361323,12.082118666003225,B_parameter_matched
3,Plain,83,0.22304787688318786,0.8767687209116454,0.9363592905031943,0.8435532940041918,84.35532940041918,12.088076540996553,B_parameter_matched
3,ResDyNet,84,0.007768541402222746,0.056464761601043766,0.237623150389527,0.2140714502175969,21.407145021759693,12.224510333006037,B_parameter_matched
3,Plain,84,0.22951207774183452,0.9272125660494246,0.9629187743778935,0.8674803702203243,86.74803702203243,12.230716416001087,B_parameter_matched
3,ResDyNet,85,0.009317556140136088,0.06491134837718153,0.25477705622206553,0.22952516965717162,22.952516965717162,12.365986666001845,B_parameter_matched
3,Plain,85,0.22220189547349212,0.8010386554651435,0.8950076287189643,0.80630014677276,80.630014677276,12.372089875017991,B_parameter_matched
3,ResDyNet,86,0.009063170163758036,0.06116860945659444,0.24732288502399943,0.22280980864994468,22.28098086499447,12.507225708017359,B_parameter_matched
3,Plain,86,0.2204667986327813,0.6237525305567445,0.7897800520124223,0.7115020603425175,71.15020603425175,12.513434082997264,B_parameter_matched
3,ResDyNet,87,0.00836451487541522,0.048590842470419844,0.22043330617313672,0.19858535437893396,19.858535437893394,12.650722250022227,B_parameter_matched
3,Plain,87,0.22641222295444016,0.6229266855368895,0.7892570465551064,0.7110308918703556,71.10308918703556,12.65675750002265,B_parameter_matched
3,ResDyNet,88,0.008135218975594872,0.05497640759725598,0.2344704834243662,0.21123125561459316,21.123125561459315,12.793337250011973,B_parameter_matched
3,Plain,88,0.21756797735153868,0.855313059349797,0.9248313680611169,0.8331679461492957,83.31679461492956,12.799329500005115,B_parameter_matched
3,ResDyNet,89,0.00703845446866714,0.06295886480636971,0.2509160513127243,0.22604684307625966,22.604684307625966,12.944174875010503,B_parameter_matched
3,Plain,89,0.21511362428304343,0.8459057347854412,0.9197313383730279,0.8285733990704766,82.85733990704766,12.950157708022743,B_parameter_matched
3,ResDyNet,90,0.006440531658140787,0.05429658794894875,0.2330162825833181,0.2099211859414973,20.99211859414973,13.08709133299999,B_parameter_matched
3,Plain,90,0.20126722906389574,0.7877254183422707,0.8875389672246907,0.7995717316556193,79.95717316556194,13.093276625004364,B_parameter_matched
3,ResDyNet,91,0.009091846398493472,0.04766699931821561,0.21832773373581196,0.1966884729325874,19.66884729325874,13.229698625014862,B_parameter_matched
3,Plain,91,0.18245449847556616,0.6116704053642334,0.7820936039658127,0.7045774442953748,70.45774442953748,13.23571754101431,B_parameter_matched
3,ResDyNet,92,0.007188179523931882,0.04423340483182504,0.2103173907023027,0.18947206431620148,18.94720643162015,13.372124208020978,B_parameter_matched
3,Plain,92,0.19303684424806697,0.5479908625707093,0.7402640492221064,0.6668937698248413,66.68937698248413,13.378316791000543,B_parameter_matched
3,ResDyNet,93,0.010570921654396468,0.05717926001713119,0.2391218518185471,0.21542160986251194,21.542160986251194,13.514823583012912,B_parameter_matched
3,Plain,93,0.16950032965306816,0.4920902668749392,0.701491458875259,0.6319640728208399,63.19640728208399,13.521143165999092,B_parameter_matched
3,ResDyNet,94,0.010190422555640266,0.07775175107757794,0.27884000982208046,0.25120315585182384,25.120315585182386,13.662503250001464,B_parameter_matched
3,Plain,94,0.16660721131513057,0.46764921166851,0.6838488222323045,0.6160700624702986,61.60700624702986,13.668853583018063,B_parameter_matched
3,ResDyNet,95,0.011537716721695424,0.05378631808945555,0.23191877476706269,0.20893245614195627,20.893245614195628,13.80754620800144,B_parameter_matched
3,Plain,95,0.17039242598061147,0.4238421901569778,0.6510316352966097,0.5865055070476894,58.650550704768946,13.814064958016388,B_parameter_matched
3,ResDyNet,96,0.01077135037253578,0.051235052602633634,0.22635161276790947,0.20391707594519767,20.39170759451977,13.95218950000708,B_parameter_matched
3,Plain,96,0.1392029983215732,0.36916282544513607,0.6075877100840141,0.5473674682742794,54.73674682742794,13.958499250002205,B_parameter_matched
3,ResDyNet,97,0.01070885113940414,0.054683105433478894,0.23384419050615496,0.21066703687983304,21.066703687983303,14.096608457999537,B_parameter_matched
3,Plain,97,0.16968140813031118,0.4018112811507928,0.6338858581407166,0.5710591106218657,57.105911062186564,14.102847625006689,B_parameter_matched
3,ResDyNet,98,0.011825667055159318,0.05677448538100302,0.23827397126208102,0.21465776585136886,21.465776585136886,14.239787250000518,B_parameter_matched
3,Plain,98,0.24319942130561142,0.6658543086382627,0.8159989636257283,0.7351223196606298,73.51223196606298,14.246026000007987,B_parameter_matched
3,ResDyNet,99,0.01007209357876451,0.06666361638345034,0.2581929828315447,0.23260253127757505,23.260253127757505,14.382911166001577,B_parameter_matched
3,Plain,99,0.161365910891135,0.654491660917956,0.809006588921225,0.7288229848062433,72.88229848062433,14.38893575000111,B_parameter_matched
3,ResDyNet,100,0.009489950589872953,0.05723826404823654,0.23924519649981804,0.21553272940096188,21.55327294009619,14.52553379102028,B_parameter_matched
3,Plain,100,0.14624664430157602,0.4899233853242126,0.6999452730922701,0.6305711351700779,63.05711351700779,14.531724208005471,B_parameter_matched
4,ResDyNet,0,1.3714523363179842,2.8045209863789315,1.6746704112687163,1.5086876972597953,150.86876972597955,0.0060783749795518816,B_parameter_matched
4,Plain,0,1.0785013548474263,2.588717589354339,1.6089492190104506,1.4494803729157928,144.94803729157928,0.013037041004281491,B_parameter_matched
4,ResDyNet,1,1.111597330650791,2.123307320168908,1.4571572736561103,1.3127330828470976,131.27330828470974,0.15430087500135414,B_parameter_matched
4,Plain,1,1.018229491856055,2.300469848863537,1.516729985483091,1.366401325159732,136.6401325159732,0.16159220799454488,B_parameter_matched
4,ResDyNet,2,0.8438491773474197,1.8006314537859267,1.3418760947963588,1.2088778435707612,120.88778435707613,0.31328087497968227,B_parameter_matched
4,Plain,2,0.9387864898806765,2.267998785668459,1.50598764459356,1.356723696994362,135.6723696994362,0.32172920799348503,B_parameter_matched
4,ResDyNet,3,0.5807282543758595,0.6189688966072814,0.7867457636411406,0.7087685113976699,70.876851139767,0.507424915995216,B_parameter_matched
4,Plain,3,0.9317696271406478,2.196839140360851,1.4821737888523232,1.3352701196579684,133.52701196579685,0.5170529579918366,B_parameter_matched
4,ResDyNet,4,0.30537732123318706,0.7831902121788628,0.8849803456455193,0.7972667044261033,79.72667044261033,0.6559886659961194,B_parameter_matched
4,Plain,4,0.9201116769989771,2.242127602108599,1.4973735679878282,1.348963393049853,134.8963393049853,0.662207249988569,B_parameter_matched
4,ResDyNet,5,0.19229341007196948,0.4669506375068609,0.6833378648273933,0.6156097479239699,61.56097479239699,0.7985889579867944,B_parameter_matched
4,Plain,5,0.9148983584216978,2.3287516122055134,1.526024774440282,1.3747748735630365,137.47748735630364,0.805649165995419,B_parameter_matched
4,ResDyNet,6,0.1309401456654154,0.39418550130873603,0.6278419397497559,0.5656142271042924,56.56142271042924,0.9417269160039723,B_parameter_matched
4,Plain,6,0.878333963309089,1.8108062002605214,1.3456619933179808,1.2122885078329415,121.22885078329415,0.9485978329903446,B_parameter_matched
4,ResDyNet,7,0.08662637750924385,0.20569802170989815,0.4535394378771246,0.40858748416589,40.858748416589,1.0906177909928374,B_parameter_matched
4,Plain,7,0.47723242402978405,1.3652555445210375,1.1684415023958357,1.0526329884200059,105.26329884200058,1.097412582981633,B_parameter_matched
4,ResDyNet,8,0.07136261420517256,0.31667884836362925,0.5627422574888341,0.506966812626976,50.696681262697595,1.2336334159772377,B_parameter_matched
4,Plain,8,0.4046882154657737,1.3200570334754094,1.1489373496737798,1.0350619636623946,103.50619636623945,1.2400141249818262,B_parameter_matched
4,ResDyNet,9,0.07521412585294789,0.20715259037334086,0.45514018760524855,0.41002957772947246,41.00295777294725,1.3771752500033472,B_parameter_matched
4,Plain,9,0.36071874223347755,1.0967473914648924,1.0472570799306598,0.943459597618747,94.3459597618747,1.3833882909966633,B_parameter_matched
4,ResDyNet,10,0.06020644832488244,0.15510776056679437,0.3938372259789498,0.35480257700810736,35.48025770081074,1.5194687499897555,B_parameter_matched
4,Plain,10,0.3401234674428695,1.113003305545153,1.054989718217743,0.9504258258225667,95.04258258225667,1.5265858749917243,B_parameter_matched
4,ResDyNet,11,0.05551863082506334,0.13053517233476722,0.3612965158076773,0.3254870957258516,32.54870957258516,1.6620316659973469,B_parameter_matched
4,Plain,11,0.3629140700129714,1.202122597369169,1.0964135156815467,0.987743959102342,98.7743959102342,1.669251165993046,B_parameter_matched
4,ResDyNet,12,0.05403228544921159,0.12963260139197116,0.3600452768638566,0.32435987165347757,32.435987165347754,1.8324920409941114,B_parameter_matched
4,Plain,12,0.3831057284447545,1.2862930577989757,1.1341486048128684,1.0217389854337005,102.17389854337004,1.8392005829955451,B_parameter_matched
4,ResDyNet,13,0.06205432740869353,0.10097037209886191,0.317758354884434,0.28626416128799315,28.626416128799313,1.9795501249900553,B_parameter_matched
4,Plain,13,0.38451991075722025,1.3149901279388483,1.1467301896866797,1.0330735633801567,103.30735633801567,1.98651916597737,B_parameter_matched
4,ResDyNet,14,0.04385162584554615,0.12579365166695747,0.35467400759987683,0.3195209685459122,31.952096854591222,2.129374165990157,B_parameter_matched
4,Plain,14,0.36593457260367873,1.1657991998881212,1.0797218159730408,0.9727066348461025,97.27066348461025,2.1355600410024635,B_parameter_matched
4,ResDyNet,15,0.04354870617628534,0.10470674824081434,0.3235842212482159,0.2915126047129048,29.15126047129048,2.2761126660043374,B_parameter_matched
4,Plain,15,0.35341935879824804,1.146317429513258,1.0706621453629797,0.9645449013499751,96.4544901349975,2.282465124997543,B_parameter_matched
4,ResDyNet,16,0.04691306319081095,0.10668952088673116,0.3266336187331781,0.2942597652518744,29.42597652518744,2.4215802079997957,B_parameter_matched
4,Plain,16,0.3353452377850988,1.097222840785649,1.047484052759587,0.9436640743398442,94.36640743398442,2.427843290992314,B_parameter_matched
4,ResDyNet,17,0.0360181344418469,0.15231352028290787,0.3902736479483439,0.35159219823935167,35.15921982393517,2.565710750001017,B_parameter_matched
4,Plain,17,0.30753486817733633,1.0739359499135905,1.0363088101109585,0.9335964508932069,93.35964508932068,2.5717845000035595,B_parameter_matched
4,ResDyNet,18,0.04455660219309717,0.14635042480983879,0.38255774049133917,0.34464104261180395,34.464104261180395,2.711871040984988,B_parameter_matched
4,Plain,18,0.3071035815485441,1.109670221773729,1.0534088578390297,0.9490016503021769,94.90016503021769,2.718014082987793,B_parameter_matched
4,ResDyNet,19,0.0436287505520689,0.1235125155802994,0.35144347423205824,0.31661062516442096,31.661062516442094,2.857447249989491,B_parameter_matched
4,Plain,19,0.3303725079467651,1.322848059421096,1.150151320227515,1.0361556131512324,103.61556131512324,2.8637624999973923,B_parameter_matched
4,ResDyNet,20,0.032861767380367515,0.10519753089659868,0.32434168849625034,0.29219499660954135,29.219499660954135,3.0021799999813084,B_parameter_matched
4,Plain,20,0.3055353593786993,1.0876649606450448,1.0429117703070787,0.9395449675364523,93.95449675364523,3.0081888749846257,B_parameter_matched
4,ResDyNet,21,0.02812912857322789,0.11878829007810963,0.3446567714090492,0.31049657729856356,31.049657729856357,3.184422332997201,B_parameter_matched
4,Plain,21,0.29887447934381306,1.4570839723463358,1.207097333418617,1.0874574985439063,108.74574985439062,3.1915893749974202,B_parameter_matched
4,ResDyNet,22,0.03181240473738923,0.12582181777251197,0.35471371241116684,0.31955673806802964,31.955673806802963,3.336658415995771,B_parameter_matched
4,Plain,22,0.2774125230141876,1.285231724942198,1.1336806097584091,1.0213173750820217,102.13173750820216,3.342781665996881,B_parameter_matched
4,ResDyNet,23,0.03076188518593407,0.09396207035054459,0.3065323316561315,0.27615079031079787,27.615079031079787,3.482242124999175,B_parameter_matched
4,Plain,23,0.27317263522175766,1.1784367806901042,1.0855582806510686,0.9779646261475438,97.79646261475438,3.4888889159774408,B_parameter_matched
4,ResDyNet,24,0.03024325536845692,0.08412551296850976,0.290043984541155,0.2612966636282416,26.12966636282416,3.627482665993739,B_parameter_matched
4,Plain,24,0.26691396348394164,1.2903604394034438,1.1359403326774888,1.0233531285916624,102.33531285916624,3.634644790989114,B_parameter_matched
4,ResDyNet,25,0.030439036441483703,0.08862359786974155,0.29769715798062557,0.268191303036349,26.819130303634903,3.772416833002353,B_parameter_matched
4,Plain,25,0.2916291383251355,1.123326449078453,1.0598709586918837,0.9548232686872338,95.48232686872338,3.7786706250044517,B_parameter_matched
4,ResDyNet,26,0.023032719668797698,0.07629051624898212,0.27620737906323595,0.2488314547633169,24.883145476331688,3.916756999999052,B_parameter_matched
4,Plain,26,0.29004811805801484,1.2839102128928046,1.1330976184304706,1.020792166158432,102.07921661584321,3.9238156659994274,B_parameter_matched
4,ResDyNet,27,0.02399461112507407,0.1000649059586125,0.3163303747012172,0.28497771344735934,28.497771344735934,4.062588957982371,B_parameter_matched
4,Plain,27,0.28488240843483204,1.1847408149357974,1.0884579987008214,0.980576942527977,98.0576942527977,4.06858520800597,B_parameter_matched
4,ResDyNet,28,0.020438227300159876,0.07564547663150978,0.2750372277192849,0.2477772814019965,24.77772814019965,4.204644290992292,B_parameter_matched
4,Plain,28,0.27777491050430164,1.0130272400051308,1.0064925434423897,0.9067353835462248,90.67353835462248,4.211662165995222,B_parameter_matched
4,ResDyNet,29,0.019215340558304785,0.0773044449841542,0.27803676912263636,0.25047952727808465,25.047952727808465,4.349270374979824,B_parameter_matched
4,Plain,29,0.2762644617229961,1.1307488937003534,1.0633667728965173,0.9579725999508352,95.79725999508352,4.35535249998793,B_parameter_matched
4,ResDyNet,30,0.027528070319308245,0.06520745967911039,0.2553575134573298,0.23004809565128723,23.004809565128724,4.4918375829875,B_parameter_matched
4,Plain,30,0.2668866879690949,1.0666979975785233,1.032810726889745,0.9304450755035638,93.04450755035639,4.4987732080044225,B_parameter_matched
4,ResDyNet,31,0.025073228021376515,0.09752999619260451,0.3122979285755903,0.28134493781660863,28.134493781660865,4.641405000002123,B_parameter_matched
4,Plain,31,0.26339174436981533,1.0068429916699748,1.0034156624599673,0.903963463499822,90.39634634998221,4.647739957988961,B_parameter_matched
4,ResDyNet,32,0.023768062302032142,0.0839003832025149,0.2896556286394499,0.2609467991013961,26.09467991013961,4.789038582996,B_parameter_matched
4,Plain,32,0.26630997041121895,1.1417040864846204,1.0685055388179419,0.9626020439731235,96.26020439731235,4.795559999998659,B_parameter_matched
4,ResDyNet,33,0.023276307897768442,0.13295585044540187,0.36463111557490796,0.3284911911050104,32.84911911050104,4.937198165978771,B_parameter_matched
4,Plain,33,0.25266670905025124,0.9813969346407759,0.9906548009477246,0.8924673776787492,89.24673776787492,4.943363957980182,B_parameter_matched
4,ResDyNet,34,0.02886572796113438,0.08681852844123805,0.29464984038895736,0.2654460162448363,26.544601624483633,5.082416707999073,B_parameter_matched
4,Plain,34,0.24888879763202665,1.0398774442929517,1.0197438130692198,0.9186732713386802,91.86732713386802,5.088755165983457,B_parameter_matched
4,ResDyNet,35,0.02501890630490285,0.05391156079360606,0.23218863192156083,0.20917556676615395,20.917556676615394,5.228823957993882,B_parameter_matched
4,Plain,35,0.24767365215065487,1.2555733072693973,1.120523675461343,1.009464472699516,100.94644726995159,5.23528887500288,B_parameter_matched
4,ResDyNet,36,0.01821317641897869,0.07173559776584423,0.26783501967786855,0.2412889105607403,24.128891056074032,5.381119583005784,B_parameter_matched
4,Plain,36,0.24953289334743814,0.991376695541219,0.9956790123032718,0.8969936210574714,89.69936210574714,5.3933006250008475,B_parameter_matched
4,ResDyNet,37,0.016102833557918306,0.06452602840076208,0.2540197401793059,0.22884291397930165,22.884291397930166,5.554846457991516,B_parameter_matched
4,Plain,37,0.2407962456054519,1.0062660774549652,1.0031281460785382,0.90370444391931,90.370444391931,5.5614310829842,B_parameter_matched
4,ResDyNet,38,0.01849468891256314,0.09524813515440435,0.308622966019064,0.27803421424998087,27.80342142499809,5.72287349999533,B_parameter_matched
4,Plain,38,0.24455417016183664,1.025485810386517,1.012662732792373,0.912294022845901,91.2294022845901,5.729045124986442,B_parameter_matched
4,ResDyNet,39,0.014096186660372724,0.11833708391594971,0.3440015754556216,0.30990632021419684,30.990632021419685,5.867189874988981,B_parameter_matched
4,Plain,39,0.244961368401723,0.7553126611110023,0.8690872574782134,0.7829488383981758,78.29488383981757,5.873306875000708,B_parameter_matched
4,ResDyNet,40,0.021755297009411704,0.08362607993440871,0.2891817420488519,0.2605198811452892,26.051988114528918,6.0129365409957245,B_parameter_matched
4,Plain,40,0.24054691949866633,1.0367263861758205,1.0181976164653994,0.9172803239395788,91.72803239395788,6.018965333001688,B_parameter_matched
4,ResDyNet,41,0.020485379776940607,0.07028353693441651,0.26511042403952456,0.23883435956854648,23.883435956854647,6.1557832499966025,B_parameter_matched
4,Plain,41,0.24351754440503115,0.8321682169203289,0.912232545418288,0.8218178389322022,82.18178389322021,6.161953540984541,B_parameter_matched
4,ResDyNet,42,0.01913935983081689,0.09392750484191494,0.3064759449645517,0.27609999231060445,27.609999231060446,6.29880658298498,B_parameter_matched
4,Plain,42,0.23510304808731572,0.8651148525944563,0.9301155049747619,0.8379283529126856,83.79283529126856,6.3048097909777425,B_parameter_matched
4,ResDyNet,43,0.019831160672772474,0.060727356400047276,0.24642921174253526,0.2220047105983864,22.200471059838637,6.44184091599891,B_parameter_matched
4,Plain,43,0.25151021018986225,0.8755998547076547,0.9357349275877515,0.8429908139825615,84.29908139825615,6.4480654999788385,B_parameter_matched
4,ResDyNet,44,0.01860512785437539,0.0716158979887336,0.26761146834306937,0.24108751621696492,24.10875162169649,6.584346374991583,B_parameter_matched
4,Plain,44,0.24787122859187946,1.0453041050811431,1.0224011468504635,0.9210672270426195,92.10672270426194,6.59045341599267,B_parameter_matched
4,ResDyNet,45,0.018910313537009962,0.09964503083838384,0.31566601153495105,0.28437919774617193,28.437919774617193,6.730867249978473,B_parameter_matched
4,Plain,45,0.2539479331212771,1.0106241406756964,1.0052980357464627,0.9056592678801207,90.56592678801208,6.736959540983662,B_parameter_matched
4,ResDyNet,46,0.018548529158175075,0.09633314817671113,0.31037581764163125,0.2796133343325322,27.961333433253223,6.880246874992736,B_parameter_matched
4,Plain,46,0.2591596987778584,1.0890321604949873,1.0435670368955638,0.9401352882549774,94.01352882549774,6.886503207992064,B_parameter_matched
4,ResDyNet,47,0.018755870231726354,0.06735275921001266,0.2595241014048843,0.2338017178170148,23.38017178170148,7.044515540997963,B_parameter_matched
4,Plain,47,0.2515364217734421,0.9916565083372304,0.9958195159451487,0.8971201988691372,89.71201988691372,7.05071974999737,B_parameter_matched
4,ResDyNet,48,0.017530184103808615,0.06710859744929423,0.2590532714506695,0.23337755354287137,23.337755354287136,7.195690915978048,B_parameter_matched
4,Plain,48,0.22997094155972225,0.766851932583063,0.875700823673852,0.7889069098415078,78.89069098415078,7.20178337499965,B_parameter_matched
4,ResDyNet,49,0.01850890816096707,0.07688039279549104,0.27727313752956856,0.2497915820072134,24.97915820072134,7.34227424999699,B_parameter_matched
4,Plain,49,0.2295359575987442,0.7102870058625231,0.8427852667569142,0.7592537342465457,75.92537342465458,7.348727000004146,B_parameter_matched
4,ResDyNet,50,0.018839174280145143,0.05695340892229024,0.23864913350416808,0.21499574439049188,21.499574439049187,7.4888503330003005,B_parameter_matched
4,Plain,50,0.25452075935033136,0.8867360185003043,0.9416666174927856,0.8483345923902217,84.83345923902218,7.4951549579855055,B_parameter_matched
4,ResDyNet,51,0.01919291119118834,0.0713655618158265,0.26714333571292115,0.24066578192522722,24.066578192522723,7.634897790994728,B_parameter_matched
4,Plain,51,0.22256374644049937,1.0542908163126956,1.0267866459555732,0.9250180632798289,92.50180632798289,7.640987165999832,B_parameter_matched
4,ResDyNet,52,0.018134015792310897,0.09615665936263311,0.31009137260271064,0.2793570816825311,27.93570816825311,7.781005415978143,B_parameter_matched
4,Plain,52,0.23202189300197038,1.0294675358051768,1.014626796317334,0.9140634208461325,91.40634208461324,7.787047332996735,B_parameter_matched
4,ResDyNet,53,0.018561200529428095,0.08295959795133724,0.28802707850363174,0.25947966053027977,25.947966053027976,7.923590958002023,B_parameter_matched
4,Plain,53,0.2577163951152927,0.6811659800507988,0.8253278015738951,0.7435265423347899,74.35265423347899,7.929769040987594,B_parameter_matched
4,ResDyNet,54,0.01814655052687884,0.06412360630416597,0.25322639337984887,0.2281281986849086,22.81281986849086,8.06806720799068,B_parameter_matched
4,Plain,54,0.25348995941075575,0.8443292064335136,0.9188738795033373,0.8278009260877908,82.78009260877907,8.074107915977947,B_parameter_matched
4,ResDyNet,55,0.017756296296759577,0.0659118948006937,0.25673311979698626,0.23128736061169217,23.128736061169217,8.209358416002942,B_parameter_matched
4,Plain,55,0.2194085472221295,0.7165056576014355,0.8464665720519833,0.7625701718996839,76.2570171899684,8.215527791006025,B_parameter_matched
4,ResDyNet,56,0.017143734057230464,0.07203680228637496,0.26839672555076927,0.24179494370864904,24.179494370864905,8.35159041598672,B_parameter_matched
4,Plain,56,0.2153348279432364,0.8236524190991154,0.9075529841828053,0.8176020861386731,81.76020861386732,8.35767458297778,B_parameter_matched
4,ResDyNet,57,0.016807772940677573,0.07857033520336681,0.2803040049720425,0.25252204908402853,25.252204908402852,8.498581708001439,B_parameter_matched
4,Plain,57,0.20178979262702523,0.6875093936604207,0.8291618621598685,0.7469805951428434,74.69805951428434,8.504594083002303,B_parameter_matched
4,ResDyNet,58,0.017133996334167893,0.0755931180753873,0.2749420267536182,0.247691516152487,24.7691516152487,8.640887916000793,B_parameter_matched
4,Plain,58,0.19078050038890632,0.7330127735918008,0.8561616515540748,0.7713043365868595,77.13043365868594,8.646622625004966,B_parameter_matched
4,ResDyNet,59,0.015924720130331034,0.058659531640690064,0.24219729899544723,0.2181922382131057,21.819223821310572,8.78264499999932,B_parameter_matched
4,Plain,59,0.16057543816001463,0.47840058931359125,0.6916650846425539,0.6231116265043606,62.31116265043606,8.788625374989351,B_parameter_matched
4,ResDyNet,60,0.01629126919345949,0.07852558079025519,0.2802241616817779,0.2524501193545006,25.245011935450062,8.925749791000271,B_parameter_matched
4,Plain,60,0.1558866421455882,0.48079196078523273,0.6933916359354451,0.6246670529791732,62.46670529791732,8.931982624984812,B_parameter_matched
4,ResDyNet,61,0.010979280287976678,0.07777685012428125,0.27888501236940155,0.25124369803196384,25.124369803196384,9.06715049999184,B_parameter_matched
4,Plain,61,0.14189540789960245,0.5004417202280362,0.7074190556014421,0.6373041637395866,63.73041637395866,9.073220999998739,B_parameter_matched
4,ResDyNet,62,0.009637045369831355,0.053319456129966664,0.23091006069456277,0.20802371941322856,20.802371941322857,9.208712874999037,B_parameter_matched
4,Plain,62,0.1369434806145375,0.48324231551362473,0.6951563245153026,0.6262568368148529,62.62568368148529,9.215932374994736,B_parameter_matched
4,ResDyNet,63,0.012315218257405728,0.06162497140237288,0.248243774146247,0.22363942508069223,22.363942508069222,9.351532208005665,B_parameter_matched
4,Plain,63,0.11835507222288379,0.5027636630030252,0.7090582930923418,0.6387809304029051,63.87809304029051,9.357851332984865,B_parameter_matched
4,ResDyNet,64,0.011686702983603898,0.08163809704080072,0.28572381251971407,0.2574046796683315,25.74046796683315,9.51117758298642,B_parameter_matched
4,Plain,64,0.21641015382890477,0.5935476232254404,0.7704204197874304,0.6940612321265391,69.40612321265391,9.517201540991664,B_parameter_matched
4,ResDyNet,65,0.011528393311147056,0.08041248090317349,0.28357094509694303,0.2554651908156531,25.54651908156531,9.653011082991725,B_parameter_matched
4,Plain,65,0.46285363008028474,0.47969469062600756,0.692599949917705,0.6239538338603425,62.395383386034254,9.659027249988867,B_parameter_matched
4,ResDyNet,66,0.009710963324543196,0.06451278241045953,0.2539936660833485,0.22881942418242973,22.88194241824297,9.79376666600001,B_parameter_matched
4,Plain,66,0.2319620575057361,0.48920930594347944,0.6994349905055361,0.6301114285582269,63.01114285582269,9.799952790985117,B_parameter_matched
4,ResDyNet,67,0.009572334218627031,0.07584192273104226,0.27539412254266116,0.24809880307313867,24.80988030731387,9.940215624985285,B_parameter_matched
4,Plain,67,0.16419664337861767,0.3484484717351114,0.5902952411591266,0.5317889192376003,53.17889192376003,9.946395207982277,B_parameter_matched
4,ResDyNet,68,0.007763494033067683,0.07846848326556785,0.28012226485156055,0.252358321892084,25.235832189208402,10.084556249988964,B_parameter_matched
4,Plain,68,0.112686264276308,0.33276557103832827,0.5768583630652574,0.5196838193126293,51.96838193126293,10.090599749993999,B_parameter_matched
4,ResDyNet,69,0.011610603319945971,0.07173245702427847,0.26782915641184113,0.24128362842446932,24.128362842446933,10.227151832979871,B_parameter_matched
4,Plain,69,0.11696992970142982,0.35146981832450125,0.5928489000786804,0.5340894756748576,53.40894756748577,10.233473208005307,B_parameter_matched
4,ResDyNet,70,0.010757899054527014,0.07880890561929503,0.28072923898179014,0.252905136594649,25.290513659464903,10.369733040977735,B_parameter_matched
4,Plain,70,0.11027832808210887,0.31569573837519316,0.5618680791566586,0.5061792773089278,50.617927730892774,10.375816332991235,B_parameter_matched
4,ResDyNet,71,0.015480819035442909,0.06457290590868613,0.2541119948146607,0.22892602492008043,22.892602492008045,10.513175750005757,B_parameter_matched
4,Plain,71,0.17360123185454757,0.35615227335858457,0.5967849473290898,0.5376354068757482,53.76354068757482,10.519223457988119,B_parameter_matched
4,ResDyNet,72,0.016631337608850588,0.06695981028527605,0.25876593725851177,0.2331186980941852,23.31186980941852,10.655018916004337,B_parameter_matched
4,Plain,72,0.17796410969380086,0.4945691257009923,0.7032560882786528,0.6335538033452518,63.35538033452518,10.661138957977528,B_parameter_matched
4,ResDyNet,73,0.010187788103391472,0.09738809453375992,0.31207065631641806,0.281140191342894,28.114019134289396,10.79686366597889,B_parameter_matched
4,Plain,73,0.1974517473567983,0.6862808953511106,0.8284207236369154,0.7463129135715797,74.63129135715796,10.802863582997816,B_parameter_matched
4,ResDyNet,74,0.015638367593288034,0.08121860257714557,0.2849887762301273,0.2567424955157502,25.674249551575016,10.939515124977333,B_parameter_matched
4,Plain,74,0.20661410170024216,0.2438033342780318,0.4937644522219393,0.44482565010932773,44.482565010932774,10.945675499999197,B_parameter_matched
4,ResDyNet,75,0.011355569285630576,0.05590192790280391,0.23643588539560553,0.21300185940279323,21.300185940279324,11.087952332978602,B_parameter_matched
4,Plain,75,0.18464715402830548,0.28515218931501873,0.5339964319309809,0.4810700910542494,48.10700910542494,11.094005165999988,B_parameter_matched
4,ResDyNet,76,0.008100497438495075,0.07241916970645437,0.2691081004103265,0.24243581160213554,24.243581160213555,11.23386241600383,B_parameter_matched
4,Plain,76,0.18247322102413915,0.2950206416056172,0.543158026365824,0.489323646331828,48.9323646331828,11.239993249997497,B_parameter_matched
4,ResDyNet,77,0.007927387337762585,0.06965889562390021,0.26392971720497904,0.23777067690993914,23.777067690993913,11.378078790992731,B_parameter_matched
4,Plain,77,0.15084854589257207,0.7614467458687323,0.8726091598583712,0.7861216721427384,78.61216721427384,11.384097874979489,B_parameter_matched
4,ResDyNet,78,0.008954842504895928,0.0684187739850392,0.26156982621288566,0.2356446833516316,23.56446833516316,11.520875499991234,B_parameter_matched
4,Plain,78,0.22578672254654497,0.2360104557250364,0.48580907332514534,0.4376587579328901,43.76587579328901,11.526921957993181,B_parameter_matched
4,ResDyNet,79,0.010035313724412024,0.0760112848291412,0.2757014414709165,0.24837566249758067,24.837566249758066,11.665131832996849,B_parameter_matched
4,Plain,79,0.1401040400676074,0.3375468134575073,0.5809877911432454,0.5234039646594739,52.34039646594739,11.671162790997187,B_parameter_matched
4,ResDyNet,80,0.007602436920348068,0.05506205357654959,0.23465304936554648,0.211395726777124,21.1395726777124,11.807068583002547,B_parameter_matched
4,Plain,80,0.1405718952932345,0.3000853938046271,0.5478005054804415,0.493505992349217,49.3505992349217,11.813197999988915,B_parameter_matched
4,ResDyNet,81,0.008401082070836957,0.051496001470807566,0.22692730437478775,0.20443570864979954,20.443570864979954,11.949323624983663,B_parameter_matched
4,Plain,81,0.14074569595996209,0.4274993665912829,0.6538343571511693,0.589030440880856,58.9030440880856,11.956405999982962,B_parameter_matched
4,ResDyNet,82,0.008426367337776063,0.0603312195744733,0.24562414289819579,0.22127943507388365,22.127943507388366,12.092580124997767,B_parameter_matched
4,Plain,82,0.11741995644011272,0.4448116450939525,0.6669420102932132,0.6008389465439904,60.08389465439904,12.099774624977726,B_parameter_matched
4,ResDyNet,83,0.005373281084237811,0.05165679402297762,0.22728131032484308,0.20475462777442932,20.47546277744293,12.23563120799372,B_parameter_matched
4,Plain,83,0.11773413451332577,0.37564066171489296,0.6128953105668968,0.5521490130466796,55.21490130466796,12.24173174999305,B_parameter_matched
4,ResDyNet,84,0.005692605458696933,0.06483215131823457,0.25462158454898237,0.22938510735065767,22.93851073506577,12.379002290981589,B_parameter_matched
4,Plain,84,0.1576144665324746,0.37788414492385775,0.6147228195893315,0.5537953909609402,55.37953909609402,12.385040166002,B_parameter_matched
4,ResDyNet,85,0.006367439771551588,0.060838679602438314,0.24665498089930865,0.22220810294768256,22.220810294768256,12.52042779099429,B_parameter_matched
4,Plain,85,0.25655824996801063,0.2655941266672584,0.5153582507996339,0.46427920827340424,46.42792082734042,12.52644837499247,B_parameter_matched
4,ResDyNet,86,0.008242655230523935,0.041045209298859756,0.20259617296202748,0.18251612472699466,18.251612472699467,12.66502099999343,B_parameter_matched
4,Plain,86,0.1366154849372909,0.2527249082075987,0.5027175232748493,0.4528913495205838,45.28913495205838,12.6713693329948,B_parameter_matched
4,ResDyNet,87,0.0071913692688097665,0.057927677922111113,0.24068169419819016,0.21682685055464856,21.682685055464855,12.806715457991231,B_parameter_matched
4,Plain,87,0.1281306246138053,0.30583742754925636,0.5530257024309597,0.49821330090495486,49.821330090495486,12.812872124981368,B_parameter_matched
4,ResDyNet,88,0.007576094063820488,0.07559418291342615,0.27494396322419257,0.247693260692375,24.7693260692375,12.948134582984494,B_parameter_matched
4,Plain,88,0.10071472435855093,0.31926962423400956,0.5650394890925851,0.5090363571982626,50.903635719826255,12.954139082983602,B_parameter_matched
4,ResDyNet,89,0.005951616633356519,0.050165967562212074,0.22397760504615652,0.20177836481797654,20.177836481797655,13.090701707988046,B_parameter_matched
4,Plain,89,0.13045791355072492,0.8364092407838151,0.9145541212983598,0.8239093149294797,82.39093149294797,13.096902541001327,B_parameter_matched
4,ResDyNet,90,0.006314369082377195,0.04347898715275218,0.20851615561570327,0.1878493562318289,18.784935623182893,13.232633415987948,B_parameter_matched
4,Plain,90,0.18024175094009248,0.3405397446261947,0.5835578331461199,0.5257192803926994,52.57192803926994,13.239110333001008,B_parameter_matched
4,ResDyNet,91,0.004270106717379825,0.03492826594336028,0.18689105367395273,0.16836759729468312,16.836759729468312,13.376751415984472,B_parameter_matched
4,Plain,91,0.11509987038878604,0.3029971204670096,0.5504517421781946,0.4958944552739268,49.58944552739268,13.383213790977607,B_parameter_matched
4,ResDyNet,92,0.005726335331449843,0.05387827386148294,0.23211694005712497,0.20911098054480542,20.911098054480544,13.518537665979238,B_parameter_matched
4,Plain,92,0.0950431811128563,0.28217193540921004,0.5311985837793716,0.4785495478734953,47.85495478734953,13.524563624989241,B_parameter_matched
4,ResDyNet,93,0.005627015094879477,0.05415671665762142,0.2327159570326483,0.20965062675539153,20.965062675539155,13.659521790978033,B_parameter_matched
4,Plain,93,0.09111297099619678,0.4495722922709499,0.6705015229445418,0.6040456628680888,60.40456628680888,13.66572599997744,B_parameter_matched
4,ResDyNet,94,0.004004451204888751,0.05059578538746459,0.22493506926992196,0.20264093125806007,20.264093125806006,13.805948749999516,B_parameter_matched
4,Plain,94,0.0981186654391433,0.38825035128779567,0.6230973850753955,0.5613399226094986,56.13399226094986,13.812151749996701,B_parameter_matched
4,ResDyNet,95,0.0037489880639221857,0.05276216485457248,0.22970016293980394,0.20693373905335344,20.693373905335342,13.948056915978668,B_parameter_matched
4,Plain,95,0.08326441698661549,0.21156766993788328,0.45996485728573144,0.4143760567388988,41.437605673889884,13.95406395799364,B_parameter_matched
4,ResDyNet,96,0.0037950856091905297,0.053001406810423514,0.23022034404114575,0.2074023631017994,20.74023631017994,14.09105049999198,B_parameter_matched
4,Plain,96,0.08937167897189242,0.19768393307851106,0.44461661358805643,0.40054903365100364,40.054903365100365,14.09721837498364,B_parameter_matched
4,ResDyNet,97,0.004543881809988164,0.04083810809948637,0.20208440835325808,0.18205508298173662,18.205508298173662,14.233269499993185,B_parameter_matched
4,Plain,97,0.07463445497432915,0.20472183469795777,0.4524619704438792,0.40761680847364806,40.76168084736481,14.239648791000945,B_parameter_matched
4,ResDyNet,98,0.005166591849161718,0.03899853307286689,0.19748046250924897,0.17790745106146832,17.790745106146833,14.37502762497752,B_parameter_matched
4,Plain,98,0.11562938832697693,0.2232478824628317,0.4724911453803465,0.42566081857233945,42.56608185723395,14.381173083005706,B_parameter_matched
4,ResDyNet,99,0.008966443259826186,0.04055402538930321,0.20138030040027055,0.18142076174511174,18.142076174511175,14.516697332990589,B_parameter_matched
4,Plain,99,0.09622873054574545,0.20912203510341898,0.4572986279264557,0.4119740871302253,41.19740871302253,14.522674332984025,B_parameter_matched
4,ResDyNet,100,0.012820917435139986,0.05081311802702426,0.22541765242993783,0.2030756838347591,20.30756838347591,14.657783707982162,B_parameter_matched
4,Plain,100,0.07853120721729612,0.2316022925517644,0.4812507584947419,0.4335522343694526,43.35522343694526,14.663962249993347,B_parameter_matched
