seed,model,epoch,train_loss,val_loss,val_rmse,val_nrmse,wall_time_sec
0,Random,0,1.5123747891715735,1.5619618556105979,1.2497847237066861,1.2094412197293125,0.013078332995064557
0,N4SID-Joint,0,0.7456230981045799,0.36883562433675365,0.6073183879455271,0.5877139302058413,0.025732917012646794
0,N4SID-Frozen,0,0.7456230981045799,0.36883562433675365,0.6073183879455271,0.5877139302058413,0.03860512500978075
0,Random,1,1.363993620856222,1.5102605751336218,1.228926594688886,1.1892563986780993,0.5274909170111641
0,N4SID-Joint,1,2.3885042925399387,0.7290267521028805,0.8538306343197581,0.8262686718967265,0.5416119169967715
0,N4SID-Frozen,1,1.8866017586391004,1.383646069201595,1.1762848588677808,1.138313957173999,0.5544993329967838
0,Random,2,1.0175879807846255,2.6566407947153934,1.6299204872371515,1.5773060629988478,1.0281713329895865
0,N4SID-Joint,2,0.4307491582216689,0.3700743624907001,0.6083373755497028,0.5887000245207312,1.0408052499988116
0,N4SID-Frozen,2,0.5241452783984349,0.4724480086844025,0.6873485350856599,0.6651606751822143,1.0536742080003023
0,Random,3,0.988917073782863,2.012657383548225,1.4186815652387343,1.3728860099849576,1.5226762919919565
0,N4SID-Joint,3,0.24624923184409964,0.30336553544889516,0.5507862883631864,0.5330067072931284,1.5353279169939924
0,N4SID-Frozen,3,0.30161345206474005,0.5949886727527545,0.7713550886282883,0.7464554667208068,1.5491662080166861
0,Random,4,0.9293163664627353,1.7425099358437646,1.3200416417082321,1.2774302189468723,2.0126731249911245
0,N4SID-Joint,4,0.14986382901968004,0.26184445411239,0.5117073911058838,0.49518929100692893,2.02511516699451
0,N4SID-Frozen,4,0.17009377837925652,0.3927797947204807,0.6267214650229245,0.6064906689208017,2.0381781249889173
0,Random,5,0.8843372284096452,2.0239638710617105,1.4226608418951125,1.3767368341482236,2.5033030830090865
0,N4SID-Joint,5,0.11800948163510633,0.20786247967521249,0.45591937848177994,0.44120213565568006,2.5158958329993766
0,N4SID-Frozen,5,0.12692289238487997,0.403808953750816,0.635459639749698,0.6149467721994629,2.529702500003623
0,Random,6,0.613257723959581,1.1209544182681408,1.0587513486499749,1.0245744712765446,2.9990443749993574
0,N4SID-Joint,6,0.1335541862813854,0.2528431495311794,0.5028351116729811,0.4866034119706706,3.0129113330040127
0,N4SID-Frozen,6,0.14489148858453646,0.32517703206592663,0.5702429588043386,0.5518353093586319,3.0254120829922613
0,Random,7,0.4524306125873387,0.9558003143526751,0.9776504049775028,0.9460914954681019,3.4944879169925116
0,N4SID-Joint,7,0.17255305815794364,0.24740635902621064,0.4973995969300846,0.4813433576142627,3.508392042014748
0,N4SID-Frozen,7,0.13761175350387925,0.44235247780193704,0.665095841064983,0.6436263061920018,3.5209663750138134
0,Random,8,0.3899132859307399,0.8575730497309145,0.9260524011798222,0.8961590939393165,3.993492875015363
0,N4SID-Joint,8,0.12478431443257776,0.19102250502012316,0.437061214271094,0.4229527198225414,4.007311791996472
0,N4SID-Frozen,8,0.1004370398008454,0.24890720652074738,0.498906009705984,0.48280114283962217,4.019699083000887
0,Random,9,0.24991513856226671,0.9082344955313029,0.9530133763653598,0.9222497590714508,4.48539170800359
0,N4SID-Joint,9,0.10005728463590498,0.25399475370302793,0.5039789218836715,0.48771029957308376,4.498231167002814
0,N4SID-Frozen,9,0.1235309798428704,0.1879107093365827,0.43348668876516,0.419493581295845,4.51074866700219
0,Random,10,0.17961200183513826,0.5851050567929428,0.7649216017298393,0.7402296551118317,4.97965579200536
0,N4SID-Joint,10,0.07173783872343782,0.14358247750093778,0.37892278567135257,0.36669102077546684,4.993470582994632
0,N4SID-Frozen,10,0.0887411305271551,0.20823063086695853,0.45632294580369126,0.4415926756781311,5.005860708013643
0,Random,11,0.12068222347633165,0.4740276877127978,0.6884966867841833,0.6662717641276593,5.474167125008535
0,N4SID-Joint,11,0.06738406250309524,0.16794075060622904,0.4098057474050712,0.39657706930813263,5.488269374996889
0,N4SID-Frozen,11,0.09368205157447175,0.16464864834790208,0.40576920576591574,0.3926708286964942,5.500880125007825
0,Random,12,0.08739386509934934,0.1235935761879664,0.3515587805587657,0.34021033566844244,5.964513500017347
0,N4SID-Joint,12,0.046737683420028216,0.11968711449020114,0.34595825541559366,0.33479059750730267,5.978127750015119
0,N4SID-Frozen,12,0.08086843405430652,0.1271540587790821,0.3565866777924858,0.34507593055664754,5.990419917012332
0,Random,13,0.21643153924100014,0.4365471295254374,0.6607171327621506,0.6393889441806389,6.453485250007361
0,N4SID-Joint,13,0.041531745171248274,0.1371426614584946,0.37032777570484043,0.3583734608467029,6.466321832995163
0,N4SID-Frozen,13,0.08911337213418917,0.18828720223479353,0.43392073266299863,0.41991361409930344,6.4789036250149366
0,Random,14,0.19310604209710924,0.2658879393713167,0.5156432287651189,0.49899807839962795,6.946356500004185
0,N4SID-Joint,14,0.03476435901621749,0.15001627821020647,0.38731934912963806,0.37481654012123433,6.958752458012896
0,N4SID-Frozen,14,0.06611237739723266,0.16254929270220114,0.40317402285142473,0.3901594192273389,6.97158870799467
0,Random,15,0.13480433062706088,0.27585444131417963,0.5252184700809556,0.5082642274543878,7.471327042003395
0,N4SID-Joint,15,0.03733729798785665,0.14939106674496808,0.3865114057113555,0.3740346774094052,7.483981249999488
0,N4SID-Frozen,15,0.05576690209559683,0.19416200900686875,0.44063818378219194,0.4264142234610289,7.496651624998776
0,Random,16,0.14794942880532236,0.203476025248191,0.4510831688815168,0.43652204065462963,7.962738542002626
0,N4SID-Joint,16,0.03566566951398012,0.14219561620347243,0.37708834005239733,0.36491579172615013,7.975264167005662
0,N4SID-Frozen,16,0.06153991992113627,0.23043314499972473,0.48003452479975306,0.46453883630781995,7.987826041993685
0,Random,17,0.1168953473996707,0.3783993724351135,0.6151417498716157,0.5952847511726794,8.452645500015933
0,N4SID-Joint,17,0.0381651977021191,0.16088028953037278,0.40109885256676164,0.38815123619179553,8.465389416989638
0,N4SID-Frozen,17,0.09309738143749584,0.18354274822650826,0.4284188934051675,0.4145893762073482,8.477939417003654
0,Random,18,0.117966907859509,0.2181237627372099,0.4670372177216821,0.4519610870142642,8.94148262499948
0,N4SID-Joint,18,0.042036644840681814,0.13684881785052166,0.36993082846732533,0.35798932720992377,8.95407508299104
0,N4SID-Frozen,18,0.04899240740058701,0.16042213073143174,0.4005273158368,0.38759814887468164,8.966667000000598
0,Random,19,0.09415793901194947,0.2783374223911594,0.5275769350446998,0.5105465603140661,9.429131625016453
0,N4SID-Joint,19,0.03910411189922744,0.1411860940278554,0.37574738060012525,0.3636181189311479,9.441552167001646
0,N4SID-Frozen,19,0.05204910485104504,0.15891833971167396,0.39864563174788953,0.38577720623034567,9.454250917013269
0,Random,20,0.10640881180721032,0.276443744095411,0.5257791780732772,0.5088068355894386,9.917995166993933
0,N4SID-Joint,20,0.03593212543499036,0.08927066841689175,0.2987819747188437,0.2891371842547012,9.93051416700473
0,N4SID-Frozen,20,0.0581146893834132,0.18081665257437657,0.4252254138387975,0.4114989833191426,9.94523404201027
0,Random,21,0.0761188845542274,0.33540416881752816,0.5791408885733489,0.5604460107288489,10.409445041994331
0,N4SID-Joint,21,0.04355827617224666,0.19521273213041954,0.4418288493641169,0.42756645392630627,10.421784292004304
0,N4SID-Frozen,21,0.05014276358669431,0.13344371889120404,0.365299492048927,0.3535074920101529,10.43461904200376
0,Random,22,0.07609536263695896,0.27855401777286226,0.5277821688659653,0.5107451691131757,10.89753145800205
0,N4SID-Joint,22,0.03286048702628451,0.16087516544738834,0.4010924649596254,0.38814505477893346,10.910296000016388
0,N4SID-Frozen,22,0.044401073018356205,0.1291474347129421,0.3593708874031703,0.34777026487171364,10.922660625015851
0,Random,23,0.06106652989094902,0.28435286299092843,0.5332474688087403,0.5160340471924117,11.392130457999883
0,N4SID-Joint,23,0.030617320482192623,0.12340462365477378,0.35128994243327516,0.33995017573510716,11.404814957990311
0,N4SID-Frozen,23,0.04295197983129928,0.13336063949794316,0.36518576026173744,0.3533974315262861,11.417488042003242
0,Random,24,0.07258831565777162,0.24436299516904258,0.49433085597506715,0.4783736767298125,11.883334375015693
0,N4SID-Joint,24,0.020178937703786398,0.18301334198916908,0.42780058670970644,0.41399102867617715,11.89580854200176
0,N4SID-Frozen,24,0.04111145423522933,0.12612249891212818,0.3551372958619359,0.3436733352002737,11.908475333009847
0,Random,25,0.0693979497164916,0.21786316195641298,0.4667581407500173,0.4516910187484211,12.384602708014427
0,N4SID-Joint,25,0.019782073509047916,0.1408455581162958,0.3752939622699728,0.3631793371090748,12.397140791988932
0,N4SID-Frozen,25,0.03528494452986892,0.13334127433568388,0.3651592451735049,0.35337177235471445,12.409921624988783
0,Random,26,0.05948567501352549,0.21856887952724427,0.467513507320638,0.4524220018122921,12.877174416993512
0,N4SID-Joint,26,0.018862596864493177,0.1584237769330137,0.3980248446177873,0.3851764583338629,12.889846583013423
0,N4SID-Frozen,26,0.0340403904749018,0.1472112741765903,0.38368121426073276,0.3712958455648643,12.902314500010107
0,Random,27,0.05886234439072528,0.23954189548427948,0.48943017426828056,0.4736311908052109,13.369802000001073
0,N4SID-Joint,27,0.01845090535126893,0.1359208722333625,0.3686744800408112,0.35677353416609325,13.382362167001702
0,N4SID-Frozen,27,0.03266829194127466,0.15268941397877211,0.3907549282846886,0.37814121753562724,13.394834417005768
0,Random,28,0.05560459838305337,0.23210908741278774,0.48177701005007256,0.46622507350253967,13.858273416990414
0,N4SID-Joint,28,0.018528805575831343,0.1718526778410229,0.4145511763835955,0.4011693141188255,13.87105179199716
0,N4SID-Frozen,28,0.027889733248879573,0.12344539579173926,0.35134796967072296,0.34000632983229295,13.883469666994642
0,Random,29,0.05357248865376195,0.2517418654417172,0.5017388418706661,0.48554253015501525,14.348395500011975
0,N4SID-Joint,29,0.020435310567162298,0.14414973165760578,0.3796705567430872,0.3674146535259094,14.361152291996405
0,N4SID-Frozen,29,0.02863894752580652,0.14716952427327318,0.38362680338223654,0.371243191089252,14.373522042005789
0,Random,30,0.05186511862827915,0.25921331732443925,0.5091299611341286,0.49269506140908165,14.83550766701228
0,N4SID-Joint,30,0.015499435851945641,0.16388034884231736,0.4048213789343608,0.39175359805868637,14.848259374994086
0,N4SID-Frozen,30,0.026218508680291693,0.14878669827598906,0.38572878849781106,0.3732773233632435,14.860684917017352
0,Random,31,0.05256748119230085,0.19785531763090644,0.44480930479353337,0.4304506991739288,15.328215207991889
0,N4SID-Joint,31,0.015550841049090242,0.1372173266733278,0.3704285716212072,0.3584710030343468,15.353412875003414
0,N4SID-Frozen,31,0.023870951820779644,0.17371099257645925,0.4167865071909829,0.40333248763735513,15.36881754201022
0,Random,32,0.0698957729170268,0.2817704428738746,0.5308205373512546,0.5136854579622318,15.833255875011673
0,N4SID-Joint,32,0.015173949447813298,0.12461292293229831,0.3530055565175969,0.3416104091748094,15.846020291995956
0,N4SID-Frozen,32,0.020129124501635367,0.1348049370137949,0.36715791835911,0.35530592764529056,15.858531042002141
0,Random,33,0.09662520580265213,0.24484990580580704,0.4948231055698663,0.4788500363292317,16.33511866698973
0,N4SID-Joint,33,0.01927024303475232,0.12060652595942056,0.3472845029070842,0.33607403324895097,16.347379375016317
0,N4SID-Frozen,33,0.01978324120993314,0.15119220370570183,0.38883441682251046,0.37628270087970916,16.359565833001398
0,Random,34,0.0484687338131605,0.19668184262817476,0.44348826661837937,0.4291723045899971,16.822035749995848
0,N4SID-Joint,34,0.015049312535448493,0.1509052739111316,0.3884652801874726,0.3759254801090769,16.834520208009053
0,N4SID-Frozen,34,0.02557617424508591,0.17471275401232844,0.41798654764517057,0.4044937903506197,16.846952916996088
0,Random,35,0.05304315737187157,0.20411802446993343,0.45179422801750513,0.4372101465439214,17.316336124989903
0,N4SID-Joint,35,0.01342695240267094,0.1409795645002382,0.3754724550486203,0.3633520680761169,17.328586332994746
0,N4SID-Frozen,35,0.038986689136861694,0.13476162396421798,0.36709892939671995,0.3552488428679923,17.340649999998277
0,Random,36,0.048676714129246526,0.2017788992981547,0.44919806243811283,0.43469778613064397,17.809965833002934
0,N4SID-Joint,36,0.011648676823709654,0.14261296609107998,0.37764131936412887,0.3654509206652222,17.822123916994315
0,N4SID-Frozen,36,0.026728996395508662,0.12751141611885788,0.357087406833198,0.34556049588239157,17.834288542013383
0,Random,37,0.04893964976498931,0.22264093903869364,0.4718484280345688,0.4566169897139979,18.297263167012716
0,N4SID-Joint,37,0.011760497794661503,0.12157034498871433,0.3486693921019084,0.33741421771848945,18.309456374990987
0,N4SID-Frozen,37,0.021308142724585026,0.11816708599240934,0.3437543977790093,0.3326578811942123,18.321724625013303
0,Random,38,0.04815390724970184,0.1694683941332275,0.41166539098305005,0.39837668291722034,18.785630875005154
0,N4SID-Joint,38,0.017213521376438702,0.11757678593842988,0.34289471553004414,0.33182594979991237,18.798027250013547
0,N4SID-Frozen,38,0.020313031702670764,0.16771992621734638,0.4095362330946389,0.39631625501735057,18.810271082998952
0,Random,39,0.04646005664821366,0.20806474864346275,0.4561411499124616,0.4414167482241784,19.27423754200572
0,N4SID-Joint,39,0.01189127374624945,0.17764278131147088,0.4214769048375852,0.40787147754747144,19.28654720800114
0,N4SID-Frozen,39,0.019735189654054176,0.1558981017445889,0.39483933662261783,0.3820937796916494,19.298793916997965
0,Random,40,0.045553881496242156,0.1805278797491105,0.4248857255181804,0.4111702602606654,19.76383700000588
0,N4SID-Joint,40,0.012287678877194117,0.1448934912044927,0.38064877670168956,0.3683612961896049,19.776010625006165
0,N4SID-Frozen,40,0.0177793728931396,0.12267450260188589,0.3502492007155561,0.33894302953734584,19.78818308300106
0,Random,41,0.04446096621298033,0.201049721807766,0.4483856842136756,0.4339116317698106,20.25160675001098
0,N4SID-Joint,41,0.00973189806290739,0.11985221845389767,0.346196791513003,0.3350214335730089,20.263817166996887
0,N4SID-Frozen,41,0.01591942331827694,0.14458144617116506,0.3802386700102517,0.36796442789084643,20.275908250012435
0,Random,42,0.045386350253855276,0.20868790641592364,0.4568237148134099,0.4420772796826675,20.739874499995494
0,N4SID-Joint,42,0.01614717814245905,0.1447045019876454,0.3804004495103093,0.3681209850899908,20.752442416996928
0,N4SID-Frozen,42,0.014336551308152005,0.15447564338820735,0.39303389597871496,0.380346619326275,20.7646078329999
0,Random,43,0.04699838724843286,0.1892449176025222,0.43502289319359067,0.4209801964883914,21.22797750000609
0,N4SID-Joint,43,0.013013719341915314,0.12466372000666344,0.3530774985844658,0.34168002892567795,21.240125625015935
0,N4SID-Frozen,43,0.012391192709590665,0.1381481043707586,0.3716828007464949,0.35968474518876287,21.252352750016144
0,Random,44,0.044741336041154725,0.2098073372423785,0.4580473089565951,0.4432613757633097,21.712566375004826
0,N4SID-Joint,44,0.01134377305542174,0.15969179307900702,0.39961455563956505,0.3867148529075249,21.724937708000652
0,N4SID-Frozen,44,0.012414515304795374,0.13448491495288542,0.36672184957115034,0.35488393531589835,21.73723133301246
0,Random,45,0.045268776342708594,0.23472418316211252,0.48448341887221746,0.4688441184667261,22.198763124994002
0,N4SID-Joint,45,0.013780833831587447,0.15522906945605944,0.3939912047953094,0.3812730258672077,22.21112904199981
0,N4SID-Frozen,45,0.01162858137940718,0.1479697742454134,0.38466839517357465,0.3722511599199477,22.22324129199842
0,Random,46,0.042693419948992915,0.1634045277637671,0.40423325910143404,0.39118446294718306,22.709600041998783
0,N4SID-Joint,46,0.01106031858501925,0.14048986371223893,0.37481977497490565,0.362720456751804,22.721737125015352
0,N4SID-Frozen,46,0.010727014382359906,0.15079116539026682,0.38831838147358777,0.37578332333893283,22.734167374990648
0,Random,47,0.04278350611536386,0.22270055658664986,0.4719115982751959,0.4566781207963559,23.19734983300441
0,N4SID-Joint,47,0.012363690204181464,0.15629526780125028,0.3953419631170593,0.3825801812206285,23.20967812501476
0,N4SID-Frozen,47,0.010514055663338821,0.13295793357763191,0.3646339720564061,0.35286345524426777,23.22177487501176
0,Random,48,0.042184108055119754,0.18600447920275162,0.43128236597703784,0.4173604148464772,23.684382500010543
0,N4SID-Joint,48,0.009811118904349535,0.16161024238136737,0.40200776408095323,0.38903080771279286,23.696581625001272
0,N4SID-Frozen,48,0.009591835343579592,0.15820760626449074,0.39775319767978073,0.3849135802574979,23.708705124998232
0,Random,49,0.041609388683644805,0.2101730555105284,0.458446349653401,0.44364753528175477,24.169431457994506
0,N4SID-Joint,49,0.009679101497656073,0.13701644224148204,0.37015732093460213,0.3582085084182444,24.181734083016636
0,N4SID-Frozen,49,0.010059491846153835,0.13694577885402615,0.3700618581454,0.35811612720248676,24.193951207998907
0,Random,50,0.04303223924206235,0.20771115260317174,0.4557533901170366,0.44104150545552795,24.653240082989214
0,N4SID-Joint,50,0.009740575374804439,0.14541349851713795,0.3813312189122967,0.3690217089182415,24.66555900001549
0,N4SID-Frozen,50,0.00935698256234098,0.13378628724729322,0.36576807849687104,0.3539609523176763,24.677694667014293
0,Random,51,0.04093534514688768,0.1744311628767894,0.41764956946798043,0.4041676899511571,25.157536832994083
0,N4SID-Joint,51,0.008876923718395335,0.14436030838361222,0.3799477705996078,0.3676829188186406,25.16980850000982
0,N4SID-Frozen,51,0.008699501370630944,0.13869835775573153,0.3724222841825278,0.3604003578313888,25.18199654199998
0,Random,52,0.042391624452103385,0.23300670584611152,0.48270768156940647,0.46712570260782443,25.641213416995015
0,N4SID-Joint,52,0.008861962823721871,0.14297429855787258,0.3781194236717714,0.3659135915924825,25.65341625001747
0,N4SID-Frozen,52,0.008458635544564882,0.13901978824735955,0.3728535748083416,0.36081772623944147,25.66564391698921
0,Random,53,0.04206056418647175,0.22476797052121086,0.4740970053915241,0.4587929821786729,26.125959458004218
0,N4SID-Joint,53,0.008837703348595082,0.1500178921920782,0.3873214326526202,0.37481855638733924,26.138226000010036
0,N4SID-Frozen,53,0.008304029423055736,0.1280790993597527,0.35788140404294927,0.34632886257435685,26.15048354200553
0,Random,54,0.04176634629295527,0.21258593971258222,0.46107042814800236,0.4461869075712187,26.609266499988735
0,N4SID-Joint,54,0.008808945490552068,0.13458389943327945,0.3668567832728181,0.35501451330875755,26.62159308299306
0,N4SID-Frozen,54,0.007858758879775574,0.12712641696837185,0.35654791679151887,0.3450384207748442,26.63382795799407
0,Random,55,0.03806814336144012,0.18526225605147437,0.4304210218512502,0.4165268752213411,27.093334375007544
0,N4SID-Joint,55,0.0084123780398667,0.1477652840137874,0.3844025026112439,0.37199385046592554,27.105493167007808
0,N4SID-Frozen,55,0.007541850372484329,0.13440754736156527,0.36661634901019524,0.354781840351299,27.117809541989118
0,Random,56,0.038393650451936635,0.2175743784519945,0.4664486879089645,0.45139155515726626,27.581101791991387
0,N4SID-Joint,56,0.007915253502624555,0.14452123031677197,0.3801594801090353,0.3678877942683507,27.593418542004656
0,N4SID-Frozen,56,0.007437687046947744,0.13473753761635685,0.3670661215862298,0.35521709410551894,27.605474750016583
0,Random,57,0.04263545461514905,0.2313064446440629,0.48094328630729727,0.4654182626644388,28.067759041994577
0,N4SID-Joint,57,0.010398531437378105,0.14994425625670163,0.38722636307036434,0.37472655568566504,28.079943457996706
0,N4SID-Frozen,57,0.007207814504998073,0.12481889099824929,0.35329717094572,0.34189261018347095,28.092019917006837
0,Random,58,0.04061835981914904,0.1777555394917568,0.4216106491678748,0.40800090456229166,28.554628250014503
0,N4SID-Joint,58,0.00897396710963869,0.11343705998409645,0.3368041864111794,0.32593202516906095,28.566916208015755
0,N4SID-Frozen,58,0.006753673479348369,0.12305256625617485,0.3507884921946198,0.33946491249195104,28.57918562501436
0,Random,59,0.03746051041800881,0.19803067815183198,0.4450063799001448,0.4306414126246514,29.03981533300248
0,N4SID-Joint,59,0.008222153819871006,0.10828063274776249,0.32906022662692386,0.3184380432141312,29.052308792015538
0,N4SID-Frozen,59,0.005959898744564792,0.13169922216374452,0.36290387455047174,0.3511892059130534,29.06456299999263
0,Random,60,0.03561414670728225,0.198199287980273,0.44519578612142435,0.4308247047444408,29.525161833007587
0,N4SID-Joint,60,0.00919873239204753,0.10217938276636455,0.31965509970335926,0.30933651719738775,29.537317292008083
0,N4SID-Frozen,60,0.0059164892347139545,0.12092963503481806,0.34774938538381067,0.33652390915079056,29.549516875005793
1,Random,0,1.1471386186486348,1.550532175888034,1.2452036684366272,1.2050080425841838,0.012035416992148384
1,N4SID-Joint,0,0.7456230981045799,0.36883562433675365,0.6073183879455271,0.5877139302058413,0.025349375006044284
1,N4SID-Frozen,0,0.7456230981045799,0.36883562433675365,0.6073183879455271,0.5877139302058413,0.03764837500057183
1,Random,1,1.0242865194210833,2.2494079333910717,1.4998026314789128,1.4513884587973258,0.5024741250090301
1,N4SID-Joint,1,4.112152815657338,0.9419212139962216,0.9705262562116604,0.9391973168072051,0.5146499580005184
1,N4SID-Frozen,1,2.948754488433243,0.8100919477180231,0.9000510806159965,0.8709971054297925,0.5269458330003545
1,Random,2,0.9104976344791639,2.088328925637227,1.4451051607537864,1.3984566422571911,0.9886701670184266
1,N4SID-Joint,2,0.3875056263278548,0.48207088525319725,0.6943132472113702,0.6719005638755247,1.0008799580100458
1,N4SID-Frozen,2,0.5254589560935797,1.1443688772564478,1.0697517830115768,1.0352198076288637,1.0130059579969384
1,Random,3,0.7919940167719348,1.6264552743727678,1.2753255562297683,1.2341575849189932,1.4977131670166273
1,N4SID-Joint,3,0.17895593731225692,0.2623223387732231,0.512174129347845,0.49564096276922864,1.5103288750106003
1,N4SID-Frozen,3,0.25926917076908956,0.39358655759084826,0.6273647723540494,0.6071132100580537,1.5240420420013834
1,Random,4,0.6281635831447793,1.6196935619240098,1.2726718201971827,1.231589512447623,1.991508708015317
1,N4SID-Joint,4,0.1709130559460736,0.30147484938751645,0.549067253974881,0.531343163958095,2.0046185000101104
1,N4SID-Frozen,4,0.13877047916999602,0.22703892180064195,0.4764860142760141,0.4611048729902619,2.017870875017252
1,Random,5,0.8353837880109128,0.6539317342633629,0.8086604567204724,0.7825566040063118,2.494675166992238
1,N4SID-Joint,5,0.1145398749074781,0.12595167540751107,0.3548967108998209,0.3434405164079573,2.509454375016503
1,N4SID-Frozen,5,0.1130485818770153,0.27709175343657005,0.5263950545327816,0.5094028313335507,2.522640625014901
1,Random,6,0.3513116662088748,0.695347763724486,0.8338751487629825,0.8069573566483721,2.9966321249958128
1,N4SID-Joint,6,0.10419668458946146,0.14459153503954386,0.38025193627323434,0.36797726591405044,3.0089564580121078
1,N4SID-Frozen,6,0.09073833930560973,0.2504157237125239,0.5004155510298655,0.4842619556223006,3.0212181670067366
1,Random,7,0.2026176523704513,0.7115918903768453,0.8435590615818465,0.8163286692506437,3.482300583011238
1,N4SID-Joint,7,0.06804261890169451,0.169636612391679,0.41186965461378555,0.39857435284390214,3.4945114580041263
1,N4SID-Frozen,7,0.08675965585770479,0.16487665060679893,0.4060500592375267,0.3929426161162211,3.5067981670144945
1,Random,8,0.15288608415552302,0.6787618538593868,0.8238700467060244,0.7972752229130555,3.971489916992141
1,N4SID-Joint,8,0.0879007516214533,0.17462544595886853,0.4178820957625111,0.4043927102126004,3.9836974999925587
1,N4SID-Frozen,8,0.05758340799903743,0.19222306425059715,0.4384325082046234,0.42427974789074846,3.995752207993064
1,Random,9,0.1195097405863328,0.5290126798278566,0.727332578555269,0.703854019232836,4.455804583005374
1,N4SID-Joint,9,0.06942410748254893,0.1440764366224661,0.3795740199519273,0.3673212329773666,4.4692667920026
1,N4SID-Frozen,9,0.05453631673382062,0.12517437822851799,0.35379991270281286,0.3423791232543812,4.481339791993378
1,Random,10,0.08821684567124399,0.384914977820295,0.6204151656917285,0.6003879392182982,4.941699125018204
1,N4SID-Joint,10,0.06415721079809898,0.19356568795495235,0.43996100731195753,0.42575890649275683,4.955083833017852
1,N4SID-Frozen,10,0.039752493075791026,0.13103250687344453,0.3619841251677268,0.3502991463738288,4.96729625001899
1,Random,11,0.07197853074060909,0.19324104718249824,0.4395919098237572,0.4254017236052879,5.424887208006112
1,N4SID-Joint,11,0.045961755342817746,0.1668136878838825,0.40842831425341036,0.39524410019798106,5.438315750012407
1,N4SID-Frozen,11,0.0605000596146874,0.0748004830095045,0.27349676965094943,0.26466819477327996,5.450618500006385
1,Random,12,0.0593641205419006,0.24362221732921024,0.49358101394726506,0.4776480398745151,5.925678375002462
1,N4SID-Joint,12,0.04219834945251778,0.1563734197932394,0.3954407917669084,0.38267581964583114,5.937926375016104
1,N4SID-Frozen,12,0.07730355601247083,0.12981334779644513,0.36029619453505907,0.34866570275392483,5.950096000015037
1,Random,13,0.053918566329346246,0.19030428779515504,0.4362387967560371,0.42215685024302924,6.406239208008628
1,N4SID-Joint,13,0.029440341334534534,0.15175229631669654,0.38955397099336125,0.3769790275810582,6.4196438750077505
1,N4SID-Frozen,13,0.08002087196040485,0.09323866056823131,0.3053500623353978,0.2954932516218028,6.431758167018415
1,Random,14,0.051791559884612294,0.17577869632247994,0.4192597003320018,0.40572584520715205,6.8967048750200775
1,N4SID-Joint,14,0.03654155683688412,0.16430834353325285,0.405349655893838,0.39226482204639046,6.909664208011236
1,N4SID-Frozen,14,0.04273542934751439,0.13255478945130422,0.36408074578492094,0.35232808731739246,6.921913708007196
1,Random,15,0.05687463899404022,0.1404313256661294,0.37474167858156554,0.3626448813383539,7.3811855830135755
1,N4SID-Joint,15,0.024736238086556842,0.13320957051359542,0.3649788631052426,0.3531972130850113,7.394174874993041
1,N4SID-Frozen,15,0.04811976606147321,0.17407983079897887,0.41722875116532765,0.40376045581587716,7.406415167002706
1,Random,16,0.04722188562354616,0.17591696193753195,0.4194245604843998,0.4058853836140624,7.864561624999624
1,N4SID-Joint,16,0.02786260197372913,0.12469953598369506,0.3531282146525466,0.34172910786069455,7.876826332998462
1,N4SID-Frozen,16,0.05446122488164392,0.12133219890822679,0.34832771768584075,0.3370835726764429,7.890203500021016
1,Random,17,0.050465156533018064,0.23519117867722977,0.4849651314035162,0.46931028114287476,8.350497458013706
1,N4SID-Joint,17,0.024467105668935094,0.18019619854294217,0.4244952279389512,0.4107923680848645,8.36260104199755
1,N4SID-Frozen,17,0.03490668481934215,0.10848391594553192,0.3293689662757132,0.3187368166351274,8.374822292011231
1,Random,18,0.06083607661630787,0.2647994581200975,0.5145866866914626,0.49797564188714727,8.831886333005968
1,N4SID-Joint,18,0.01900352715084738,0.16143482282967048,0.4017895255350374,0.38881961398625925,8.843922208005097
1,N4SID-Frozen,18,0.029718924098802127,0.1216375488994201,0.3487657507546005,0.3375074658789389,8.856085583014647
1,Random,19,0.07467334608649315,0.15136645497312312,0.3890584210284146,0.3764994741486364,9.325437708001118
1,N4SID-Joint,19,0.03257668511285085,0.07713642284724415,0.27773444663426994,0.2687690780072543,9.33832275000168
1,N4SID-Frozen,19,0.023170244856798163,0.14292429949570593,0.3780533024531143,0.36584960479073514,9.352076542010764
1,Random,20,0.04878561649432208,0.16374584969008052,0.4046552232334096,0.3915928059239998,9.81081904200255
1,N4SID-Joint,20,0.05043491491569046,0.12827021508334172,0.3581483143661878,0.3465871569355958,9.823050833016168
1,N4SID-Frozen,20,0.020405626288732118,0.10800507935923241,0.3286412624112079,0.31803260331518957,9.83522845801781
1,Random,21,0.04771009564379734,0.1871172494078108,0.4325705137983989,0.4186069807891604,10.292372458003229
1,N4SID-Joint,21,0.029507605307438473,0.1625481782496477,0.40317264075039577,0.39015808174103217,10.304617832996882
1,N4SID-Frozen,21,0.030887035366554003,0.0617550529803848,0.24850563973556977,0.24048378759183636,10.316825667017838
1,Random,22,0.04223800219232473,0.23421825372501567,0.4839610043433414,0.46833856766823795,10.779516208014684
1,N4SID-Joint,22,0.03037486396475905,0.09354667359358432,0.30585400699285326,0.29598092876301585,10.792246833007084
1,N4SID-Frozen,22,0.026662961927172695,0.10494172408974586,0.3239471007583582,0.3134899709023121,10.804520500008948
1,Random,23,0.04012413537500424,0.1714334232703581,0.4140451947195597,0.400679665726343,11.264633500017226
1,N4SID-Joint,23,0.02094294722975125,0.1301566518602534,0.3607722991864168,0.3491264385745301,11.276764333015308
1,N4SID-Frozen,23,0.024617576342486597,0.083020411485576,0.2881326282904732,0.27883160258984546,11.288918083009776
1,Random,24,0.037681807959027265,0.1757081168117453,0.41917552029161403,0.4056443825289866,11.747284375014715
1,N4SID-Joint,24,0.016177000785250046,0.09232802524115377,0.30385527022112646,0.2940467119389011,11.759563333005644
1,N4SID-Frozen,24,0.01977765334863397,0.09333256703858528,0.30550379218364093,0.2956420190148115,11.771786792000057
1,Random,25,0.03589515030651419,0.18572923131897148,0.4309631438057917,0.41705149728264945,12.22961745801149
1,N4SID-Joint,25,0.015609905356422336,0.12022613334414858,0.34673640325778976,0.3355436264550435,12.241844875010429
1,N4SID-Frozen,25,0.020683174307420258,0.08857902424616922,0.2976222845254858,0.2880149292812182,12.254096207994735
1,Random,26,0.03451677078488518,0.1768035528834769,0.4204801456471838,0.40690689410510056,12.710723750002217
1,N4SID-Joint,26,0.012297938444513387,0.08290394045632617,0.2879304437816991,0.2786359446703144,12.722963708016323
1,N4SID-Frozen,26,0.017738273412674196,0.07318405059425483,0.27052550821365223,0.26179284673237785,12.735110125009669
1,Random,27,0.03373730621673775,0.17984104245247096,0.4240766940689749,0.41038734463994603,13.191595792013686
1,N4SID-Joint,27,0.01225791942711025,0.10777009289834787,0.32828355563193823,0.3176864434404375,13.203784542012727
1,N4SID-Frozen,27,0.01628457852738767,0.08857652389872304,0.2976180839578184,0.288010864309398,13.215915625012713
1,Random,28,0.03197153631605718,0.17070156518726987,0.41316045937053303,0.3998234899551343,13.67222191701876
1,N4SID-Joint,28,0.01120900281908638,0.063761019365699,0.2525094441118965,0.2443583477113587,13.684452667017467
1,N4SID-Frozen,28,0.049580216908577064,0.09760085516626431,0.31241135569352196,0.3023266038703301,13.697676792013226
1,Random,29,0.0308958436441836,0.20467578643545514,0.45241108124741497,0.4378070875279362,14.177590250008507
1,N4SID-Joint,29,0.010240694546052921,0.10612353770824218,0.32576607820373527,0.3152502310963015,14.19003349999548
1,N4SID-Frozen,29,0.05189389816091811,0.23486795247431294,0.4846317699803769,0.468987680747331,14.202296583011048
1,Random,30,0.03153846831276033,0.13425648346781738,0.3664102665971812,0.35458241035329,14.684723083017161
1,N4SID-Joint,30,0.009827192989664316,0.06769138446888688,0.2601756800104246,0.25177711473577025,14.699054583004909
1,N4SID-Frozen,30,0.03460850198084498,0.10872305411801952,0.3297317911849258,0.3190879294247323,14.711249542015139
1,Random,31,0.03041596984937592,0.17581908714542835,0.41930786678218707,0.40577245682686314,15.186689916998148
1,N4SID-Joint,31,0.01002965141924014,0.08812987597856818,0.2968667646917859,0.2872837979016558,15.198967000003904
1,N4SID-Frozen,31,0.017052081471942534,0.11137766481577221,0.33373292438081714,0.3229599045904921,15.211131207994185
1,Random,32,0.029973350500903696,0.2000458662052459,0.4472648725366725,0.43282700030007953,15.670532957999967
1,N4SID-Joint,32,0.009051158988888652,0.06608872970049376,0.25707728351702674,0.24877873560446986,15.682472000014968
1,N4SID-Frozen,32,0.013978538959808658,0.07247673653210118,0.2692150377153943,0.26052467869690077,15.6945693330199
1,Random,33,0.02893327989512197,0.17102450629499813,0.41355109272615653,0.4002015135244183,16.15270716699888
1,N4SID-Joint,33,0.009512397366121837,0.08504061137061843,0.2916172343511584,0.282203724303585,16.16480858300929
1,N4SID-Frozen,33,0.01736008588091803,0.0667158414097908,0.258294098673955,0.2499562715269891,16.177010582992807
1,Random,34,0.028186974489183798,0.158493458824411,0.3981123695948306,0.385261157972916,16.63380304200109
1,N4SID-Joint,34,0.008373166113161074,0.06599438527304091,0.256893723693361,0.2486011011584597,16.645946958014974
1,N4SID-Frozen,34,0.015962286464173626,0.07043567718487433,0.2653972064375854,0.25683008839685356,16.658231500012334
1,Random,35,0.027621686405703155,0.1791394122892031,0.42324864121365247,0.4095860216309951,17.114705667016096
1,N4SID-Joint,35,0.009376945208203145,0.07702599069411575,0.2775355665389857,0.2685766178335477,17.12696925000637
1,N4SID-Frozen,35,0.01753873090872672,0.08727635082597608,0.29542571117960614,0.2858892621192878,17.139100125001278
1,Random,36,0.027393907614384046,0.1644261828500664,0.40549498498756603,0.39240545986428543,17.596549250010867
1,N4SID-Joint,36,0.007989704792606784,0.06879511431612832,0.262288227559165,0.2538214684837557,17.608755958004622
1,N4SID-Frozen,36,0.02352341682685233,0.09713376094051947,0.3116628963167086,0.3016023050335463,17.621000707993517
1,Random,37,0.028510456957324765,0.1849951452871372,0.4301106198260364,0.4162264930860341,18.079384458018467
1,N4SID-Joint,37,0.008778285370343735,0.10645933822748567,0.326281072432168,0.3157486011243348,18.091667166998377
1,N4SID-Frozen,37,0.017025458174141382,0.1287272812503501,0.35878584315765594,0.34720410606654606,18.103873000014573
1,Random,38,0.026820963680976626,0.18416754876577907,0.4291474673882849,0.4152944315581539,18.56126275000861
1,N4SID-Joint,38,0.009407735647025966,0.043907744232671776,0.20954174818558657,0.20277766458702992,18.57455000001937
1,N4SID-Frozen,38,0.010440884612470547,0.09293575909604711,0.304853668332935,0.2950128813977018,18.58824791701045
1,Random,39,0.0315740212980246,0.17255438687404853,0.4153966620882365,0.4019875072383989,19.050271167012397
1,N4SID-Joint,39,0.010064861522560661,0.08903931448106747,0.29839456174848006,0.2887622771154733,19.062321792007424
1,N4SID-Frozen,39,0.012268281270707717,0.10310569274861651,0.3211007517098278,0.3107355030329818,19.07453466701554
1,Random,40,0.031028936857281225,0.1675669498419856,0.40934942267210495,0.3961354749029822,19.546094999997877
1,N4SID-Joint,40,0.009628769074543032,0.06712218691518744,0.2590794992182659,0.2507163190569911,19.5586694170197
1,N4SID-Frozen,40,0.011866122148778194,0.11269910278539487,0.33570687032796165,0.32487013084682975,19.571602083015023
1,Random,41,0.0321337577071972,0.16466275748170625,0.4057865910570558,0.3926876527841334,20.046468250016915
1,N4SID-Joint,41,0.011272064059650411,0.08181787133296893,0.28603823404043194,0.27680481614549585,20.05980874999659
1,N4SID-Frozen,41,0.012692227492080063,0.10573563931511029,0.3251701697805478,0.3146735588130548,20.072292875003768
1,Random,42,0.030172061612964658,0.16377350035604185,0.4046893875011326,0.39162586735677485,20.533490083005745
1,N4SID-Joint,42,0.009676053258068041,0.05205959083738414,0.22816570916196882,0.22080043735117613,20.54561395800556
1,N4SID-Frozen,42,0.03142293367679992,0.06975370682094745,0.26410927060773054,0.25558372760251385,20.557871708006132
1,Random,43,0.02984617412840426,0.1750365978204767,0.4183737537423646,0.4048684972946188,21.07927829201799
1,N4SID-Joint,43,0.010808221255115607,0.08851902235759537,0.2975214653728288,0.2879173646073599,21.091635582997696
1,N4SID-Frozen,43,0.017500595830918227,0.07097457857125809,0.266410545157766,0.2578107161757716,21.10375604199362
1,Random,44,0.028897197052587708,0.16565496787709572,0.407007331478311,0.3938689872620241,21.56587283301633
1,N4SID-Joint,44,0.009672355009387972,0.05324412083940702,0.2307468761205816,0.22329828330459034,21.578055542020593
1,N4SID-Frozen,44,0.01139188690624504,0.1372974326006772,0.37053668185576066,0.3585756234313347,21.590255042014178
1,Random,45,0.029239335817043875,0.17316945959975344,0.41613634736676564,0.40270331520797203,22.04818908299785
1,N4SID-Joint,45,0.00794208995745165,0.07446933254714397,0.27289069706962155,0.2640816864346025,22.061951167008374
1,N4SID-Frozen,45,0.009758258356270193,0.08163588987871824,0.2857199500887508,0.2764968065151654,22.075525167019805
1,Random,46,0.028141876887750352,0.18143290257868994,0.4259494131686179,0.4121996116881182,22.536105125007452
1,N4SID-Joint,46,0.010252569213348744,0.08186943469884538,0.2861283535388364,0.27689202655381995,22.54829737500404
1,N4SID-Frozen,46,0.011461892393599538,0.07997000185711711,0.282789677776819,0.27366112445580176,22.560397749999538
1,Random,47,0.027681582101415626,0.17039781578347682,0.4127927031616194,0.39946760504997053,23.011545457993634
1,N4SID-Joint,47,0.009096268297163082,0.10112068279422337,0.31799478422487276,0.30772979730447647,23.023707042011665
1,N4SID-Frozen,47,0.016101225587916254,0.051464914664994414,0.22685879895872324,0.21953571468309768,23.03582395799458
1,Random,48,0.027121290625813515,0.17583198790685958,0.4193232499001929,0.40578734337224276,23.48767816700274
1,N4SID-Joint,48,0.008958472010835826,0.07258703881672404,0.2694198189011418,0.26072284947173113,23.500015750003513
1,N4SID-Frozen,48,0.014791334945348364,0.0754167059614548,0.274621022431741,0.2657561562667217,23.512805292004487
1,Random,49,0.02781970092216803,0.16257133873051863,0.4032013625107418,0.3901858763525415,23.96360787501908
1,N4SID-Joint,49,0.006761234847965579,0.08770354123558317,0.2961478367903152,0.2865880772534842,23.975771124998573
1,N4SID-Frozen,49,0.011373826182617723,0.09356575875519836,0.30588520519174894,0.2960111198727406,23.98796179200872
1,Random,50,0.02615259364064185,0.1742143011766831,0.41738986712267356,0.40391637089170906,24.440687791997334
1,N4SID-Joint,50,0.008261019473164417,0.06876127700453263,0.2622237155646541,0.2537590389598158,24.45282900001621
1,N4SID-Frozen,50,0.00976675880582391,0.06241794497009022,0.2498358360405693,0.24177104467786203,24.464961499994388
1,Random,51,0.028745401912935273,0.19630428098875044,0.44306238949921084,0.42876017493863255,24.91430995799601
1,N4SID-Joint,51,0.009838897044415883,0.0779441784471554,0.2791848463780859,0.2701726583215129,24.926454917003866
1,N4SID-Frozen,51,0.007896407572783235,0.07418808085511212,0.2723748902801287,0.2635825300752747,24.93852424999932
1,Random,52,0.028384466542698227,0.1867553916797157,0.43215204694611326,0.4182020221985773,25.389009208010975
1,N4SID-Joint,52,0.009574383954021515,0.05707746780758381,0.23890891110961895,0.23119684484512285,25.401144917006604
1,N4SID-Frozen,52,0.008206648884448876,0.09987729631893671,0.3160336949107432,0.305832012664379,25.41332200000761
1,Random,53,0.0218071083749952,0.15089705481365032,0.3884547011089585,0.37591524252705255,25.86450637501548
1,N4SID-Joint,53,0.006971823170922685,0.09126932943480591,0.3021081419538472,0.29235598160549237,25.876626708020922
1,N4SID-Frozen,53,0.006686371934781397,0.08023656764319403,0.28326060023094285,0.27411684536237857,25.888705667020986
1,Random,54,0.022340569679091142,0.17469134472689896,0.417960936843264,0.40446900627468363,26.33845104201464
1,N4SID-Joint,54,0.006776856228444343,0.05946638895951005,0.243857312704602,0.23598551024262962,26.350600500009023
1,N4SID-Frozen,54,0.00825646757198396,0.07332233105640323,0.2707809650924585,0.2620400573705231,26.362739125004737
1,Random,55,0.019622110488807052,0.18869390836302452,0.4343891209077692,0.42036688260172367,26.855434083001455
1,N4SID-Joint,55,0.00619391161226504,0.06779035908657066,0.2603658178151861,0.2519611148232616,26.86807429199689
1,N4SID-Frozen,55,0.006731798176243964,0.11232604024041673,0.3351507724001494,0.3243319839617346,26.8803720830183
1,Random,56,0.021242306819387193,0.17936892023042242,0.4235196810425962,0.40984831219599793,27.345916582999052
1,N4SID-Joint,56,0.005377845183394765,0.049714877675294505,0.2229683333464519,0.21577083471123729,27.35813491701265
1,N4SID-Frozen,56,0.006986286074139906,0.10410605097229765,0.3226546930889084,0.3122392826209808,27.370312042010482
1,Random,57,0.028656615035618227,0.16314797426020158,0.40391580095386415,0.3908772524637078,27.82076595799299
1,N4SID-Joint,57,0.006040554073367968,0.07170700146130418,0.2677816301789654,0.25913754207541445,27.83283070800826
1,N4SID-Frozen,57,0.007106854326603891,0.0915223622585019,0.3025266306600163,0.29276096134450763,27.84494683300727
1,Random,58,0.026774636200618582,0.16533210316678734,0.4066105054801061,0.39348497095090623,28.363566000014544
1,N4SID-Joint,58,0.005235389094819321,0.05029331988267406,0.22426172184007254,0.21702247215537965,28.384697250003228
1,N4SID-Frozen,58,0.00744118372227176,0.1135932709309537,0.3370360083595723,0.3261563638209152,28.40578479200485
1,Random,59,0.02218560751806832,0.1966939274706809,0.44350189116922706,0.429185489335404,29.374299292016076
1,N4SID-Joint,59,0.005375029918746568,0.0726931638944476,0.2696166981001874,0.2609133733388551,29.42219675000524
1,N4SID-Frozen,59,0.007595552710260657,0.1055049812572362,0.32481530329902286,0.31433014755020655,29.46290104201762
1,Random,60,0.019971778990539733,0.16576129363183242,0.40713792949298205,0.3939953695254346,30.043146125011845
1,N4SID-Joint,60,0.005744956765249822,0.042445961250057826,0.20602417637272047,0.19937364126754129,30.055242292000912
1,N4SID-Frozen,60,0.005412675415171991,0.09208151477784164,0.3034493611425828,0.29365390575257083,30.077093166997656
2,Random,0,1.187955504948735,1.6046629180773035,1.2667529033230212,1.2258616603559997,0.012155584001448005
2,N4SID-Joint,0,0.7456230981045799,0.36883562433675365,0.6073183879455271,0.5877139302058413,0.025522542011458427
2,N4SID-Frozen,0,0.7456230981045799,0.36883562433675365,0.6073183879455271,0.5877139302058413,0.03761020899401046
2,Random,1,1.1190880971110706,1.8331191628547021,1.3539273107721486,1.3102220463285175,0.4915858749882318
2,N4SID-Joint,1,4.026693607045448,0.8362821162680453,0.9144846178411342,0.8849647228405778,0.5037632090097759
2,N4SID-Frozen,1,3.195972888293539,0.6127839862951346,0.7828052032882348,0.7575359675284132,0.5158796670148149
2,Random,2,0.9879763308686863,2.454888327292746,1.566808325001098,1.5162311842404153,0.9698312919936143
2,N4SID-Joint,2,0.43896668675555933,0.30504757502126506,0.5523111215802784,0.5344823183411607,0.9819762920087669
2,N4SID-Frozen,2,0.6678037269489104,0.36751817246453156,0.6062327708599491,0.5866633572333647,0.9952399170142598
2,Random,3,0.9544744348250093,1.9983468507665665,1.4136289650281528,1.36799650954094,1.4465889999992214
2,N4SID-Joint,3,0.18621603470385636,0.26110051397093914,0.5109799545686103,0.49448533638480296,1.4587401250028051
2,N4SID-Frozen,3,0.425855020166793,1.4973342380048582,1.2236560946625723,1.1841560323033984,1.471992125007091
2,Random,4,0.8800488472248238,1.8254103181552033,1.3510774656381488,1.3074641952286243,1.9232977500068955
2,N4SID-Joint,4,0.1405540735157605,0.38384271750918286,0.6195504156315149,0.5995511036035344,1.9355290420062374
2,N4SID-Frozen,4,0.3078456981133134,0.20813773493757987,0.45622114696447363,0.4414941629423495,1.9476874170068186
2,Random,5,0.5851257670842587,1.1326069690292309,1.064240089937055,1.0298860340049931,2.406157291989075
2,N4SID-Joint,5,0.16479196540735996,0.1630403776622369,0.4037825871211349,0.3907483388217943,2.419016792002367
2,N4SID-Frozen,5,0.21044618752595992,0.4627741481537367,0.6802750533083928,0.6583155279611328,2.431187417008914
2,Random,6,0.5460749732180408,1.0444720605162183,1.0219941587485804,0.9890038167910942,2.882583833998069
2,N4SID-Joint,6,0.0806747471977197,0.20219459862895206,0.44966053710432724,0.43514533194696775,2.895791624992853
2,N4SID-Frozen,6,0.1585675318844115,0.19880721567340437,0.44587802779841523,0.43148492341275896,2.9093850000062957
2,Random,7,0.46791879225818817,1.138998242635121,1.067238606233452,1.0327877571082622,3.3643894999986514
2,N4SID-Joint,7,0.09757159404448909,0.13524621405315387,0.3677583636753267,0.3558869903690148,3.376510000001872
2,N4SID-Frozen,7,0.12927054848428374,0.23511854012564903,0.48489023513126045,0.46923780254944025,3.3888471249956638
2,Random,8,0.3243182273821065,1.3694099867602825,1.1702179227649363,1.1324428639680573,3.8403051669884007
2,N4SID-Joint,8,0.11441696163261289,0.2735150982014732,0.5229867093927657,0.5061045088103138,3.852467833989067
2,N4SID-Frozen,8,0.08337265036578115,0.12682213358513017,0.35612095358898804,0.344625240099282,3.864558625005884
2,Random,9,0.34572542259060146,1.0440403490174515,1.021782926563882,0.9887994032578978,4.318420583993429
2,N4SID-Joint,9,0.10356695665236361,0.07722127039651204,0.2778871540688991,0.26891685599053117,4.331563542014919
2,N4SID-Frozen,9,0.07231484564993029,0.20365934659657667,0.4512863244067747,0.43671863824588036,4.343648750014836
2,Random,10,0.2699815478520005,0.9772451924817015,0.9885571265646217,0.9566461441282731,4.8117020839999896
2,N4SID-Joint,10,0.06319578192562562,0.15273106970417744,0.3908082262493683,0.3781927950226845,4.8256719170021825
2,N4SID-Frozen,10,0.07350702994563939,0.1397981935442192,0.3738959662047977,0.3618264688637121,4.837806791998446
2,Random,11,0.24596639226797778,0.8790607269915031,0.9375823841089929,0.9073168848394612,5.29056608400424
2,N4SID-Joint,11,0.04793481273269635,0.156552133774639,0.39566669530633863,0.3828944309371097,5.303887167014182
2,N4SID-Frozen,11,0.07506434094423163,0.09914160891045577,0.31486760536844016,0.30470356491525485,5.3158902499999385
2,Random,12,0.19734839498149112,0.6617744987220104,0.813495235832399,0.7872353146957078,5.790746709011728
2,N4SID-Joint,12,0.04091485862558085,0.13995667686431854,0.37410784122271284,0.36203150447923593,5.804047125013312
2,N4SID-Frozen,12,0.0572622496860455,0.2384967713059118,0.4883613122534501,0.47259683204372366,5.816119499999331
2,Random,13,0.12648802141261675,0.5302229949498111,0.7281641263821028,0.7046587243943508,6.271299624990206
2,N4SID-Joint,13,0.03269048628944855,0.11368579593619266,0.3371732432091738,0.3262891686798185,6.284545792004792
2,N4SID-Frozen,13,0.06336519180029088,0.09698674652072656,0.3114269521424351,0.3013739772227574,6.296622666995972
2,Random,14,0.08694646903783333,0.41540271116402705,0.6445174250274597,0.623712168884655,6.746829792013159
2,N4SID-Joint,14,0.03257128040533184,0.14183217717070326,0.37660613002273774,0.36444914761106806,6.760110417002579
2,N4SID-Frozen,14,0.08228646495037842,0.1719925630490002,0.4147198609290375,0.40133255346598584,6.7722256249981
2,Random,15,0.07817848972619636,0.22399152558750035,0.4732774298310668,0.45799986281443555,7.222692375013139
2,N4SID-Joint,15,0.02666402871413676,0.13433873305744157,0.3665224864281066,0.35469100768738904,7.23708233400248
2,N4SID-Frozen,15,0.058596395971356054,0.08156373952341549,0.28559366156029353,0.2763745946261913,7.249191209004493
2,Random,16,0.08494467627832608,0.22779626430767613,0.4772800690450798,0.4618732953835061,7.702992834005272
2,N4SID-Joint,16,0.028748373545081328,0.10782522644913246,0.32836751734776154,0.31776769484163464,7.715145416994346
2,N4SID-Frozen,16,0.044039488085162275,0.12404382828939312,0.3521985637242053,0.34082946640135514,7.727259042003425
2,Random,17,0.08775005955086784,0.17645269029716198,0.42006272186086924,0.4065029449099408,8.176745125005255
2,N4SID-Joint,17,0.027974415486547926,0.1163739050034004,0.34113619714624305,0.33012419702707246,8.190025416988647
2,N4SID-Frozen,17,0.05141159191430105,0.17609742639426976,0.4196396387309828,0.4060935190568714,8.202265291998629
2,Random,18,0.07578788505220865,0.16853693930971406,0.4105325070073185,0.39728036884694046,8.653677833994152
2,N4SID-Joint,18,0.027428253705553553,0.09847098702363392,0.31380087161069825,0.3036712657099458,8.666952583997045
2,N4SID-Frozen,18,0.05017744876706348,0.07318688723518296,0.27053075099733664,0.26179792027710425,8.678969375003362
2,Random,19,0.06855188988306402,0.2423841869536132,0.4923252857142452,0.476432847004108,9.128756583988434
2,N4SID-Joint,19,0.025794202181860952,0.14524108864480678,0.38110508871544446,0.36880287828612474,9.140862041997025
2,N4SID-Frozen,19,0.038509929996938766,0.1560037157529494,0.39497305699623286,0.3822231835231253,9.153011292015435
2,Random,20,0.0649337897207218,0.2055667667231254,0.4533947140440936,0.43875896830133243,9.60483287498937
2,N4SID-Joint,20,0.056737174379265724,0.1642132750723751,0.40523237169848003,0.3921513238273788,9.617026541993255
2,N4SID-Frozen,20,0.05155187667556225,0.06863529596385759,0.26198338871741006,0.2535264699503287,9.629066583991516
2,Random,21,0.06195582089021596,0.23464432178913822,0.48440099276233756,0.46876435310155584,10.081792709010188
2,N4SID-Joint,21,0.04001684817853994,0.10798258218283771,0.32860703306964945,0.3179994789091861,10.093897916987771
2,N4SID-Frozen,21,0.0421440020653523,0.13908298788600656,0.3729383164626646,0.3608997324024408,10.105960791988764
2,Random,22,0.0627402621441559,0.20989155018750044,0.45813922576821603,0.44335032546692804,10.555502167000668
2,N4SID-Joint,22,0.018552006979948892,0.1262654988120244,0.3553385692716517,0.3438681114313544,10.567621708993101
2,N4SID-Frozen,22,0.034334298790693434,0.06691752153042424,0.25868421198523933,0.2503337918391538,10.579647584003396
2,Random,23,0.06025470693117842,0.18068061368021665,0.42506542282361276,0.4113441568719311,11.03452566699707
2,N4SID-Joint,23,0.017663015580193262,0.1261229656912703,0.3551379530425751,0.3436739711668837,11.04664287500782
2,N4SID-Frozen,23,0.031339692479724575,0.058502267200473065,0.24187241926369585,0.23406468988159787,11.058736083999975
2,Random,24,0.05497733173017522,0.20701740423902829,0.45499165293335686,0.4403043574242971,11.510886959003983
2,N4SID-Joint,24,0.020481867056539337,0.09079059161202886,0.30131477164591325,0.29158822157872644,11.523009333992377
2,N4SID-Frozen,24,0.03438409204808501,0.0990859455463365,0.31477920126071945,0.30461801452418136,11.53507549999631
2,Random,25,0.05454224227775932,0.16533246906885832,0.4066109554215901,0.393485406368116,11.983881249994738
2,N4SID-Joint,25,0.01675076161578743,0.13716764424380914,0.37036150480821994,0.3584061011623972,11.997182291990612
2,N4SID-Frozen,25,0.03427243415561202,0.1747551017632707,0.41803720141067674,0.40454280899421136,12.009341208991827
2,Random,26,0.05234857808676263,0.18632399785834713,0.4316526356439251,0.41771873207427995,12.463947874988662
2,N4SID-Joint,26,0.01690361645528351,0.12945381617923743,0.3597969096299153,0.3481825349465295,12.476089750009123
2,N4SID-Frozen,26,0.0840048235029334,0.06719879742767913,0.25922730841421615,0.2508593569185094,12.488238958991133
2,Random,27,0.050206526851522305,0.18335837207582462,0.4282036572424675,0.4143810879460118,12.93743595900014
2,N4SID-Joint,27,0.017599289719828458,0.10095510120863115,0.31773432488264647,0.30747774568424396,12.949622874992201
2,N4SID-Frozen,27,0.038182794415434824,0.09112132896438518,0.30186309639368836,0.29211884620485407,12.961727499990957
2,Random,28,0.04938733137140097,0.18211774738409892,0.4267525599033929,0.41297683255512235,13.411002084001666
2,N4SID-Joint,28,0.016227100524170007,0.11580793161546199,0.3403056444072916,0.3293204548316424,13.423194625007454
2,N4SID-Frozen,28,0.028796122182350024,0.14651470009911147,0.3827723868033214,0.3704163553872638,13.435246584005654
2,Random,29,0.05108535783197439,0.16141573939954829,0.40176577678984593,0.3887966318591724,13.884496874990873
2,N4SID-Joint,29,0.01605996028171019,0.12216051240341884,0.3495146812416023,0.3382322206183035,13.897824209008832
2,N4SID-Frozen,29,0.0267575609380599,0.06291236550155838,0.2508233751099733,0.24272670562808393,13.909899791993666
2,Random,30,0.050434955911190675,0.18538610611377287,0.4305648686478878,0.4166660785912331,14.359615499997744
2,N4SID-Joint,30,0.013642288272349121,0.07068519664906618,0.2658668776832988,0.25728459848448104,14.371781124995323
2,N4SID-Frozen,30,0.022955579186854338,0.09067810094240465,0.30112804741904176,0.2914075248775932,14.384939667012077
2,Random,31,0.03983896428291438,0.13886469179922223,0.3726455310334772,0.3606163981930538,14.835281959007261
2,N4SID-Joint,31,0.013469197418661085,0.1184255342219474,0.3441301123440775,0.3330214675569088,14.848559875012143
2,N4SID-Frozen,31,0.021450943121562958,0.09651007927399995,0.31066071408209944,0.3006324736048008,14.860614375007572
2,Random,32,0.0407787979969008,0.21118707461410718,0.45955094887738746,0.4447164776423303,15.31322083401028
2,N4SID-Joint,32,0.011962802108859864,0.08827630102497032,0.2971132797856237,0.2875223553988931,15.32532987499144
2,N4SID-Frozen,32,0.01931478748220622,0.10342452709793147,0.3215968393780192,0.31121557681139267,15.337398709001718
2,Random,33,0.04538269274443808,0.1633510581688292,0.4041671166347272,0.3911204555832808,15.787556166993454
2,N4SID-Joint,33,0.011803307321692809,0.09947564075584298,0.3153975915504793,0.30521644295119693,15.79972229199484
2,N4SID-Frozen,33,0.018851729590619103,0.08209477831385088,0.28652186358784365,0.27727283395578234,15.811793250002665
2,Random,34,0.033610185148410604,0.17452585183399294,0.41776291342577665,0.404277375124904,16.284489542013034
2,N4SID-Joint,34,0.011556193270937024,0.0720521961887384,0.2684254015340918,0.2597605322578049,16.29664508398855
2,N4SID-Frozen,34,0.016286213739456882,0.09503829749561728,0.30828282063004625,0.29833133941545975,16.30868262500735
2,Random,35,0.03742560439061183,0.13371721066329195,0.3656736395521175,0.35386956189629726,16.758285916992463
2,N4SID-Joint,35,0.012476431988311994,0.11116586645483195,0.33341545623265867,0.3226526844292509,16.77169745901483
2,N4SID-Frozen,35,0.015165009857675098,0.08940271029773197,0.2990028600159737,0.28935093929436023,16.783806291990913
2,Random,36,0.03051961834438997,0.14940372685494777,0.3865277827724002,0.37405052581298204,17.24571874999674
2,N4SID-Joint,36,0.01237565415061695,0.08450723398226301,0.2907012796364388,0.28131733693912614,17.257923500001198
2,N4SID-Frozen,36,0.015130805255463562,0.09882635166269596,0.3143665880189814,0.30421872058747507,17.27013191700098
2,Random,37,0.04237852861888653,0.18749316422327356,0.4330048085452095,0.4190272563440951,17.722621583990986
2,N4SID-Joint,37,0.0122560961156695,0.09948570605840194,0.31541354767733415,0.30523188400849216,17.734831084002508
2,N4SID-Frozen,37,0.014833911174248312,0.08922950597229141,0.29871308302833244,0.2890705164129356,17.74697066700901
2,Random,38,0.030776556553776802,0.15554065680630003,0.394386430809048,0.3816554938419378,18.202424541988876
2,N4SID-Joint,38,0.012015152082474324,0.06742402080344503,0.25966135793268325,0.2512793951611604,18.214481500006514
2,N4SID-Frozen,38,0.016929714271793815,0.06616534737659259,0.25722625716787273,0.24892290033185774,18.227800333988853
2,Random,39,0.03486472970490705,0.24112840222524484,0.49104826873256036,0.4751970525935608,18.678141209005844
2,N4SID-Joint,39,0.01065906282125588,0.1299665290127213,0.36050870865032,0.3488713568365004,18.6902533340035
2,N4SID-Frozen,39,0.016618387077216374,0.07677501260805707,0.27708304280135415,0.26813870172622456,18.70235666699591
2,Random,40,0.07710403747953908,0.19405343821614726,0.44051496934400225,0.4262949864295741,19.15099208400352
2,N4SID-Joint,40,0.012641662999729051,0.11885658332117244,0.3447558314534686,0.333626988226601,19.163150584005052
2,N4SID-Frozen,40,0.011522746647735315,0.08935911635538688,0.29892995225535174,0.28928038502268305,19.175236167007824
2,Random,41,0.03840513921395823,0.16825284722667738,0.41018635670470244,0.39694539240158594,19.63001212500967
2,N4SID-Joint,41,0.01611419700533088,0.10494870568662444,0.32395787640775836,0.31350039870984303,19.642212209000718
2,N4SID-Frozen,41,0.012221253681795555,0.04799856054694947,0.21908573789032793,0.21201357084403055,19.654378500010353
2,Random,42,0.038003913264546274,0.19230909970556928,0.43853061433105134,0.42437468711584797,20.1089469169965
2,N4SID-Joint,42,0.01703971582360243,0.16455904272999314,0.40565877622700725,0.39256396386313674,20.121101917000487
2,N4SID-Frozen,42,0.024093280345747637,0.12554256676923525,0.35431986505026114,0.3428822913515507,20.133313083992107
2,Random,43,0.0371304064015476,0.16258545653730166,0.4032188692723862,0.3902028179895731,20.58392787500634
2,N4SID-Joint,43,0.0138120365577721,0.09415085826425862,0.3068401184073859,0.2969352081435832,20.59606370900292
2,N4SID-Frozen,43,0.01853877534342575,0.09036457492080247,0.300607010764557,0.2909033074752115,20.60821770899929
2,Random,44,0.03464191209263217,0.20109879760386912,0.44844040585552625,0.4339645869772236,21.061998791992664
2,N4SID-Joint,44,0.010489883807087666,0.06837483511244358,0.26148582201037895,0.2530449648769881,21.074196000001393
2,N4SID-Frozen,44,0.012841398043925315,0.06831124524255563,0.26136420038435954,0.25292726924114917,21.086272666987497
2,Random,45,0.03390699372083259,0.17412610155068747,0.41728419758084234,0.4038141124009975,21.538149583997438
2,N4SID-Joint,45,0.011088765228645216,0.12093614723071544,0.34775874860413714,0.33653297012297034,21.550285667006392
2,N4SID-Frozen,45,0.01292105882667566,0.05687886789584837,0.2384929095295044,0.2307942719468313,21.562334624992218
2,Random,46,0.03299553746224426,0.16522551048688358,0.4064794096714907,0.3933581069625204,22.01341312500881
2,N4SID-Joint,46,0.009089329531230334,0.06674800931931608,0.25835636109706317,0.25001652409650676,22.025618542014854
2,N4SID-Frozen,46,0.03450104677096064,0.0727560716353707,0.26973333430514423,0.2610262444848307,22.038920166989556
2,Random,47,0.03376582200012749,0.17258141607621508,0.4154291950215043,0.4020189899967863,22.4892447500024
2,N4SID-Joint,47,0.010504417307526208,0.08547799945757335,0.29236620779011613,0.2829285206084008,22.50136341698817
2,N4SID-Frozen,47,0.03146097669574547,0.0914037189021418,0.3023304796115367,0.29257114212298546,22.513471375015797
2,Random,48,0.03496675709183947,0.16793236386032084,0.4097955146903402,0.3965671669091429,22.964342416991713
2,N4SID-Joint,48,0.010357180953634975,0.07084750914596943,0.2661719540935322,0.25757982691758996,22.976493083988316
2,N4SID-Frozen,48,0.019030009129992934,0.062101648766070536,0.2492020240007503,0.24115769232047018,22.988581999990856
2,Random,49,0.03380468510586329,0.1633979075537981,0.4042250704172097,0.3911765385966542,23.440527166996617
2,N4SID-Joint,49,0.008350501466284247,0.09058106363056243,0.30096688128523785,0.29125156124501755,23.452644917008
2,N4SID-Frozen,49,0.023165149395794737,0.0632166985519294,0.25142931124260237,0.24331308192267603,23.464760417002253
2,Random,50,0.033674252432758955,0.17569956341105963,0.4191653175193048,0.40563450910586646,23.91413016698789
2,N4SID-Joint,50,0.009953040634908011,0.061175333470027536,0.24733647824376317,0.2393523670568523,23.926275834004628
2,N4SID-Frozen,50,0.01341896859037657,0.058327338516365054,0.24151053500078432,0.2337144873738904,23.939557750010863
2,Random,51,0.03264274020508202,0.17764126003833267,0.4214751001403673,0.407869731106534,24.38979879199178
2,N4SID-Joint,51,0.011119150135243538,0.11286536690830358,0.33595441194945425,0.32510968173503696,24.401858750003157
2,N4SID-Frozen,51,0.010698642817030063,0.07877587104400627,0.28067039573850017,0.2716102536100029,24.413913958997
2,Random,52,0.03191639419076726,0.15500236453216173,0.3937033966479865,0.3809945082712221,24.864277749991743
2,N4SID-Joint,52,0.01518049181291551,0.08087086232188134,0.28437802714323995,0.2751982013288355,24.876415834005456
2,N4SID-Frozen,52,0.010077411642922779,0.06945733551873773,0.26354759630612784,0.2550401843509959,24.888479791989084
2,Random,53,0.03137806188851715,0.1769134944541975,0.4206108586974396,0.4070333876907055,25.341189041995676
2,N4SID-Joint,53,0.019341584594325924,0.050090962045234146,0.22381010264336626,0.21658543139007275,25.35334237499046
2,N4SID-Frozen,53,0.00870420196245681,0.07559787447628465,0.2749506764426752,0.2660751689266704,25.366626500006532
2,Random,54,0.030491091227261,0.1578896318647097,0.3973532834452355,0.3845265753994284,25.817473875009455
2,N4SID-Joint,54,0.02209579243244466,0.09956579092701193,0.3155404743087833,0.3053547134022622,25.829602917016018
2,N4SID-Frozen,54,0.011588045467801927,0.05219108851396451,0.22845369008611904,0.22107912214669037,25.841723583987914
2,Random,55,0.030766455569508456,0.17495158853856438,0.4182721465010124,0.40477016997185417,26.29308016700088
2,N4SID-Joint,55,0.011774415237990733,0.06454872607151463,0.2540644132331693,0.24586312186565934,26.305244958988624
2,N4SID-Frozen,55,0.012154515530829415,0.07109612727684902,0.26663857049731016,0.2580313807746871,26.317344917013543
2,Random,56,0.030447518140232256,0.15623354245837145,0.395263889646362,0.38250462798987,26.76978041700204
2,N4SID-Joint,56,0.008562949867923355,0.07798016212238766,0.2792492831188429,0.2702350150209174,26.78190266698948
2,N4SID-Frozen,56,0.008905327495960272,0.06989506416083686,0.26437674663411087,0.25584256940579203,26.793975625012536
2,Random,57,0.03106544625184537,0.17234108501644593,0.4151398379057904,0.401738973433671,27.243954709003447
2,N4SID-Joint,57,0.009368410520950459,0.0683095851666846,0.26136102457459987,0.2529241959476799,27.25612670899136
2,N4SID-Frozen,57,0.009036398808103847,0.06138562577706673,0.2477612273481602,0.23976340510617114,27.26829366700258
2,Random,58,0.030083602168614085,0.16580727025836411,0.40719438878545966,0.39405000629148235,27.7180771669955
2,N4SID-Joint,58,0.008825448357798152,0.15198230087978315,0.38984907448881184,0.377264605028689,27.730241959012346
2,N4SID-Frozen,58,0.008667489710072607,0.07806921760255114,0.2794086927827249,0.270389278883057,27.74235637500533
2,Random,59,0.024100110552889777,0.15769218862731213,0.397104757749529,0.3842860722032797,28.31781029200647
2,N4SID-Joint,59,0.012805535354742088,0.1345914835788039,0.3668671197842673,0.3550245161538697,28.32996495900443
2,N4SID-Frozen,59,0.007906902966833579,0.058889808032894515,0.24267222344737874,0.234838676096271,28.34210016700672
2,Random,60,0.024683655097624543,0.1833469300913794,0.42819029658713587,0.414368158577478,28.79118962501525
2,N4SID-Joint,60,0.01036246404116863,0.11480138248462413,0.3388235270529839,0.32788618076285764,28.803381042002002
2,N4SID-Frozen,60,0.008415937245476528,0.0802771907863745,0.28333229746425753,0.27418622818300875,28.815506749990163
3,Random,0,1.042904732388665,1.7886038337435395,1.3373869424155223,1.2942156070589772,0.012079707987140864
3,N4SID-Joint,0,0.7456230981045799,0.36883562433675365,0.6073183879455271,0.5877139302058413,0.025265707983635366
3,N4SID-Frozen,0,0.7456230981045799,0.36883562433675365,0.6073183879455271,0.5877139302058413,0.03750937498989515
3,Random,1,1.0121766543918498,2.0336958608993214,1.4260770879932547,1.3800428025837943,0.4888546669972129
3,N4SID-Joint,1,62.78780145354363,1.71409398990521,1.30923412341155,1.2669715712589575,0.5011832499876618
3,N4SID-Frozen,1,47.644324431308746,1.3509179607354183,1.162289964137787,1.1247708227195894,0.513284416985698
3,Random,2,0.9536667105237775,2.181768308702079,1.4770810095259093,1.429400299038447,0.9680037499929313
3,N4SID-Joint,2,0.5205863231815275,1.0336454604418028,1.0166835596397745,0.9838646457468216,0.9801712079788558
3,N4SID-Frozen,2,0.5255751527814533,1.2129275044274086,1.1013298799303544,1.065778552130801,0.9922975419904105
3,Random,3,0.8207742164467062,1.5450381607222965,1.2429956398645559,1.202871289974916,1.4498976669856347
3,N4SID-Joint,3,0.36610655360155214,0.3565023991004182,0.5970782185781175,0.5778043172180759,1.4646510829916224
3,N4SID-Frozen,3,0.38326422859537357,0.6876995892120457,0.8292765456782469,0.8025071981383862,1.4812370829749852
3,Random,4,0.6744009896009988,1.0967076589111602,1.047238109940218,1.0134328840863405,1.9600193749938626
3,N4SID-Joint,4,0.34827564840884273,0.17763557194098709,0.4214683522412888,0.4078632010320841,1.9732082919799723
3,N4SID-Frozen,4,0.29104479643726294,0.1747487501356443,0.4180296043770636,0.40453545719559747,1.9877222919894848
3,Random,5,0.4003068845134022,1.0153528907392941,1.0076472054937156,0.9751199883886312,2.4422453329898417
3,N4SID-Joint,5,0.19301883242388307,0.1879146264247418,0.43349120685977216,0.41949795354472513,2.455349291994935
3,N4SID-Frozen,5,0.2397447193252567,0.2807870738591174,0.5298934551955868,0.5127883023546528,2.467391249985667
3,Random,6,0.28121154718813085,0.8146788909864908,0.9025956409082037,0.873459526393264,2.9206014169903938
3,N4SID-Joint,6,0.09464221717564328,0.14658667342866422,0.38286639109311255,0.3705073251845003,2.933774791978067
3,N4SID-Frozen,6,0.2940623320234895,0.40867673515075564,0.6392782924132147,0.6186421573705895,2.9457267499819864
3,Random,7,0.22277871659798124,0.8692291010210947,0.9323245684959154,0.9022287934205387,3.395646958000725
3,N4SID-Joint,7,0.06514164711275801,0.16799365904315716,0.409870295390087,0.3966395336607909,3.407728916994529
3,N4SID-Frozen,7,0.179142807595306,0.245985138678688,0.49596888882135337,0.47995883328196925,3.419776875001844
3,Random,8,0.17384444097126345,0.7242588718323377,0.8510340015724035,0.8235623154683459,3.8715669169905595
3,N4SID-Joint,8,0.13857407316391496,0.14208202369155323,0.376937692054739,0.36477000670047205,3.8847275000007357
3,N4SID-Frozen,8,0.10857831846115087,0.3247053454172271,0.5698292247833794,0.551434930821864,3.8969173329824116
3,Random,9,0.1442952900112021,0.7464730860308253,0.8639867394994123,0.8360969343191939,4.346235582983354
3,N4SID-Joint,9,0.08664546560395653,0.1659067593410838,0.4073165345785557,0.3941682091740946,4.358292374992743
3,N4SID-Frozen,9,0.09072408215604696,0.14039885728751697,0.3746983550637992,0.36260295631944756,4.370306874974631
3,Random,10,0.14796757655299744,0.6062427373063244,0.7786159112850985,0.7534819073899214,4.820578582992312
3,N4SID-Joint,10,0.16121812407816513,0.3183264384722555,0.5642042524407765,0.5459915346257541,4.833231333002914
3,N4SID-Frozen,10,0.08559330217658351,0.21404632048363995,0.46265140276847744,0.44771684775777937,4.845387249981286
3,Random,11,0.09901673336165581,0.44135448177686054,0.664345152595291,0.6428998502182657,5.561952666990692
3,N4SID-Joint,11,0.12068944978265864,0.2406383306164429,0.4905490093929891,0.4747139095264721,5.579115417000139
3,N4SID-Frozen,11,0.07473749652951017,0.19542444909097625,0.4420683760358529,0.4277982485902408,5.591804124996997
3,Random,12,0.0788786759491618,0.3884070619468763,0.6232231237260667,0.6031052553492928,6.076626499998383
3,N4SID-Joint,12,0.10346955241589385,0.1570209911025401,0.39625874261969296,0.3834673667485485,6.089963499980513
3,N4SID-Frozen,12,0.04925945868688452,0.17205378440852478,0.4147936648606446,0.40140397497992386,6.102282332984032
3,Random,13,0.07309523370621825,0.29936361467073586,0.54714131142762,0.5294793915344896,6.56983674998628
3,N4SID-Joint,13,0.08416996507426788,0.1531677060098921,0.3913664599961168,0.37873300878170624,6.5832985829911195
3,N4SID-Frozen,13,0.056326928464671404,0.13447254067704367,0.366704977709662,0.3548676080842156,6.595566207979573
3,Random,14,0.06140139095541841,0.251856006609143,0.5018525745765812,0.48565259152795076,7.073780291975709
3,N4SID-Joint,14,0.10266773136344358,0.23057729136159308,0.4801846429880834,0.4646841086266072,7.087336750002578
3,N4SID-Frozen,14,0.05437697025890596,0.13066522986651585,0.3614764582466137,0.3498078671249784,7.099451916990802
3,Random,15,0.05664535998758882,0.2509879125124056,0.5009869384648722,0.4848148984637549,7.564435832988238
3,N4SID-Joint,15,0.07851114059454851,0.17251677603343327,0.41535138862586374,0.4019436952198049,7.5778682499949355
3,N4SID-Frozen,15,0.1364634410177705,0.4316519801981816,0.6570022680312311,0.635793996630018,7.590156207996188
3,Random,16,0.05415937600119765,0.2233699355650218,0.472620286874169,0.45736393267042663,8.051522458001273
3,N4SID-Joint,16,0.07087584781684908,0.11353730382150055,0.3369529697472639,0.32607600572511686,8.064909749984508
3,N4SID-Frozen,16,0.14957608451694274,0.17292426849004996,0.4158416387160501,0.4024181198593451,8.077115541993408
3,Random,17,0.04919938717676312,0.2002734915054092,0.4475192638372221,0.43307317975722054,8.540565832983702
3,N4SID-Joint,17,0.06764032220671104,0.1360989657436511,0.36891593316587873,0.35700719309674733,8.554167041991604
3,N4SID-Frozen,17,0.07753671324900148,0.17037358061704136,0.4127633469883698,0.39943919650463616,8.567955124977743
3,Random,18,0.048695890129062204,0.2107870925830536,0.459115554716951,0.4442951381632402,9.039430249977158
3,N4SID-Joint,18,0.062403542956879644,0.19002573034137665,0.4359194080806412,0.4218477715498661,9.051545750000514
3,N4SID-Frozen,18,0.06917034864409974,0.1303902057028475,0.3610958400519833,0.3494395354236598,9.064497166982619
3,Random,19,0.044238041226262195,0.20548471582604697,0.45330421995173065,0.43867139539107863,9.572615124983713
3,N4SID-Joint,19,0.059985063264144815,0.14691620790938995,0.3832965013007423,0.37092355127869586,9.585053166985745
3,N4SID-Frozen,19,0.0529117213736545,0.12926525896254704,0.3595347812973691,0.34792886821158975,9.597654457989847
3,Random,20,0.04430961898067068,0.2155231281971807,0.46424468569621846,0.4492586989349852,10.067743624997092
3,N4SID-Joint,20,0.05473912356908495,0.19128116175629628,0.43735701864300325,0.42323897552208467,10.080048666975927
3,N4SID-Frozen,20,0.03379257433483535,0.13374599896021205,0.36571300080830055,0.35390765255686074,10.092321957985405
3,Random,21,0.04158924908345838,0.20863143541593274,0.45676190232541586,0.4420174625241954,10.579072166990954
3,N4SID-Joint,21,0.05095766817934415,0.12296258789269869,0.3506602171514452,0.3393407782136748,10.591555791994324
3,N4SID-Frozen,21,0.057370049515789834,0.15708976839857247,0.39634551643556215,0.3835513394741825,10.604418249975424
3,Random,22,0.0437877898315748,0.21730916252553772,0.4661643085067085,0.4511163556252138,11.07083979199524
3,N4SID-Joint,22,0.046233302460566665,0.13519526485051583,0.3676890872061827,0.3558199501694102,11.082936291990336
3,N4SID-Frozen,22,0.07829928167837955,0.14863485741679777,0.38553191491340605,0.3730868049295175,11.095247707999079
3,Random,23,0.04337342338581381,0.22624214321605815,0.47564918082138874,0.4602950528229369,11.554677457985235
3,N4SID-Joint,23,0.030537400724036014,0.19103031893073202,0.43707015332865273,0.4229613703240814,11.566806707996875
3,N4SID-Frozen,23,0.08949419143146567,0.18042927712341386,0.42476967538115745,0.4110579562641383,11.579085332981776
3,Random,24,0.04258214417878294,0.2100670521769012,0.4583307235794925,0.44353564165943105,12.038044832996093
3,N4SID-Joint,24,0.02534657231293947,0.09644480913949847,0.3105556458020019,0.3005307969668762,12.050204624974867
3,N4SID-Frozen,24,0.08536728081686477,0.13687619552028837,0.3699678303856815,0.3580251346929407,12.0636211669771
3,Random,25,0.043488071719184514,0.2152304147721582,0.4639293208799787,0.44895351420934576,12.521779249975225
3,N4SID-Joint,25,0.020620118866656566,0.1373023106871834,0.37054326425828255,0.3585819933515168,12.533947082993109
3,N4SID-Frozen,25,0.0555063498248078,0.1263929970454452,0.35551792788190756,0.34404168028064663,12.546266624995042
3,Random,26,0.04084794928463559,0.208532996322115,0.4566541320541346,0.44191317111634204,13.004575457976898
3,N4SID-Joint,26,0.020872700226181592,0.08980100485811851,0.29966815789823,0.2899947611197806,13.016878458001884
3,N4SID-Frozen,26,0.055411136034181366,0.11539286355934968,0.3396952510108872,0.32872976515536556,13.029918291984359
3,Random,27,0.038483943611778204,0.18665209548672484,0.43203251670068177,0.41808635043280273,13.491229332983494
3,N4SID-Joint,27,0.01393522351782598,0.1421931863878326,0.37708511822641927,0.3649126739018827,13.504616999998689
3,N4SID-Frozen,27,0.037936487756979345,0.10103421449946122,0.3178587964796023,0.30759819929292426,13.516801874997327
3,Random,28,0.03922658143303065,0.2019530672019102,0.44939188599919133,0.43488535299690223,13.975542457978008
3,N4SID-Joint,28,0.01769049342616008,0.11826485104560859,0.3438965702731107,0.332795464308661,13.987830416997895
3,N4SID-Frozen,28,0.035773190829375835,0.1291418949968243,0.35936317980119264,0.3477628060739221,13.999983457993949
3,Random,29,0.038348059630133886,0.19762967527581632,0.4445555930092617,0.4302051772980339,14.461605541990139
3,N4SID-Joint,29,0.02962255073952483,0.14887582883471703,0.38584430646922474,0.37338911237266015,14.473965457989834
3,N4SID-Frozen,29,0.03426812031506286,0.12648885648831673,0.3556527189384565,0.3441721202330231,14.48613204198773
3,Random,30,0.034377065229094166,0.19943085987946546,0.44657682416294897,0.4321611623773044,14.945253582991427
3,N4SID-Joint,30,0.02627035921452483,0.11199518798601121,0.33465682121542245,0.3238539777003274,14.957570707978448
3,N4SID-Frozen,30,0.03299886402387876,0.12264759584642476,0.3502107877356504,0.3389058565423577,14.969779332983308
3,Random,31,0.03488190408895097,0.20998091977980066,0.4582367507957002,0.4434447023511684,15.437281332997372
3,N4SID-Joint,31,0.014751074619570646,0.13233457549257008,0.3637781954605994,0.35203530342722644,15.449429291998968
3,N4SID-Frozen,31,0.029224431730557606,0.09212313338949875,0.30351792927189447,0.2937202604778097,15.46517679200042
3,Random,32,0.033981941865897425,0.20602961213728516,0.453904849211027,0.4392526361201331,15.928802291979082
3,N4SID-Joint,32,0.02130275029708964,0.09164291967586013,0.3027258160049455,0.29295371691429006,15.941176374995848
3,N4SID-Frozen,32,0.02446940634782147,0.1021188393693387,0.3195603845431074,0.3092448594768468,15.95342991698999
3,Random,33,0.035087242392058265,0.18967621769508802,0.4355183322147163,0.421459642558299,16.410947374999523
3,N4SID-Joint,33,0.01735200445938043,0.10691481971867745,0.326978316893762,0.31642333828193,16.42323949999991
3,N4SID-Frozen,33,0.02411008186352151,0.11412827848823145,0.3378287709598332,0.32692353575703204,16.43540041698725
3,Random,34,0.0315602857858155,0.21347806141607148,0.46203686153387313,0.44712214413702345,16.894705124985194
3,N4SID-Joint,34,0.01858717639909383,0.1306602694360494,0.36146959683498886,0.3498012272022084,16.90693874997669
3,N4SID-Frozen,34,0.027280675811874457,0.07869151191094778,0.28052007398927403,0.27146478430133936,16.919115416996647
3,Random,35,0.034939333413098475,0.22149545583819752,0.4706330373424687,0.45544083227406573,17.378737666993402
3,N4SID-Joint,35,0.009949393123215099,0.10447905321016678,0.3232321970506137,0.3127981445454343,17.391026500001317
3,N4SID-Frozen,35,0.022670777991968042,0.08894972191831078,0.2982443996428278,0.28861696229703115,17.403280291997362
3,Random,36,0.034071543973814344,0.20389909094642292,0.45155186960793653,0.4369756115516781,17.860687832988333
3,N4SID-Joint,36,0.014116291673943432,0.1381620537328875,0.3717015654162456,0.3597029041281711,17.87305120797828
3,N4SID-Frozen,36,0.02197370189081765,0.09187292480788786,0.3031054681260103,0.293321113727248,17.885286541975802
3,Random,37,0.033942580315651276,0.21088413511533885,0.45922122676912364,0.4443973990832584,18.344695124978898
3,N4SID-Joint,37,0.011125269891960107,0.1140521671993805,0.3377161044418529,0.32681450615509816,18.35694387499825
3,N4SID-Frozen,37,0.020146739708963288,0.10063190500470232,0.3172253221366515,0.30698517373142326,18.369126374978805
3,Random,38,0.03137165815047919,0.19768337387580776,0.44461598472817837,0.4302636195503696,18.844545041996753
3,N4SID-Joint,38,0.012386099720416821,0.08795657644802506,0.29657474007073675,0.2870011999412445,18.856913957977667
3,N4SID-Frozen,38,0.016490422761642,0.07000142355647401,0.26457782136164404,0.2560371533682229,18.87043249999988
3,Random,39,0.03232415252155862,0.20039412588864947,0.44765402476538674,0.4332035905537679,19.34518316699541
3,N4SID-Joint,39,0.01877574832536629,0.1444075718277673,0.38000996280067095,0.36774310343290634,19.3575422919821
3,N4SID-Frozen,39,0.017251397298147585,0.07655002806223472,0.2766767573581755,0.2677455313244461,19.369839582999703
3,Random,40,0.03168188679504518,0.20544664369835514,0.45326222399219984,0.43863075507634663,19.829285999992862
3,N4SID-Joint,40,0.010895053442114172,0.10956526839423017,0.3310064476626251,0.3203214395292184,19.841616166988388
3,N4SID-Frozen,40,0.01452013660279035,0.06784223409424907,0.2604654182309987,0.2520575001015427,19.853841582982568
3,Random,41,0.03035721528528752,0.19933826093315166,0.4464731357351209,0.4320608210495177,20.317972541990457
3,N4SID-Joint,41,0.010239616885800872,0.1432222080132294,0.37844710068017356,0.36623069106825756,20.33029295798042
3,N4SID-Frozen,41,0.023368252086347876,0.11596043978159493,0.3405296459658027,0.3295372255386354,20.342578916985076
3,Random,42,0.030311811613665897,0.20126220973720957,0.44862256935781725,0.43414087017561925,20.811877749976702
3,N4SID-Joint,42,0.009175797407693174,0.10227611938767595,0.31980637796591227,0.30948291214278123,20.824232332990505
3,N4SID-Frozen,42,0.01984165185243112,0.08364459463767766,0.2892137525044023,0.2798778277221989,20.836489041976165
3,Random,43,0.02945261599559771,0.20781819544279911,0.45587081003591257,0.4411551350168533,21.294723624974722
3,N4SID-Joint,43,0.017659960432114315,0.08215258714251046,0.28662272614450945,0.27737044063255234,21.306996125000296
3,N4SID-Frozen,43,0.012964781860945886,0.062320997567880655,0.24964173843306062,0.24158321261149174,21.32036854198668
3,Random,44,0.029417110391897126,0.2123510581456384,0.4608156444237092,0.44594034835791485,21.778440791997127
3,N4SID-Joint,44,0.01530461589629996,0.14879350224878762,0.3857376080301059,0.37328585819783844,21.790755416994216
3,N4SID-Frozen,44,0.010443646140904466,0.05398044278576535,0.23233691653666524,0.22483699663959061,21.8030511669931
3,Random,45,0.031410426213364276,0.19472353416344246,0.4412748963667007,0.4270303827324764,22.261966332996963
3,N4SID-Joint,45,0.014217238516902002,0.11325536823667103,0.3365343492671603,0.3256708984658774,22.274205957975937
3,N4SID-Frozen,45,0.007586514026211691,0.05764979742403713,0.2401037222202878,0.2323530870199733,22.286470582999755
3,Random,46,0.030507534440185693,0.20383893157424393,0.45148525067187295,0.4369111430990226,22.745701166975778
3,N4SID-Joint,46,0.01291798211330783,0.19640930652066937,0.4431808959337816,0.42887485594253216,22.758013416983886
3,N4SID-Frozen,46,0.007290559077189382,0.046861215246944275,0.21647451408178348,0.20948663828669725,22.770352291991003
3,Random,47,0.02840780909206099,0.20009314485070684,0.44731772248672064,0.43287814423457993,23.233666916989023
3,N4SID-Joint,47,0.02426853760925957,0.20028883936884592,0.447536411221306,0.4330897736175296,23.245947707997402
3,N4SID-Frozen,47,0.008103150358340474,0.06162160189939613,0.24823698737173744,0.24022380742370558,23.25814537500264
3,Random,48,0.028579742988501546,0.19737093704304284,0.4442644899640786,0.42992347116468566,23.718249666999327
3,N4SID-Joint,48,0.02599198011138104,0.08639178752785234,0.29392479910319297,0.28443680002884086,23.730537082999945
3,N4SID-Frozen,48,0.010209613438183556,0.072578482404701,0.2694039391039058,0.260707482280107,23.742964374978328
3,Random,49,0.0282348251195866,0.19450210586652392,0.44102392890468417,0.42678751659111935,24.20253799998318
3,N4SID-Joint,49,0.018766246698877158,0.17155414280400091,0.41419094968866826,0.40082071567220684,24.21473687500111
3,N4SID-Frozen,49,0.009017828503314604,0.0497091598483714,0.2229555109172487,0.21575842619469737,24.22701770797721
3,Random,50,0.027429956037803408,0.2021498429180175,0.4496107682407279,0.4350971696403285,24.683904042001814
3,N4SID-Joint,50,0.015038567985044892,0.10821578224549636,0.3289616729126607,0.3183426708494941,24.696217207994778
3,N4SID-Frozen,50,0.010104066391151396,0.06535459578086168,0.2556454493646654,0.24739312157764293,24.708489541983
3,Random,51,0.02599436887874839,0.19916901099182122,0.44628355447161755,0.43187735953793094,25.16697849999764
3,N4SID-Joint,51,0.014068758676152676,0.11547274640731162,0.33981281083459997,0.32884353010534884,25.179357666987926
3,N4SID-Frozen,51,0.010092256543780143,0.04979219444248757,0.2231416465890838,0.21593855333956416,25.191659957985394
3,Random,52,0.025655395743687234,0.19673741353797167,0.44355091425671944,0.42923292993985934,25.674075957998866
3,N4SID-Joint,52,0.01264744293672702,0.12880290207773992,0.35889121203749186,0.3473060736007405,25.686354207980912
3,N4SID-Frozen,52,0.01015692326298753,0.06758569720447981,0.2599724931689501,0.25158048683920176,25.698969374992885
3,Random,53,0.0261355138931919,0.2025732440031766,0.4500813748681194,0.43555258491517446,26.159929832996568
3,N4SID-Joint,53,0.009552844549400221,0.12121587282679204,0.3481606997160823,0.33692194610729886,26.172144207987003
3,N4SID-Frozen,53,0.008955810108050593,0.04716837123934447,0.21718280603985315,0.21017206632357677,26.184271332982462
3,Random,54,0.02541700472430097,0.1960522245475546,0.4427778501094591,0.4284848205835387,26.64140729198698
3,N4SID-Joint,54,0.008648954372938349,0.11134321014269413,0.3336813002592356,0.322909946914271,26.6537500419945
3,N4SID-Frozen,54,0.008060231428442439,0.0677983426521524,0.2603811488033502,0.2519759509215697,26.665846374991816
3,Random,55,0.028716215431288297,0.19650404586435974,0.4432877686834589,0.4289782788011043,27.126777291996405
3,N4SID-Joint,55,0.009586518965322479,0.09584132629462869,0.30958250321138736,0.29958906777188915,27.13901591699687
3,N4SID-Frozen,55,0.009615304235412007,0.07362858286530458,0.2713458731311471,0.26258672997292143,27.151097875001142
3,Random,56,0.03101708381666006,0.21880764616913867,0.4677687956342734,0.4526690493266113,27.616154166986234
3,N4SID-Joint,56,0.010550261922415835,0.14999232004479698,0.3872884197142964,0.37478660911863304,27.628464499983238
3,N4SID-Frozen,56,0.007951704604946309,0.04894359012751271,0.22123198260539254,0.21409053400159475,27.640711541986093
3,Random,57,0.03437007472929762,0.193376842490743,0.43974633880311387,0.42555116756120437,28.099959582992597
3,N4SID-Joint,57,0.008092683799287815,0.10809378155454087,0.3287761876330779,0.31816317310198194,28.112151166977128
3,N4SID-Frozen,57,0.007303775673574611,0.050438446480619785,0.22458505400097262,0.21733536703690523,28.124337999994168
3,Random,58,0.029054178841584778,0.2571493139678918,0.5070989193124866,0.4907295823537749,28.581181082990952
3,N4SID-Joint,58,0.008351159064029005,0.1276454014625842,0.3572749661851278,0.3457420007504434,28.593444124999223
3,N4SID-Frozen,58,0.0054789278255172255,0.052043225265305484,0.22812984299583752,0.22076572895789046,28.605714957986493
3,Random,59,0.02930516420922839,0.16056149554011312,0.40070125472740054,0.38776647295483385,29.063071207987377
3,N4SID-Joint,59,0.009287639698724376,0.1392448115469653,0.3731552110676807,0.3611096255709741,29.075941166986013
3,N4SID-Frozen,59,0.0053532978672271945,0.0480018290839706,0.21909319725626034,0.21202078941892635,29.08819612499792
3,Random,60,0.022626252509700136,0.1994199464148665,0.4465646049731959,0.43214933762742647,29.54622124999878
3,N4SID-Joint,60,0.008195528858297621,0.11421308958824812,0.33795427144548434,0.3270449850415075,29.558491582982242
3,N4SID-Frozen,60,0.005081454705997039,0.05547794344105856,0.23553756269660803,0.22793432478113032,29.570705874997657
4,Random,0,1.0163691406273618,2.3591301153845046,1.5359460001525134,1.4863651064267498,0.01219633300206624
4,N4SID-Joint,0,0.7456230981045799,0.36883562433675365,0.6073183879455271,0.5877139302058413,0.025575249979738146
4,N4SID-Frozen,0,0.7456230981045799,0.36883562433675365,0.6073183879455271,0.5877139302058413,0.037890124978730455
4,Random,1,1.0082580096419087,2.088482132455542,1.4451581686637425,1.3985079390525963,0.4981022909923922
4,N4SID-Joint,1,7.269870503924806,1.4302248691842738,1.195920093143465,1.1573153589687195,0.5115944159915671
4,N4SID-Frozen,1,5.4080400392351695,1.2007080805732326,1.095768260433397,1.0603964637275112,0.5234189159818925
4,Random,2,0.9862916597015008,2.1187412967796297,1.455589673218256,1.4086027108582595,0.9825418329855893
4,N4SID-Joint,2,0.4836379317024114,0.5834730565136579,0.7638540806421459,0.7391965939918674,0.9949354580021463
4,N4SID-Frozen,2,0.3973932225187234,0.7432366957601867,0.8621117652370757,0.8342824849057974,1.0072281250031665
4,Random,3,0.953053734750851,2.130725081854032,1.4597003397458097,1.4125806835800254,1.471323499979917
4,N4SID-Joint,3,0.3862075817814948,0.7795007584666814,0.8828934015308312,0.8543932824458298,1.483689916000003
4,N4SID-Frozen,3,0.33002042368416135,1.0956481214591316,1.0467321154235842,1.0129432232561466,1.4959572499792557
4,Random,4,0.6432134394032487,1.3429614399018397,1.1588621315332726,1.1214536417942726,1.9672341659897938
4,N4SID-Joint,4,0.24865370634938394,0.4120616602820519,0.6419202912216219,0.6211988714996328,1.9852426249999553
4,N4SID-Frozen,4,0.2683567611245309,0.3640413036966993,0.6033583542942779,0.5838817278765224,1.99775562499417
4,Random,5,0.6619898036044712,0.9814724937588196,0.9906929361607559,0.958713009016329,2.4572074159805197
4,N4SID-Joint,5,0.3892296854234764,0.25500319692423656,0.5049784123348606,0.48867752611015386,2.4705747079860885
4,N4SID-Frozen,5,0.11042173767900658,0.1496086134996672,0.3867927267926159,0.37430691734417254,2.4828519579896238
4,Random,6,0.4220550480164388,0.9935380527613246,0.9967637898526033,0.9645878933500803,2.9456327499938197
4,N4SID-Joint,6,0.19934363055908386,0.359983650189099,0.5999863750028821,0.580618597299128,2.9579608749772888
4,N4SID-Frozen,6,0.10239542996188021,0.3338036043037214,0.5777573922536356,0.5591071741719079,2.970194875000743
4,Random,7,0.3110641525371953,1.0712064712674587,1.0349910488827712,1.0015811625998694,3.43195949998335
4,N4SID-Joint,7,0.15583479626065602,0.10565568709565207,0.3250472074878541,0.31455456578774793,3.444325958000263
4,N4SID-Frozen,7,0.08779850006080818,0.16506821377826975,0.40628587691214396,0.39317082151080857,3.45777320797788
4,Random,8,0.2854354964613237,1.0248712699429705,1.0123592593259423,0.9796799354148489,3.9165514999767765
4,N4SID-Joint,8,0.0998458023681545,0.2663404084396542,0.5160817846423705,0.49942247753416813,3.9289249159919564
4,N4SID-Frozen,8,0.09577162628558032,0.3299070892125983,0.5743753905004969,0.5558343446614691,3.941276707977522
4,Random,9,0.21661880550312626,0.7240846288206452,0.8509316240572125,0.8234632427364611,4.398836707987357
4,N4SID-Joint,9,0.13268184703358418,0.1954598294191643,0.4421083910300327,0.4278369718859014,4.411823207978159
4,N4SID-Frozen,9,0.09523881396088557,0.26906195288287604,0.518711820650808,0.5019676150267617,4.424080540979048
4,Random,10,0.13803898916794324,0.5776487457800292,0.7600320689155354,0.7354979581894215,4.902878833003342
4,N4SID-Joint,10,0.076270546952571,0.19810172049223235,0.4450861944525266,0.4307186507343464,4.916445624985499
4,N4SID-Frozen,10,0.09886290817799473,0.15045213534735968,0.38788159965040836,0.37536064099135624,4.928749999991851
4,Random,11,0.08908106089976288,0.49060966393730404,0.7004353388695519,0.6778250321954812,5.389378457999555
4,N4SID-Joint,11,0.053887881653815244,0.11970824987502013,0.34598880021616324,0.33482015631063616,5.402893332997337
4,N4SID-Frozen,11,0.12715028735522851,0.16705535326088514,0.4087240551532111,0.39553029447431853,5.415213915985078
4,Random,12,0.09818808289979104,0.1974361245636113,0.4443378495735101,0.42999446269932895,5.875256625004113
4,N4SID-Joint,12,0.05333917624946612,0.07903499150555168,0.2811316266547606,0.27205659582507213,5.888735707994783
4,N4SID-Frozen,12,0.11244222303832427,0.20271268808069826,0.45023625806980305,0.4357024684309565,5.9011334579845425
4,Random,13,0.1243537763540849,0.3103082661721492,0.5570531986912464,0.539071319483797,6.364074832992628
4,N4SID-Joint,13,0.07322685188065255,0.07953496014101083,0.2820194322046104,0.27291574268990837,6.376354290987365
4,N4SID-Frozen,13,0.06567844226845883,0.15225068913429873,0.39019314337171374,0.37759756724331234,6.388521624990972
4,Random,14,0.14544531226565005,0.18876142944793622,0.43446683354191284,0.42044208664386323,6.847099165985128
4,N4SID-Joint,14,0.104858352095555,0.2564309803380686,0.5063901463674709,0.4900436888563824,6.860516249987995
4,N4SID-Frozen,14,0.05246600517312835,0.16826303047006072,0.4101987694643424,0.3969574044728446,6.872652915975777
4,Random,15,0.07865031238637965,0.270942152380479,0.520521039325481,0.5037184314667034,7.366009707999183
4,N4SID-Joint,15,0.09276319403999965,0.17895665402411468,0.42303268670885785,0.40937703821590726,7.378364540985785
4,N4SID-Frozen,15,0.04861041872058807,0.1419797529375475,0.3768020076081701,0.3646387021970294,7.39069579099305
4,Random,16,0.053737060121573754,0.22486246749074112,0.47419665487088913,0.4588894149367172,7.851677540980745
4,N4SID-Joint,16,0.05957054592341968,0.11364631220947238,0.3371146870272376,0.32623250271266413,7.864058749983087
4,N4SID-Frozen,16,0.03967111828193305,0.16565625367989226,0.4070089110571073,0.39387051585144417,7.876348749996396
4,Random,17,0.05426945768658281,0.16404707430349155,0.40502725130970085,0.39195282479911364,8.33448520800448
4,N4SID-Joint,17,0.03887161765110121,0.18565648461208878,0.43087873539093197,0.41696981360202273,8.348042165976949
4,N4SID-Frozen,17,0.037052287873085614,0.15861197770874272,0.3982611928229296,0.38540517713325767,8.360326082998654
4,Random,18,0.05466852233987021,0.23844842209812986,0.48831180827226556,0.4725489260689989,8.821423374989536
4,N4SID-Joint,18,0.03675270158827406,0.10198042147171386,0.31934373560743895,0.30903520404736545,8.833750749996398
4,N4SID-Frozen,18,0.044662533922119815,0.1374207857691186,0.37070309651946337,0.35873666616936123,8.847158791002585
4,Random,19,0.03688285289540003,0.20145907898968238,0.44884193096198394,0.4343531507076762,9.308764957997482
4,N4SID-Joint,19,0.028647493856617176,0.15054592766339056,0.38800248409435545,0.3754776232416273,9.320909499976551
4,N4SID-Frozen,19,0.03832497035012663,0.108410470518815,0.32925745324717404,0.3186289032875773,9.333153124985984
4,Random,20,0.040031686910675233,0.24439292685702355,0.4943611300021711,0.478402973500346,9.795671915984713
4,N4SID-Joint,20,0.02460874807317108,0.11938234810312834,0.3455175076651375,0.3343640772540196,9.807932249997975
4,N4SID-Frozen,20,0.039502323239493785,0.09864533036108585,0.3140785417074618,0.30393997251531946,9.820068540982902
4,Random,21,0.04260596282970273,0.17965236332852852,0.4238541769624649,0.41017201046630536,10.282566082983976
4,N4SID-Joint,21,0.03305914633744767,0.2279159466271321,0.47740543212989534,0.46199461170249473,10.29495133299497
4,N4SID-Frozen,21,0.035550088831657764,0.0998240051279203,0.3159493711465815,0.30575041090189514,10.307278249994852
4,Random,22,0.03158587754929894,0.17571599081577305,0.4191849124381423,0.40565347149361997,10.765375290997326
4,N4SID-Joint,22,0.0393981599537597,0.14045794147519594,0.3747771891073361,0.3626792455714786,10.77768095798092
4,N4SID-Frozen,22,0.050641647724025615,0.0982603082582848,0.31346500324324056,0.30334623929515514,10.789989832992433
4,Random,23,0.07244751304269967,0.18054405190025474,0.42490475626927826,0.4111886766922184,11.25448570799199
4,N4SID-Joint,23,0.02326287246718278,0.16696163010293885,0.40860938572546135,0.39541932661726875,11.26675037498353
4,N4SID-Frozen,23,0.037849132747618155,0.10031076768846071,0.3167187517158729,0.3064949555874791,11.279016999993473
4,Random,24,0.170718495262935,0.32790532244281234,0.5726301794725915,0.5541454696782522,11.737448874977417
4,N4SID-Joint,24,0.029026025540750785,0.13778198579812795,0.37118995918279896,0.3592078127294175,11.749776332988404
4,N4SID-Frozen,24,0.04157338808004211,0.0982862906392082,0.3135064443344159,0.3033863426528833,11.762205374980113
4,Random,25,0.14887921523808692,0.27039604768723485,0.5199961996853774,0.5032105338404572,12.24634858299396
4,N4SID-Joint,25,0.024409258676932995,0.13486449098923659,0.3672390107126918,0.35538440230829965,12.258675707998918
4,N4SID-Frozen,25,0.025255138422369545,0.10089339896245952,0.31763721281118734,0.3073837684256585,12.270901332987705
4,Random,26,0.07750596990147877,0.21208672307392779,0.4605287429400339,0.4456627081581457,12.74243541600299
4,N4SID-Joint,26,0.021145639550456462,0.13770374113709205,0.3710845471548122,0.35910580343991017,12.755055790999904
4,N4SID-Frozen,26,0.025017877665736238,0.10198406043212135,0.3193494331169563,0.30904071763921004,12.768538082978921
4,Random,27,0.03297140768663524,0.22301239441362453,0.4722418812575019,0.4569977421242524,13.276989415986463
4,N4SID-Joint,27,0.021296832068611493,0.13365782620151262,0.36559243181651424,0.35379097557584027,13.289226291002706
4,N4SID-Frozen,27,0.024752152435023017,0.12544340618651156,0.3541799065256407,0.3427468507388454,13.301587124995422
4,Random,28,0.04150812059737471,0.16603766327884537,0.4074771935689719,0.39432368203405493,13.764651124976808
4,N4SID-Joint,28,0.02062088910518846,0.13739039201506245,0.37066209951256474,0.3586969925607083,13.777033499995014
4,N4SID-Frozen,28,0.03766115129409678,0.12311158859895419,0.35087261021481025,0.3395463151519536,13.789206874993397
4,Random,29,0.06198121369878195,0.13416835662333576,0.36628998979406435,0.3544660161289829,14.248140040988801
4,N4SID-Joint,29,0.018885428748903484,0.14071291033699235,0.375117195469619,0.36300827640512134,14.261597249977058
4,N4SID-Frozen,29,0.026445773955438675,0.1467392192947075,0.3830655548267261,0.3707000598405881,14.273814915999537
4,Random,30,0.04094611939022397,0.17636595939304944,0.4199594735126825,0.4064030294558651,14.731015665980522
4,N4SID-Joint,30,0.017308520195369832,0.13682571089292847,0.3698995956917613,0.357959102639678,14.743340040993644
4,N4SID-Frozen,30,0.03082193648169586,0.09805541585685622,0.31313801407184055,0.3030298054527544,14.755452290992253
4,Random,31,0.04910854211273082,0.2013037959047137,0.4486689156880758,0.4341857204295347,15.213667874981184
4,N4SID-Joint,31,0.01925542466039372,0.12586233411940098,0.35477081914864556,0.34331868848815067,15.226029415993253
4,N4SID-Frozen,31,0.02531712834092715,0.10952596125787009,0.33094706715405425,0.32026397584499194,15.238143499998841
4,Random,32,0.04293054017667804,0.16618989978402188,0.4076639544821468,0.3945044142372444,15.69945358298719
4,N4SID-Joint,32,0.018692620775526848,0.1172981288353481,0.34248814407997846,0.331432502623653,15.711728249996668
4,N4SID-Frozen,32,0.02413431514701558,0.09166281379729233,0.30275867253852917,0.2929855128270578,15.723965332988882
4,Random,33,0.03816222105167762,0.2022179087432461,0.44968645603714386,0.4351704142072364,16.18253170797834
4,N4SID-Joint,33,0.01878722677262614,0.12263428955575767,0.35019178967496895,0.3388874717459626,16.19480229099281
4,N4SID-Frozen,33,0.01951939129068962,0.06688890252797647,0.2586288895850123,0.2502802552660626,16.207027832977474
4,Random,34,0.037988059700753626,0.1915453007647509,0.4376588863084479,0.4235310987898499,16.664922583004227
4,N4SID-Joint,34,0.015485851303114296,0.13137707148968938,0.36245975154448445,0.3507594193587114,16.677161874977173
4,N4SID-Frozen,34,0.02298184678360006,0.12795203963456614,0.35770384347189527,0.3461570337229092,16.689337207993958
4,Random,35,0.0400633496064935,0.1596873663513555,0.3996090168544192,0.3867094929163716,17.151094457978616
4,N4SID-Joint,35,0.01590583625526319,0.13611886006032686,0.3689428953921282,0.3570332849725586,17.163466375001008
4,N4SID-Frozen,35,0.04972876902111284,0.06566259490980494,0.25624713639337504,0.24797538593093063,17.175808125000913
4,Random,36,0.04007729722696073,0.22043928698337564,0.46950962395181595,0.4543536830749448,17.638830665993737
4,N4SID-Joint,36,0.014876008928562836,0.12848309339363073,0.35844538411539173,0.3468746371655959,17.65136399999028
4,N4SID-Frozen,36,0.01934983099417163,0.11658965019504612,0.3414522663492602,0.3304300634016287,17.663642582978355
4,Random,37,0.040436014297447476,0.15885393069363893,0.398564838757308,0.3856990212667908,18.12347704099375
4,N4SID-Joint,37,0.015663382481907732,0.12130271592373157,0.34828539435889583,0.3370426155618356,18.135654749989044
4,N4SID-Frozen,37,0.03776542556187496,0.12040263963672487,0.34699083509038803,0.3357898451358439,18.148003957991023
4,Random,38,0.03704322251444422,0.21484370184827717,0.4635123535012602,0.4485500066887794,18.632246458000736
4,N4SID-Joint,38,0.016703123985627774,0.11135607952648767,0.3337005836472086,0.3229286078274892,18.64458429100341
4,N4SID-Frozen,38,0.03446847384383589,0.09046804609379239,0.3007790652518762,0.29106980798130355,18.656820165982936
4,Random,39,0.0392411218929331,0.15341498214021965,0.3916822463939611,0.3790386014801431,19.11608583299676
4,N4SID-Joint,39,0.015056968266672417,0.13640539250076886,0.3693310066874549,0.3574088678945665,19.128365040989593
4,N4SID-Frozen,39,0.027391775328282197,0.09184431030701003,0.3030582622318851,0.29327543165649916,19.140607415989507
4,Random,40,0.03577950934000075,0.24776788842178876,0.49776288373259486,0.48169491738708214,19.59774599998491
4,N4SID-Joint,40,0.014377472477090314,0.11373348280569455,0.3372439514738471,0.32635759445607365,19.61002875000122
4,N4SID-Frozen,40,0.024556708003193192,0.08793991509899152,0.29654664911104883,0.2869740157679194,19.622196499985876
4,Random,41,0.03766095564529473,0.1342062333835561,0.3663416893878666,0.35451604684115406,20.080088582995813
4,N4SID-Joint,41,0.016523533725665125,0.11048756000218182,0.33239669072086414,0.32166680503751965,20.09251374998712
4,N4SID-Frozen,41,0.02567246867486848,0.08173461190079863,0.2858926580043612,0.27666393935664646,20.10467841598438
4,Random,42,0.033796231435825,0.2603322705689118,0.5102276654287885,0.493757331411149,20.563445749983657
4,N4SID-Joint,42,0.016854288859717577,0.10839885859160606,0.32923981926797075,0.3186118385396157,20.57576420798432
4,N4SID-Frozen,42,0.01626538618376679,0.06750949639270704,0.25982589630886876,0.251438622178911,20.587901040998986
4,Random,43,0.037718438536219076,0.16908373128015547,0.41119792227120444,0.3979243042648689,21.046940874977736
4,N4SID-Joint,43,0.011555366650032428,0.08707452857492623,0.2950839347964003,0.2855585184016392,21.059515040979022
4,N4SID-Frozen,43,0.012306975167604456,0.055513855759119844,0.23561378516360168,0.22800808675925577,21.071612457977608
4,Random,44,0.037118292590178174,0.2001015236572192,0.4473270879985016,0.43288720742424525,21.532138957991265
4,N4SID-Joint,44,0.009361392555016073,0.08427778867973985,0.29030637037402374,0.280935175490872,21.544455957977334
4,N4SID-Frozen,44,0.014740500688636292,0.061824425506659286,0.2486451799385206,0.2406188233864471,21.556680165987927
4,Random,45,0.035554486721565616,0.18785625155222263,0.43342387053809417,0.419432790863923,22.014970999996876
4,N4SID-Joint,45,0.016513027669640273,0.09921068201755465,0.314977272223814,0.30480969168477867,22.02724429097725
4,N4SID-Frozen,45,0.012353491000055034,0.03777431782602076,0.19435616230523992,0.18808227492427307,22.03938104098779
4,Random,46,0.033666060563641104,0.20886136018718252,0.4570135229806472,0.44226096077345345,22.500051915994845
4,N4SID-Joint,46,0.014258017205924454,0.11045549650178377,0.3323484564456164,0.3216201277821637,22.512326374999247
4,N4SID-Frozen,46,0.012333951341118319,0.05515843200436752,0.2348583232597208,0.22727701143951684,22.524600000004284
4,Random,47,0.03151744508585781,0.1774605364678814,0.4212606514592615,0.4076622049066004,22.981698582996614
4,N4SID-Joint,47,0.014901007365921237,0.12258508938744116,0.3501215351666349,0.33881948507862764,22.9939225409762
4,N4SID-Frozen,47,0.009583508488192883,0.05241347052963977,0.2289398840954537,0.22154962163713926,23.006106874992838
4,Random,48,0.03329699747775521,0.20028629282768728,0.44753356614636997,0.43308702038264396,23.473765290982556
4,N4SID-Joint,48,0.011023395866497919,0.09531196710788802,0.30872636283266774,0.2987605639149791,23.4859284159902
4,N4SID-Frozen,48,0.01024716228423454,0.052092268598313146,0.22823730763902983,0.22086972460344034,23.498179499991238
4,Random,49,0.03290416880869922,0.17301625014985314,0.4159522209940141,0.40252513250128596,23.95866079098778
4,N4SID-Joint,49,0.008631940240781037,0.0990455352170098,0.3147150063422617,0.30455589184096454,23.970837000000756
4,N4SID-Frozen,49,0.01109714019588851,0.08419880919837518,0.2901703106769801,0.28080350785017594,23.98309229098959
4,Random,50,0.031427297631853625,0.18522413305772162,0.4303767338712928,0.4164840168734329,24.439643833000446
4,N4SID-Joint,50,0.006894188339330212,0.07790967190365004,0.27912304079679634,0.27011284784679435,24.451774290995672
4,N4SID-Frozen,50,0.012532463078812821,0.06273130047251405,0.2504621737359038,0.24237716396531905,24.465315332985483
4,Random,51,0.031155612230111415,0.19119054160703014,0.4372534066271298,0.42313870813964705,24.924402165983338
4,N4SID-Joint,51,0.008466620499555627,0.08540400110807801,0.2922396295988585,0.28280602840704655,24.93656720800209
4,N4SID-Frozen,51,0.009117459756581455,0.05800427774776585,0.24084077260249323,0.23306634514863137,24.948802290979074
4,Random,52,0.030650812393845244,0.2015358168717686,0.44892740712922463,0.4344358676732499,25.408970124990446
4,N4SID-Joint,52,0.008101826882294695,0.10920882956174663,0.33046759230179684,0.3197999786147939,25.42115174999344
4,N4SID-Frozen,52,0.007403151070249654,0.05618209541780189,0.23702762585361628,0.22937628815922384,25.43340304098092
4,Random,53,0.03186091610937669,0.1718087042117533,0.4144981353537713,0.40111798527267345,25.896702500001993
4,N4SID-Joint,53,0.007611060076923123,0.07091319943026152,0.26629532371084086,0.2576992141189255,25.908978749997914
4,N4SID-Frozen,53,0.008615903628464656,0.03299394998794058,0.1816423683724163,0.17577888686885138,25.922325958003057
4,Random,54,0.030118625457019297,0.18216999230876885,0.4268137677122996,0.41303606455376735,26.380895374983083
4,N4SID-Joint,54,0.007074025383315257,0.10956209490757923,0.33100165393480924,0.3203168005446743,26.39320266598952
4,N4SID-Frozen,54,0.01454079492146297,0.055355260610078325,0.23527698699634506,0.22768216055894078,26.405288207984995
4,Random,55,0.030375019432399755,0.18425507425705456,0.42924943128332105,0.4153931040216923,26.87951754097594
4,N4SID-Joint,55,0.00717921592893614,0.09363566038390447,0.30599944507123616,0.2961216720475015,26.892049415997462
4,N4SID-Frozen,55,0.011874140086629436,0.06094947494192455,0.2468794745253735,0.23891011558417408,26.904454332980094
4,Random,56,0.03109688387945801,0.166647972689584,0.4082253944692613,0.3950477307380308,27.378808290988673
4,N4SID-Joint,56,0.006778472910892824,0.094323288186436,0.307120966699501,0.2972069905510103,27.391075666004326
4,N4SID-Frozen,56,0.009108458842337658,0.05158029485977705,0.2271129561689008,0.2197816676063887,27.40326420799829
4,Random,57,0.028497393576539718,0.18023591152439694,0.4245420020732895,0.4108376323331889,27.861523290979676
4,N4SID-Joint,57,0.006821330244490646,0.08776000592100759,0.2962431533740613,0.286680316983351,27.87379441599478
4,N4SID-Frozen,57,0.008184066304667878,0.06532109659315453,0.25557992212447855,0.24732970958052555,27.885919332999038
4,Random,58,0.028021116567886233,0.188163382076308,0.4337780331878368,0.41977552101493404,28.35155224998016
4,N4SID-Joint,58,0.007506267748209583,0.0995969813220681,0.31558989420142736,0.3054025380028551,28.367503332992783
4,N4SID-Frozen,58,0.008075321893138638,0.04597615149841376,0.21442050158138742,0.2074989300544743,28.38367654097965
4,Random,59,0.028188080548637372,0.18746457431854016,0.4329717939064162,0.4189953074298111,28.850531957985368
4,N4SID-Joint,59,0.007961818547108819,0.08410007705278241,0.2900001328495944,0.2806388234247544,28.863032915978692
4,N4SID-Frozen,59,0.007713758283172358,0.061039151250564375,0.2470610273810185,0.23908580784781883,28.875369040993974
4,Random,60,0.02750899111218766,0.18452436662700164,0.42956299494602845,0.41569654573568837,29.33705375000136
4,N4SID-Joint,60,0.006701737044585619,0.09980273296800161,0.3159157054785368,0.3057178319738201,29.349366290989565
4,N4SID-Frozen,60,0.007592232295312895,0.04338244859113327,0.20828453757092308,0.20156103718679608,29.361604165984318
5,Random,0,1.0952939179096184,1.863902960002726,1.3652483144112377,1.3211776038658278,0.012265708995983005
5,N4SID-Joint,0,0.7456230981045799,0.36883562433675365,0.6073183879455271,0.5877139302058413,0.025812167004914954
5,N4SID-Frozen,0,0.7456230981045799,0.36883562433675365,0.6073183879455271,0.5877139302058413,0.03885529199033044
5,Random,1,0.989541007352323,2.54820055502019,1.5963084147558046,1.5447790004028972,0.49948083399794996
5,N4SID-Joint,1,22.181788560719493,1.219012376358968,1.104088934986203,1.0684485438891809,0.5117067499959376
5,N4SID-Frozen,1,15.747242099993077,1.0730273529636403,1.0358703359801555,1.002432065990974,0.5239869999932125
5,Random,2,0.8272043597953243,1.728935980092019,1.3148901019066266,1.2724449727176983,0.9853801669960376
5,N4SID-Joint,2,0.5370479129500135,0.21728686009430453,0.46614038668013363,0.4510932060038734,0.998796959000174
5,N4SID-Frozen,2,0.4290336153412372,0.3921887148440136,0.6262497224302886,0.6060341543500815,1.0114988750137854
5,Random,3,0.5041535494585597,1.1345570841747525,1.0651558966530452,1.0307722781481752,1.4689773750142194
5,N4SID-Joint,3,0.2647407164304876,0.2798067254591111,0.5289676034116939,0.5118923374020016,1.4823854170099366
5,N4SID-Frozen,3,0.22108495292589056,0.34061155430436946,0.5836193573763377,0.5647799129352562,1.494645208993461
5,Random,4,0.5079333533428103,0.6378097649678688,0.798629929922407,0.7728498662497485,1.953187542007072
5,N4SID-Joint,4,0.1327572213406454,0.28221286355069464,0.5312371067147839,0.5140885803156836,1.9672744589915965
5,N4SID-Frozen,4,0.16983995036299332,0.4131546773378515,0.6427710924877157,0.6220222085924082,1.9796197499963455
5,Random,5,0.24674925892556393,0.6743334304649854,0.8211780747590534,0.7946701487964785,2.4429475000069942
5,N4SID-Joint,5,0.08901785329865834,0.1668200357341861,0.4084360852498052,0.39525162034379496,2.4553033749980386
5,N4SID-Frozen,5,0.11016757088733943,0.18349992869432963,0.42836891658280907,0.4145410126549341,2.468683292012429
5,Random,6,0.13743442592302893,0.5475591802306624,0.7399724185607612,0.7160858406205118,2.9266606669989415
5,N4SID-Joint,6,0.07025989060632723,0.1624170576620837,0.403009996975365,0.3900006881660242,2.9412532499991357
5,N4SID-Frozen,6,0.08810100014984393,0.24535015459878315,0.49532833009912036,0.4793389520275177,2.954048709012568
5,Random,7,0.09466097984282769,0.44971264421808976,0.6706061766924681,0.6489587661877183,3.4340129169868305
5,N4SID-Joint,7,0.0765742459217351,0.14800026924174953,0.38470803116356894,0.37228951644581537,3.4473834589880425
5,N4SID-Frozen,7,0.07119505636305815,0.16538791925114096,0.4066791355001396,0.39355138556901204,3.4600949590094388
5,Random,8,0.08959951588776952,0.41407433810585886,0.6434860822938278,0.6227141182683671,3.9197110419918317
5,N4SID-Joint,8,0.06142945357430527,0.13763506146935758,0.37099199650310194,0.35901624035679036,3.933089416997973
5,N4SID-Frozen,8,0.06458537068717803,0.19726692592127337,0.44414741462860435,0.42981017506348496,3.945807624986628
5,Random,9,0.06440342471246244,0.25903865822674027,0.5089584052029599,0.4925290433655669,4.405766917014262
5,N4SID-Joint,9,0.05616427373654781,0.156697542055765,0.39585040363218654,0.3830722090915977,4.42001933400752
5,N4SID-Frozen,9,0.06266822641797301,0.13440735091576345,0.36661608109269217,0.35478158108227004,4.432184000004781
5,Random,10,0.05640884970898641,0.22491308878985725,0.4742500277172973,0.45894106488829356,4.894192750012735
5,N4SID-Joint,10,0.046929143511131824,0.09971958601526006,0.3157840813202275,0.30559045669105994,4.907656416995451
5,N4SID-Frozen,10,0.08102996345179588,0.21982972811238446,0.4688600304060738,0.4537250586443624,4.920436874992447
5,Random,11,0.049602970664534306,0.2135571645162436,0.46212245619126063,0.4472049757678391,5.3789109170029406
5,N4SID-Joint,11,0.038544930956392415,0.13600000678967242,0.36878178749725754,0.3568773776989423,5.392362167011015
5,N4SID-Frozen,11,0.06333924632010199,0.1709698674431998,0.4134850268669953,0.4001375802951423,5.404626333998749
5,Random,12,0.04414944357780311,0.1900751967142576,0.4359761423682007,0.4219026744340547,5.861253459006548
5,N4SID-Joint,12,0.03366062831212938,0.18154232668588172,0.4260778411110835,0.4123238939300408,5.874761292012408
5,N4SID-Frozen,12,0.06043859854959486,0.1001144951381532,0.3164087469368589,0.3061949578751206,5.887011167011224
5,Random,13,0.04385992454159279,0.18422348864955168,0.4292126380356847,0.41535749847342873,6.34927862501354
5,N4SID-Joint,13,0.03456352806101943,0.11572268045592646,0.3401803645949108,0.32919921909702415,6.362723416998051
5,N4SID-Frozen,13,0.05703756671015122,0.24912795217071743,0.4991271903740743,0.48301518371555985,6.374948375014355
5,Random,14,0.04116663007596201,0.18988227995438114,0.4357548392782129,0.4216885150880428,6.83506979199592
5,N4SID-Joint,14,0.03266655904892352,0.14433781675497623,0.37991817113027937,0.36765427483091306,6.847281041991664
5,N4SID-Frozen,14,0.05415802515559928,0.10682391732732828,0.32683928363544107,0.3162887930675927,6.859557209012564
5,Random,15,0.043762199473179594,0.2188961319099006,0.4678633688481078,0.4527605696828166,7.32189683400793
5,N4SID-Joint,15,0.030800797299318925,0.10857310802531088,0.32950433688391856,0.3188678174310227,7.334132791991578
5,N4SID-Frozen,15,0.05016670978160784,0.10785534015832846,0.3284133678130786,0.31781206523730865,7.346399709000252
5,Random,16,0.044517550217892575,0.20403186673981488,0.45169886732181974,0.4371178641260647,7.843475458998
5,N4SID-Joint,16,0.03372417499953962,0.20210648206296158,0.44956254521808375,0.4350505032743381,7.855837500013877
5,N4SID-Frozen,16,0.04589535977174072,0.1385063858208059,0.37216446071704096,0.360150857000839,7.868234958994435
5,Random,17,0.044372036134319844,0.20605050994448448,0.45392786865809914,0.43927491249110834,8.3278596670134
5,N4SID-Joint,17,0.07347497915264917,0.28963948107076143,0.538181643193784,0.520808944639474,8.340169542003423
5,N4SID-Frozen,17,0.03888834631548598,0.10812911368960945,0.32882991605024237,0.31821516714636167,8.352393417007988
5,Random,18,0.04324866243174447,0.22682058156012402,0.4762568441084328,0.4608831005187733,8.810320708988002
5,N4SID-Joint,18,0.0744431577875105,0.11906957379164494,0.34506459365116693,0.3339257834686192,8.822590374998981
5,N4SID-Frozen,18,0.03440525155609856,0.1507156465540054,0.38822113099882316,0.3756892121447507,8.834821833996102
5,Random,19,0.04036778043923801,0.19417711295334744,0.44065532216614317,0.4264308086117329,9.29200120898895
5,N4SID-Joint,19,0.03794960933487988,0.11806584259950914,0.34360710498985486,0.3325153430696912,9.304304916993715
5,N4SID-Frozen,19,0.05146523677696179,0.11220483432974435,0.33496990063249615,0.32415695080031437,9.316458042012528
5,Random,20,0.04867010236227518,0.1946947827206476,0.44124231746359915,0.4269988554881781,9.77425166699686
5,N4SID-Joint,20,0.03095731155756415,0.10935585120526387,0.33068996235940373,0.32001517048632333,9.786491959006526
5,N4SID-Frozen,20,0.03533774571741277,0.10265279148152014,0.32039474321767536,0.31005228475091184,9.798618166998494
5,Random,21,0.039230245307053546,0.1777950426955737,0.421657494532676,0.4080462377417338,10.255962791998172
5,N4SID-Joint,21,0.027055392091419057,0.13888644042161769,0.37267471127193175,0.360644636482832,10.269519791996572
5,N4SID-Frozen,21,0.03138598993706143,0.09354272030944984,0.30584754422661276,0.2959746746172126,10.281792249996215
5,Random,22,0.0404110961325406,0.17153682324329686,0.4141700414603848,0.4008004823691124,10.740659542003414
5,N4SID-Joint,22,0.03167213994130716,0.20697315508228367,0.45494302399562486,0.440257298246305,10.75388562498847
5,N4SID-Frozen,22,0.03374024441837433,0.0952319390977249,0.3085967256756379,0.2986351114923768,10.766050459002145
5,Random,23,0.03602567068097612,0.1603157952630015,0.4003945494921247,0.38746966827574547,11.226023291994352
5,N4SID-Joint,23,0.034732147763489304,0.11387836304812737,0.3374586834682542,0.32656539482385244,11.239340083993739
5,N4SID-Frozen,23,0.03937627532621112,0.09377046731600747,0.3062196390109679,0.29633475804702974,11.251666833995841
5,Random,24,0.03391048878147264,0.1815360289865053,0.4260704507314551,0.4123167421145461,11.716295458987588
5,N4SID-Joint,24,0.03028571724158001,0.12457108920709009,0.3529462979081805,0.34155306345478853,11.728608125005849
5,N4SID-Frozen,24,0.030849855846003797,0.0927871779620371,0.3046098783067238,0.29477696100192025,11.740913042012835
5,Random,25,0.03610351608960553,0.19759732807255118,0.4445192100152154,0.43016996876022573,12.201895375008462
5,N4SID-Joint,25,0.024458125873999936,0.1256128556141781,0.35441903957628756,0.3429782644879223,12.214047999994364
5,N4SID-Frozen,25,0.02678966552293505,0.0885557472244318,0.2975831769849092,0.28797708414622947,12.226287708996097
5,Random,26,0.03966101038238176,0.15265984119300194,0.3907170858728883,0.3781045966905992,12.690123334003147
5,N4SID-Joint,26,0.02129474574838625,0.08686407327128419,0.2947271166202462,0.28521321844557196,12.703673209005501
5,N4SID-Frozen,26,0.030475089041823382,0.1003654884521918,0.31680512693482693,0.3065785425830509,12.715838250005618
5,Random,27,0.04103456178277509,0.16508445410452466,0.4063058627493882,0.3931901621979809,13.174650208995445
5,N4SID-Joint,27,0.03153522062453927,0.16728390124734266,0.4090035467417644,0.3958007639730667,13.186995333991945
5,N4SID-Frozen,27,0.040941740882067666,0.09270866803427864,0.3044809813999532,0.2946522249340304,13.19915141700767
5,Random,28,0.03566004927505974,0.19976488749556154,0.4469506544301748,0.432522925267976,13.657477041997481
5,N4SID-Joint,28,0.029792918392099403,0.10193636823795461,0.31927475352422496,0.30896844873080637,13.66975516700768
5,N4SID-Frozen,28,0.029809757014992635,0.08957854375142382,0.29929674864826683,0.28963534109505673,13.681947625009343
5,Random,29,0.035857012068608266,0.1897320421680337,0.4355824171933868,0.4215216588506247,14.152355583995814
5,N4SID-Joint,29,0.01823223974821909,0.09055663612954562,0.3009262968395179,0.2912122868799189,14.165321042004507
5,N4SID-Frozen,29,0.026191790062178665,0.10342716091113749,0.32160093425103337,0.31121953950042136,14.17776429199148
5,Random,30,0.03259969353341382,0.15234091495478624,0.39030874311855507,0.37770943538841617,14.639575709006749
5,N4SID-Joint,30,0.016127437281128344,0.09118792842909398,0.3019733902665829,0.29222557975154567,14.652152249997016
5,N4SID-Frozen,30,0.025033016543244708,0.09447146247419415,0.3073621031848171,0.2974403430631589,14.664320500014583
5,Random,31,0.03061274365993081,0.1667504342637911,0.4083508715109974,0.3951691573353693,15.139414083998417
5,N4SID-Joint,31,0.015474396817920318,0.10247356627835706,0.3201149266722142,0.3097815007849827,15.15173225000035
5,N4SID-Frozen,31,0.024644795004327084,0.09517886272619522,0.30851071736034585,0.2985518795566838,15.163919874990825
5,Random,32,0.027746645881348023,0.1597345510413733,0.3996680510640966,0.38676662148035834,15.625533709011506
5,N4SID-Joint,32,0.014239348932508101,0.08566520225886658,0.29268618392207474,0.28323816779481586,15.64033258400741
5,N4SID-Frozen,32,0.023795100439738124,0.10025661976437208,0.3166332575147028,0.30641222117011774,15.655826125002932
5,Random,33,0.029058189542204,0.15918137836853255,0.3989754107317048,0.38609633982900554,16.158431749994634
5,N4SID-Joint,33,0.014977440722681841,0.10360099577272658,0.32187108564256994,0.31148097030709865,16.17129733398906
5,N4SID-Frozen,33,0.024460695491245174,0.10169049168393791,0.31888946624800557,0.3085955986675451,16.183702209003968
5,Random,34,0.02789746115416682,0.16318266765470082,0.4039587449909964,0.3909188102517525,16.65595858398592
5,N4SID-Joint,34,0.02035364899406174,0.07394959054780788,0.27193673997422246,0.2631585234200899,16.668333750014426
5,N4SID-Frozen,34,0.021226543639487443,0.09834813409819686,0.31360506070246513,0.3034817756488196,16.681723709014477
5,Random,35,0.025478671378376245,0.15961028024342389,0.3995125532989219,0.3866161432394175,17.14615470901481
5,N4SID-Joint,35,0.036396681486104795,0.15026778225649218,0.38764388587528653,0.3751306007030759,17.158517292002216
5,N4SID-Frozen,35,0.02063120593441226,0.09723224056719715,0.31182084690924233,0.3017551569236897,17.170779042004142
5,Random,36,0.02560171461595822,0.1711964947770085,0.4137589815061523,0.400402691579228,17.63024516700534
5,N4SID-Joint,36,0.0377256239305479,0.09250799346736463,0.3041512674104197,0.2943331542316133,17.6425444589986
5,N4SID-Frozen,36,0.020000514677351196,0.0894307078078801,0.29904967448215036,0.2893962425725966,17.654755541996565
5,Random,37,0.027169140640454705,0.16969127255321984,0.41193600541008774,0.3986385618124449,18.112757833994692
5,N4SID-Joint,37,0.03263076714665377,0.09111385839139309,0.30185072203225405,0.29210687129229307,18.125138750008773
5,N4SID-Frozen,37,0.019915689362305346,0.09936727741246461,0.3152257562644027,0.3050501545704519,18.1373968750122
5,Random,38,0.030123593516934034,0.16470782993860278,0.40584212440135237,0.3927413934919431,18.59436933399411
5,N4SID-Joint,38,0.03379590077991602,0.11055109638169938,0.33249225010772715,0.32175927973273066,18.606671833986184
5,N4SID-Frozen,38,0.018857082241447103,0.10158862659339715,0.31872970773587633,0.30844099721810614,18.618961375002982
5,Random,39,0.039512381959336984,0.1725049060086569,0.4153370992442848,0.4019298671046438,19.101205874991138
5,N4SID-Joint,39,0.02457160684216538,0.15061209843092058,0.38808774578814076,0.37556013265702654,19.113574791990686
5,N4SID-Frozen,39,0.020684253815994178,0.10041408714771904,0.3168818188973912,0.3066527589012597,19.12594345898833
5,Random,40,0.03457514861549539,0.15551708196592764,0.39435654168014966,0.38162656954495633,19.58833612498711
5,N4SID-Joint,40,0.035371251581752645,0.08827243725704365,0.29710677753468306,0.2875160630429701,19.600487666990375
5,N4SID-Frozen,40,0.025103863793897747,0.0873705967539099,0.2955851768169539,0.28604358014804937,19.61277979199076
5,Random,41,0.034130163160937234,0.18135384338796823,0.42585659955901617,0.412109794135483,20.075179917010246
5,N4SID-Joint,41,0.020668246671548075,0.09548775206902997,0.3090109254848928,0.2990359407816252,20.087546208989806
5,N4SID-Frozen,41,0.02355021827478872,0.10326184759118326,0.32134381523717437,0.3109707203815455,20.09972770899185
5,Random,42,0.028750759448594534,0.15769455448020583,0.39710773661590354,0.38428895491076764,20.558594250003807
5,N4SID-Joint,42,0.031085796544507972,0.11611843305442357,0.34076154867359015,0.32976164234294164,20.570913584000664
5,N4SID-Frozen,42,0.027141892161767645,0.10186802989916663,0.3191677143746946,0.30886486484382875,20.583031624992145
5,Random,43,0.030200977180213605,0.17493816920164526,0.41825610479901576,0.4047546461018137,21.043015917006414
5,N4SID-Joint,43,0.018711563273026234,0.10168477856834099,0.3188805082916499,0.3085869298772682,21.055243167007575
5,N4SID-Frozen,43,0.020507595992512007,0.11166274733169555,0.334159763184761,0.3233729648830988,21.0673530419881
5,Random,44,0.02879376266617177,0.1758683959590607,0.41936666052401056,0.40582935268538556,21.525522417010507
5,N4SID-Joint,44,0.012365413754749996,0.08622923811287445,0.29364815360031543,0.2841690847430911,21.53776970898616
5,N4SID-Frozen,44,0.018800212436433917,0.11489643644401834,0.33896376863024513,0.32802189529116177,21.54999274999136
5,Random,45,0.028728927521935836,0.17768435830607,0.42152622493276737,0.40791920557210065,22.021097749995533
5,N4SID-Joint,45,0.012727504067694979,0.07516473885651585,0.27416188439773287,0.265311839374907,22.033310291997623
5,N4SID-Frozen,45,0.01959741035726228,0.09305670681192695,0.3050519739518611,0.2952047856393555,22.045624833990587
5,Random,46,0.02329182171712015,0.1678099586605099,0.40964613834443736,0.3964226124858406,22.50346958398586
5,N4SID-Joint,46,0.014787425227481181,0.10595513821991315,0.3255075086997428,0.3150000083096396,22.51564516700455
5,N4SID-Frozen,46,0.013648074707280812,0.08980094664343319,0.29966806076629715,0.2899946671233018,22.527881584013812
5,Random,47,0.025533121876403223,0.2069759037458192,0.45494604487325657,0.44026022160891154,22.984652542014373
5,N4SID-Joint,47,0.01569354754370457,0.1183922420829595,0.34408173750281995,0.33297465427306483,22.996953083988046
5,N4SID-Frozen,47,0.013185057350819158,0.10618417782471903,0.3258591380101516,0.3153402868984289,23.009233916993253
5,Random,48,0.03482085818730581,0.15427022062481915,0.39277247946466304,0.3800936414320705,23.469985375006218
5,N4SID-Joint,48,0.015688336305248064,0.09681163633259667,0.3111456834548676,0.3011017879903955,23.48215737499413
5,N4SID-Frozen,48,0.021721246655303516,0.10579979383303872,0.32526880242814366,0.31476900756302806,23.49442691699369
5,Random,49,0.032253386606456755,0.18179980865548706,0.42637988772394864,0.41261619036873887,23.968500666989712
5,N4SID-Joint,49,0.010841243401401983,0.08069819273526765,0.2840742732724448,0.2749042527431123,23.984701959008817
5,N4SID-Frozen,49,0.02382264411054491,0.10399366904528197,0.32248049405395357,0.31207070679402826,23.998553834011545
5,Random,50,0.025843869787597864,0.15241286879322014,0.3904009077771466,0.37779862493841504,24.48092341699521
5,N4SID-Joint,50,0.01555523444289482,0.11253459687815767,0.33546176664138294,0.3246329391961135,24.493465667008422
5,N4SID-Frozen,50,0.015095653521742528,0.08063557443371498,0.28396403721900243,0.27479757514944,24.50601245899452
5,Random,51,0.02815297072876661,0.17672887339459575,0.4203913336340269,0.40682094897592624,24.972935708996374
5,N4SID-Joint,51,0.017335549848603218,0.07289391770116677,0.26998873624869385,0.2612734019610493,24.985332499985816
5,N4SID-Frozen,51,0.012879292709557035,0.08945979488556739,0.2990983030469538,0.2894433013896984,24.998635708994698
5,Random,52,0.026754980971454203,0.15737384873299262,0.3967037291644643,0.3838979889663295,25.458924750011647
5,N4SID-Joint,52,0.017137950349343258,0.09803281999422925,0.31310193227482525,0.3029948883892278,25.471211208991008
5,N4SID-Frozen,52,0.014608091385672211,0.11735008761355681,0.3425639905383472,0.33150590073084824,25.48339179198956
5,Random,53,0.026471780948086172,0.1711689224595467,0.4137256608666505,0.40037044654204934,25.943994250003016
5,N4SID-Joint,53,0.009830264852157964,0.09057899389765313,0.30096344279273046,0.2912482337482949,25.95621754199965
5,N4SID-Frozen,53,0.015288679519664524,0.10315045907981589,0.3211704517539182,0.3108029531343799,25.9684662919899
5,Random,54,0.026106681205440622,0.1681946686995303,0.41011543338373685,0.3968767585111336,26.426892249990487
5,N4SID-Joint,54,0.014882405724502255,0.1482962993533977,0.3850925854303062,0.37266165716140637,26.439201792003587
5,N4SID-Frozen,54,0.014073915428309153,0.08587292603290732,0.29304082656330893,0.2835813624430191,26.45144233398605
5,Random,55,0.02487577120086001,0.15766902933309326,0.39707559649655283,0.38425785228612164,26.90870141700725
5,N4SID-Joint,55,0.017098204465820867,0.10188561480342619,0.31919526124838726,0.3088915224944518,26.92101270900457
5,N4SID-Frozen,55,0.011394175807861038,0.07760614520434016,0.27857879532430346,0.26958617081546393,26.93318587500835
5,Random,56,0.025047309718164188,0.17594950019856404,0.41946334786076844,0.40592291891985993,27.40927429200383
5,N4SID-Joint,56,0.017349990860941824,0.15078239085789294,0.3883070831930483,0.3757723897709852,27.42155787500087
5,N4SID-Frozen,56,0.011949516807988706,0.09675218448908944,0.3110501317940397,0.30100932077182035,27.43369795900071
5,Random,57,0.02502922034682126,0.1683757937012397,0.41033619594332604,0.39709039477526414,27.896091292001074
5,N4SID-Joint,57,0.015852971162363158,0.07784982026290177,0.27901580647501273,0.27000907508779454,27.90840220899554
5,N4SID-Frozen,57,0.01089607806201734,0.10763755909016026,0.32808163479561037,0.3174910406819106,27.92066629198962
5,Random,58,0.024619029265129003,0.16430501581620444,0.4053455511242284,0.392260849780232,28.383996499993373
5,N4SID-Joint,58,0.015883290354986732,0.1043110080643058,0.3229721475054866,0.3125464894939021,28.396240875008516
5,N4SID-Frozen,58,0.009441738842010666,0.1169282060497779,0.34194766565920276,0.3309094710422446,28.408424958994146
5,Random,59,0.02364689276064945,0.16755971435640632,0.4093405847902286,0.3961269223111369,28.86619908400462
5,N4SID-Joint,59,0.011516889671913378,0.10716318489589863,0.3273578850370014,0.3167906538278973,28.878538708988344
5,N4SID-Frozen,59,0.00997426708793286,0.0817566413678971,0.2859311829232641,0.2767012206772004,28.890757709013997
5,Random,60,0.024169959765212173,0.17745612551330905,0.4212554160047192,0.40765713845442875,29.36076670899638
5,N4SID-Joint,60,0.009975556638690293,0.13103353583485214,0.361985546444678,0.3503005217714447,29.373045167012606
5,N4SID-Frozen,60,0.009035277824582922,0.10566687780807431,0.3250644210123192,0.31457122365340273,29.38532387500163
6,Random,0,1.0005355271433718,2.1393359633628415,1.4626469031734355,1.4154321308719624,0.012243834004038945
6,N4SID-Joint,0,0.7456230981045799,0.36883562433675365,0.6073183879455271,0.5877139302058413,0.025712792004924268
6,N4SID-Frozen,0,0.7456230981045799,0.36883562433675365,0.6073183879455271,0.5877139302058413,0.03787312499480322
6,Random,1,0.9905424209285003,2.0995793283751696,1.4489925218492916,1.4022185179272122,0.49859170900890604
6,N4SID-Joint,1,23.103882495970463,3.1221604356086665,1.7669636203410264,1.7099253940826034,0.512146708992077
6,N4SID-Frozen,1,17.674601355134918,2.9155810023547155,1.7075072481119122,1.6523882951043185,0.5246189589961432
6,Random,2,0.9503472539960067,2.196533126808351,1.4820705539239187,1.4342287791343826,0.9874858749972191
6,N4SID-Joint,2,0.7938753876246377,0.5408723369871252,0.7354402334568902,0.7116999560948891,0.999837709008716
6,N4SID-Frozen,2,0.7217547289098816,1.1967312337940677,1.0939521167738868,1.0586389458437535,1.0121595000091475
6,Random,3,0.7357415052358849,1.187419557342407,1.0896878256374194,1.0545123075711444,1.4733122500183526
6,N4SID-Joint,3,0.3643930872981134,0.6503594576327504,0.8064486701785492,0.7804162147358215,1.4869324169994798
6,N4SID-Frozen,3,0.5691832733734906,0.920752163517753,0.9595583168925967,0.9285834265456703,1.4995613339997362
6,Random,4,0.7659565382671044,0.8923247135854238,0.9446294054206781,0.9141364257483827,1.9605787089967635
6,N4SID-Joint,4,0.19833662220217058,0.23224732726758904,0.48192045740722506,0.466363890326998,1.9740031670080498
6,N4SID-Frozen,4,0.3910670564191194,0.6292918061873144,0.7932791477073593,0.7676718092244715,1.9861832089954987
6,Random,5,0.40603916416254515,0.8381974539029184,0.9155312413582174,0.8859775609710873,2.447660750010982
6,N4SID-Joint,5,0.11709250197840705,0.2358804191259538,0.48567521979812167,0.4699974476266674,2.4611159170162864
6,N4SID-Frozen,5,0.2906036744485829,0.6236684716005917,0.7897268335320712,0.7642341650386154,2.473389249993488
6,Random,6,0.26341808544555334,0.9791852114337042,0.9895378777155042,0.9575952362764442,2.9363477090082597
6,N4SID-Joint,6,0.088968050418516,0.34309567403296304,0.5857436931226516,0.5668356743535238,2.948664750001626
6,N4SID-Frozen,6,0.20714502805362842,0.30644385986329564,0.5535737167381555,0.535704156469601,2.960942083998816
6,Random,7,0.2142637513916445,0.7321397229947343,0.8556516364705523,0.8280308914379081,3.4208928750013
6,N4SID-Joint,7,0.09441089384678449,0.09835382370046741,0.313614131857076,0.30349055398327096,3.43433820901555
6,N4SID-Frozen,7,0.1602607701273022,0.19230375094414676,0.4385245157846329,0.4243687854327189,3.4470797500107437
6,Random,8,0.1781670596350819,0.6631175800718057,0.8143203178552072,0.7880337627716951,3.909329542017076
6,N4SID-Joint,8,0.06144752316386678,0.16767926676908318,0.4094865892420449,0.3962682136863162,3.922868791996734
6,N4SID-Frozen,8,0.12795730886153006,0.23834465577188657,0.48820554664186944,0.472446094602556,3.9350119169976097
6,Random,9,0.11542308937062704,0.517192792922961,0.7191611731197403,0.695946389727222,4.393924625008367
6,N4SID-Joint,9,0.048229971424429134,0.13265383297187047,0.36421673900559604,0.3524596906276013,4.407429959013825
6,N4SID-Frozen,9,0.09710734204862137,0.11836276280002779,0.3440388972195263,0.3329331968896472,4.419633584009716
6,Random,10,0.08422354531739458,0.41024836160365236,0.640506332211987,0.6198305555994448,4.89174820901826
6,N4SID-Joint,10,0.04422685551439577,0.20858985037571826,0.45671637848419483,0.44197340820907316,4.905136625020532
6,N4SID-Frozen,10,0.0635484680110153,0.16553029392899204,0.40685414331058745,0.3937207440638914,4.917386042012367
6,Random,11,0.060306390336920875,0.21305221394308718,0.46157579436435703,0.4466759603828943,5.380769292009063
6,N4SID-Joint,11,0.04132277766976515,0.1173645988861214,0.34258517026590835,0.3315263967691252,5.394182000018191
6,N4SID-Frozen,11,0.07786935216902918,0.20857149590588928,0.45669628409468066,0.4419539624737375,5.406468542001676
6,Random,12,0.04693418671699085,0.1534382015242612,0.3917118858603364,0.37906728417379837,5.8664942090108525
6,N4SID-Joint,12,0.03573838524220211,0.1309497986227285,0.36186986420912215,0.350188573800392,5.87993737499346
6,N4SID-Frozen,12,0.06761950464139016,0.24679087633001323,0.4967805112220217,0.480744256217299,5.89224300000933
6,Random,13,0.04917529586606322,0.20439984323422217,0.45210600884551644,0.43751186297377165,6.440622459020233
6,N4SID-Joint,13,0.03146883823789875,0.11110973631795534,0.3333312711372207,0.3225712168592141,6.452795374993002
6,N4SID-Frozen,13,0.056802529507220416,0.17073737169904998,0.41320378955068887,0.39986542142136583,6.465137167018838
6,Random,14,0.05951530911934565,0.17321453948712473,0.4161905086461304,0.4027557281416033,6.928571500000544
6,N4SID-Joint,14,0.030714042768822804,0.13968628262297234,0.3737462810824642,0.3616816156313943,6.940932541998336
6,N4SID-Frozen,14,0.05191888401989557,0.19558022544957043,0.4422445312828305,0.42796871748198273,6.953065500012599
6,Random,15,0.06376669277702357,0.1540694819133535,0.39251685557865346,0.379846269177775,7.425594792002812
6,N4SID-Joint,15,0.026639316650787025,0.10540812003375404,0.3246661670604962,0.3141858254835273,7.43782391701825
6,N4SID-Frozen,15,0.07203685100654973,0.150471953164371,0.3879071450287698,0.3753853617556429,7.4500899169943295
6,Random,16,0.058956858529505045,0.21920041049189057,0.4681884348121924,0.45307514239973135,7.909231541998452
6,N4SID-Joint,16,0.026765207779800636,0.13857148905272718,0.3722519161169317,0.36023548930871524,7.921469749999233
6,N4SID-Frozen,16,0.07247194717668173,0.14738389299500868,0.38390609918964386,0.3715134711267405,7.933726834016852
6,Random,17,0.04072922531707017,0.16366050106029245,0.40454975103229573,0.3914907384037758,8.391295542009175
6,N4SID-Joint,17,0.028375185656344334,0.07993476261036174,0.28272736445268565,0.27360082262836244,8.403421916998923
6,N4SID-Frozen,17,0.04770697118828908,0.11947435333529563,0.3456506232242257,0.3344928957946008,8.41645541699836
6,Random,18,0.03831627836534331,0.20154685562174984,0.4489397015432583,0.43444776521914136,8.876054958993336
6,N4SID-Joint,18,0.02335686351521065,0.12092281364409382,0.3477395773335181,0.33651441770791723,8.888247833994683
6,N4SID-Frozen,18,0.02849477523186068,0.11755965401871024,0.34286973330801634,0.3318017740130687,8.900489874999039
6,Random,19,0.06774086684908356,0.21286378143257498,0.46137163050254293,0.446478387004557,9.361337500013178
6,N4SID-Joint,19,0.021573458775001327,0.09410683238444306,0.3067683692697848,0.29686577509415574,9.3737305419927
6,N4SID-Frozen,19,0.025431094406297483,0.1526401150841521,0.3906918415889333,0.3780801673012823,9.385878917004447
6,Random,20,0.07645237545147454,0.2000993154897248,0.44732461981174787,0.43288481891145475,9.84874558399315
6,N4SID-Joint,20,0.019832670699550258,0.11630982101319744,0.3410422569318902,0.330033289236896,9.861102041992126
6,N4SID-Frozen,20,0.018104228090562304,0.1031619405768981,0.3211883257170131,0.3108202501194661,9.873404792015208
6,Random,21,0.06344010132967172,0.16166469031264089,0.4020754783776808,0.38909633616747297,10.335598042001948
6,N4SID-Joint,21,0.01816349310084316,0.07839677663333107,0.2799942439289263,0.27095592822597375,10.347998709010426
6,N4SID-Frozen,21,0.020721097732172376,0.0669258509663119,0.2587003111059434,0.25034937127440493,10.361437209008727
6,Random,22,0.07547513664875836,0.20890058709416767,0.4570564375371685,0.4423024900325321,10.821369417011738
6,N4SID-Joint,22,0.0193769230108271,0.09535805587257547,0.3088009972013942,0.2988327890592252,10.833663792000152
6,N4SID-Frozen,22,0.029343145382541676,0.11329667891908932,0.3365957202922956,0.3257302884120719,10.84609229202033
6,Random,23,0.039322817957525034,0.1618396246195338,0.4022929586999178,0.389306796146063,11.306501709012082
6,N4SID-Joint,23,0.020249293952725247,0.08186225214209905,0.2861158019790222,0.27687988016290693,11.318667750019813
6,N4SID-Frozen,23,0.023146938423150142,0.09937896542229707,0.3152442948291009,0.30506809470356067,11.330982792016584
6,Random,24,0.03406897987057023,0.16095484516105904,0.4011917810238129,0.388241164884563,11.793325334001565
6,N4SID-Joint,24,0.01672497943255113,0.1086684970847801,0.32964905139372097,0.319007860503984,11.805506292002974
6,N4SID-Frozen,24,0.021184430431272175,0.15047339300505408,0.3879090009332783,0.37538715775088105,11.817688875016756
6,Random,25,0.04119637809423944,0.16847867494488536,0.4104615389349962,0.3972116916497214,12.302626584016252
6,N4SID-Joint,25,0.01598126643899919,0.07673446079249116,0.2770098568507828,0.2680678782446704,12.31497383399983
6,N4SID-Frozen,25,0.020230312004935434,0.10779965486104526,0.32832857758813083,0.317730012071562,12.328536542016082
6,Random,26,0.03988324184748248,0.17753479187577575,0.4213487769957043,0.4077474857187778,12.791390750004211
6,N4SID-Joint,26,0.01541546073052937,0.08960854467265258,0.29934686347555506,0.2896838381975515,12.803601249994244
6,N4SID-Frozen,26,0.018021058586566413,0.12302731308251295,0.35075249547581694,0.33943007776028133,12.815923375019338
6,Random,27,0.05597158401030699,0.15713939670232374,0.3964081188652974,0.3836119210747901,13.275212875014404
6,N4SID-Joint,27,0.014847212774631672,0.08886336438103937,0.2980995880256116,0.2884768252513186,13.287453833996551
6,N4SID-Frozen,27,0.018707127666757403,0.09845872623998071,0.31378133507265965,0.30365235981843786,13.299865667009726
6,Random,28,0.056992835458621244,0.15454727586969108,0.39312501302981356,0.38043479508593064,13.764627084019594
6,N4SID-Joint,28,0.015789657246286934,0.08243874881810312,0.28712148790730224,0.2778531021848214,13.777028750017053
6,N4SID-Frozen,28,0.017248272422243024,0.09387527432781644,0.3063907216738399,0.29650031809952004,13.789299374999246
6,Random,29,0.059128684499380746,0.15549329525751907,0.3943263816402842,0.38159738308211194,14.275913916993886
6,N4SID-Joint,29,0.014960201069185323,0.04799206235958818,0.21907090715014665,0.21199921884551906,14.288064416992711
6,N4SID-Frozen,29,0.017830341509801798,0.07729963806309005,0.2780281245901034,0.26905327593220363,14.301379750017077
6,Random,30,0.05843795171352147,0.22889198578081218,0.47842657302956343,0.46298278980371776,14.762421042018104
6,N4SID-Joint,30,0.014383768972132269,0.09835307257421741,0.31361293432225884,0.30348939510531187,14.774754334008321
6,N4SID-Frozen,30,0.01481479786019687,0.10707081003364076,0.32721676306943803,0.3166540873286091,14.786909209011355
6,Random,31,0.06256999204130174,0.20310419495499668,0.4506708277168566,0.4361230100122546,15.249392958998214
6,N4SID-Joint,31,0.013951732472095397,0.05327908300182931,0.23082262237880696,0.2233715844461392,15.261810750002041
6,N4SID-Frozen,31,0.017769782384897306,0.09042893909980859,0.3007140487237146,0.291006890210242,15.274146584008122
6,Random,32,0.048485059359535204,0.18016681570117588,0.4244606173735979,0.4107588747611085,15.738683208997827
6,N4SID-Joint,32,0.014392817290098132,0.0911985859777242,0.30199103625393287,0.29224265612002664,15.751122709014453
6,N4SID-Frozen,32,0.016424929231218032,0.09704635412081064,0.3115226382156049,0.30146657451479525,15.76343837499735
6,Random,33,0.06027132640668327,0.1972797415179807,0.44416184158252575,0.4298241363101034,16.290482834010618
6,N4SID-Joint,33,0.015022661603737499,0.03967478451980883,0.1991853019673109,0.19275552820729933,16.303528499993263
6,N4SID-Frozen,33,0.02062080120554388,0.08173858066940817,0.2858995989318771,0.27667065622850584,16.316602875012904
6,Random,34,0.04211540878015819,0.23848309122473973,0.48834730594602416,0.4725832778649793,16.781286542012822
6,N4SID-Joint,34,0.021292558406581282,0.11073916637606832,0.3327749485404037,0.32203285255751113,16.793646083999192
6,N4SID-Frozen,34,0.05616330700268049,0.12801379210500805,0.35779015093348787,0.3462405551483517,16.80592825001804
6,Random,35,0.054998988163512584,0.16407037799175153,0.40505601833789795,0.3919806632172113,17.29015874999459
6,N4SID-Joint,35,0.01870348339837036,0.05504530643883733,0.23461736175917872,0.22704382826357025,17.30244179200963
6,N4SID-Frozen,35,0.038919386797756556,0.05396161733010357,0.23229639973556104,0.224797787735515,17.315544667013455
6,Random,36,0.05365249276451208,0.18427234012058985,0.42926954250283106,0.4154125660437455,17.781556709000142
6,N4SID-Joint,36,0.010818933496085925,0.09256274696242806,0.30424126439789206,0.29442024608370265,17.794014417013386
6,N4SID-Frozen,36,0.028876495454439575,0.13257117515559672,0.36410324793332555,0.35234986308828864,17.806296958995517
6,Random,37,0.03356474706123477,0.14183089459881612,0.37660442721616555,0.36444749977170937,18.28255391700077
6,N4SID-Joint,37,0.008654758440825458,0.11372167531848489,0.3372264451647956,0.32634065325702505,18.296077417006018
6,N4SID-Frozen,37,0.02301796954658485,0.2109631256181189,0.4593072235640529,0.44448061987047016,18.308234166994225
6,Random,38,0.027838030582733105,0.16072003584053765,0.40089903447194486,0.3879578682975214,18.77914504200453
6,N4SID-Joint,38,0.009329721460932631,0.10863885374721255,0.3296040863630373,0.31896434696079234,18.79138216699357
6,N4SID-Frozen,38,0.01978369578186339,0.11489180870426208,0.3389569422570691,0.3280152892757867,18.803565917012747
6,Random,39,0.030375949463677623,0.1914377360762162,0.4375359826073922,0.42341216246482166,19.260450000001583
6,N4SID-Joint,39,0.015882902975300914,0.0822780637944333,0.2868415308047865,0.2775821821990704,19.272675292013446
6,N4SID-Frozen,39,0.013694636250600037,0.11953583327791463,0.3457395454354544,0.33457894756461326,19.28731375001371
6,Random,40,0.03183613705555174,0.14218360961154553,0.37707241958481336,0.36490038517703155,19.752462584001478
6,N4SID-Joint,40,0.013942010402886429,0.110301098595011,0.33211609204465087,0.3213952641883026,19.76462800000445
6,N4SID-Frozen,40,0.016252367814624028,0.1426059740479601,0.37763206173199876,0.3654419618728135,19.776784959016368
6,Random,41,0.026910729458066045,0.17794698824691693,0.42183763256366413,0.40822056085177455,20.253301624994492
6,N4SID-Joint,41,0.014012992575497282,0.10007889300577133,0.31635248221844464,0.30614050940221493,20.265575625002384
6,N4SID-Frozen,41,0.02332823362382563,0.10267139402705291,0.32042377256853605,0.3100803770238025,20.277834625012474
6,Random,42,0.032558369639612915,0.12927517739948155,0.3595485744645382,0.34794221613032206,20.74351016699802
6,N4SID-Joint,42,0.013350008425771142,0.08471166101460358,0.2910526773877945,0.2816573914436726,20.75691266701324
6,N4SID-Frozen,42,0.014939653009322974,0.1061608285401399,0.32582330877354354,0.3153056142425681,20.769055459008086
6,Random,43,0.029701669238601545,0.1692981228891211,0.41145853119010806,0.39817650063338933,21.216396542004077
6,N4SID-Joint,43,0.01459560826726641,0.05806126084722043,0.2409590439207884,0.23318079862589397,21.22859775001416
6,N4SID-Frozen,43,0.017600410653576114,0.07358471402222624,0.27126502543126757,0.2625084920661045,21.240732334001223
6,Random,44,0.027818770777263375,0.16020646938325311,0.4002580035217948,0.3873375300588411,21.687705167016247
6,N4SID-Joint,44,0.013501739325238321,0.09487260233861686,0.3080139645188459,0.29807116207699985,21.699924167012796
6,N4SID-Frozen,44,0.012686627048899658,0.09758513009979934,0.31238618743439883,0.302302248051736,21.71210670901928
6,Random,45,0.028222486078330247,0.1454966845025602,0.3814402764556467,0.3691272460445545,22.1601078340027
6,N4SID-Joint,45,0.010415112536150775,0.06996140905094363,0.264502191013503,0.25596396439513885,22.172272916999646
6,N4SID-Frozen,45,0.014366137537539148,0.07735625208490249,0.27812991943496923,0.26915178480257257,22.184416584001156
6,Random,46,0.02813441942846292,0.15542010196691014,0.3942335627098613,0.38150756038041356,22.629275959014194
6,N4SID-Joint,46,0.010885321769009717,0.07518852207778803,0.2742052553795934,0.26535381032574934,22.641426250018412
6,N4SID-Frozen,46,0.011359119808216226,0.08778314620528677,0.2962822070345885,0.28671810997755787,22.65354858399951
6,Random,47,0.026876243047837138,0.14905829051914618,0.38608067876953667,0.37361785448942375,23.140831708995393
6,N4SID-Joint,47,0.009725759878519064,0.06579588405962754,0.2565070838390775,0.24822694217884464,23.16087458402035
6,N4SID-Frozen,47,0.01553540431410018,0.08155049301951332,0.2855704694458328,0.2763521511615934,23.186123167019105
6,Random,48,0.0274190057690651,0.14351836284235486,0.37883817500663114,0.3666091413736773,23.994450416998006
6,N4SID-Joint,48,0.008903524553491457,0.0857857540617745,0.2928920518924583,0.2834373902724802,24.009982499992475
6,N4SID-Frozen,48,0.011801517081449029,0.09716906846449337,0.31171953494205873,0.30165711534353634,24.022282292018645
6,Random,49,0.02686568246991512,0.15720310101860116,0.39648846265509563,0.3836896713379258,24.529526083992096
6,N4SID-Joint,49,0.008498006225903468,0.05171636886066378,0.22741233225281293,0.22007137972177657,24.54300737500307
6,N4SID-Frozen,49,0.008703597083870855,0.08117570039523901,0.2849134963374656,0.2757163853833429,24.556508750014473
6,Random,50,0.02810448273004134,0.1613249371364663,0.4016527569138127,0.38868726030571166,25.04554725001799
6,N4SID-Joint,50,0.008300488108214528,0.06859751619115963,0.2619112754181454,0.2534566844945082,25.05778170900885
6,N4SID-Frozen,50,0.0073501779687512765,0.1127275558815574,0.3357492455413078,0.3249111381729264,25.06997179199243
6,Random,51,0.026706429627291337,0.122818332518753,0.350454465685277,0.33914166847942756,25.73497845901875
6,N4SID-Joint,51,0.008830227280048654,0.0488039034306466,0.22091605516722093,0.21378480481566345,25.74852154200198
6,N4SID-Frozen,51,0.008026202590284866,0.09264364443896032,0.30437418490890505,0.2945488758724312,25.760760459001176
6,Random,52,0.02574561181178051,0.16506727336462484,0.40628471958052376,0.39316970153827263,26.213375042018015
6,N4SID-Joint,52,0.007729823653333163,0.10132597381411931,0.31831741047909917,0.30804200906625173,26.22561004201998
6,N4SID-Frozen,52,0.006501235106686006,0.0973035749871899,0.31193520959838744,0.30186582794376826,26.2377324590052
6,Random,53,0.024774817986957052,0.14144423862173966,0.3760907319008801,0.36395038672743607,26.698416041996097
6,N4SID-Joint,53,0.00801967046576258,0.06555624258626531,0.2560395332488038,0.24777448429113044,26.71121808400494
6,N4SID-Frozen,53,0.006252529917842301,0.09888018633786869,0.3144522004023325,0.30430156937205377,26.723363917000825
6,Random,54,0.025211242600369388,0.13127098136486448,0.36231337453213686,0.3506177674493898,27.18181116701453
6,N4SID-Joint,54,0.007917007282800355,0.08603883147550728,0.29332376561660883,0.28385516812110195,27.194043458992383
6,N4SID-Frozen,54,0.006880962759757729,0.08709403789201053,0.29511699017848925,0.28559050674401043,27.20620549999876
6,Random,55,0.025994042378027278,0.14113842042087235,0.37568393686831003,0.3635567231859966,27.65557616701699
6,N4SID-Joint,55,0.0075909413828722,0.05249092566926057,0.22910898207896732,0.2217132610764404,27.667722750018584
6,N4SID-Frozen,55,0.00976919831021012,0.10237138975690675,0.3199552933722253,0.3096270205057908,27.679834084003232
6,Random,56,0.02323862517143939,0.13742715073571618,0.3707116814125449,0.35874497393898175,28.143942958995467
6,N4SID-Joint,56,0.007918148633033337,0.07246381122466015,0.26919103109996095,0.26050144702371697,28.156184791994747
6,N4SID-Frozen,56,0.008427971065433392,0.06904761529200937,0.26276912925990636,0.2542868465032514,28.168385958997533
6,Random,57,0.02339855181382413,0.14268192085813294,0.37773260497094097,0.3655392595395518,28.64571583401994
6,N4SID-Joint,57,0.008102153837094112,0.06289823642875662,0.2507952081455238,0.2426994479034585,28.65797987501719
6,N4SID-Frozen,57,0.008264377244691673,0.10706289746436057,0.3272046721310082,0.3166423866900552,28.670127542020055
6,Random,58,0.023703214141040346,0.13140299745273742,0.3624955137001525,0.3507940270990293,29.1363624590158
6,N4SID-Joint,58,0.0072219320279203305,0.11463068217530645,0.33857153184416794,0.3276423200507404,29.148600167012773
6,N4SID-Frozen,58,0.008575849606305424,0.07049308190266095,0.2655053330964577,0.2569347246879773,29.160683666996192
6,Random,59,0.022076798502801784,0.12957381563117074,0.3599636309839797,0.34834387447484166,29.664855709008407
6,N4SID-Joint,59,0.00783850868835499,0.061076414510057624,0.24713642894170343,0.2391587754187888,29.67693266700371
6,N4SID-Frozen,59,0.007833216876495795,0.12710654391164736,0.35652004699826817,0.34501145062862354,29.689202542009298
6,Random,60,0.02226651680189263,0.1305682867421647,0.36134234009061916,0.3496780783516825,30.161491709004622
6,N4SID-Joint,60,0.007043012022076082,0.09869347861242476,0.31415518237397383,0.30401413919333126,30.17372183399857
6,N4SID-Frozen,60,0.008597115182137167,0.07963787518526833,0.28220183412810823,0.2730922566131878,30.185911167005543
7,Random,0,1.0801197690658109,1.7569348652447683,1.3254941966092377,1.2827067633989078,0.014350166980875656
7,N4SID-Joint,0,0.7456230981045799,0.36883562433675365,0.6073183879455271,0.5877139302058413,0.030529833980835974
7,N4SID-Frozen,0,0.7456230981045799,0.36883562433675365,0.6073183879455271,0.5877139302058413,0.05251700000371784
7,Random,1,1.0320797228891938,2.3199432343289357,1.523135986814354,1.4739686049632799,0.5993059999891557
7,N4SID-Joint,1,1.912424752873495,0.9869754380063698,0.9934663748745449,0.9613969201229563,0.6114879999950062
7,N4SID-Frozen,1,1.790145126688896,0.7983512805686803,0.8935050534656647,0.8646623864090657,0.6236705420014914
7,Random,2,0.9834955281389695,2.1700416127916333,1.4731061104997267,1.4255537111938867,1.0824882089800667
7,N4SID-Joint,2,0.5779361957362659,0.2564830965712041,0.5064416023306183,0.49009348380238454,1.0947707089944743
7,N4SID-Frozen,2,0.4684006585301373,0.5974675692923688,0.7729602637214728,0.748008826180044,1.108340374979889
7,Random,3,0.9505376779403377,2.0971712074980786,1.4481613195697773,1.4014141471586241,1.5610605840047356
7,N4SID-Joint,3,0.38363839133757005,0.4239354478931652,0.6511032544022224,0.6300854052995782,1.5732562500052154
7,N4SID-Frozen,3,0.2203851947861706,0.5624909896421821,0.7499939930707327,0.7257839150720864,1.5854683340003248
7,Random,4,0.8597536733656699,2.0028587019412334,1.4152239052323958,1.3695399644971615,2.0364830839971546
7,N4SID-Joint,4,0.20741009837215552,0.2785925437493529,0.5278186655939262,0.5107804877135266,2.0486833750037476
7,N4SID-Frozen,4,0.16418742034259745,0.550571229570038,0.7420048716619305,0.7180526853987311,2.060857208998641
7,Random,5,0.5363724069305291,1.0909237100261509,1.0444729340802235,1.0107569691055915,2.5144074999843724
7,N4SID-Joint,5,0.12174040428720154,0.17517305570110114,0.4185368032815049,0.40502628353552383,2.5275348750001285
7,N4SID-Frozen,5,0.18604309656807447,0.5130677902610812,0.7162875053085047,0.6931654849547508,2.5397904590063263
7,Random,6,0.5231763241675109,1.0611664190856702,1.0301293215347627,0.996876373573222,2.994302874983987
7,N4SID-Joint,6,0.10343949526356987,0.22770058948874594,0.47717982929787167,0.4617762914116787,3.00765237500309
7,N4SID-Frozen,6,0.14680839396933174,0.20572396004480437,0.4535680324326268,0.438926691909449,3.0202244999818504
7,Random,7,0.45759090449743495,0.9406561997235675,0.9698743216126343,0.9385664268933875,3.474698999983957
7,N4SID-Joint,7,0.07900386951255534,0.22332281101756285,0.4725704296901816,0.4573156848944135,3.4880790839961264
7,N4SID-Frozen,7,0.11763875002109815,0.2394907904013094,0.4893779627254474,0.4735806646699091,3.5002964589803014
7,Random,8,0.40363649121524553,1.1703281685080023,1.0818170679500312,1.0468956207953644,3.956731583981309
7,N4SID-Joint,8,0.10152391845381604,0.19452347545933574,0.4410481554879645,0.4268109611315083,3.9690202089841478
7,N4SID-Frozen,8,0.09095941342780924,0.3712960207546383,0.6093406442661102,0.5896709073592487,3.981207999982871
7,Random,9,0.4108717375352553,1.4853896153536565,1.218765611327156,1.179423415543042,4.433376750006573
7,N4SID-Joint,9,0.05934871074072298,0.31604985314362616,0.5621831135347505,0.544035638816357,4.445627666980727
7,N4SID-Frozen,9,0.09111274381059552,0.28987249508891616,0.5383980823599914,0.5210183970709285,4.457836374989711
7,Random,10,0.33502763124845003,1.1343183858431876,1.0650438422164543,1.0306638408694215,4.91534308399423
7,N4SID-Joint,10,0.059895690616349424,0.21592882348048284,0.464681421492707,0.4496813367416292,4.927609749982366
7,N4SID-Frozen,10,0.0788115315187807,0.19698376098036824,0.44382852655092847,0.42950158080856593,4.939828375005163
7,Random,11,0.3696679150420063,1.0606360225182851,1.0298718476190545,0.9966272110088573,5.393146249989513
7,N4SID-Joint,11,0.0632489780932641,0.15431158387018937,0.39282513141369835,0.3801445937571025,5.405444083997281
7,N4SID-Frozen,11,0.06803911319540704,0.21982350670481957,0.46885339574841467,0.45371863815585783,5.418767249997472
7,Random,12,0.33466401200486917,1.0811670024946272,1.039791807283856,1.0062269507793034,5.873237416992197
7,N4SID-Joint,12,0.04426778321199284,0.19792047151581327,0.4448825367620236,0.4305215671879267,5.885569499980193
7,N4SID-Frozen,12,0.06404937847786175,0.24341918602643892,0.493375299367975,0.4774489658364241,5.897791041992605
7,Random,13,0.2522705627059197,1.0394710495653894,1.0195445304474884,0.9866332633796481,6.351789999986067
7,N4SID-Joint,13,0.040543794603549205,0.13841191230211772,0.37203751464350704,0.36002800879258173,6.364055666985223
7,N4SID-Frozen,13,0.06265980140201054,0.1941525200219912,0.4406274163303859,0.4264038035864708,6.377877624996472
7,Random,14,0.179593664122973,0.6664148745546586,0.8163423758170701,0.7899905479694735,6.830939292005496
7,N4SID-Joint,14,0.038327611081720704,0.1197127579900953,0.34599531498286984,0.33482646077831163,6.84424754200154
7,N4SID-Frozen,14,0.056441370542449534,0.16170473382667655,0.4021252713106658,0.3891445217665293,6.856827374984277
7,Random,15,0.12090042492331661,0.23985005742291687,0.4897448901447741,0.4739357475391143,7.308640125003876
7,N4SID-Joint,15,0.034134948215150535,0.12857520048373106,0.3585738424421545,0.3469989488109996,7.32184883399168
7,N4SID-Frozen,15,0.04704621774249243,0.14623516285660035,0.38240706433929844,0.37006282566482335,7.334033416991588
7,Random,16,0.18051431874323162,0.27698666481331397,0.5262952259077731,0.5093062252127493,7.787342458992498
7,N4SID-Joint,16,0.030495616298598503,0.15944284784611792,0.3993029524635623,0.3864133083950119,7.799563834007131
7,N4SID-Frozen,16,0.03768677290352091,0.15041854167487853,0.3878382932033382,0.37531873249209774,7.811787999991793
7,Random,17,0.13192278117740244,0.2867569393418188,0.5354969088069685,0.5182108744519868,8.26276099999086
7,N4SID-Joint,17,0.034255878866397645,0.1515092258847703,0.389241860396297,0.37667699202721955,8.275080208986765
7,N4SID-Frozen,17,0.03492514088845493,0.1352443311330483,0.36775580367010974,0.3558845130016943,8.287266291998094
7,Random,18,0.08151175562051133,0.21835266365898928,0.4672822098678584,0.4521981707251426,8.745087208983023
7,N4SID-Joint,18,0.037395595856047494,0.12212581667111347,0.34946504356103125,0.3381841852600569,8.75842937498237
7,N4SID-Frozen,18,0.04365999486423479,0.23625967846918797,0.48606550841341123,0.47037513758396043,8.770608583989087
7,Random,19,0.1282226831290019,0.21277090886131447,0.4612709711886436,0.4463809770098033,9.221028458996443
7,N4SID-Joint,19,0.030702933003971263,0.16163983649399274,0.4020445702829386,0.38906642579723444,9.234336916997563
7,N4SID-Frozen,19,0.03920872014368161,0.13373649033983817,0.36570000046464063,0.35389507186900726,9.246514250000473
7,Random,20,0.19122442482822116,0.3602581560500025,0.6002150914880452,0.5808399307332314,9.696112624980742
7,N4SID-Joint,20,0.03600068876902268,0.125510521760772,0.3542746417128553,0.3428385278398715,9.70834924999508
7,N4SID-Frozen,20,0.03801250486867684,0.1544493518975656,0.39300044770657144,0.3803142507764826,9.720486624981277
7,Random,21,0.08769165192058401,0.2651288648096252,0.5149066564044644,0.49828528286181184,10.175001750001684
7,N4SID-Joint,21,0.03482828876332958,0.1418150225514747,0.3765833540552141,0.36442710686003327,10.187163458991563
7,N4SID-Frozen,21,0.03291833298719342,0.12342550707455316,0.35131966508374274,0.33997893892764197,10.199322542001028
7,Random,22,0.1027613753036137,0.2415944810289225,0.4915226149720097,0.4756560867644316,10.6513318750076
7,N4SID-Joint,22,0.025927294268599348,0.15075292985228586,0.38826914615030367,0.37573567734973407,10.663599874998908
7,N4SID-Frozen,22,0.02710372349873443,0.15134289615720084,0.3890281431428848,0.3764701736442284,10.675788416992873
7,Random,23,0.06785682193837053,0.2558671825336259,0.5058331568151953,0.48950467912878476,11.12553674998344
7,N4SID-Joint,23,0.028321599239708384,0.1594096355815914,0.39926136249528504,0.38637306096598867,11.13776420900831
7,N4SID-Frozen,23,0.030294302456114013,0.16076492120350885,0.40095501144580903,0.38801203831437536,11.149965333985165
7,Random,24,0.06094987153315996,0.2490822624178785,0.4990814186261381,0.48297088949624106,11.60444720898522
7,N4SID-Joint,24,0.02715902300507502,0.12260942991900799,0.3501562935590448,0.33885312145752927,11.616681708983378
7,N4SID-Frozen,24,0.02522829095965269,0.19340125365539979,0.4397740938884415,0.42557802670231537,11.628891875006957
7,Random,25,0.05504640881205564,0.22476220072492034,0.47409092031478556,0.4587870935304176,12.080330124998
7,N4SID-Joint,25,0.021349593554656765,0.12902239307658822,0.3591968723090281,0.34760186704789764,12.092494583979715
7,N4SID-Frozen,25,0.027892661470213798,0.1597641806789929,0.39970511715387497,0.38680249106332076,12.104767374985386
7,Random,26,0.04769080665975754,0.15361912818739692,0.39194276136624456,0.37929070693467437,12.55517508398043
7,N4SID-Joint,26,0.021152538359781144,0.15030538062865473,0.3876923788632615,0.3751775283198185,12.568695541995112
7,N4SID-Frozen,26,0.031202033280570834,0.15610127833792808,0.3950965430599565,0.3823426834119434,12.580936416983604
7,Random,27,0.09266806484841926,0.1786701131694927,0.42269387642772005,0.40904916485347664,13.031935083999997
7,N4SID-Joint,27,0.02128050821300179,0.14965002740720948,0.38684625810159967,0.3743587206430951,13.044172624999192
7,N4SID-Frozen,27,0.027256871731012693,0.15058290459619084,0.38805013155028156,0.37552373262040206,13.056336209003348
7,Random,28,0.2002359687884355,0.324220729222368,0.5694038366768949,0.5510232743976767,13.507094959000824
7,N4SID-Joint,28,0.030087879271506784,0.14945252716009536,0.386590904135231,0.3741116095953367,13.519383374979952
7,N4SID-Frozen,28,0.02569737754698829,0.13910951756106696,0.3729738832157916,0.3609341510478825,13.531570458988426
7,Random,29,0.1661237955151658,0.39060656377711406,0.6249852508476612,0.6048105003685619,13.9849846669822
7,N4SID-Joint,29,0.03165910552366646,0.17277016408786294,0.41565630524252,0.40223876901753125,13.997200209007133
7,N4SID-Frozen,29,0.022539660123496272,0.16055007284958914,0.40068700109884914,0.3877526794385796,14.009356833994389
7,Random,30,0.14071951656059134,0.4793202722388284,0.6923295979797688,0.6699809475602703,14.459532916982425
7,N4SID-Joint,30,0.030134997057606347,0.12179407835293946,0.3489900834593147,0.33772455704261545,14.471803333988646
7,N4SID-Frozen,30,0.024481308904955687,0.16534127391377268,0.40662178238969526,0.39349588383776557,14.484027208993211
7,Random,31,0.12995860237540105,0.3338493627493132,0.577796990948649,0.5591454946066902,14.934633791999659
7,N4SID-Joint,31,0.02160590136207161,0.10841261690247099,0.3292607126616703,0.31863205748699197,14.946833291993244
7,N4SID-Frozen,31,0.02382902756239081,0.13585711514122045,0.3685880018953689,0.35668984756653754,14.960205624985974
7,Random,32,0.10702148596095781,0.2744277641303945,0.5238585344636417,0.506948191051831,15.411850292002782
7,N4SID-Joint,32,0.01815221815096835,0.16791368607062257,0.4097727248983546,0.3965451127799048,15.424031709000701
7,N4SID-Frozen,32,0.018857984920515887,0.14811685749040016,0.3848595295564346,0.37243612441563523,15.436186624981929
7,Random,33,0.050694087896903155,0.21209802366679315,0.4605410119270521,0.44567458109781494,15.88705058398773
7,N4SID-Joint,33,0.021140987126206802,0.10867453135610028,0.3296582038355792,0.3190167175017009,15.899291584006278
7,N4SID-Frozen,33,0.017914489010440474,0.1705034806698785,0.4129206711583697,0.39959144219339227,15.911460167000769
7,Random,34,0.05787055989893085,0.2093686317795585,0.45756817172915176,0.4427977052592743,16.364014583989047
7,N4SID-Joint,34,0.018924245463512315,0.12404144461052904,0.35219517970938935,0.34082619162376426,16.376209292007843
7,N4SID-Frozen,34,0.01604042946142523,0.15968902655329925,0.39961109413190626,0.38671150313858826,16.38840737499413
7,Random,35,0.07699226146636605,0.19791590695377836,0.4448774066569108,0.4305166026844668,16.83923241699813
7,N4SID-Joint,35,0.015284315413048082,0.13094104757626013,0.361857772579587,0.3501768724930419,16.851451958995312
7,N4SID-Frozen,35,0.014973344914063647,0.14784976935105004,0.3845123786707653,0.3721001796864112,16.86365625000326
7,Random,36,0.04068581919510081,0.2289639200404655,0.4785017450756742,0.4630555352689273,17.3136987919861
7,N4SID-Joint,36,0.013917437138205025,0.11684551861224048,0.3418267377082145,0.33079244668935537,17.32591820898233
7,N4SID-Frozen,36,0.013723366984270942,0.16023244676568202,0.40029045300341853,0.3873689320594338,17.338035499997204
7,Random,37,0.043631736282404826,0.18791294179463516,0.43348926375936364,0.41949607316830223,17.788235084008193
7,N4SID-Joint,37,0.013411190277838929,0.1160535703764821,0.3406663622614979,0.3296695285827405,17.80048591698869
7,N4SID-Frozen,37,0.01345505228085467,0.15348757726004647,0.3917749063684994,0.37912827035711044,17.81275516698952
7,Random,38,0.043098115896064895,0.20720015558755034,0.45519243797272196,0.440498661049799,18.262246458994923
7,N4SID-Joint,38,0.01241760479183148,0.13799691640621267,0.37147936201922804,0.3594878735373667,18.27447362500243
7,N4SID-Frozen,38,0.012736733195943671,0.16038325610558807,0.40047878358982775,0.3875511832662365,18.28665316698607
7,Random,39,0.039935262622569336,0.1606656560819882,0.4008312064722359,0.38789222981023336,18.73546612498467
7,N4SID-Joint,39,0.01169593642316715,0.10553415104291179,0.32486020230694895,0.31437359720187913,18.747728124988498
7,N4SID-Frozen,39,0.012352701018005532,0.1529571576194646,0.3910973761347225,0.37847261104491126,18.76061154200579
7,Random,40,0.040236043056637416,0.18682853386303083,0.43223666418182394,0.41828390795924214,19.21054195900797
7,N4SID-Joint,40,0.011101016757581968,0.13041666602446558,0.36113247711119195,0.34947498982531483,19.222826166980667
7,N4SID-Frozen,40,0.011573777738792737,0.16593875782616324,0.40735581231420187,0.39420621901019437,19.23504891700577
7,Random,41,0.03509806823747226,0.18476465633686526,0.42984259483776766,0.4159671200415563,19.685925249999855
7,N4SID-Joint,41,0.010758657769489277,0.11758638026455641,0.34290870543711255,0.33183948810770875,19.69819258400821
7,N4SID-Frozen,41,0.011267913418373472,0.14874152793561748,0.3856702321097877,0.3732206571966545,19.710364750004373
7,Random,42,0.03489549128714201,0.16194996185477728,0.4024300707635766,0.3894394821825984,20.163716916984413
7,N4SID-Joint,42,0.010474187947944684,0.12967243528729802,0.3601005905122873,0.3484764128999223,20.175931834004587
7,N4SID-Frozen,42,0.011766008474196357,0.1434112728908649,0.37869680866210753,0.36647233838600574,20.188326333998702
7,Random,43,0.03562025774146568,0.19378400343332514,0.4402090451516474,0.425998937581058,20.639027500001248
7,N4SID-Joint,43,0.01004918889028506,0.11338207952557897,0.3367225557125316,0.3258530295389599,20.651246833993355
7,N4SID-Frozen,43,0.01221933083958222,0.15041103367234904,0.3878286137875196,0.375309365531331,20.663429125008406
7,Random,44,0.033579171409490606,0.15952024124896752,0.39939985133818906,0.38650707933883605,21.114553958992474
7,N4SID-Joint,44,0.009483605702657435,0.11940990144112353,0.3455573779289389,0.334402660491251,21.126738166989526
7,N4SID-Frozen,44,0.012109130239728285,0.14697405692409515,0.3833719563610452,0.3709965706222968,21.13890991700464
7,Random,45,0.030810602508773998,0.1900313698950534,0.4359258766063944,0.42185403126926285,21.593083208979806
7,N4SID-Joint,45,0.009357336958322932,0.10841544773230904,0.3292650114001016,0.3186362174605883,21.605322208983125
7,N4SID-Frozen,45,0.010408593861228086,0.14612475398989763,0.38226267668959996,0.3699230989008033,21.617718749999767
7,Random,46,0.03131603927771408,0.16869610128636056,0.41072630946453936,0.3974679152905812,22.098728749988368
7,N4SID-Joint,46,0.008865004966299932,0.1253623654739357,0.35406548190120946,0.3426361197827743,22.11090229198453
7,N4SID-Frozen,46,0.00953151655037007,0.1511179986037708,0.388738985186424,0.37619034981143334,22.123119291994954
7,Random,47,0.030304765631325184,0.183163800601457,0.4279764019212473,0.4141611685089496,22.61923941699206
7,N4SID-Joint,47,0.008752499830264581,0.10715531784396048,0.3273458688359462,0.3167790255141684,22.67761404198245
7,N4SID-Frozen,47,0.009096947900971122,0.15634903111025875,0.39540995322609007,0.3826459765842906,22.703077541984385
7,Random,48,0.028895379034071317,0.17647719906008139,0.4200918935900589,0.4065311749651363,23.188489583990304
7,N4SID-Joint,48,0.009334858840371208,0.12687445665379365,0.3561944085100069,0.3446963238688201,23.200718749983935
7,N4SID-Frozen,48,0.009018641439878622,0.15869098077443858,0.39836036546629305,0.38550114844773936,23.21295029198518
7,Random,49,0.027521447851792922,0.1826446852338098,0.4273694949733893,0.41357385273739605,23.79283012499218
7,N4SID-Joint,49,0.008802811771799682,0.09147783544187739,0.3024530301416691,0.29268973667757575,23.805032874981407
7,N4SID-Frozen,49,0.008814506573046112,0.14205022741938114,0.37689551260181003,0.36472918881557537,23.81849095900543
7,Random,50,0.02831100633278258,0.18327477583117158,0.4281060333973017,0.4142866154339604,24.26940116699552
7,N4SID-Joint,50,0.008977597790035072,0.10187146053217139,0.3191730886716037,0.3088700656564852,24.281678792001912
7,N4SID-Frozen,50,0.00831663702764967,0.14343243027454636,0.3787247420945011,0.3664993701170747,24.293867166998098
7,Random,51,0.02711151647626919,0.18178161772658083,0.42635855535755446,0.4125955466188657,24.743504958983976
7,N4SID-Joint,51,0.010916484685042116,0.14249319323043147,0.37748270586933047,0.3652974272715396,24.75573937498848
7,N4SID-Frozen,51,0.008711702264176155,0.14180741493540436,0.3765732530802,0.3644173319481546,24.76789358400856
7,Random,52,0.027083525562345424,0.19365036736834107,0.4400572319236909,0.4258520249391382,25.220322042005137
7,N4SID-Joint,52,0.009650841159192179,0.11753706954946193,0.3428367972512022,0.3317699011441091,25.23258904198883
7,N4SID-Frozen,52,0.00804033368361141,0.14471048642476023,0.3804083153990725,0.368128597065013,25.2448226249835
7,Random,53,0.026803942002452955,0.18499544980593208,0.4301109738264441,0.41622683565918034,25.693897833989467
7,N4SID-Joint,53,0.00822300286916425,0.10578217727239227,0.3252417212972411,0.31474280062084903,25.706102249998366
7,N4SID-Frozen,53,0.007501278999882703,0.15164664985694024,0.38941834812568893,0.376847782668723,25.718316916987533
7,Random,54,0.02733467361952157,0.19201288367525712,0.4381927471732698,0.42404772643240973,26.167373584001325
7,N4SID-Joint,54,0.011359597016776475,0.09225136378432224,0.30372909604501547,0.29392461071093806,26.179603083990514
7,N4SID-Frozen,54,0.0070788609209183765,0.15824533207313543,0.3978006184926507,0.38495947030933647,26.19171929199365
7,Random,55,0.026834391582061044,0.19420359556516514,0.4406853702645065,0.4264598867465874,26.6410900419869
7,N4SID-Joint,55,0.009148963356916099,0.09988928995037313,0.3160526695827345,0.30585037482707933,26.653351166984066
7,N4SID-Frozen,55,0.006911949192948069,0.1438518558119012,0.3792780718838109,0.3670348382201818,26.66556862500147
7,Random,56,0.025741040101474422,0.18336982440859617,0.4282170295639773,0.4143940286041352,27.11475799998152
7,N4SID-Joint,56,0.008844614663788754,0.07445383939053733,0.2728623084827535,0.2640542142416105,27.12699820898706
7,N4SID-Frozen,56,0.006532952164000397,0.14749379279753327,0.38404920621911626,0.3716519586094196,27.140372208988992
7,Random,57,0.025168322637817715,0.18833339258850196,0.4339739538134771,0.4199651172517497,27.59535658400273
7,N4SID-Joint,57,0.01264316136595741,0.10662430312736283,0.326533770270952,0.31599314178526994,27.60757195900078
7,N4SID-Frozen,57,0.0064739386519189375,0.16085434421811046,0.40106650847223635,0.38811993617636753,27.619686916994397
7,Random,58,0.02570665178382253,0.2072374182511685,0.45523336680341053,0.44053826868299467,28.067941333982162
7,N4SID-Joint,58,0.008103862662343291,0.06293231156741197,0.2508631331371989,0.2427651802517768,28.080115916993236
7,N4SID-Frozen,58,0.006412953885174032,0.16476324870559983,0.4059103949218347,0.3928074602152735,28.093194333981955
7,Random,59,0.02492833155763267,0.18794235613071963,0.43352318984192717,0.41952890410462107,28.544891166995512
7,N4SID-Joint,59,0.014102303943362711,0.1623842436686504,0.40296928377811925,0.3899612892055456,28.557086291984888
7,N4SID-Frozen,59,0.006548588270276744,0.15767449556787289,0.397082479552892,0.38426451315490684,28.569261583994376
7,Random,60,0.024801546816598265,0.19368588141495988,0.4400975816963323,0.42589107220649036,29.018146666989196
7,N4SID-Joint,60,0.013884267051730882,0.05764011556874686,0.24008355955530744,0.23233357521312825,29.03031720899162
7,N4SID-Frozen,60,0.0063213560974532046,0.14325855826248982,0.3784951231687006,0.3662771633734449,29.04317679197993
8,Random,0,1.0235198984718583,2.1609213898045545,1.470007275425722,1.4225549076395205,0.012107875023502856
8,N4SID-Joint,0,0.7456230981045799,0.36883562433675365,0.6073183879455271,0.5877139302058413,0.025360792002175003
8,N4SID-Frozen,0,0.7456230981045799,0.36883562433675365,0.6073183879455271,0.5877139302058413,0.03750425000907853
8,Random,1,1.0095931478465945,2.249747875841815,1.4999159562594881,1.4514981254128996,0.48877675001858734
8,N4SID-Joint,1,4.13547413028202,0.8368221314377019,0.9147798267548874,0.8852504023035702,0.5009687090059742
8,N4SID-Frozen,1,2.61271845668313,0.7145957453783941,0.8453376516980622,0.8180498458330991,0.5131138340220787
8,Random,2,0.774704683421731,1.5816777266242468,1.2576476957495875,1.2170503721840322,0.9665492920030374
8,N4SID-Joint,2,0.27860399598737756,0.23356729050946076,0.4832879995504345,0.4676872877140368,0.9798826670157723
8,N4SID-Frozen,2,0.2805457613446471,0.27305139839654213,0.5225432024211416,0.5056753184045224,0.9919956670200918
8,Random,3,1.004175901778202,1.584190904508063,1.258646457313595,1.2180168933626632,1.443880667007761
8,N4SID-Joint,3,0.18065822568183038,0.3899360732649062,0.6244486153919362,0.6042911876998991,1.4560487090202514
8,N4SID-Frozen,3,0.16006580796401387,0.4387236911897772,0.6623622054358003,0.6409809133119796,1.4682202090043575
8,Random,4,0.6678609195851409,1.3874795550740497,1.1779132205192577,1.1398897547210212,1.9187668750237208
8,N4SID-Joint,4,0.20220666918731284,0.15776079252253158,0.39719112845396176,0.3843696548300605,1.9321526249987073
8,N4SID-Frozen,4,0.13862192566186235,0.222942075021816,0.4721674226604542,0.4569256870777116,1.944347167009255
8,Random,5,0.47750143762560354,1.3121741547726316,1.145501704395341,1.108524494088034,2.3978457920020446
8,N4SID-Joint,5,0.18619164885459563,0.23137096313475677,0.4810103565774408,0.4654831678819465,2.4111596250149887
8,N4SID-Frozen,5,0.09729565686085002,0.1902108101884324,0.43613164318635766,0.4220531556294264,2.42326370900264
8,Random,6,0.29505336713291086,1.4565566887495505,1.2068789039292842,1.1679204153693725,2.874174791999394
8,N4SID-Joint,6,0.12891377292732314,0.15550260217528789,0.3943381824973178,0.38160880300320216,2.8863679170026444
8,N4SID-Frozen,6,0.10325200550840764,0.25843082470242384,0.508360919723796,0.4919508449342824,2.8996765840274747
8,Random,7,0.2728441303948409,0.9754794830778097,0.9876636487579209,0.9557815081090935,3.353881375020137
8,N4SID-Joint,7,0.15011947505773982,0.2820078665111393,0.5310441285911551,0.5139018315958478,3.3672102090204135
8,N4SID-Frozen,7,0.07863771756747268,0.1747364378740474,0.41801487757500616,0.40452120578004946,3.379446792008821
8,Random,8,0.20071713346039838,0.7765323986762299,0.8812107572404174,0.8527649545231354,3.830567459022859
8,N4SID-Joint,8,0.13609498777983278,0.28166408222701417,0.5307203427672753,0.5135884976957479,3.8439195420069154
8,N4SID-Frozen,8,0.07510361807365186,0.1349236177795055,0.3673195036742611,0.35546229692788756,3.8560812500072643
8,Random,9,0.13350592159616284,0.6581481319965857,0.8112632938797278,0.7850754206384357,4.306768959009787
8,N4SID-Joint,9,0.07840000004181658,0.23568428527707952,0.48547325907518274,0.46980200626908364,4.319566834019497
8,N4SID-Frozen,9,0.05953289300150531,0.1751101772085599,0.41846167949832624,0.4049535847753015,4.331698792026145
8,Random,10,0.09378490758470871,0.39627329022045227,0.6295024147852432,0.6091818486165891,4.785300542018376
8,N4SID-Joint,10,0.07460570158651324,0.1888828140068584,0.43460650479124036,0.42057724925462614,4.798583000025246
8,N4SID-Frozen,10,0.05180058020765653,0.15563282344436094,0.3945032616396992,0.3817685533310198,4.810692084021866
8,Random,11,0.07134241529722593,0.3150730350629757,0.5613136690505369,0.5431942603153016,5.261814334022347
8,N4SID-Joint,11,0.05514319117437905,0.10009928031054673,0.3163847030286811,0.30617169011301565,5.274578625016147
8,N4SID-Frozen,11,0.059751303696832715,0.1250516820932446,0.35362647255719504,0.3422112818195428,5.286674667004263
8,Random,12,0.06239112367549086,0.2676516503325917,0.5173506067770596,0.5006503416303515,5.741344375011977
8,N4SID-Joint,12,0.043585440080664783,0.07189796659193516,0.2681379618627977,0.25948237124330836,5.7545989170030225
8,N4SID-Frozen,12,0.038732576531260256,0.15097295585293025,0.3885523849533422,0.37600977310152534,5.766684959002305
8,Random,13,0.05132754691616997,0.21254410924454883,0.4610250635752343,0.4461430073833061,6.22098087501945
8,N4SID-Joint,13,0.03828015706386664,0.1238462572325903,0.3519179694653149,0.3405579298268681,6.234312417014735
8,N4SID-Frozen,13,0.0333369451272548,0.13217876481521754,0.36356397623419395,0.3518279992751122,6.246625250001671
8,Random,14,0.045509676803652116,0.22184074694760644,0.4709997313668092,0.45579568928235953,6.69747420900967
8,N4SID-Joint,14,0.03338615160074839,0.171059117432125,0.4135929368740779,0.4002420069280746,6.709664209018229
8,N4SID-Frozen,14,0.03417628151109931,0.12316766571096116,0.350952512045378,0.33962363772246307,6.721784667024622
8,Random,15,0.04637709740084269,0.1938771593025374,0.44031484111092306,0.42610131840841303,7.172981875017285
8,N4SID-Joint,15,0.035661888603031794,0.09253168217929084,0.3041902072376605,0.29437083706711353,7.186310625023907
8,N4SID-Frozen,15,0.03194955538368816,0.13054191002426993,0.3613058400085306,0.3496427565054765,7.198476917023072
8,Random,16,0.0436688323458806,0.22228245908668637,0.4714684073049713,0.4562492361913243,7.652086250018328
8,N4SID-Joint,16,0.03750063369485441,0.1718795735034299,0.41458361461040627,0.4012007052279147,7.664343834010651
8,N4SID-Frozen,16,0.03739316957885727,0.18297144574450674,0.4277516168812302,0.41394363961151764,7.676427834026981
8,Random,17,0.04914260391021139,0.28258035826384903,0.5315828799574428,0.5144231918727131,8.126719584019156
8,N4SID-Joint,17,0.04994796809354961,0.13821537824285812,0.37177328876999505,0.35977231222605893,8.138953209010651
8,N4SID-Frozen,17,0.04573992565535701,0.17789882352419922,0.42178053952760697,0.40816531079961976,8.151119167014258
8,Random,18,0.050003690140884446,0.23428930461409184,0.4840344043702801,0.4684095983156967,8.600479000015184
8,N4SID-Joint,18,0.033317820620518024,0.1536647573555879,0.3920009660135902,0.3793470327149022,8.612652209005319
8,N4SID-Frozen,18,0.0343765223539706,0.17113321148004174,0.4136825008143827,0.40032867971191594,8.624730500014266
8,Random,19,0.05712549664882807,0.2435961736850644,0.49355463090225826,0.47762250848376603,9.074582542001735
8,N4SID-Joint,19,0.026749982481160582,0.19186697087548094,0.4380262216756903,0.42388657643826416,9.086728792026406
8,N4SID-Frozen,19,0.030412924810471573,0.15747348810591358,0.39682929340701856,0.3840194999496121,9.098842750012409
8,Random,20,0.0447971870505751,0.2533930944043397,0.5033816587881801,0.4871323163468461,9.548424875014462
8,N4SID-Joint,20,0.03264577277925587,0.19030592532614415,0.4362406736265477,0.4221586665274793,9.56054225002299
8,N4SID-Frozen,20,0.026630825585253662,0.1801684874544612,0.42446258663686864,0.4107607804558469,9.572630750015378
8,Random,21,0.04154990218784749,0.24696541268210517,0.4969561476449458,0.48091422303281595,10.02252608400886
8,N4SID-Joint,21,0.041013103313946135,0.1332592384169859,0.3650468989280499,0.3532630526867927,10.034710042004008
8,N4SID-Frozen,21,0.02508374648945387,0.14470505105226675,0.3804011712025434,0.3681216834857379,10.046857167006237
8,Random,22,0.042107972220429814,0.2729834328841801,0.5224781649831695,0.5056123803986265,10.496562959015137
8,N4SID-Joint,22,0.028931017347918846,0.20545103808754964,0.45326707147944206,0.43863544608494326,10.508662834006827
8,N4SID-Frozen,22,0.021159024820173004,0.12997196926991286,0.36051625382208896,0.34887865844738924,10.520910584018566
8,Random,23,0.042506346954327916,0.24090638966150918,0.490822156856747,0.47497823969107317,10.970062709006015
8,N4SID-Joint,23,0.02480303245084196,0.1341917033126841,0.3663218575415397,0.35449685517401636,10.982131417025812
8,N4SID-Frozen,23,0.022103362878908916,0.15281495946470022,0.39091554006549833,0.37829664470992436,10.994250500021735
8,Random,24,0.040168005386356724,0.24054803965838958,0.4904569702414163,0.4746248414320799,11.4514772920229
8,N4SID-Joint,24,0.022234540442116188,0.16460641392081832,0.4057171600028995,0.39262046298957676,11.463797959004296
8,N4SID-Frozen,24,0.025443735029817456,0.1666782772614286,0.40826251023260585,0.3950836483910786,11.475974959001178
8,Random,25,0.037380724022321725,0.2388461527147984,0.48871888925516105,0.4729428663301836,11.927331084007164
8,N4SID-Joint,25,0.019458186935053686,0.14891460700141662,0.38589455425208663,0.37343773813887443,11.939603750011884
8,N4SID-Frozen,25,0.019683713993690028,0.14439564537014482,0.37999427018067633,0.36772791737637434,11.951796000008471
8,Random,26,0.03741538866070885,0.24416806702087376,0.4941336529936751,0.4781828395321536,12.402522125019459
8,N4SID-Joint,26,0.017457658029598866,0.161700141440139,0.40211956112596536,0.3891389959086612,12.414768375019776
8,N4SID-Frozen,26,0.01823445980628918,0.1405325515529145,0.3748767151383432,0.3627755588661227,12.426960417011287
8,Random,27,0.03436428615162674,0.23794169376233873,0.48779267497814965,0.4720465505858233,12.876520375022665
8,N4SID-Joint,27,0.01595978660117179,0.13205892732319416,0.3633991295025267,0.3516684738557066,12.888857542013284
8,N4SID-Frozen,27,0.021016959917405285,0.15561017677462466,0.3944745578293037,0.38174077609003015,12.90101191701251
8,Random,28,0.03473312050607672,0.23848617498746671,0.48835046328171605,0.47258633328073035,13.352100000018254
8,N4SID-Joint,28,0.01578763021966793,0.14839179574002448,0.38521655693911244,0.37278162682496374,13.364264500007266
8,N4SID-Frozen,28,0.018378591755122468,0.164993926638718,0.4061944443720495,0.39308234044625623,13.376372292026645
8,Random,29,0.03715308161909207,0.23587623456559922,0.48567091179686606,0.4699932786892541,13.825530750007601
8,N4SID-Joint,29,0.01706562551518525,0.15254437888891456,0.390569301006767,0.37796158237353417,13.837752459017793
8,N4SID-Frozen,29,0.01940835055230027,0.14743448900072875,0.3839719898647931,0.37157723482700794,13.849875125015387
8,Random,30,0.03402226427712968,0.23503508325644662,0.48480417000727893,0.4691545156388629,14.299472792015877
8,N4SID-Joint,30,0.013581547702863116,0.13618706185515894,0.3690353124772194,0.3571227188006382,14.311636625003302
8,N4SID-Frozen,30,0.024563811173027597,0.16320066101371697,0.40398101566003936,0.3909403620155248,14.323753042001044
8,Random,31,0.03233346719668734,0.2281285857114571,0.4776280830431321,0.4622100753635325,14.774113917024806
8,N4SID-Joint,31,0.014820230004557823,0.13379942616820772,0.3657860387825207,0.35397833283879393,14.786339959013276
8,N4SID-Frozen,31,0.01846497039429881,0.17822884679863468,0.42217158454665643,0.4085437327436851,14.798540334013524
8,Random,32,0.03328596307534034,0.2427956600242144,0.49274299591593834,0.4768370733690541,15.24872562501696
8,N4SID-Joint,32,0.01839890649503284,0.14483366422557087,0.3805701830485027,0.3682852395680362,15.26094612502493
8,N4SID-Frozen,32,0.0203750882931478,0.190290923620825,0.4362234789884939,0.4221420269385756,15.273061584011884
8,Random,33,0.03186043882400892,0.22936156024728402,0.4789170703235415,0.4634574536672217,15.730852584005333
8,N4SID-Joint,33,0.01666129029444104,0.15244250103083243,0.3904388569684534,0.37783534911606836,15.743129167007282
8,N4SID-Frozen,33,0.019662402958322295,0.17326498164382992,0.4162511040752083,0.4028143675282624,15.755305875005433
8,Random,34,0.03531311013947765,0.20733992577606034,0.4553459407703777,0.44064720872149565,16.20487412501825
8,N4SID-Joint,34,0.012386056878091866,0.11719511442768472,0.34233771984355554,0.3312869341361165,16.216982250014553
8,N4SID-Frozen,34,0.016574389940503493,0.1565731246168747,0.39569322033220977,0.3829200997255293,16.2291303340171
8,Random,35,0.03450225707467096,0.22019255335090954,0.4692467936501107,0.4540993370306649,16.679153250006493
8,N4SID-Joint,35,0.011961865735500166,0.13223475297233042,0.363640967125997,0.3519025048730156,16.691377917013597
8,N4SID-Frozen,35,0.01503235300189343,0.1374432053711854,0.37073333458320873,0.3587659281374464,16.703577209002106
8,Random,36,0.028886608834136747,0.23126381032756102,0.4808989606222507,0.46537536782857536,17.153613625006983
8,N4SID-Joint,36,0.012605432094320922,0.12054232901353895,0.34719206358086435,0.3359845778976944,17.165814834006596
8,N4SID-Frozen,36,0.013615565710258022,0.1771339793965753,0.42087287795315975,0.4072869488698587,17.177920209011063
8,Random,37,0.033172621244817124,0.19168335836866665,0.43781658073748947,0.42368370278555156,17.627906834008172
8,N4SID-Joint,37,0.011323171337209236,0.11748733010885708,0.34276424858619237,0.33169969437630753,17.641328459023498
8,N4SID-Frozen,37,0.011543016142423337,0.15470453274721985,0.3933249709174588,0.3806282982604701,17.65348575002281
8,Random,38,0.033357517466907925,0.2429305493581409,0.49287985286288677,0.476969512524139,18.103640500019537
8,N4SID-Joint,38,0.012618681227408286,0.13949091841529124,0.37348483023449724,0.3614286045115859,18.115924875019118
8,N4SID-Frozen,38,0.011871050662540671,0.16065091705615053,0.4008128204737849,0.387874437318478,18.12814537502709
8,Random,39,0.03003443264580082,0.20094044589567886,0.44826381283311156,0.4337936944415944,18.578781459014863
8,N4SID-Joint,39,0.01227326888505147,0.1788185597821291,0.42286943585713205,0.40921905716086004,18.590945459000068
8,N4SID-Frozen,39,0.014628519682860093,0.16626825510925516,0.40776004599427734,0.3945974038805264,18.60311583400471
8,Random,40,0.028851834722426438,0.24232406791633307,0.492264225712506,0.47637375804136156,19.05541962501593
8,N4SID-Joint,40,0.012010232577611076,0.1379622819694626,0.3714327421882226,0.3594427586114076,19.0676401250239
8,N4SID-Frozen,40,0.012567371069607312,0.14596800027320433,0.3820575876398797,0.3697246301999608,19.079809584014583
8,Random,41,0.027388420647244255,0.19633511457052016,0.44309718411486226,0.42879384637147633,19.533332542021526
8,N4SID-Joint,41,0.011704234760587054,0.10229656060854275,0.3198383351140741,0.3095138377026147,19.5455571670027
8,N4SID-Frozen,41,0.013559846056891462,0.1323510571496921,0.36380084819814823,0.3520572249261947,19.557691792026162
8,Random,42,0.023735795635824224,0.18165570749362933,0.42621087209693437,0.4124526306274395,20.132782375003444
8,N4SID-Joint,42,0.01059388765740582,0.1522534944006322,0.39019673807021016,0.3776010459036381,20.33372325001983
8,N4SID-Frozen,42,0.012478116495467532,0.18495038357181084,0.43005858155815335,0.41617613463230424,20.40466833402752
8,Random,43,0.02323158629900046,0.17216798670367198,0.41493130359575425,0.4015371706867647,21.00407725002151
8,N4SID-Joint,43,0.015033783538686405,0.10422131111885437,0.3228332559059775,0.31241208136557885,21.016976167011308
8,N4SID-Frozen,43,0.01105154898579333,0.16355307649263479,0.4044169587104809,0.39136223266625153,21.029053709004074
8,Random,44,0.022094177053336373,0.16794258717885455,0.40980798818331315,0.39657923775324055,21.48382416702225
8,N4SID-Joint,44,0.016808864083152165,0.12296786798948932,0.3506677458642145,0.3393480638968665,21.496692084008828
8,N4SID-Frozen,44,0.010648345368850584,0.17073714618804578,0.41320351666950483,0.39986515734888534,21.508901542023523
8,Random,45,0.021637387461847752,0.18309614331557697,0.42789735137714624,0.414084669745071,21.961611959006405
8,N4SID-Joint,45,0.016780126486602074,0.20116030330350756,0.4485089779519554,0.43403094554151994,21.973830959002953
8,N4SID-Frozen,45,0.011711255795823293,0.1562139799214914,0.3952391426990644,0.3824806798830029,21.985979250021046
8,Random,46,0.020920100898905725,0.15259462176361974,0.3906336157624171,0.37802382102555526,22.43754045901005
8,N4SID-Joint,46,0.012744692843713903,0.1597075861523669,0.3996343155340479,0.3867339749454501,22.45063545901212
8,N4SID-Frozen,46,0.010564154436517299,0.1378077312083679,0.37122463712470366,0.3592413712547854,22.462802959023975
8,Random,47,0.02102576523703612,0.1872145236276389,0.432682936603281,0.41871577454514325,22.918699750007363
8,N4SID-Joint,47,0.008465367686245062,0.14052309444007174,0.37486410129548514,0.36276335220268513,22.930899958999362
8,N4SID-Frozen,47,0.010054832074333681,0.14813010537032442,0.3848767404901528,0.37245277977417335,22.943145834025927
8,Random,48,0.020552447963566856,0.180615566904717,0.4249889020959453,0.4112701062610945,23.400575542007573
8,N4SID-Joint,48,0.012130525515030435,0.11712513852382626,0.34223550155386606,0.3311880154898763,23.41385487501975
8,N4SID-Frozen,48,0.009778616451179086,0.13457229204318716,0.36684096287517726,0.35499920359928805,23.426571500021964
8,Random,49,0.020259241147209943,0.18237805001895066,0.4270574317570772,0.4132718630348417,23.895153417019174
8,N4SID-Joint,49,0.016566062503995185,0.2038720399525213,0.4515219152516534,0.43694662413287544,23.908126584021375
8,N4SID-Frozen,49,0.009435610431157915,0.1641763916717476,0.4051868601913784,0.3921072814482261,23.92072108402499
8,Random,50,0.0199089967849907,0.157414015080345,0.3967543510540811,0.383946976762997,24.379384625004604
8,N4SID-Joint,50,0.02234130987953692,0.14172280762296996,0.3764608978671888,0.3643086036021526,24.391552542016143
8,N4SID-Frozen,50,0.008885769493685563,0.15549033875931959,0.39432263282662283,0.3815937552815146,24.403625042003114
8,Random,51,0.019376012850560603,0.171698731602436,0.41436545657479223,0.4009895894127811,24.85685100001865
8,N4SID-Joint,51,0.014379913725837145,0.13489542296372703,0.36728112252568473,0.35542515473670194,24.86906775002717
8,N4SID-Frozen,51,0.008263182586283913,0.17529271429893323,0.4186797275948923,0.4051645942002594,24.881200209027156
8,Random,52,0.01932633402928468,0.17036546865107366,0.4127535204587281,0.3994296871789338,25.33307937500649
8,N4SID-Joint,52,0.016839528365783434,0.15504553487157058,0.393758218798758,0.38104756074309154,25.345331834017998
8,N4SID-Frozen,52,0.007508097704263387,0.15780805906501386,0.3972506250026724,0.38442723080860897,25.35748720902484
8,Random,53,0.019079032822342887,0.18575196472391445,0.43098951811374075,0.41707702021837617,25.809894834004808
8,N4SID-Joint,53,0.011095834177737305,0.1489579048793621,0.3859506508342253,0.37349202390300446,25.822143792000134
8,N4SID-Frozen,53,0.006940194761161825,0.174247761788556,0.4174299483608669,0.4039551582930025,25.834264167002402
8,Random,54,0.018622834025760125,0.16287902929938602,0.4035827415777166,0.39055494436496946,26.285048917023232
8,N4SID-Joint,54,0.007920704392561187,0.12620369375308613,0.3552515921893752,0.3437839420008264,26.29726870902232
8,N4SID-Frozen,54,0.006901590113851532,0.1672032484413553,0.4089049381474322,0.39570533849990897,26.309439250006108
8,Random,55,0.018493035510602756,0.16429259162691418,0.4053302254050568,0.3922460187808315,26.76377325001522
8,N4SID-Joint,55,0.007265627638845056,0.12099010552889863,0.34783632002552384,0.336608037510752,26.776142792019527
8,N4SID-Frozen,55,0.006829218973272742,0.15334260646225348,0.391589844687338,0.3789491825341091,26.788206791999983
8,Random,56,0.01827719932428028,0.15666415813815937,0.39580823404542675,0.3830314007543867,27.243238042021403
8,N4SID-Joint,56,0.00606984704265825,0.13454937842938475,0.36680973055439076,0.35496897946913947,27.255385249998653
8,N4SID-Frozen,56,0.006377537938164065,0.1539804795349133,0.3924034652432536,0.3797365391235103,27.267624584026635
8,Random,57,0.01932517498655495,0.16322174692705996,0.40400711247088206,0.39096561641185235,27.720210709027015
8,N4SID-Joint,57,0.007004010758160843,0.12592644985550125,0.3548611698333607,0.3434061226200075,27.73237254199921
8,N4SID-Frozen,57,0.0060916179968215625,0.16705642109136237,0.4087253614486901,0.39553155860210587,27.744462041999213
8,Random,58,0.020698247171619135,0.1571913276226557,0.39647361529193303,0.38367530325302884,28.195210208999924
8,N4SID-Joint,58,0.009886968036298254,0.14656419134451504,0.3828370297457066,0.3704789116320333,28.207341625005938
8,N4SID-Frozen,58,0.005934206777897288,0.15602271613500582,0.3949971090210735,0.38224645913988425,28.219391125021502
8,Random,59,0.019026338558751,0.1663738769554062,0.4078895401397371,0.394722717908024,28.670024709019344
8,N4SID-Joint,59,0.008026128944376947,0.12350984263664261,0.3514396714041296,0.34009507140049977,28.682148334017256
8,N4SID-Frozen,59,0.005332516983901277,0.14449136058579984,0.38012019228896515,0.3678497746733559,28.69425254201633
8,Random,60,0.018329115247890326,0.17304718287390722,0.4159894023576889,0.40256111363706165,29.144494250009302
8,N4SID-Joint,60,0.010203983630888277,0.15784933503916762,0.39730257366290445,0.38447750254725527,29.156581084011123
8,N4SID-Frozen,60,0.00521578608331964,0.14656447820984236,0.38283740440275993,0.3704792741950211,29.168650834006257
9,Random,0,1.0491834613914255,1.7731757641076424,1.3316064599226163,1.2886217206365946,0.012161833001300693
9,N4SID-Joint,0,0.7456230981045799,0.36883562433675365,0.6073183879455271,0.5877139302058413,0.024877125018974766
9,N4SID-Frozen,0,0.7456230981045799,0.36883562433675365,0.6073183879455271,0.5877139302058413,0.037099083012435585
9,Random,1,1.0117445293173015,2.251250567752717,1.5004167980107117,1.4519827998108188,0.49232808299711905
9,N4SID-Joint,1,1.1865783397168745,1.1191477770705782,1.0578978103156176,1.0237484854690615,0.5044742920144927
9,N4SID-Frozen,1,1.6361237872302508,1.8890038766319879,1.374410374172135,1.3300439090160363,0.5165569999953732
9,Random,2,0.9781920022597032,2.167750380212803,1.472328217556399,1.4248009289167864,0.9706567079992965
9,N4SID-Joint,2,0.4210018321728979,0.6338369948617559,0.7961388037658734,0.7704391545486791,0.9827868330175988
9,N4SID-Frozen,2,0.4482831152683497,0.5749892077928981,0.758280428201136,0.7338028610723216,0.9948182500083931
9,Random,3,0.9567389742273749,2.0113266880297513,1.4182124974875068,1.3724320839107953,1.4423110829957295
9,N4SID-Joint,3,0.3461140204341575,0.8560220953361009,0.9252146212290967,0.8953483578291286,1.4543675000022631
9,N4SID-Frozen,3,0.2679678800452359,0.7587113191120926,0.8710403659487272,0.8429228671495078,1.4663936250144616
9,Random,4,0.9263637978362335,2.2044198427018644,1.4847288785168369,1.436801292045694,1.9133035420090891
9,N4SID-Joint,4,0.17754334407702535,0.2238299619764267,0.4731067130959216,0.4578346568773924,1.925547999999253
9,N4SID-Frozen,4,0.19203863131488963,0.48930048302327467,0.6995001665641508,0.6769200475911352,1.938599625020288
9,Random,5,0.7550227484204659,1.3462373630547002,1.1602746929303855,1.122820605197378,2.389173000003211
9,N4SID-Joint,5,0.10777659444992353,0.32405305639199505,0.5692565822122702,0.5508807733605556,2.402500708005391
9,N4SID-Frozen,5,0.1989924143402832,0.26189022889832375,0.5117521166525095,0.4952325727966948,2.4147167080082
9,Random,6,0.6026134742430864,1.2223072509581772,1.1055800518090841,1.0698915269204308,2.876009708008496
9,N4SID-Joint,6,0.14782131758263933,0.32043710676436765,0.5660716445507297,0.5477986466413949,2.8889677500119433
9,N4SID-Frozen,6,0.11617598791033851,0.23820588290109776,0.48806340049331476,0.47230853698321024,2.9010750830057077
9,Random,7,0.35687252979147766,0.77946102729645,0.8828709006963872,0.8543715079464791,3.353754708019551
9,N4SID-Joint,7,0.09294112927090407,0.10831544742280405,0.329113122532062,0.31848923162027465,3.3666117080138065
9,N4SID-Frozen,7,0.12964816965545325,0.21920909364295324,0.468197707857432,0.4530841161077087,3.378873833018588
9,Random,8,0.3507068980269503,1.1404836627041968,1.0679342969978054,1.033460990722527,3.8298963330162223
9,N4SID-Joint,8,0.06901900153615775,0.12978176864187618,0.3602523679892697,0.34862329094492234,3.8420483749941923
9,N4SID-Frozen,8,0.0831029080916477,0.2351060957965105,0.48487740285201014,0.46922538450081636,3.854203791997861
9,Random,9,0.24786898498789947,0.9762936441717884,0.9880757279539805,0.9561802852393092,4.308951417013304
9,N4SID-Joint,9,0.043955332267286255,0.22121371528585726,0.47033362125820566,0.4551510814495528,4.321107458003098
9,N4SID-Frozen,9,0.07822063808543982,0.3065326026155133,0.553653865348661,0.5357817178539024,4.33323245801148
9,Random,10,0.24531479852721355,0.550180371987706,0.7417414455102977,0.7177977627387754,4.782877207995625
9,N4SID-Joint,10,0.15536435069032095,0.16462450583883903,0.4057394556101724,0.39264203888656385,4.795768333016895
9,N4SID-Frozen,10,0.10296973161262736,0.17367045826913163,0.41673787717116817,0.40328542741221024,4.807908792019589
9,Random,11,0.21280907936470897,0.6087473151578993,0.7802226061566656,0.7550367375685442,5.258008750010049
9,N4SID-Joint,11,0.10071736029882425,0.22747629099865396,0.47694474627429745,0.4615487969533323,5.270190833020024
9,N4SID-Frozen,11,0.088347307235875,0.10030393371864765,0.31670796282797764,0.3064845149687965,5.282395542017184
9,Random,12,0.16491484520140987,0.7026516226769919,0.8382431763378643,0.8111843827095548,5.733506791992113
9,N4SID-Joint,12,0.06340959987628275,0.1936062938640965,0.4400071520601642,0.4258035616717621,5.745713750016876
9,N4SID-Frozen,12,0.0624386770382544,0.16351641447934165,0.4043716291721535,0.39131836638185513,5.757832167000743
9,Random,13,0.12438550143369714,0.5866655777603699,0.7659409753762818,0.741216123007404,6.210232500015991
9,N4SID-Joint,13,0.05655804880493687,0.1579466216323197,0.39742498868631765,0.38459596596933243,6.2224295000196435
9,N4SID-Frozen,13,0.0582252061270441,0.16861259911153498,0.41062464503672325,0.3973695326273523,6.234543333004694
9,Random,14,0.11745231314835568,0.5068069363169991,0.7119037409067318,0.6889232300571542,6.684265542018693
9,N4SID-Joint,14,0.05424475284709339,0.15083586336934757,0.38837593047117064,0.3758390146340099,6.697583833010867
9,N4SID-Frozen,14,0.05987557006897223,0.1451240623522324,0.3809515223125279,0.36865426906236815,6.709749375004321
9,Random,15,0.0964535095099061,0.43632208786355,0.6605468097444344,0.6392241192516833,7.171666375012137
9,N4SID-Joint,15,0.041048437822579664,0.1808759257780125,0.4252951043428698,0.41156642418847794,7.1847364169952925
9,N4SID-Frozen,15,0.0728374531039092,0.1254173949003018,0.3541431841788033,0.3427113138026773,7.196973792015342
9,Random,16,0.08629329500425346,0.2850433655859656,0.5338945266491928,0.5166602177711905,7.648904166999273
9,N4SID-Joint,16,0.03667112786739571,0.09286969135347976,0.3047452893048222,0.2949080008839082,7.661783874995308
9,N4SID-Frozen,16,0.07912714769089191,0.18864209710283392,0.43432947989151494,0.4203091668190963,7.673950041993521
9,Random,17,0.09178296231810297,0.4828981307977874,0.694908721198538,0.672476815746504,8.129205917008221
9,N4SID-Joint,17,0.028794606784656004,0.1517088524342707,0.3894982059448679,0.37692506264854725,8.141458333004266
9,N4SID-Frozen,17,0.05079910749495094,0.17216142487272673,0.414923396391101,0.4015295187295443,8.153581749997102
9,Random,18,0.08020915072109311,0.228963426154756,0.4785012290002566,0.46305503585261126,8.654559207992861
9,N4SID-Joint,18,0.025379374295762848,0.14035928365513395,0.3746455440214576,0.3625518500366988,8.667875292012468
9,N4SID-Frozen,18,0.0513553849987708,0.14014741562545208,0.3743626792636414,0.3622781162558145,8.679313958011335
9,Random,19,0.05960834525955865,0.18791341501732767,0.43348980958879263,0.41949660137815936,9.132063208002364
9,N4SID-Joint,19,0.02541403812452255,0.12216894447157264,0.34952674357132196,0.33824389357164675,9.145400833018357
9,N4SID-Frozen,19,0.07822822417654136,0.13394111760016503,0.3659796682879597,0.354165711913599,9.157530041993596
9,Random,20,0.06297384562788538,0.389227123308082,0.6238806963739798,0.6037416013137353,9.607051291997777
9,N4SID-Joint,20,0.020318778246776838,0.11645298706132315,0.34125208726295453,0.33023634616880176,9.619200707995333
9,N4SID-Frozen,20,0.04590325013432801,0.12209049158385438,0.3494144982450705,0.33813527156522,9.63135362500907
9,Random,21,0.058771749244193414,0.15570840057244656,0.3945990377236703,0.38186123772827774,10.079931457992643
9,N4SID-Joint,21,0.019922821629849208,0.18363895046046766,0.42853115459726804,0.41469801356746866,10.093216292007128
9,N4SID-Frozen,21,0.03896626094121067,0.1293244751766298,0.3596171230303554,0.34800855192358315,10.105384124995908
9,Random,22,0.06332837069559696,0.20412661267214058,0.45180373246813776,0.43721934418744185,10.558777750004083
9,N4SID-Joint,22,0.020965465003713754,0.18559239209562048,0.43080435477792056,0.41689783402216524,10.570921542006545
9,N4SID-Frozen,22,0.0427373302260992,0.09970967311164505,0.3157683852313988,0.30557526727766904,10.583101666998118
9,Random,23,0.06583635908692113,0.22871807841207362,0.47824478921580904,0.4628068740373752,11.035641249996843
9,N4SID-Joint,23,0.02056045321950793,0.1284209455654367,0.3583586828380704,0.3467907346369391,11.047864708001725
9,N4SID-Frozen,23,0.04420318465148267,0.09882438505704456,0.3143634601174961,0.30421569365578377,11.06001474999357
9,Random,24,0.046305462535774326,0.16724212268921254,0.4089524699634574,0.3957513359716808,11.512069499993231
9,N4SID-Joint,24,0.018060402152318057,0.12089137222358431,0.34769436610848947,0.33647066591762337,11.524273125018226
9,N4SID-Frozen,24,0.03736580671087634,0.09737969266310709,0.3120571945382883,0.3019838751655847,11.536444750003284
9,Random,25,0.06405504766059947,0.3592171570800767,0.5993472758593941,0.5800001285076903,11.990748875017744
9,N4SID-Joint,25,0.022549094974909655,0.12062473950436269,0.34731072471831714,0.3360994086106109,12.002893958007917
9,N4SID-Frozen,25,0.03247570543898289,0.1285533526784474,0.3585433762858371,0.3469694661132533,12.015090708009666
9,Random,26,0.0628941677997297,0.16268480573491526,0.4033420455827972,0.3903220181240278,12.465089500008617
9,N4SID-Joint,26,0.03726008438362067,0.09734307259171693,0.31199851376523724,0.3019270886291619,12.477346250001574
9,N4SID-Frozen,26,0.026424909125755607,0.0808563666173843,0.28435253931938836,0.2751735362611782,12.489449832995888
9,Random,27,0.04698597039247458,0.21014080906248447,0.45841117903306466,0.4436134999817936,12.944113542005653
9,N4SID-Joint,27,0.026232560215049855,0.10435357807209258,0.32303804431071675,0.31261025912636925,12.956312916998286
9,N4SID-Frozen,27,0.020871511255812582,0.09088576857685368,0.30147266638429043,0.29174101941770575,12.968495083012385
9,Random,28,0.054898565321930964,0.21359492735807833,0.46216331243195663,0.44724451315427344,13.418826667009853
9,N4SID-Joint,28,0.023038622960096258,0.1255794720446954,0.3543719402614933,0.34293268555608497,13.431028749997495
9,N4SID-Frozen,28,0.01910655919554189,0.09175545340489163,0.3029116263943853,0.29313352927699515,13.443156124994857
9,Random,29,0.06653035939119052,0.2447677940991255,0.4947401278440283,0.47876973715446647,13.89270366699202
9,N4SID-Joint,29,0.028749560410330607,0.11311516818957057,0.3363259850049808,0.3254692602776213,13.904854916996555
9,N4SID-Frozen,29,0.020415997012430947,0.13077614470499208,0.36162984487593397,0.34995630237829556,13.917001291993074
9,Random,30,0.0589059139980663,0.24889325049622374,0.4988920228829318,0.48278760751628885,14.366655791993253
9,N4SID-Joint,30,0.02778354639834502,0.1889676312152413,0.43470407315234727,0.4206716680736642,14.378780541999731
9,N4SID-Frozen,30,0.015381667912491473,0.0773189702186883,0.27806288896342907,0.2690869180989549,14.390917292010272
9,Random,31,0.060370314712104654,0.21570938842971174,0.46444524804298704,0.44945278705648833,14.842805416992633
9,N4SID-Joint,31,0.017493966237812488,0.1251130693734584,0.35371325869050824,0.34229526646500924,14.854947542014997
9,N4SID-Frozen,31,0.01739180180216079,0.11798594603506973,0.34349082380038876,0.3324028154791776,14.86711770799593
9,Random,32,0.05854408996824771,0.23176178162499492,0.48141643264952527,0.46587613567120556,15.316199082997628
9,N4SID-Joint,32,0.01505894562508088,0.11640239503937223,0.34117795215894625,0.3301646041728278,15.32842224999331
9,N4SID-Frozen,32,0.016700971258313227,0.07149232718183712,0.2673804914009942,0.25874935220262474,15.340562041994417
9,Random,33,0.05574365403349785,0.235915992068167,0.48571184056821903,0.47003288626502954,15.796259041992016
9,N4SID-Joint,33,0.012501374224129879,0.10757282317672365,0.32798296171710456,0.3173955528061518,15.808446833019843
9,N4SID-Frozen,33,0.013804249671772698,0.12233405641134235,0.34976285739246576,0.3384723855530435,15.820567957998719
9,Random,34,0.06144220199415023,0.24740229412570633,0.49739551076151295,0.4813394033486939,16.27014395801234
9,N4SID-Joint,34,0.0117838342446078,0.16646261909711532,0.4079983077135435,0.3948279744251154,16.28233800001908
9,N4SID-Frozen,34,0.020762779385872395,0.15492591778160011,0.39360629794453256,0.38090054394911776,16.294520499999635
9,Random,35,0.04762155698363018,0.17582774470450865,0.4193181902857407,0.40578244708397937,16.744587124994723
9,N4SID-Joint,35,0.01331793006822929,0.11486310726196657,0.33891460172433785,0.3279743155108021,16.756806082994444
9,N4SID-Frozen,35,0.029033245831238154,0.11482718739947852,0.33886160508307595,0.3279230296203335,16.768914167012554
9,Random,36,0.04684592469031479,0.17480916635475283,0.41810186121895326,0.40460538156043496,17.219003625010373
9,N4SID-Joint,36,0.013463818254525974,0.17647403646934345,0.4200881294077987,0.40652753229204414,17.231218625005567
9,N4SID-Frozen,36,0.021005313802844188,0.1122331488204802,0.33501216219785246,0.3241978481470195,17.24337262500194
9,Random,37,0.08051128789171666,0.23537149867114399,0.48515100604981126,0.46949015568820057,17.693033624993404
9,N4SID-Joint,37,0.01602557282204151,0.18829639201391818,0.4339313217709897,0.41992386138704957,17.705273708008463
9,N4SID-Frozen,37,0.01693797100826455,0.06332158539469775,0.2516378059725878,0.24351484636718998,17.717404374998296
9,Random,38,0.09854980481128259,0.29370383786264026,0.5419444970314213,0.5244503321910499,18.16875583300134
9,N4SID-Joint,38,0.015242613528473154,0.09422374514939226,0.30695886556571755,0.2970501221005934,18.180933416995686
9,N4SID-Frozen,38,0.014318241368620317,0.07387881077231269,0.2718065686702819,0.2630325540930327,18.193140207993565
9,Random,39,0.08364669072936068,0.20094690229403037,0.44827101433622757,0.433800663477579,18.64266937499633
9,N4SID-Joint,39,0.014805518824319944,0.1100036439075883,0.3316679723874289,0.32096160999607676,18.654726417007623
9,N4SID-Frozen,39,0.013287871545333828,0.10551799955443786,0.32483534221885074,0.31434953960643747,18.66675870801555
9,Random,40,0.060663267211676794,0.21604938033181317,0.4648111232875276,0.44980685171549095,19.12015658299788
9,N4SID-Joint,40,0.017101293037306026,0.0986882489324459,0.31414685886133875,0.3040060843667016,19.132339833013248
9,N4SID-Frozen,40,0.011110687716132446,0.08839640327820027,0.2973153263425891,0.28771787981974983,19.144495417014696
9,Random,41,0.049769077038065726,0.16402604849208863,0.40500129443260874,0.39192770581942443,19.59483633300988
9,N4SID-Joint,41,0.011961461861697283,0.09972830397322234,0.31579788468769443,0.30560381448082075,19.607008916995255
9,N4SID-Frozen,41,0.011066391631113214,0.08822481133883506,0.29702661722282575,0.2874384903350408,19.61913733300753
9,Random,42,0.04886456505136939,0.2219375145826677,0.4711024459527542,0.45589508820423214,20.06874504199368
9,N4SID-Joint,42,0.011694128249918275,0.14414711753474052,0.3796671141075304,0.3674113220198765,20.080925792019116
9,N4SID-Frozen,42,0.008911579132611102,0.06076422169850469,0.24650399935600373,0.23854676088939608,20.093110167013947
9,Random,43,0.05411039920014212,0.18922435929112,0.4349992635523881,0.4209573296205736,20.543934292014455
9,N4SID-Joint,43,0.02599030159997176,0.09760153286343251,0.31241244031477444,0.3023276534796154,20.556211000017356
9,N4SID-Frozen,43,0.008651638565850916,0.05151997047719387,0.22698011031188145,0.2196531100617958,20.56832258301438
9,Random,44,0.05087072063997845,0.18896321596639248,0.43469899466917616,0.420666753525771,21.020425166992936
9,N4SID-Joint,44,0.03003100436608701,0.0900200625767822,0.30003343576471975,0.2903482476843125,21.032624457991915
9,N4SID-Frozen,44,0.00909918044501642,0.08642926061256469,0.2939885382333207,0.2844984816367402,21.045968167018145
9,Random,45,0.04351321531796864,0.21455364562632775,0.4631993584044863,0.4482471151872024,21.499271333013894
9,N4SID-Joint,45,0.019541837486246053,0.10267337430499432,0.3204268626457437,0.3100833673521976,21.511451541999122
9,N4SID-Frozen,45,0.010373278945705834,0.07129229228321855,0.26700616525319887,0.25838710943858817,21.52364816699992
9,Random,46,0.03927763509853948,0.18508522166500832,0.43021532011890085,0.41632781361548693,21.973168750002515
9,N4SID-Joint,46,0.012880215346950379,0.12365616851073818,0.3516477904249338,0.3402964722638611,21.98536012499244
9,N4SID-Frozen,46,0.008267795687318972,0.06286128288683879,0.25072152457824354,0.2426281428684432,21.99749404200702
9,Random,47,0.036614675381184174,0.20006364383542796,0.44728474581124267,0.4328462320581417,22.44689200000721
9,N4SID-Joint,47,0.008959852878939413,0.1025043631454909,0.3201630258875795,0.3098280473402381,22.459090542019112
9,N4SID-Frozen,47,0.006285447768893206,0.06699291801497313,0.2588299017018187,0.2504747786388637,22.47118983301334
9,Random,48,0.03554391642203836,0.1706939550683685,0.4131512496270204,0.3998145775054811,22.92058045801241
9,N4SID-Joint,48,0.008719463834746291,0.15721136591863605,0.3964988851417316,0.3836997573829146,22.932798750000075
9,N4SID-Frozen,48,0.005789172905017503,0.069044600576275,0.26276339276290944,0.25428129518245723,22.94491362501867
9,Random,49,0.03650785468959275,0.1833996532697206,0.42825185728694815,0.4144277320755822,23.394051292008953
9,N4SID-Joint,49,0.01565930397008945,0.1340760012794387,0.36616389947595696,0.3543439960520567,23.40623933300958
9,N4SID-Frozen,49,0.005065212257315462,0.07932833242281193,0.28165285800575846,0.2725610016390929,23.41833545800182
9,Random,50,0.03322958677763687,0.19404897152545683,0.4405098994636293,0.4262900802067776,23.867405625001993
9,N4SID-Joint,50,0.014296249071063222,0.10176068097610404,0.3189994999621536,0.3087020804535089,23.87957733302028
9,N4SID-Frozen,50,0.005425952818429958,0.06838001766249262,0.26149573163341044,0.25305455461379545,23.89171241701115
9,Random,51,0.04032276323530515,0.24553826545501584,0.49551817873314785,0.4795226722788112,24.340274582995335
9,N4SID-Joint,51,0.011262789979425782,0.11605644682974543,0.3406705840393993,0.32967361408012075,24.35236633301247
9,N4SID-Frozen,51,0.004602434942392948,0.07236315652059991,0.26900400837273764,0.26032046145793153,24.364547000004677
9,Random,52,0.08703859773711752,0.2659885541881515,0.5157407819710901,0.49909248255274347,24.81361400001333
9,N4SID-Joint,52,0.009529746163922525,0.10164381699554609,0.3188162746717082,0.30852476974186543,24.825735167018138
9,N4SID-Frozen,52,0.004384055530358912,0.0710191005793797,0.26649409107779426,0.25789156520321266,24.83784008299699
9,Random,53,0.07176064864257153,0.22100568946347363,0.47011242215397114,0.45493702273259634,25.288076541997725
9,N4SID-Joint,53,0.009305636692459143,0.13094305868778472,0.3618605514390657,0.3501795616499292,25.300345916999504
9,N4SID-Frozen,53,0.00429869612636522,0.06846581769385396,0.26165973647822466,0.2532132653227609,25.312560833001044
9,Random,54,0.06216370340273867,0.1926140681765626,0.43887819286968743,0.424711045693246,25.76190479201614
9,N4SID-Joint,54,0.009997718352688298,0.1057251766233231,0.32515408135732066,0.3146579897299621,25.774067374994047
9,N4SID-Frozen,54,0.004303934967887457,0.07666316218734133,0.2768811336789514,0.26794331030349294,25.78618966700742
9,Random,55,0.08992103159249178,0.3275323853051427,0.5723044515859917,0.553830256405921,26.234566166996956
9,N4SID-Joint,55,0.008387660136408969,0.11974944587191237,0.34604832880959324,0.33487776329948876,26.246711250016233
9,N4SID-Frozen,55,0.004241904247161809,0.06857541262632152,0.26186907535316484,0.2534158466629244,26.25881837500492
9,Random,56,0.04739350185749014,0.2470025058041354,0.49699346656081445,0.4809503372805508,26.70754816700355
9,N4SID-Joint,56,0.008615813107415306,0.13763704735348714,0.3709946729448917,0.3590188304020688,26.71967933300766
9,N4SID-Frozen,56,0.0036940292357719234,0.06994192878233624,0.26446536405044846,0.25592832621980294,26.731896375014912
9,Random,57,0.051051374324013465,0.24060368765205253,0.49051369772112635,0.4746797377281789,27.181210708018625
9,N4SID-Joint,57,0.009080996003010147,0.09828112319599361,0.31349820285927255,0.30337836721554545,27.193382583005587
9,N4SID-Frozen,57,0.003838480490650259,0.07014090133558168,0.26484127573998295,0.2562921033437165,27.2054394580191
9,Random,58,0.03743679293901225,0.27389363648503545,0.5233484847451414,0.5064546059231569,27.65343654199387
9,N4SID-Joint,58,0.014961440572992042,0.08200672612704933,0.2863681653519632,0.2771240971546778,27.665624250017572
9,N4SID-Frozen,58,0.0038841428065483036,0.07024036931803648,0.26502899712679834,0.2564737650161091,27.678482874995098
9,Random,59,0.043788687109083714,0.2280412169549305,0.47753661320879937,0.46212155820861345,28.127717916999245
9,N4SID-Joint,59,0.010256654179695969,0.07382424519127673,0.27170617437091255,0.2629354005580439,28.139878917019814
9,N4SID-Frozen,59,0.0036335721151315005,0.07074061060248261,0.2659710709879603,0.2573854283914939,28.153214958001627
9,Random,60,0.04273494148561247,0.21015283563674794,0.4584242965166091,0.4436261940282136,28.60489979200065
9,N4SID-Joint,60,0.015316378450678248,0.07912699153473952,0.2812952035402302,0.2722148923893757,28.617053124995437
9,N4SID-Frozen,60,0.004009864095206674,0.06649927057483214,0.2578745248659358,0.24955024171360482,28.62924258300336
