seed,model,epoch,train_loss,val_loss,val_rmse,val_nrmse,val_nrmse_percent,wall_time_sec,comparison
0,ResDyNet,0,1.018308984357645,2.458779768183609,1.5680496701902045,1.4126345280776824,141.26345280776823,0.0062032499990891665,A_same_width
0,Plain,0,1.063858668278415,2.665391797786556,1.6326027679097435,1.470789532008095,147.0789532008095,0.014233791996957734,A_same_width
0,ResDyNet,1,0.9441285380849183,2.4722803814004037,1.572348683149003,1.416507450127094,141.6507450127094,0.16712529200594872,A_same_width
0,Plain,1,1.008900337355155,2.254800192388341,1.5015992116368273,1.3527702176903023,135.27702176903023,0.17312295900774188,A_same_width
0,ResDyNet,2,0.8442881231160786,1.4213813580981611,1.1922169928742674,1.0740520030152136,107.40520030152136,0.30900479201227427,A_same_width
0,Plain,2,0.936241893616216,2.2785338778696667,1.5094813274332566,1.3598711081404062,135.98711081404062,0.3158122500171885,A_same_width
0,ResDyNet,3,0.48443815840857735,0.8034077883166909,0.8963301781802792,0.807491613516232,80.7491613516232,0.45553662499878556,A_same_width
0,Plain,3,0.9308058595952865,2.223509992679372,1.4911438537845274,1.3433511286229416,134.33511286229415,0.46189925001817755,A_same_width
0,ResDyNet,4,0.33692208298947485,0.6910804147466608,0.8313124651697825,0.7489180440169111,74.8918044016911,0.6009523750108201,A_same_width
0,Plain,4,0.9152307590598583,2.285233373916328,1.5116988370427253,1.3618688322560586,136.18688322560587,0.6072350839967839,A_same_width
0,ResDyNet,5,0.19983686779495666,0.6581598186311036,0.8112704965861286,0.7308625082962324,73.08625082962324,0.7433152919984423,A_same_width
0,Plain,5,0.9060968613156329,2.2105426367469727,1.486789372018435,1.3394282354827514,133.94282354827513,0.7505290840053931,A_same_width
0,ResDyNet,6,0.15245367677015892,0.40214524444122385,0.6341492288422528,0.5712963776891958,57.12963776891959,0.8873055420117453,A_same_width
0,Plain,6,0.8597868465327598,1.4680024306558186,1.211611501536618,1.0915242509371912,109.15242509371912,0.8941427090030629,A_same_width
0,ResDyNet,7,0.10947234611277362,0.36964259306975156,0.6079823953617008,0.5477230348494865,54.77230348494865,1.0309494590037502,A_same_width
0,Plain,7,0.39418840778999875,1.070496667123484,1.034648088541937,0.9321003295173842,93.21003295173841,1.0374793750233948,A_same_width
0,ResDyNet,8,0.07544490789359466,0.23925882089482736,0.48914090086071044,0.4406603558464105,44.06603558464105,1.1738223340071272,A_same_width
0,Plain,8,0.32688708812642314,1.1705672817881128,1.0819275769607284,0.9746937747888801,97.469377478888,1.1803358340112027,A_same_width
0,ResDyNet,9,0.05372067571627263,0.10188789955349846,0.31919884015061595,0.2875618747870489,28.75618747870489,1.317477083997801,A_same_width
0,Plain,9,0.33903107136823896,1.1342184839505718,1.0649969408174709,0.9594411959624808,95.94411959624807,1.3237207920174114,A_same_width
0,ResDyNet,10,0.044698753460453676,0.08387917438290418,0.28961901592075096,0.2609138152032555,26.09138152032555,1.4628558340191375,A_same_width
0,Plain,10,0.3276007528936621,1.3962918645716607,1.1816479444283143,1.0645304916450617,106.45304916450617,1.471018834010465,A_same_width
0,ResDyNet,11,0.03507513002659849,0.08302912664609771,0.28814775141600135,0.2595883731086232,25.95883731086232,1.6102258750179317,A_same_width
0,Plain,11,0.3240662086802844,1.4210053187459497,1.192059276523592,1.0739099185093195,107.39099185093195,1.617218250001315,A_same_width
0,ResDyNet,12,0.03339726679868578,0.09219529171008299,0.3036367759512721,0.2735422237300208,27.35422237300208,1.7533401249966118,A_same_width
0,Plain,12,0.3174344128519783,1.0513556716293062,1.0253563632363658,0.9237295411159742,92.37295411159742,1.759379541996168,A_same_width
0,ResDyNet,13,0.03251481417928656,0.12388487813199679,0.35197283720764133,0.3170875210379451,31.708752103794506,1.8939787090057507,A_same_width
0,Plain,13,0.2991421088710775,0.9474263863767214,0.9733583031837358,0.8768851991159584,87.68851991159585,1.900529334001476,A_same_width
0,ResDyNet,14,0.043480109952682554,0.17257943224605538,0.41542680732718174,0.3742523359277689,37.42523359277689,2.0381114589981735,A_same_width
0,Plain,14,0.302117661442132,1.1500827755734853,1.072419123092033,0.9661277385854966,96.61277385854966,2.0437732090067584,A_same_width
0,ResDyNet,15,0.036193201759801424,0.07257312712188634,0.26939399978820305,0.24269337444623557,24.269337444623556,2.178072834009072,A_same_width
0,Plain,15,0.2760607680387769,1.1770582313291102,1.0849231453559787,0.9773924414362418,97.73924414362418,2.184642292006174,A_same_width
0,ResDyNet,16,0.027984559364132834,0.08047671658874776,0.2836841845939737,0.25556720673165934,25.556720673165934,2.3205937500169966,A_same_width
0,Plain,16,0.2642310266155948,0.9890557489678663,0.99451281991127,0.8959430142618823,89.59430142618822,2.3266638340137433,A_same_width
0,ResDyNet,17,0.029578237814822255,0.09695839282040818,0.3113814265822677,0.28051927369038077,28.051927369038076,2.4627951250004116,A_same_width
0,Plain,17,0.2797017155281437,0.9712083652951765,0.9854990437819696,0.8878226264765465,88.78226264765465,2.468628208996961,A_same_width
0,ResDyNet,18,0.022293752925659688,0.05374196832858531,0.23182314019222783,0.2088463002598704,20.88463002598704,2.606040834012674,A_same_width
0,Plain,18,0.27465839854030205,1.098485684537348,1.048086677969598,0.9442069711595913,94.42069711595913,2.6129639169957954,A_same_width
0,ResDyNet,19,0.021941888155699415,0.086872236334542,0.2947409648056103,0.26552810898702556,26.552810898702557,2.7476511250133626,A_same_width
0,Plain,19,0.2810503331007197,1.201436935509949,1.096100787113096,0.9874622262069447,98.74622262069447,2.753867874998832,A_same_width
0,ResDyNet,20,0.02121103574040974,0.06700752248746059,0.25885811265529346,0.2332017376500159,23.320173765001588,2.888289791997522,A_same_width
0,Plain,20,0.2745102016579833,0.9688375650067197,0.9842954663142158,0.8867383399768982,88.67383399768983,2.8940442920138594,A_same_width
0,ResDyNet,21,0.02424428983901702,0.07501021142696089,0.2738799215476755,0.24673468008097166,24.673468008097167,3.030428792000748,A_same_width
0,Plain,21,0.26841357889648004,1.226396102813276,1.1074276964268484,0.9976664840804024,99.76664840804024,3.036014042008901,A_same_width
0,ResDyNet,22,0.024043219580882697,0.060871680497353316,0.24672186870513388,0.22226836125825292,22.22683612582529,3.169216625014087,A_same_width
0,Plain,22,0.28183491802467625,1.1731533879533504,1.083122055889063,0.9757698645386532,97.57698645386532,3.1749295000045095,A_same_width
0,ResDyNet,23,0.023315835624140503,0.07276401097912406,0.2697480509273868,0.24301233428113386,24.301233428113385,3.3087180420116056,A_same_width
0,Plain,23,0.26475290054304174,0.8102662197788839,0.9001478877267246,0.8109309358961324,81.09309358961325,3.314608084008796,A_same_width
0,ResDyNet,24,0.026275733157188327,0.07470733266716845,0.2733264214582418,0.24623603941129618,24.62360394112962,3.4506862919952255,A_same_width
0,Plain,24,0.26927353981710633,0.9674902225929091,0.9836108084974,0.8861215411022586,88.61215411022586,3.45622550000553,A_same_width
0,ResDyNet,25,0.027215164511202677,0.06678947821171843,0.25843660385424977,0.2328220061290299,23.28220061290299,3.5907052920083515,A_same_width
0,Plain,25,0.2669416663455761,1.1499760785746267,1.0723693759962687,0.9660829221064754,96.60829221064753,3.596785583999008,A_same_width
0,ResDyNet,26,0.021044997231670668,0.05255050702750326,0.2292389736225131,0.20651825989732225,20.651825989732224,3.7313951250107493,A_same_width
0,Plain,26,0.2486484885211199,0.9597561456424845,0.9796714478040505,0.8825726248658854,88.25726248658854,3.7375948750122916,A_same_width
0,ResDyNet,27,0.02877273093820407,0.12836495098243708,0.3582805478705718,0.3227700514098934,32.27700514098934,3.876165541994851,A_same_width
0,Plain,27,0.24743158531422324,0.9437953524009068,0.9714913033068834,0.875203244430404,87.5203244430404,3.8820962500176392,A_same_width
0,ResDyNet,28,0.0326470876889849,0.07305824297148752,0.27029288368635884,0.24350316667119354,24.350316667119355,4.017502959002741,A_same_width
0,Plain,28,0.29312605896650984,0.6498360372435084,0.8061240830315817,0.7262261746257319,72.62261746257319,4.023165292019257,A_same_width
0,ResDyNet,29,0.02709004386500193,0.11187018011353639,0.33446999882431366,0.3013194530298361,30.13194530298361,4.158295041997917,A_same_width
0,Plain,29,0.3210907864493852,0.6813230859468834,0.8254229739635816,0.7436122818405891,74.36122818405892,4.164066375000402,A_same_width
0,ResDyNet,30,0.02661589610965197,0.09919780895085015,0.3149568366472621,0.28374031177728964,28.374031177728966,4.298445334017742,A_same_width
0,Plain,30,0.27260381695836183,0.915587411519644,0.956863319142104,0.8620250933168397,86.20250933168397,4.304154042009031,A_same_width
0,ResDyNet,31,0.025876596782996857,0.06458350452852298,0.25413284818874354,0.22894481143993142,22.894481143993143,4.437068458995782,A_same_width
0,Plain,31,0.2671414304266054,1.0236942837366894,1.0117777837730424,0.9114967843629241,91.14967843629242,4.442732334020548,A_same_width
0,ResDyNet,32,0.014588463334960465,0.07391640185433324,0.27187571030589186,0.2449291135510788,24.49291135510788,4.576372917013941,A_same_width
0,Plain,32,0.2806477773173147,0.9775993013593097,0.9887362142448863,0.890738949126348,89.0738949126348,4.582230667001568,A_same_width
0,ResDyNet,33,0.015049971634358896,0.06186838022935116,0.24873355268107913,0.22408065987227332,22.40806598722733,4.715047167002922,A_same_width
0,Plain,33,0.2573984572766143,0.9845304323413838,0.9922350690947099,0.8938910196656653,89.38910196656653,4.72077229199931,A_same_width
0,ResDyNet,34,0.02054365042703847,0.09689356262420291,0.31127730823849487,0.2804254748967482,28.042547489674817,4.853410584008088,A_same_width
0,Plain,34,0.2421570145419886,0.6999116811611771,0.8366072442676893,0.7536880381787285,75.36880381787286,4.859099791996414,A_same_width
0,ResDyNet,35,0.024023144878736167,0.08909903726938519,0.2984946184931735,0.2689097243186717,26.890972431867173,4.9959208340151235,A_same_width
0,Plain,35,0.255195916861399,1.0813908947822501,1.039899463785923,0.9368312217401077,93.68312217401076,5.001822375023039,A_same_width
0,ResDyNet,36,0.02186065025319166,0.058337681433038614,0.24153194702365693,0.21759283171052882,21.759283171052882,5.135548459016718,A_same_width
0,Plain,36,0.2533873082649549,0.7731557759456584,0.879292770324912,0.7921428455129109,79.21428455129109,5.14125895901816,A_same_width
0,ResDyNet,37,0.03141865912280254,0.047376705155992876,0.21766190561509122,0.19608863747394334,19.608863747394334,5.299727042001905,A_same_width
0,Plain,37,0.24587030478549837,1.0841124927293817,1.0412072285234009,0.9380093691278366,93.80093691278365,5.306165667017922,A_same_width
0,ResDyNet,38,0.02270326066162177,0.0695824967963559,0.26378494421849763,0.23764025290403903,23.764025290403904,5.445354958996177,A_same_width
0,Plain,38,0.2366256301052285,0.7494886758110032,0.8657301402925759,0.7799244573843657,77.99244573843657,5.4513345420127735,A_same_width
0,ResDyNet,39,0.015524439863691881,0.058176666580406496,0.24119839672022386,0.21729234079851378,21.729234079851377,5.585965459002182,A_same_width
0,Plain,39,0.2770081065501522,1.0904752834151352,1.044258245557647,0.9407579886966329,94.07579886966329,5.591659249999793,A_same_width
0,ResDyNet,40,0.01539602144705792,0.08534768617320984,0.29214326309742256,0.26318787500311913,26.318787500311913,5.724896209023427,A_same_width
0,Plain,40,0.2748134190734914,0.8631149767289354,0.9290398143938372,0.8369592779624273,83.69592779624273,5.730794417002471,A_same_width
0,ResDyNet,41,0.030929572229104967,0.11581489935672028,0.34031588172860855,0.30658592908266696,30.658592908266698,5.864736709016142,A_same_width
0,Plain,41,0.23434936354732153,0.8462374452746156,0.9199116507983882,0.8287358400713886,82.87358400713886,5.870366874994943,A_same_width
0,ResDyNet,42,0.030838014046362022,0.056876524957550245,0.23848799751255878,0.21485057917679318,21.485057917679317,6.0028005840140395,A_same_width
0,Plain,42,0.22115655804658088,0.8827446475619005,0.9395449151381218,0.8464231797216815,84.64231797216814,6.0084700000006706,A_same_width
0,ResDyNet,43,0.01646889207156265,0.10407061393947453,0.32259977361968895,0.29062572929206903,29.062572929206905,6.141123959008837,A_same_width
0,Plain,43,0.21418162669213356,0.7969288067820274,0.8927086908852335,0.8042290650821919,80.4229065082192,6.1469335420115385,A_same_width
0,ResDyNet,44,0.028429358626481945,0.11722980494464695,0.34238838319173004,0.3084530173401083,30.84530173401083,6.279918500018539,A_same_width
0,Plain,44,0.22137440908713907,1.0468110226165706,1.02313783168084,0.921730896343079,92.1730896343079,6.285693292011274,A_same_width
0,ResDyNet,45,0.0182488619365213,0.0764341423077503,0.2764672535902766,0.24906557217480227,24.906557217480227,6.425203709019115,A_same_width
0,Plain,45,0.23084229228939615,0.8634569119459988,0.9292238223087045,0.8371250481793552,83.71250481793552,6.431166541995481,A_same_width
0,ResDyNet,46,0.013653152858224599,0.06896972688137962,0.2626208805129166,0.23659156381296811,23.65915638129681,6.564100625022547,A_same_width
0,Plain,46,0.19799576104690178,0.7275648677607655,0.8529741307687856,0.7684327426534105,76.84327426534105,6.569806875020731,A_same_width
0,ResDyNet,47,0.011129716152423835,0.05816194326261336,0.24116787361216535,0.21726484294741416,21.726484294741415,6.7018084170122165,A_same_width
0,Plain,47,0.1924442346299198,0.6111452778961793,0.781757812814288,0.7042749346339243,70.42749346339244,6.707547416997841,A_same_width
0,ResDyNet,48,0.010083464632696477,0.05674156038081275,0.23820487060682188,0.21459551401497134,21.459551401497134,6.841413250018377,A_same_width
0,Plain,48,0.19843258485530932,0.7120740796664088,0.8438448196596391,0.760208270982957,76.0208270982957,6.847401709004771,A_same_width
0,ResDyNet,49,0.01342963923917313,0.05882891038126192,0.24254671793545657,0.21850702496304433,21.850702496304432,6.98039933401742,A_same_width
0,Plain,49,0.1804764822607966,0.9199944200020398,0.9591633958831205,0.8640972010334239,86.4097201033424,6.986072166997474,A_same_width
0,ResDyNet,50,0.01235650254050082,0.061795936327885465,0.24858788451548772,0.22394942941174129,22.39494294117413,7.118557500012685,A_same_width
0,Plain,50,0.20615345703135876,0.5040907679897513,0.7099934985545652,0.6396234442287735,63.96234442287735,7.124269125022693,A_same_width
0,ResDyNet,51,0.013698940121929268,0.06568141233271634,0.2562838510962334,0.2308826205762626,23.08826205762626,7.257446000003256,A_same_width
0,Plain,51,0.1489101566135469,0.5392971707001716,0.7343685523633018,0.6615825972381268,66.15825972381269,7.263311250018887,A_same_width
0,ResDyNet,52,0.020789916720292918,0.06405939130935193,0.25309956797543515,0.22801394341052655,22.801394341052657,7.396701334015233,A_same_width
0,Plain,52,0.14251491839944255,0.48292351049831067,0.6949269821343179,0.6260502253966755,62.60502253966755,7.402433417009888,A_same_width
0,ResDyNet,53,0.017853910446556008,0.07154438859907357,0.26747782823829264,0.2409671216721157,24.09671216721157,7.5366159590194,A_same_width
0,Plain,53,0.12788062536650757,0.32813646653141554,0.5728319705912158,0.516056497333898,51.605649733389804,7.542274500010535,A_same_width
0,ResDyNet,54,0.009291713511929103,0.06007472266733171,0.24510145382541432,0.22080855162822696,22.080855162822697,7.677160167018883,A_same_width
0,Plain,54,0.1160326138533917,0.2856003657941114,0.5344159108729,0.48144799390287824,48.14479939028782,7.683045500016306,A_same_width
0,ResDyNet,55,0.011873324554358577,0.06535392530259007,0.25564413801726427,0.23030631180199715,23.030631180199716,7.821357709006406,A_same_width
0,Plain,55,0.12316241646031094,0.3798089629777831,0.6162864293311862,0.5552040256182305,55.52040256182305,7.827334208996035,A_same_width
0,ResDyNet,56,0.010588448566642842,0.05552737040947086,0.23564246308649647,0.21228707608278613,21.22870760827861,7.961207750020549,A_same_width
0,Plain,56,0.2030602652814995,0.37626360344108645,0.6134032959163869,0.5526066501088781,55.26066501088781,7.967087958997581,A_same_width
0,ResDyNet,57,0.011701361903923554,0.06820588844018154,0.26116257090207534,0.235277792605292,23.5277792605292,8.10072116702213,A_same_width
0,Plain,57,0.17569880999145132,0.3284458381157061,0.5731019439119938,0.5162997126107104,51.62997126107104,8.106452125008218,A_same_width
0,ResDyNet,58,0.016748536088221144,0.10253067704392162,0.3202041177810204,0.2884675156720352,28.846751567203523,8.238868709013332,A_same_width
0,Plain,58,0.12776278227249954,0.2526186617507342,0.5026118400423275,0.45279614094005394,45.279614094005396,8.244613250019029,A_same_width
0,ResDyNet,59,0.015271479410846141,0.05850751347106387,0.2418832641400886,0.21790932850167694,21.790932850167692,8.378099875000771,A_same_width
0,Plain,59,0.10499868680998418,0.30311230380146825,0.5505563584243381,0.4959887026210037,49.59887026210037,8.38404437500867,A_same_width
0,ResDyNet,60,0.021754877565176634,0.05678115424526669,0.23828796496102503,0.21467037258359145,21.467037258359145,8.517884834000142,A_same_width
0,Plain,60,0.09686931417636012,0.20688309446303021,0.45484403311798016,0.40976277619740764,40.97627761974076,8.523590584023623,A_same_width
0,ResDyNet,61,0.016318115543905474,0.0509802089028536,0.2257879733352811,0.20340930087974304,20.340930087974304,8.657636584015563,A_same_width
0,Plain,61,0.10718952715513472,0.17866129260066085,0.4226834425437799,0.38078973946766287,38.07897394676629,8.663519084017025,A_same_width
0,ResDyNet,62,0.010723452890491243,0.053892452326053664,0.23214747968921323,0.20913849328217773,20.913849328217772,8.811351250013104,A_same_width
0,Plain,62,0.10017592201822831,0.2681315314985453,0.5178141862662178,0.4664917269867981,46.649172698679806,8.817267000005813,A_same_width
0,ResDyNet,63,0.009949688155041221,0.06333347300909,0.25166142534979413,0.22671834036433328,22.671834036433328,8.953563084010966,A_same_width
0,Plain,63,0.07996960722522531,0.20263269660623642,0.45014741652733764,0.4055316584673938,40.55316584673938,8.959246084006736,A_same_width
0,ResDyNet,64,0.009599109057205213,0.054795024228412786,0.23408337025173914,0.2108825106453982,21.08825106453982,9.092294500005664,A_same_width
0,Plain,64,0.09488152662582393,0.1601862345641263,0.4002327255037078,0.36056419516646687,36.056419516646685,9.098172375001013,A_same_width
0,ResDyNet,65,0.010249682140226863,0.04945722080644128,0.22238979474436607,0.2003479282068234,20.03479282068234,9.232610209000995,A_same_width
0,Plain,65,0.07427862740906539,0.23271231653237756,0.4824026497982547,0.43458995750977714,43.458995750977714,9.23832816700451,A_same_width
0,ResDyNet,66,0.009905992766505662,0.041058472938710934,0.2026289044996072,0.18254561212208245,18.254561212208245,9.370358375017531,A_same_width
0,Plain,66,0.12084817229147096,0.265536410533978,0.515302251629059,0.46422875938559044,46.422875938559045,9.37704337501782,A_same_width
0,ResDyNet,67,0.009515825139746156,0.04979786387165632,0.22315434988289232,0.2010367054871824,20.103670548718238,9.509886667015962,A_same_width
0,Plain,67,0.08399880620769151,0.27707090015860175,0.5263752465291294,0.4742042692322716,47.42042692322716,9.51607216699631,A_same_width
0,ResDyNet,68,0.009303060691394595,0.061089336567583995,0.2471625711299832,0.22266538405273759,22.26653840527376,9.648723417019937,A_same_width
0,Plain,68,0.07934338008002827,0.13990235250863245,0.37403522896731595,0.33696322839861337,33.69632283986134,9.654471584013663,A_same_width
0,ResDyNet,69,0.010200025410455175,0.054083039027237705,0.23255760367538558,0.20950796837896446,20.950796837896448,9.787637333996827,A_same_width
0,Plain,69,0.14515073249444088,0.2758015192920103,0.5251680867036861,0.4731167554355163,47.31167554355163,9.793371375009883,A_same_width
0,ResDyNet,70,0.008703575394897745,0.0638327126692333,0.25265136585665493,0.22761016424422648,22.761016424422646,9.926534250000259,A_same_width
0,Plain,70,0.22489945488181776,0.5317307167715448,0.7291986812738658,0.6569251309948783,65.69251309948783,9.932486792007694,A_same_width
0,ResDyNet,71,0.006556977366312988,0.037073296009834514,0.19254427025968474,0.17346050289297182,17.34605028929718,10.065237333998084,A_same_width
0,Plain,71,0.16789757110387046,0.22148114309704373,0.4706178312570017,0.4239731754683736,42.39731754683736,10.07195258399588,A_same_width
0,ResDyNet,72,0.006273859035827114,0.04907904823646885,0.22153791602447842,0.19958048230486933,19.958048230486934,10.20437675001449,A_same_width
0,Plain,72,0.12968430517000717,0.15622350782805555,0.3952511958591088,0.3560764031580992,35.60764031580992,10.210410708998097,A_same_width
0,ResDyNet,73,0.0055312984425439195,0.04866730159808401,0.22060666716598573,0.19874153292925414,19.874153292925413,10.356357250013389,A_same_width
0,Plain,73,0.09081942092258441,0.30708116666943674,0.5541490473414501,0.49922530698975354,49.92253069897535,10.36329375000787,A_same_width
0,ResDyNet,74,0.007962379376559291,0.03934603265459059,0.19835834405083794,0.17869832255029064,17.869832255029063,10.501433583995095,A_same_width
0,Plain,74,0.1382039060378046,0.22182321494181637,0.47098111951735006,0.42430045689954865,42.430045689954866,10.50712883399683,A_same_width
0,ResDyNet,75,0.017637371199467483,0.04255378257733629,0.20628568194941763,0.18583995297448125,18.583995297448126,10.642339625017485,A_same_width
0,Plain,75,0.10462552794492111,0.15255391409926838,0.39058150762583266,0.3518695448173913,35.18695448173913,10.648145292012487,A_same_width
0,ResDyNet,76,0.008196456735199253,0.06474732597902932,0.2544549586450013,0.22923499634989628,22.92349963498963,10.780365125014214,A_same_width
0,Plain,76,0.06995003112646674,0.18009788489650808,0.42437941148989317,0.3823176147240229,38.23176147240229,10.786124375008512,A_same_width
0,ResDyNet,77,0.006699607195314674,0.041319043051877315,0.20327086129565475,0.18312394223041434,18.312394223041434,10.919639084022492,A_same_width
0,Plain,77,0.06990704159361438,0.23207520011814783,0.48174183970063034,0.43399464271959365,43.39946427195937,10.92527895901003,A_same_width
0,ResDyNet,78,0.007497861661852674,0.04427601788619859,0.21041867285533047,0.1895633080243346,18.95633080243346,11.058637417008867,A_same_width
0,Plain,78,0.07555441326851832,0.2730849496137923,0.5225753052085339,0.47078095400432274,47.078095400432275,11.064469167002244,A_same_width
0,ResDyNet,79,0.007238369969305323,0.059673461054434045,0.24428152008376328,0.22006988452079299,22.006988452079298,11.197603875014465,A_same_width
0,Plain,79,0.07966241435441301,0.3081477895028747,0.5551106101515938,0.500091565790318,50.009156579031796,11.20321341700037,A_same_width
0,ResDyNet,80,0.021649014920361018,0.07295942885112051,0.2701100310079589,0.2433384371910184,24.33384371910184,11.335369209002238,A_same_width
0,Plain,80,0.11585851985543724,0.28789304499514357,0.5365566559042424,0.48337656185871236,48.33765618587124,11.341035500023281,A_same_width
0,ResDyNet,81,0.025859654526231155,0.09527263242772827,0.3086626514946832,0.2780699663528565,27.806996635285653,11.474428584013367,A_same_width
0,Plain,81,0.07128778158431084,0.21152888976501955,0.45992269977140676,0.41433807761012176,41.433807761012176,11.480287042009877,A_same_width
0,ResDyNet,82,0.013960055090645901,0.08671583963654558,0.29447553317134106,0.2652889852535488,26.528898525354883,11.615717875014525,A_same_width
0,Plain,82,0.07543504437588287,0.1619106547871929,0.4023812306596729,0.362499754112569,36.249975411256905,11.62146650001523,A_same_width
0,ResDyNet,83,0.01406162465195994,0.04053742018157359,0.20133906769818316,0.18138361576704617,18.138361576704618,11.754790709004737,A_same_width
0,Plain,83,0.07201911681780894,0.12242832641723006,0.3498975941861133,0.31521796294798543,31.52179629479854,11.760429375019157,A_same_width
0,ResDyNet,84,0.015953218483899672,0.03331314385808356,0.18251888630518093,0.16442877143662696,16.442877143662695,11.895243834005669,A_same_width
0,Plain,84,0.1087169988561845,0.14386761965127384,0.37929885268910823,0.34170515510767646,34.17051551076764,11.901801333995536,A_same_width
0,ResDyNet,85,0.014500112807806905,0.04269765787916914,0.206634115961448,0.1861538524162579,18.61538524162579,12.034933750022901,A_same_width
0,Plain,85,0.09876717589460983,0.1901887308453298,0.4361063297469206,0.3928822351902943,39.28822351902943,12.046411125018494,A_same_width
0,ResDyNet,86,0.012633638237246413,0.07867888921850924,0.28049757435405615,0.25269643309609746,25.269643309609748,12.188441834005062,A_same_width
0,Plain,86,0.080881569431347,0.1544499104663186,0.3930011583523878,0.3540493751041484,35.40493751041484,12.194091834011488,A_same_width
0,ResDyNet,87,0.012749698714283789,0.07312732821233733,0.27042065049166886,0.24361827004078337,24.361827004078336,12.326482917007525,A_same_width
0,Plain,87,0.06962907207451491,0.11968011382986177,0.3459481374857534,0.31165995135680963,31.165995135680962,12.332315709005343,A_same_width
0,ResDyNet,88,0.011513012408476223,0.05582919116871907,0.23628201617710787,0.21286324072572557,21.286324072572558,12.466258500004187,A_same_width
0,Plain,88,0.056267004666420574,0.2735780013703183,0.5230468443364498,0.47120575716336605,47.1205757163366,12.472038792009698,A_same_width
0,ResDyNet,89,0.011161407553827453,0.052801107141388706,0.22978491495611436,0.2070100909871221,20.70100909871221,12.606434417015407,A_same_width
0,Plain,89,0.0994450241727774,0.23671998133708375,0.4865387768072384,0.43831613783204737,43.83161378320474,12.612173625006108,A_same_width
0,ResDyNet,90,0.012329683479627,0.04518282629076502,0.21256252325084263,0.19149467356032945,19.149467356032947,12.743919708998874,A_same_width
0,Plain,90,0.10215892918017466,0.3279633510538243,0.5726808457193451,0.5159203510012185,51.59203510012185,12.749808292021044,A_same_width
0,ResDyNet,91,0.009684679790958306,0.05810216297094919,0.2410439025799018,0.21715315913791106,21.715315913791105,12.885274667001795,A_same_width
0,Plain,91,0.12913330860311045,0.18715947992288048,0.43261932449080504,0.3897408397880812,38.974083978808125,12.890984124998795,A_same_width
0,ResDyNet,92,0.00546671001254688,0.05258060216386989,0.22930460563161373,0.2065773868777778,20.65773868777778,13.024939084018115,A_same_width
0,Plain,92,0.07115368036359641,0.25707105361701393,0.5070217486627313,0.45676896737615413,45.676896737615415,13.03088558401214,A_same_width
0,ResDyNet,93,0.005400813468723695,0.053460182591201486,0.23121458126857286,0.20829805783855695,20.829805783855697,13.163272459001746,A_same_width
0,Plain,93,0.08667174648732263,0.1840218959045793,0.4289777335766733,0.386460180278225,38.6460180278225,13.168978583998978,A_same_width
0,ResDyNet,94,0.00626681382066431,0.03550210006663396,0.18842000972994868,0.1697450129197579,16.97450129197579,13.301300459017511,A_same_width
0,Plain,94,0.1373934604734692,0.23436257985019052,0.48411009063041693,0.436128167631571,43.6128167631571,13.30697850001161,A_same_width
0,ResDyNet,95,0.009450411597738692,0.036965914067553944,0.1922652180389213,0.17320910855918176,17.320910855918175,13.439877209020779,A_same_width
0,Plain,95,0.11511143814517488,0.12768225259807697,0.3573265349761713,0.321910594225289,32.1910594225289,13.445585500012385,A_same_width
0,ResDyNet,96,0.007570687040137294,0.03478201506830377,0.18649937015524684,0.16801473496313735,16.801473496313733,13.576766125013819,A_same_width
0,Plain,96,0.08995553736662683,0.13621638493150465,0.3690750397026391,0.3324946616470048,33.24946616470048,13.58264804200735,A_same_width
0,ResDyNet,97,0.005602824484937422,0.039996664653404776,0.1999916614596838,0.180169755892556,18.016975589255598,13.714666334009962,A_same_width
0,Plain,97,0.06977624703153655,0.10159842024926737,0.31874507094113214,0.28715308030478126,28.715308030478127,13.720359124999959,A_same_width
0,ResDyNet,98,0.0066899015910310946,0.05038020677594226,0.22445535586379367,0.2022087640034371,20.22087640034371,13.853493500006152,A_same_width
0,Plain,98,0.06441297786982825,0.1318370606205974,0.3630937353089384,0.32710618622424636,32.71061862242463,13.859183374996064,A_same_width
0,ResDyNet,99,0.009362279740735798,0.06765221828765501,0.26010040039887483,0.23432089770836909,23.43208977083691,13.991909167001722,A_same_width
0,Plain,99,0.1285404627114022,0.2419008426085458,0.4918341616932945,0.44308667774013344,44.308667774013344,13.997866250021616,A_same_width
0,ResDyNet,100,0.0071365877409027174,0.07344620786773709,0.271009608441725,0.24414885421273388,24.41488542127339,14.130535083997529,A_same_width
0,Plain,100,0.11213292059681276,0.17138573577400396,0.4139876034061937,0.372955776775095,37.2955776775095,14.136287208995782,A_same_width
1,ResDyNet,0,1.2819358407970731,2.5355570140752848,1.5923432463119516,1.4345202789518245,143.45202789518245,0.006047457980457693,A_same_width
1,Plain,0,1.0476276367019957,2.466058600062484,1.5703689375629168,1.4147239243722143,141.47239243722143,0.012446374981664121,A_same_width
1,ResDyNet,1,1.0678814335152516,2.3801470194860745,1.5427725106074694,1.3898626802994358,138.98626802994357,0.1459080419735983,A_same_width
1,Plain,1,0.9956714392302466,2.2659695038219225,1.5053137559399112,1.356116599911711,135.6116599911711,0.15226533298846334,A_same_width
1,ResDyNet,2,0.8961990018135794,1.9416173289262175,1.3934192940124726,1.2553124076566278,125.53124076566277,0.28506504200049676,A_same_width
1,Plain,2,0.9342588592490955,2.303785672420741,1.517822674893461,1.367385714123231,136.7385714123231,0.2920959169859998,A_same_width
1,ResDyNet,3,0.7446043285893134,1.2408150514130833,1.1139187813360019,1.003514213805853,100.35142138058531,0.44189233297947794,A_same_width
1,Plain,3,0.922933240337845,2.2109901140331885,1.486939848828186,1.3395637979851198,133.956379798512,0.4488106249773409,A_same_width
1,ResDyNet,4,0.4731406639976404,0.9215146313969856,0.9599555361562251,0.8648108293847073,86.48108293847073,0.5859144999994896,A_same_width
1,Plain,4,0.9149192169376776,2.1603152967917776,1.4698011079026227,1.3241237404030843,132.41237404030844,0.5921839169750456,A_same_width
1,ResDyNet,5,0.3770590622404209,0.7474895469855763,0.86457477813407,0.7788836073981903,77.88836073981903,0.7264779580000322,A_same_width
1,Plain,5,0.8945341271584117,2.178146807611072,1.47585460246295,1.329577250960828,132.95772509608278,0.7336087499861605,A_same_width
1,ResDyNet,6,0.22407963841215986,0.9825891746131524,0.9912563617012263,0.8930093155441676,89.30093155441676,0.8662798329896759,A_same_width
1,Plain,6,0.5665449214208921,1.0764782460046594,1.037534696289555,0.9347008350057131,93.4700835005713,0.8722232079890091,A_same_width
1,ResDyNet,7,0.189536142546482,0.5664735164902884,0.7526443492714793,0.6780470130225421,67.80470130225422,1.0061173749854788,A_same_width
1,Plain,7,0.36286442511504385,1.1948792074999306,1.0931053048539883,0.984763637158457,98.47636371584571,1.0129481249896344,A_same_width
1,ResDyNet,8,0.1324027527550484,0.46411909665261963,0.681262868981291,0.6137404125109747,61.374041251097466,1.157681082986528,A_same_width
1,Plain,8,0.34095435356421916,1.051329485061984,1.025343593661161,0.9237180371801066,92.37180371801065,1.1665182919823565,A_same_width
1,ResDyNet,9,0.09770706781345258,0.37644337009044304,0.6135498106025647,0.552738643188243,55.273864318824295,1.3207198749878444,A_same_width
1,Plain,9,0.38290264836211746,1.247431324846702,1.116884651540481,1.0061861257588307,100.61861257588308,1.3274630829982925,A_same_width
1,ResDyNet,10,0.09237988863574088,0.19849308156777876,0.4455256239182868,0.401367948640289,40.1367948640289,1.4624063749797642,A_same_width
1,Plain,10,0.3988731263532254,1.3327026730538951,1.1544274221681912,1.0400078949773854,104.00078949773854,1.4692529999883845,A_same_width
1,ResDyNet,11,0.06744340536928457,0.16754789804077777,0.409326151181155,0.36875633814170306,36.87563381417031,1.6046881249931175,A_same_width
1,Plain,11,0.4257814365736263,1.3659479207530822,1.1687377467820068,1.0528998709407642,105.28998709407642,1.6130023329751566,A_same_width
1,ResDyNet,12,0.057423876109189385,0.0979812679990568,0.3130195968291072,0.28199507888810404,28.199507888810405,1.7503727079892997,A_same_width
1,Plain,12,0.4108567879681957,1.2877290521693114,1.1347814997475556,1.0223091518349192,102.23091518349192,1.7570292499731295,A_same_width
1,ResDyNet,13,0.04247753734986825,0.1084515628182482,0.329319848806974,0.29667975323104634,29.667975323104635,1.8906485419720411,A_same_width
1,Plain,13,0.37638150437649626,1.1273039647276601,1.0617457156624934,0.9565122116325911,95.65122116325911,1.8968120419885963,A_same_width
1,ResDyNet,14,0.052589527350426456,0.07920591956441143,0.281435462521004,0.253541363734006,25.3541363734006,2.029921582987299,A_same_width
1,Plain,14,0.35407004929486713,1.0733130913096494,1.03600824866873,0.9333256791956183,93.33256791956182,2.0360229999932926,A_same_width
1,ResDyNet,15,0.042963850698010175,0.07924462310643964,0.2815042150775715,0.25360330197304726,25.360330197304727,2.1692837499722373,A_same_width
1,Plain,15,0.3368056825861725,0.995575003365765,0.9977850486782035,0.8988909204588705,89.88909204588705,2.1752803329727612,A_same_width
1,ResDyNet,16,0.047157416608793405,0.07943325619062565,0.2818390607964511,0.2539049599071425,25.39049599071425,2.3102111669722944,A_same_width
1,Plain,16,0.3277778650249871,0.9844788639829036,0.9922090827960122,0.8938676089641453,89.38676089641453,2.3160902919771615,A_same_width
1,ResDyNet,17,0.03812840681933736,0.1285474729692719,0.35853517675295393,0.32299944309176226,32.299944309176226,2.450447582989,A_same_width
1,Plain,17,0.3304598225232644,1.0072833598719502,1.003635073057907,0.9041611275103237,90.41611275103237,2.4561339169740677,A_same_width
1,ResDyNet,18,0.03892820480099971,0.13427051875602888,0.36642941851880406,0.330111257662075,33.0111257662075,2.5891400830005296,A_same_width
1,Plain,18,0.3447641394352375,1.0504915184695793,1.024934884990056,0.9233498371213305,92.33498371213304,2.5947919999889564,A_same_width
1,ResDyNet,19,0.029319091626818977,0.09097310561734653,0.30161748228069696,0.2717230696460579,27.17230696460579,2.732014249981148,A_same_width
1,Plain,19,0.3427549069547508,1.107270887452949,1.0522693987059346,0.9479751271343563,94.79751271343562,2.7376800419879146,A_same_width
1,ResDyNet,20,0.027809891614759434,0.11162178168521995,0.3340984610638306,0.30098473973667916,30.098473973667915,2.86977904199739,A_same_width
1,Plain,20,0.3488948169284845,1.0922042366039577,1.0450857556219766,0.9415034812096742,94.15034812096742,2.8754729999927804,A_same_width
1,ResDyNet,21,0.028191588381905327,0.08697176132958807,0.2949097511605679,0.2656801663085596,26.56801663085596,3.008704541978659,A_same_width
1,Plain,21,0.3350328166773905,1.06742043003698,1.0331604086670085,0.9307600990399942,93.07600990399942,3.014569457998732,A_same_width
1,ResDyNet,22,0.02675029461737332,0.10960158873256658,0.33106130660735117,0.29824860877482806,29.824860877482806,3.1473983329779003,A_same_width
1,Plain,22,0.3364651176601855,1.0749156430960551,1.0367813863568611,0.9340221883776773,93.40221883776772,3.1531693750002887,A_same_width
1,ResDyNet,23,0.02313428629428401,0.08033166946024538,0.28342842034673477,0.2553367922151002,25.53367922151002,3.2856453749991488,A_same_width
1,Plain,23,0.33683587666134224,1.0612651913802786,1.0301772621157383,0.92807262306219,92.807262306219,3.29133358297986,A_same_width
1,ResDyNet,24,0.020683030437965624,0.08229806989373065,0.28687640177214063,0.25844303158129833,25.844303158129833,3.424089374981122,A_same_width
1,Plain,24,0.34426292319192964,0.9867631702945897,0.9933595372746918,0.8949040376886049,89.49040376886049,3.4299509999982547,A_same_width
1,ResDyNet,25,0.02050200262755702,0.06059978269258091,0.24617023112590383,0.2217713984985777,22.17713984985777,3.5613285419822205,A_same_width
1,Plain,25,0.3172886635373373,0.9013645773831115,0.94940222107551,0.8553034919883781,85.53034919883781,3.5675430829869583,A_same_width
1,ResDyNet,26,0.01922938403110863,0.120141992607957,0.34661504959819184,0.3122607633687846,31.22607633687846,3.7019760419789236,A_same_width
1,Plain,26,0.2864692103213702,0.8816700974600015,0.9389728949549084,0.8459078545525072,84.59078545525071,3.707664916990325,A_same_width
1,ResDyNet,27,0.02610483893764225,0.11859226975043669,0.3443722836559828,0.31024028616797195,31.024028616797196,3.8419908749929164,A_same_width
1,Plain,27,0.2870466992177404,0.9695320169275856,0.9846481691079233,0.8870560851057755,88.70560851057755,3.84787420797511,A_same_width
1,ResDyNet,28,0.01924502360310035,0.08198850033924572,0.2863363412828447,0.2579564984638,25.795649846379998,3.9814024169754703,A_same_width
1,Plain,28,0.2942599471578734,1.1438804714929476,1.0695234787011212,0.9635190921086664,96.35190921086664,3.9870511669723783,A_same_width
1,ResDyNet,29,0.01736848606480003,0.08584041537501488,0.2929853501030638,0.26394649968346495,26.394649968346496,4.119774291990325,A_same_width
1,Plain,29,0.3361971096335111,1.1918617921611798,1.0917242289887954,0.983519444777211,98.3519444777211,4.125500291993376,A_same_width
1,ResDyNet,30,0.016579239792085778,0.07160062304940973,0.2675829274251437,0.241061804093879,24.1061804093879,4.259069541993085,A_same_width
1,Plain,30,0.34070373464508635,1.2355010041668262,1.111530928119783,1.001363029461799,100.1363029461799,4.2648374999989755,A_same_width
1,ResDyNet,31,0.031919921396245755,0.14436637645234143,0.37995575591421354,0.342296950249776,34.2296950249776,4.397664999996778,A_same_width
1,Plain,31,0.3026412153503811,1.1524275667820953,1.073511791636261,0.9671121087509734,96.71121087509734,4.40337533300044,A_same_width
1,ResDyNet,32,0.05034165818381276,0.17425340450315785,0.417436707182248,0.3760630272516608,37.60630272516608,4.5354345419909805,A_same_width
1,Plain,32,0.30570499358696873,1.2328043091036947,1.1103172110274138,1.0002696083128435,100.02696083128436,4.541119292000076,A_same_width
1,ResDyNet,33,0.04079855121150437,0.06216941182987532,0.2493379470314844,0.2246251504864348,22.462515048643482,4.677330207981868,A_same_width
1,Plain,33,0.3156521645032502,1.1887933179451187,1.0903179893705865,0.9822525827146134,98.22525827146134,4.683340916992165,A_same_width
1,ResDyNet,34,0.03465337827747909,0.0804760735417758,0.283683051206405,0.25556618567828093,25.556618567828092,4.816787874995498,A_same_width
1,Plain,34,0.30078289211287607,1.1188656633786416,1.0577644649819928,0.9529255572790172,95.29255572790171,4.822460332972696,A_same_width
1,ResDyNet,35,0.03917562000243234,0.05582744956157621,0.2362783307067667,0.2128599205358393,21.28599205358393,4.957282124989433,A_same_width
1,Plain,35,0.26476542762644817,1.0453168350085384,1.0224073723367504,0.9210728354981743,92.10728354981742,4.963945749972481,A_same_width
1,ResDyNet,36,0.03658404014386637,0.1036802276756086,0.321994142300149,0.2900801243093113,29.008012430931128,5.096895916998619,A_same_width
1,Plain,36,0.26861525955444787,1.1366099681811728,1.0661191153811909,0.9604521476978611,96.04521476978611,5.10257529199589,A_same_width
1,ResDyNet,37,0.033626822396012744,0.13694037788227412,0.3700545606829811,0.3333770987177895,33.33770987177895,5.235646249988349,A_same_width
1,Plain,37,0.3004518906989809,1.2944294698177095,1.137729963487694,1.0249653825419476,102.49653825419476,5.2414657499757595,A_same_width
1,ResDyNet,38,0.030369511688904727,0.16781099347064612,0.4096474013961838,0.3690457480720957,36.90457480720957,5.384134374995483,A_same_width
1,Plain,38,0.3101612337485254,1.2768303899401077,1.1299691986687548,1.0179738155297913,101.79738155297913,5.389850082981866,A_same_width
1,ResDyNet,39,0.03356190265284759,0.07885863616780972,0.28081779888000286,0.2529849189972072,25.29849189972072,5.547461791982641,A_same_width
1,Plain,39,0.3511009290712495,1.359274240625939,1.165879170680195,1.0503246187792257,105.03246187792257,5.55314679199364,A_same_width
1,ResDyNet,40,0.017344570707105714,0.06904168064741661,0.2627578365100014,0.23671494559990208,23.671494559990208,5.688347416988108,A_same_width
1,Plain,40,0.3316228006060324,1.225382301706767,1.1069698738930374,0.9972540380136174,99.72540380136175,5.6941650829976425,A_same_width
1,ResDyNet,41,0.013353014425815683,0.06952592173262766,0.26367768531414953,0.23754362482228475,23.754362482228476,5.833393041975796,A_same_width
1,Plain,41,0.2878180767579641,1.1428954116345509,1.0690628660815746,0.9631041324917552,96.31041324917553,5.839035041979514,A_same_width
1,ResDyNet,42,0.013138572276036617,0.09394467880062883,0.3065039621287608,0.27612523259112165,27.612523259112166,5.9798477919830475,A_same_width
1,Plain,42,0.26601836789371314,1.0886347311779385,1.0433766008388048,0.9399637270128287,93.99637270128287,5.985602957982337,A_same_width
1,ResDyNet,43,0.014155879850478585,0.0705107358911336,0.2655385770300308,0.23922007674905868,23.922007674905867,6.133625832997495,A_same_width
1,Plain,43,0.2708656464465465,0.8490118552789646,0.9214183931737876,0.8300932436950561,83.0093243695056,6.139320874994155,A_same_width
1,ResDyNet,44,0.01851636600006147,0.058444068944013744,0.24175208157121159,0.21779114791734946,21.779114791734948,6.287514707975788,A_same_width
1,Plain,44,0.2583433797938609,1.1993290108049992,1.0951388089210423,0.9865955931944916,98.65955931944916,6.299355957977241,A_same_width
1,ResDyNet,45,0.01448114270046539,0.05757694470626557,0.2399519633307166,0.21616944598437612,21.616944598437613,6.4746092919958755,A_same_width
1,Plain,45,0.29688839069958867,1.1896933143583788,1.090730633272202,0.9826243279688004,98.26243279688003,6.480585499986773,A_same_width
1,ResDyNet,46,0.015788919096784693,0.08400194160680603,0.28983088449439964,0.26110468470709874,26.110468470709876,6.615809082984924,A_same_width
1,Plain,46,0.3294064389892317,1.0861445652032775,1.0421825968626024,0.9388880651409436,93.88880651409436,6.621602249972057,A_same_width
1,ResDyNet,47,0.011847112110298253,0.07073646020171939,0.2659632685197702,0.23960267551081466,23.960267551081465,6.758451332978439,A_same_width
1,Plain,47,0.2894782885657481,1.1409164549818989,1.0681369083511247,0.9622699498211161,96.22699498211162,6.7643123749876395,A_same_width
1,ResDyNet,48,0.012709266437787737,0.05214442059926419,0.22835152856782936,0.2057187727701919,20.57187727701919,6.8986786249734,A_same_width
1,Plain,48,0.28940092056739225,1.3111666636626385,1.1450618601903735,1.0315705881265687,103.15705881265687,6.905020666978089,A_same_width
1,ResDyNet,49,0.010194418207122509,0.07183317660441049,0.26801711998379973,0.2414529622388359,24.145296223883587,7.039435374987079,A_same_width
1,Plain,49,0.30280400138306685,1.3124854627995175,1.1456375791669535,1.032089245488161,103.2089245488161,7.045120957976906,A_same_width
1,ResDyNet,50,0.010229282269234155,0.06180136602549527,0.2485988053581418,0.223959267849708,22.395926784970797,7.1783369579934515,A_same_width
1,Plain,50,0.2946993213909383,1.1942452461252935,1.0928152845404815,0.9845023618197404,98.45023618197403,7.18429366700002,A_same_width
1,ResDyNet,51,0.009882463940045366,0.06838468846802793,0.2615046624212041,0.235585978181853,23.5585978181853,7.32060674999957,A_same_width
1,Plain,51,0.30525915618283256,1.2055018747843131,1.0979534939077853,0.989131304450024,98.9131304450024,7.326289332995657,A_same_width
1,ResDyNet,52,0.009010567677072914,0.06945423720214132,0.263541718143715,0.2374211338557725,23.742113385577248,7.459455916978186,A_same_width
1,Plain,52,0.27359149740268857,1.18049252225701,1.0865047272133748,0.9788172669269215,97.88172669269215,7.465377541986527,A_same_width
1,ResDyNet,53,0.011801298685936684,0.08297784537278693,0.2880587533347788,0.25950819595297714,25.950819595297713,7.599552249972476,A_same_width
1,Plain,53,0.2780797645802874,1.185211477606719,1.088674183402325,0.9807717003724458,98.07717003724457,7.605270457977895,A_same_width
1,ResDyNet,54,0.010816063771029876,0.0697748291776158,0.26414925549320745,0.23796845595487776,23.796845595487774,7.737875999999233,A_same_width
1,Plain,54,0.2869788870609516,0.9310520147075227,0.9649103661519669,0.8692745680441408,86.92745680441408,7.74359316698974,A_same_width
1,ResDyNet,55,0.011535562275860802,0.07374009927774701,0.2715512829609667,0.2446368413877625,24.46368413877625,7.8758691669791006,A_same_width
1,Plain,55,0.26924920977399736,1.1444123191814857,1.0697720874941006,0.9637430603742276,96.37430603742277,7.88176237497828,A_same_width
1,ResDyNet,56,0.014645295319694515,0.07773909330757056,0.27881731170709356,0.25118270743009186,25.118270743009184,8.015088791988092,A_same_width
1,Plain,56,0.2713214723053033,1.1120940153219534,1.0545586827303417,0.9500375118399771,95.00375118399771,8.020799624995561,A_same_width
1,ResDyNet,57,0.010831246586266614,0.05862061887558257,0.24211695288761292,0.2181198555020978,21.81198555020978,8.154268041980686,A_same_width
1,Plain,57,0.25638633573490666,1.0191520370320233,1.0095306023256667,0.9094723292938233,90.94723292938232,8.16072549999808,A_same_width
1,ResDyNet,58,0.014361651979862805,0.09563344540203299,0.3092465770255719,0.2785960168871227,27.85960168871227,8.299765874980949,A_same_width
1,Plain,58,0.2633392673552338,1.329843391989666,1.1531883592846686,1.0388916401514072,103.88916401514072,8.305459666997194,A_same_width
1,ResDyNet,59,0.01298792489472263,0.06060393873427603,0.2461786723789777,0.22177900310816315,22.177900310816316,8.44320341697312,A_same_width
1,Plain,59,0.28775151770826374,1.0076887708158067,1.0038370240311953,0.9043430623834784,90.43430623834784,8.449178041977575,A_same_width
1,ResDyNet,60,0.011285507501416943,0.07670768395405797,0.2769615207101123,0.24951085067129838,24.95108506712984,8.584842082986142,A_same_width
1,Plain,60,0.24887472577188322,1.0699342519172037,1.03437626225528,0.9318554449289232,93.18554449289232,8.590634124993812,A_same_width
1,ResDyNet,61,0.009219185333700414,0.07953797566877414,0.2820247784659606,0.25407227041867203,25.407227041867202,8.728060749999713,A_same_width
1,Plain,61,0.2333105736188435,1.0752919292790728,1.0369628389094148,0.9341856565036034,93.41856565036034,8.734113332990091,A_same_width
1,ResDyNet,62,0.01183521021768095,0.044763460648211864,0.21157377117263818,0.19060392031957862,19.06039203195786,8.869998291978845,A_same_width
1,Plain,62,0.2374368047730203,1.1128688410234333,1.0549259884102928,0.9503684125095937,95.03684125095937,8.876402999972925,A_same_width
1,ResDyNet,63,0.011899772984114189,0.04704897060150492,0.2169077467530953,0.19540922605709582,19.540922605709582,9.01332104197354,A_same_width
1,Plain,63,0.23456539582674774,1.023342015026632,1.0116036847632732,0.911339940943242,91.1339940943242,9.019071374990745,A_same_width
1,ResDyNet,64,0.013147040454607973,0.08058246080886643,0.2838705000680177,0.25573505579712785,25.573505579712787,9.155466541997157,A_same_width
1,Plain,64,0.2268653179967443,1.0944871007816888,1.0461773753918064,0.942486906548622,94.2486906548622,9.163160291995155,A_same_width
1,ResDyNet,65,0.011419978657319111,0.048891609615975246,0.22111447174704607,0.19919900713964367,19.919900713964367,9.30158954198123,A_same_width
1,Plain,65,0.2463238028854496,0.8370759713436094,0.914918559951436,0.8242376327337487,82.42376327337487,9.307403707993217,A_same_width
1,ResDyNet,66,0.00889847845617194,0.07971364064003128,0.2823360420492419,0.25435268352894236,25.435268352894237,9.443653374997666,A_same_width
1,Plain,66,0.24057471139635103,1.079928961916531,1.0391963057654368,0.936197756284697,93.61977562846971,9.449558457999956,A_same_width
1,ResDyNet,67,0.012004123021489736,0.04602610532006779,0.21453695560454797,0.19327341269673673,19.327341269673674,9.583949166990351,A_same_width
1,Plain,67,0.234017429774174,0.9752572814463529,0.9875511538377912,0.8896713443937012,88.96713443937013,9.589595999976154,A_same_width
1,ResDyNet,68,0.018356279193846834,0.04077378339588605,0.2019251925736015,0.1819116476607557,18.19116476607557,9.724626999988686,A_same_width
1,Plain,68,0.22636972155475252,0.7044834046542682,0.8393350967606849,0.7561455232267889,75.61455232267889,9.731269332987722,A_same_width
1,ResDyNet,69,0.015647944654954667,0.054843421289361,0.23418672312785155,0.21097561983967186,21.097561983967186,9.869760374975158,A_same_width
1,Plain,69,0.2534822880486177,1.007736285145572,1.0038606901087281,0.9043643828294454,90.43643828294454,9.875692124973284,A_same_width
1,ResDyNet,70,0.013624719109392313,0.09610614964248634,0.310009918619528,0.27928370090175564,27.928370090175562,10.01497891699546,A_same_width
1,Plain,70,0.2587701602206798,0.7683980124004693,0.8765831463132686,0.7897017822546969,78.9701782254697,10.02074037498096,A_same_width
1,ResDyNet,71,0.014132629576598126,0.10508777120880695,0.32417244054485406,0.2920425234420812,29.204252344208122,10.15843495799345,A_same_width
1,Plain,71,0.2264814934521974,0.9215556034507171,0.9599768765187614,0.8648300546258038,86.48300546258038,10.164545124978758,A_same_width
1,ResDyNet,72,0.014143804811153743,0.07657362525368376,0.2767193980437291,0.24929272566858612,24.92927256685861,10.303348791989265,A_same_width
1,Plain,72,0.2575600573029104,0.6912011304906995,0.8313850675172724,0.7489834504800056,74.89834504800056,10.309273582999595,A_same_width
1,ResDyNet,73,0.014351934662629122,0.04993264666080157,0.22345614035152753,0.2013085843978722,20.130858439787218,10.447218041983433,A_same_width
1,Plain,73,0.26187225448661766,0.8499546814982196,0.9219298679933412,0.8305540243731683,83.05540243731683,10.452962332987227,A_same_width
1,ResDyNet,74,0.013601483577145999,0.04989585239971443,0.22337379523953663,0.20123440081132635,20.123440081132635,10.587634999974398,A_same_width
1,Plain,74,0.2331344153342337,0.8416361872088491,0.9174073180484497,0.8264797209065347,82.64797209065347,10.595054666977376,A_same_width
1,ResDyNet,75,0.013367528009337246,0.05816256804616298,0.24116916893782875,0.21726600988860997,21.726600988860998,10.751570374995936,A_same_width
1,Plain,75,0.225696943093688,0.8698534231190771,0.9326593285434275,0.8402200488166801,84.02200488166801,10.757357874972513,A_same_width
1,ResDyNet,76,0.01289508271202779,0.08456215712573302,0.2907957309276273,0.2619739016788447,26.19739016788447,10.938758374977624,A_same_width
1,Plain,76,0.22302568531147882,0.8877358929333057,0.9421973747221469,0.848812744327929,84.88127443279289,10.949581875000149,A_same_width
1,ResDyNet,77,0.01256641896736742,0.10388484310864458,0.32231171729964236,0.29036622328823214,29.036622328823213,11.181227916997159,A_same_width
1,Plain,77,0.21801710972332852,0.6376051209773962,0.7985017977295957,0.7193593619187478,71.93593619187479,11.190425041975686,A_same_width
1,ResDyNet,78,0.012486787141393245,0.09247356872693326,0.30409467066512896,0.2739547348228231,27.395473482282313,11.384177957981592,A_same_width
1,Plain,78,0.24214365559835485,0.8941010493391975,0.9455691668721002,0.8518503458166289,85.18503458166289,11.389942582987715,A_same_width
1,ResDyNet,79,0.01267005026188628,0.06202031723040838,0.24903878659840997,0.224355640938855,22.4355640938855,11.531890374986688,A_same_width
1,Plain,79,0.20385990251506567,0.5828736183928072,0.7634616024351238,0.6877921286323482,68.77921286323482,11.5375747079961,A_same_width
1,ResDyNet,80,0.010407642224143091,0.0454289362192248,0.21314064891339896,0.1920154990724421,19.201549907244207,11.67527995799901,A_same_width
1,Plain,80,0.19824760604586936,0.6373992165529296,0.7983728555962619,0.7192431997121965,71.92431997121965,11.681606916972669,A_same_width
1,ResDyNet,81,0.014323289136179454,0.05389370736570183,0.23215018278196947,0.20914092846151716,20.914092846151718,11.825668874982512,A_same_width
1,Plain,81,0.17088475188629046,0.5346239638200284,0.7311798436910227,0.6587099331535154,65.87099331535154,11.833378082985291,A_same_width
1,ResDyNet,82,0.013490193518507297,0.09351405890448512,0.3058006849313538,0.27549165977085105,27.549165977085107,11.978689791983925,A_same_width
1,Plain,82,0.14766181739756268,0.5679485803699532,0.7536236331020633,0.6789292364483493,67.89292364483494,11.985498249996454,A_same_width
1,ResDyNet,83,0.009594467640424386,0.10400709748913876,0.32250131393397263,0.29053702830618144,29.053702830618143,12.122508832981111,A_same_width
1,Plain,83,0.1327663968857861,0.5062264801424046,0.7114959452747461,0.640976977955334,64.0976977955334,12.128431207995163,A_same_width
1,ResDyNet,84,0.013325403965055905,0.11326715335249285,0.3365518583405726,0.30319497182951655,30.319497182951654,12.267840832995716,A_same_width
1,Plain,84,0.15012085742542808,0.46782573101837743,0.683977873193554,0.6161863227184325,61.61863227184325,12.273930957977427,A_same_width
1,ResDyNet,85,0.011249198055992385,0.07365002474641494,0.27138538049499816,0.24448738212242435,24.448738212242436,12.410896541987313,A_same_width
1,Plain,85,0.15273546282698958,0.31665627591364903,0.5627222013690673,0.5069487443426476,50.69487443426476,12.416836166987196,A_same_width
1,ResDyNet,86,0.006002972838167488,0.046447159483393126,0.21551603068772662,0.19415544806485804,19.415544806485805,12.551633791998029,A_same_width
1,Plain,86,0.13078440701171085,0.27303560686836476,0.5225280919418254,0.47073842021728546,47.073842021728545,12.557343041989952,A_same_width
1,ResDyNet,87,0.005341659862936959,0.069580353241063,0.2637808811135921,0.23763659250833227,23.76365925083323,12.696205957996426,A_same_width
1,Plain,87,0.13810083472197895,0.32752972002235964,0.5723021230280031,0.515579164901998,51.557916490199794,12.703884832997574,A_same_width
1,ResDyNet,88,0.007595078951620798,0.0683765357250576,0.26148907381582426,0.235571934620209,23.5571934620209,12.841679957986344,A_same_width
1,Plain,88,0.13834622002531055,0.2841766635806562,0.5330822296612936,0.48024649871763,48.024649871762996,12.847679457976483,A_same_width
1,ResDyNet,89,0.0056690828662784715,0.06688760404618596,0.2586263792542941,0.23299297219456902,23.299297219456903,12.983892374992138,A_same_width
1,Plain,89,0.09353699380522103,0.2945330837314574,0.5427090230790874,0.4889191454042601,48.891914540426015,12.98951099999249,A_same_width
1,ResDyNet,90,0.0048592900936567755,0.05144288692963179,0.22681024432249922,0.2043302508477509,20.43302508477509,13.122801082994556,A_same_width
1,Plain,90,0.1402726951957647,0.32482607286910264,0.5699351479502757,0.5134467893877124,51.34467893877124,13.128517499979353,A_same_width
1,ResDyNet,91,0.005085280675696861,0.050416500879108865,0.22453619057761906,0.20228158689290793,20.228158689290794,13.262246832979145,A_same_width
1,Plain,91,0.21765576462072006,0.5506498907380903,0.7420578755987233,0.6685098035035947,66.85098035035946,13.26877566697658,A_same_width
1,ResDyNet,92,0.005255805931166983,0.05964238598875351,0.2442179067733435,0.2200125761584033,22.00125761584033,13.409638582990738,A_same_width
1,Plain,92,0.1288724144611266,0.6214012647172451,0.788290089191311,0.7101597731900969,71.01597731900969,13.415586416987935,A_same_width
1,ResDyNet,93,0.004365220394523301,0.047231331106924575,0.21732770441645166,0.1957875601793281,19.57875601793281,13.549535582977114,A_same_width
1,Plain,93,0.14122688423792482,0.35376498477137386,0.594781459673529,0.5358304922147992,53.58304922147992,13.555280041997321,A_same_width
1,ResDyNet,94,0.005028512968917089,0.05786114106556426,0.24054342864764414,0.21670228900889008,21.670228900889008,13.688899832981406,A_same_width
1,Plain,94,0.09993985797492455,0.28861896283387356,0.537232689654933,0.48398559142998576,48.39855914299858,13.694740374980029,A_same_width
1,ResDyNet,95,0.007795843533558146,0.06176846840259079,0.2485326304584386,0.22389965178652455,22.389965178652453,13.83520133298589,A_same_width
1,Plain,95,0.13536152357302372,0.5035732799052371,0.7096289734116252,0.6392950485069677,63.92950485069677,13.840901124989614,A_same_width
1,ResDyNet,96,0.005254986409373327,0.046615622288296216,0.21590651284362922,0.19450722810506513,19.450722810506512,13.978192291979212,A_same_width
1,Plain,96,0.17076433635332336,0.41874048747319376,0.647101605216054,0.5829649966329247,58.296499663292465,13.98426749999635,A_same_width
1,ResDyNet,97,0.004598640663011126,0.04840402338970349,0.22000914387748408,0.19820323236090187,19.820323236090186,14.119810374977533,A_same_width
1,Plain,97,0.1560890155478996,0.29681720954624624,0.5448093332040542,0.49081128610528735,49.08112861052874,14.125591707997955,A_same_width
1,ResDyNet,98,0.0041236621851825795,0.05053234316189384,0.22479400161457566,0.2025138453343642,20.25138453343642,14.261145624972414,A_same_width
1,Plain,98,0.10279774321794279,0.3059432474059096,0.5531213676996303,0.4982994844386981,49.82994844386981,14.267251249984838,A_same_width
1,ResDyNet,99,0.0033363594017123688,0.03832204815086257,0.1957601801972571,0.17635767222591256,17.635767222591255,14.403417957975762,A_same_width
1,Plain,99,0.10220383743557872,0.2520429030469626,0.502038746559429,0.4522798488498547,45.227984884985474,14.410328291996848,A_same_width
1,ResDyNet,100,0.005954445940282285,0.03148117567243302,0.17742935403262058,0.15984368133606128,15.984368133606127,14.546936291997554,A_same_width
1,Plain,100,0.0974426158872642,0.2746140188523225,0.5240362762751473,0.472097122881148,47.2097122881148,14.553706874983618,A_same_width
2,ResDyNet,0,1.0072361320222758,2.165327226123224,1.4715050887180867,1.325658833443099,132.5658833443099,0.006255540996789932,A_same_width
2,Plain,0,1.0365906424848845,2.16636878413113,1.4718589552437185,1.3259776269621701,132.59776269621702,0.013391582993790507,A_same_width
2,ResDyNet,1,0.9471184637382286,1.9493540697608118,1.396192705095114,1.2578109358157625,125.78109358157626,0.1514857499860227,A_same_width
2,Plain,1,0.9904372690740384,2.3338374920685534,1.5276902474220857,1.3762752754217296,137.62752754217297,0.15780608297791332,A_same_width
2,ResDyNet,2,0.6209893505416049,1.2121883080111109,1.100994236138914,0.9918706675890471,99.1870667589047,0.2941699579823762,A_same_width
2,Plain,2,0.9426980206032191,2.4599074329706228,1.5684092045670424,1.4129584276864815,141.29584276864816,0.3004082079860382,A_same_width
2,ResDyNet,3,0.44178522331956027,1.0373639911928192,1.0185106730873366,0.9175623523738811,91.75623523738811,0.4540073329990264,A_same_width
2,Plain,3,0.926410587640821,2.2096693405230288,1.4864956577545152,1.3391636323145675,133.91636323145676,0.460377207986312,A_same_width
2,ResDyNet,4,0.32218359476110076,0.8341925581118322,0.9133414247212442,0.8228168131487757,82.28168131487757,0.5928160409966949,A_same_width
2,Plain,4,0.9090001938658852,2.118992148985899,1.4556758392533342,1.3113984788302555,131.13984788302554,0.5997604999865871,A_same_width
2,ResDyNet,5,0.2756527681896131,0.8499366511506682,0.9219200893519287,0.8305452149286975,83.05452149286975,0.7334239999763668,A_same_width
2,Plain,5,0.902690802955121,2.131431784542717,1.459942390830103,1.315242156864024,131.5242156864024,0.7393805409956258,A_same_width
2,ResDyNet,6,0.25298980524092146,0.798390997328712,0.8935272784468934,0.8049665194344608,80.49665194344608,0.8760594999766909,A_same_width
2,Plain,6,0.8146219570177093,1.5815149889190574,1.2575829948433055,1.1329393412796045,113.29393412796045,0.8826363749976736,A_same_width
2,ResDyNet,7,0.2198235011607492,0.8072200903269228,0.8984542783730972,0.8094051863644105,80.94051863644106,1.0164091250044294,A_same_width
2,Plain,7,0.34332830250354557,1.065781866089266,1.0323671178845566,0.9300454342105559,93.00454342105559,1.0221711249905638,A_same_width
2,ResDyNet,8,0.1773762108460542,0.5082028293126222,0.7128834612421739,0.6422269721367109,64.22269721367108,1.1564554159995168,A_same_width
2,Plain,8,0.34166873815266063,0.9796667822073443,0.9897811789518652,0.8916803435564886,89.16803435564886,1.1633937080041505,A_same_width
2,ResDyNet,9,0.1201165206218752,0.3572683824429685,0.5977193174416973,0.5384771681465585,53.847716814655854,1.2984101249894593,A_same_width
2,Plain,9,0.29508592897606006,0.8590861633354127,0.9268690108830981,0.8350036307331082,83.50036307331082,1.3044687079964206,A_same_width
2,ResDyNet,10,0.10931366817181079,0.21087565940992092,0.45921199832966136,0.413697816389543,41.3697816389543,1.4375540829787496,A_same_width
2,Plain,10,0.29450294667063337,0.9124261879385238,0.9552100229470606,0.8605356613590023,86.05356613590023,1.444437874975847,A_same_width
2,ResDyNet,11,0.08167832325967152,0.17445041839820788,0.4176726210780495,0.3762755588577687,37.62755588577687,1.5869222909968812,A_same_width
2,Plain,11,0.31592464381281166,0.9621314071055089,0.980882973195839,0.8836640715417268,88.36640715417268,1.5934657079924364,A_same_width
2,ResDyNet,12,0.07123881038153534,0.18072899251074095,0.4251223265258377,0.3829868967315731,38.29868967315731,1.7301235829945654,A_same_width
2,Plain,12,0.35187344853198266,1.1093261053683838,1.0532455104904952,0.9488544929072317,94.88544929072317,1.7360085409891326,A_same_width
2,ResDyNet,13,0.05554214572860273,0.10075007301117517,0.31741151997237776,0.28595170245353924,28.595170245353923,1.8689461250032764,A_same_width
2,Plain,13,0.3640663198340442,1.1303391341318434,1.0631740845843842,0.9577990096825861,95.77990096825862,1.8753244999970775,A_same_width
2,ResDyNet,14,0.044512579587843916,0.11156127343847949,0.3340078942756885,0.300903149354398,30.0903149354398,2.008536749985069,A_same_width
2,Plain,14,0.3676674085021876,1.181613695157672,1.0870205587557542,0.979281972517114,97.9281972517114,2.0147369999904186,A_same_width
2,ResDyNet,15,0.05990361215786063,0.12810032284177375,0.3579110543721355,0.32243717976448943,32.24371797644894,2.1539073329768144,A_same_width
2,Plain,15,0.36022568922193693,1.1271628003958438,1.0616792361141116,0.9564523211155747,95.64523211155746,2.1610489579907153,A_same_width
2,ResDyNet,16,0.0523957949995993,0.07764055787457863,0.27864055317663045,0.251023468084546,25.1023468084546,2.299778624990722,A_same_width
2,Plain,16,0.3798183398514167,1.2393225821124363,1.113248661401592,1.0029105119108832,100.29105119108831,2.3065435829921626,A_same_width
2,ResDyNet,17,0.050572558481214454,0.08805850807490201,0.29674653843794374,0.2673349028759543,26.73349028759543,2.442031540995231,A_same_width
2,Plain,17,0.37880290130528843,1.1628226452599493,1.0783425454186388,0.9714640688446871,97.1464068844687,2.4482589160033967,A_same_width
2,ResDyNet,18,0.04921022979017064,0.08895873858555525,0.29825951549876034,0.2686979232425475,26.86979232425475,2.581806540983962,A_same_width
2,Plain,18,0.36009653824618226,1.0834970511984447,1.040911644280361,0.9377430813210076,93.77430813210076,2.5875267910014372,A_same_width
2,ResDyNet,19,0.04568929784109338,0.09545563819210806,0.3089589587503623,0.2783369055118957,27.833690551189573,2.7228421659965534,A_same_width
2,Plain,19,0.34530975877530423,1.0647119112226884,1.0318487831182863,0.9295784735001547,92.95784735001547,2.728729333000956,A_same_width
2,ResDyNet,20,0.04589974100979898,0.11239320512575982,0.3352509584263106,0.30202300886724837,30.202300886724835,2.8619395409768913,A_same_width
2,Plain,20,0.3396410707502027,0.9595994500996062,0.9795914710222859,0.8825005748756888,88.25005748756888,2.8676542500033975,A_same_width
2,ResDyNet,21,0.0372384374771081,0.10363801507309028,0.3219285869150024,0.29002106635832925,29.002106635832924,3.0008205829944927,A_same_width
2,Plain,21,0.3058880805026993,0.8157469082474258,0.9031870837470085,0.8136689060749269,81.36689060749269,3.0063987909816206,A_same_width
2,ResDyNet,22,0.04206609096997728,0.05733615394055485,0.23944968979005768,0.21571695461272936,21.571695461272935,3.1451578749984037,A_same_width
2,Plain,22,0.2741827233195798,0.8248649650970641,0.9082207689196852,0.8182036842860873,81.82036842860873,3.1519600829924457,A_same_width
2,ResDyNet,23,0.04130960323302707,0.08880604597801087,0.2980034328292392,0.2684672218637041,26.846722186370407,3.2851090829935856,A_same_width
2,Plain,23,0.2853261611702765,0.9091184207537648,0.9534770163741572,0.8589744194106067,85.89744194106068,3.291157290979754,A_same_width
2,ResDyNet,24,0.06404596078828788,0.07793756072422785,0.2791729942602397,0.25150313698354354,25.150313698354353,3.4242205829941668,A_same_width
2,Plain,24,0.2769755688657322,1.2190299715598025,1.104096903156513,0.9946658179222994,99.46658179222993,3.4300565409939736,A_same_width
2,ResDyNet,25,0.056430341871011244,0.0785251639913728,0.2802234179924526,0.2524494493749464,25.24494493749464,3.5680110410030466,A_same_width
2,Plain,25,0.2890425092392035,0.8190506448073408,0.9050141682909394,0.8153149015823018,81.53149015823018,3.573745499976212,A_same_width
2,ResDyNet,26,0.06545001630586757,0.11852895112242828,0.34428033798407404,0.3101574535681412,31.01574535681412,3.7079106659803074,A_same_width
2,Plain,26,0.2714858518586223,0.7248975931741555,0.8514091808138761,0.7670229006164867,76.70229006164867,3.7137566249875817,A_same_width
2,ResDyNet,27,0.05272628924782181,0.13333887948676099,0.3651559659744874,0.32896402166045535,32.89640216604553,3.847922290995484,A_same_width
2,Plain,27,0.2779386767468515,0.8398436835344089,0.9164298574001224,0.8255991399607175,82.55991399607176,3.8536561660002917,A_same_width
2,ResDyNet,28,0.04916427547942865,0.24014711052488363,0.490048069606323,0.44147761177727,44.147761177727,3.9861295000009704,A_same_width
2,Plain,28,0.28543411211390385,0.9293732455993386,0.964040064312339,0.8684905250052753,86.84905250052753,3.991891540994402,A_same_width
2,ResDyNet,29,0.05291119156552651,0.09435071717872029,0.30716561848410096,0.2767213097633213,27.67213097633213,4.125820665998617,A_same_width
2,Plain,29,0.32574722896181996,1.161841819494769,1.0778876655267788,0.9710542737638388,97.10542737638389,4.131810624996433,A_same_width
2,ResDyNet,30,0.020817051839029467,0.05310847437091126,0.23045275952114624,0.20761174303290109,20.761174303290108,4.265150332998019,A_same_width
2,Plain,30,0.27539003681184293,0.8555958883092752,0.924984263817107,0.833305687847288,83.3305687847288,4.271450415981235,A_same_width
2,ResDyNet,31,0.023079402866778054,0.061878634632672874,0.24875416505593004,0.22409922927920833,22.40992292792083,4.4040987079788465,A_same_width
2,Plain,31,0.27997326094712527,0.8634688415878208,0.9292302414298733,0.8371308310779301,83.71308310779301,4.409787332988344,A_same_width
2,ResDyNet,32,0.027982387553662967,0.07661625535787885,0.2767964150018545,0.24936210919409793,24.936210919409792,4.541859040997224,A_same_width
2,Plain,32,0.2563312905742899,1.068805755368689,1.0338306221856117,0.9313638852436854,93.13638852436854,4.547693957982119,A_same_width
2,ResDyNet,33,0.025073179691253673,0.09315998487064857,0.3052212064563152,0.2749696155284527,27.496961552845274,4.680413583002519,A_same_width
2,Plain,33,0.26248468345618914,0.8458476069893078,0.919699737408524,0.828544930193229,82.85449301932289,4.68596320800134,A_same_width
2,ResDyNet,34,0.03705122060274501,0.07978793006641788,0.2824675734777673,0.2544711783961616,25.447117839616162,4.819903124996927,A_same_width
2,Plain,34,0.2823050681669445,0.8802602380570164,0.938221849061839,0.8452312475668419,84.52312475668418,4.827423415990779,A_same_width
2,ResDyNet,35,0.045844896972997366,0.07047943099686242,0.2654796244476446,0.23916696717288818,23.91669671728882,4.960907500004396,A_same_width
2,Plain,35,0.2602880882283496,0.9596903697687428,0.979637876854883,0.8825423812563647,88.25423812563648,4.966694374976214,A_same_width
2,ResDyNet,36,0.03267774416270491,0.07801677399142587,0.27931482952293435,0.2516309144342139,25.163091443421393,5.100146665994544,A_same_width
2,Plain,36,0.2565836019365571,1.121820483390778,1.0591602727589333,0.9541830214383166,95.41830214383165,5.105823791003786,A_same_width
2,ResDyNet,37,0.01829470527469774,0.058514202547872735,0.24189709082143326,0.21792178477002577,21.792178477002576,5.238868832995649,A_same_width
2,Plain,37,0.27407357966707063,0.8871785415129098,0.9419015561686421,0.8485462454340028,84.85462454340028,5.244749415986007,A_same_width
2,ResDyNet,38,0.019613721827563987,0.07173029580350197,0.2678251216811111,0.24127999359066968,24.12799935906697,5.378770874987822,A_same_width
2,Plain,38,0.2682173584346657,0.775209894072069,0.8804600468346472,0.7931944289753569,79.31944289753568,5.384474040998612,A_same_width
2,ResDyNet,39,0.01631114318953685,0.076423976056938,0.27644886698436294,0.24904900793269852,24.904900793269853,5.518065332988044,A_same_width
2,Plain,39,0.25342870728846606,0.8007418138356477,0.8948417814539326,0.8061507372371917,80.61507372371916,5.523781625000993,A_same_width
2,ResDyNet,40,0.01714502716660949,0.056217712102687604,0.2371027458775786,0.21360262490158727,21.36026249015873,5.659274540987099,A_same_width
2,Plain,40,0.24948465613947232,0.6979358265608016,0.8354255362154077,0.7526234535367397,75.26234535367396,5.66519270799472,A_same_width
2,ResDyNet,41,0.014749365773945833,0.06377192429185348,0.2525310362942612,0.2275017609851861,22.750176098518608,5.800170374976005,A_same_width
2,Plain,41,0.2507849140459093,0.9203928084751485,0.9593710483828186,0.8642842723338372,86.42842723338372,5.805883875000291,A_same_width
2,ResDyNet,42,0.01748236310895302,0.05790767905800524,0.24064014431928277,0.21678941883631855,21.678941883631854,5.939004374988144,A_same_width
2,Plain,42,0.2327269178074301,0.7878098525973417,0.8875865324560427,0.799614582522796,79.9614582522796,5.944902707997244,A_same_width
2,ResDyNet,43,0.016933416270973813,0.06680485490356013,0.25846635158867415,0.23284880545661424,23.284880545661423,6.078544916003011,A_same_width
2,Plain,43,0.22995906985473805,0.7732833534409539,0.8793653128483939,0.7922081980813739,79.22081980813739,6.084138540987624,A_same_width
2,ResDyNet,44,0.017248706983842673,0.09376646113345931,0.3062130975864019,0.2758631966981644,27.58631966981644,6.21633783300058,A_same_width
2,Plain,44,0.22534938385114386,0.974046193043164,0.9869377858017009,0.889118769508688,88.9118769508688,6.222057207982289,A_same_width
2,ResDyNet,45,0.020871923798934135,0.0756927718675299,0.27512319398322255,0.2478547272348657,24.78547272348657,6.3547430409817025,A_same_width
2,Plain,45,0.23440999146104,0.8846001233513284,0.9405318300575097,0.8473122778911504,84.73122778911504,6.360448040999472,A_same_width
2,ResDyNet,46,0.02052566603789493,0.08920026873620338,0.29866414035870353,0.2690624442516333,26.90624442516333,6.4923362499976065,A_same_width
2,Plain,46,0.2019094662292532,0.8673705258512346,0.9313272925514611,0.8390200357873315,83.90200357873316,6.498197290988173,A_same_width
2,ResDyNet,47,0.017766214805998173,0.06948097372416577,0.2635924386703188,0.23746682728533972,23.746682728533973,6.655044290993828,A_same_width
2,Plain,47,0.21593645937195782,0.876649776829696,0.9362957742239875,0.8434960730558962,84.34960730558963,6.660763790976489,A_same_width
2,ResDyNet,48,0.013161641991566135,0.047021722795408234,0.21684492799096833,0.19535263349240947,19.535263349240946,6.803441625001142,A_same_width
2,Plain,48,0.22169667795200348,0.727843484088726,0.8531374356390218,0.7685798617802371,76.85798617802371,6.810169874981511,A_same_width
2,ResDyNet,49,0.014430580184235516,0.05263593598182131,0.22942522961047965,0.2066860553725962,20.668605537259623,6.945941165991826,A_same_width
2,Plain,49,0.30959947721517306,0.8912491447120385,0.9440599264411337,0.8504906917288246,85.04906917288247,6.951596290979069,A_same_width
2,ResDyNet,50,0.014769030025138172,0.06123478564654834,0.2474566338705599,0.22293030115878146,22.293030115878146,7.08443437499227,A_same_width
2,Plain,50,0.23252779721773553,0.9049711912457487,0.9512997378564491,0.8570129389359586,85.70129389359586,7.090099915978499,A_same_width
2,ResDyNet,51,0.013711528643857591,0.06106538110071703,0.24711410542645482,0.22262172196247776,22.262172196247775,7.224512499989942,A_same_width
2,Plain,51,0.23293121727573252,0.6064238105206896,0.7787321815108771,0.7015491847232647,70.15491847232647,7.23031608297606,A_same_width
2,ResDyNet,52,0.013112965913138284,0.059197603083081425,0.2433055755281441,0.21919066940218654,21.919066940218652,7.364314874983393,A_same_width
2,Plain,52,0.21564181390198411,0.718940867139918,0.8479038077163694,0.7638649578768719,76.3864957876872,7.37006179097807,A_same_width
2,ResDyNet,53,0.01305180137088875,0.05260266349077581,0.22935270543591985,0.20662071933442652,20.662071933442654,7.502351874980377,A_same_width
2,Plain,53,0.2151031727643713,0.9145524796795304,0.9563223722571434,0.8615377616575954,86.15377616575954,7.508092540985672,A_same_width
2,ResDyNet,54,0.012802326061065067,0.06437886495542616,0.2537299055204691,0.22858180589434102,22.858180589434102,7.641507874999661,A_same_width
2,Plain,54,0.2224429486103195,0.5983401154354886,0.7735244763001935,0.696857634237004,69.6857634237004,7.647351499996148,A_same_width
2,ResDyNet,55,0.013032680501901836,0.06308348653054051,0.25116426204884423,0.22627045273783372,22.627045273783374,7.782340707984986,A_same_width
2,Plain,55,0.24466825066322745,0.7026779819440694,0.8382588991141516,0.7551759914680505,75.51759914680505,7.788271040975815,A_same_width
2,ResDyNet,56,0.012723866206075874,0.05576146820042072,0.23613866307832931,0.21273409587726108,21.273409587726107,7.924085165985161,A_same_width
2,Plain,56,0.2214361493342988,0.7342596655664763,0.85688952938315,0.7719600717801517,77.19600717801517,7.929998749983497,A_same_width
2,ResDyNet,57,0.012686320875636063,0.05263715331362618,0.22942788259848929,0.20668844541325387,20.668844541325388,8.063297207991127,A_same_width
2,Plain,57,0.18315209965234996,0.9133374989871915,0.9556869251942246,0.8609652960789153,86.09652960789153,8.069017375004478,A_same_width
2,ResDyNet,58,0.010027719165367325,0.05457217062118594,0.23360687194769325,0.21045323983232245,21.045323983232244,8.20639612499508,A_same_width
2,Plain,58,0.19423681484128189,0.6706754403583349,0.8189477641207252,0.7377788537455099,73.77788537455099,8.21297162497649,A_same_width
2,ResDyNet,59,0.01036539962958372,0.056343556093538354,0.23736797613313038,0.2138415672157283,21.38415672157283,8.351814540976193,A_same_width
2,Plain,59,0.17847235702320036,0.5661172718462819,0.7524076500450284,0.6778337739227799,67.78337739227798,8.357504040992353,A_same_width
2,ResDyNet,60,0.014236992050377265,0.07900550574443305,0.2810791805602703,0.2532203941824467,25.322039418244668,8.49565395800164,A_same_width
2,Plain,60,0.14729394861784698,0.5539590172380374,0.7442842314855511,0.6705154971096783,67.05154971096783,8.501861500000814,A_same_width
2,ResDyNet,61,0.015295088036122539,0.08112423070343137,0.28482315689464466,0.25659329131879915,25.659329131879915,8.640013249998447,A_same_width
2,Plain,61,0.15513238762810178,0.7394479384895853,0.8599115876004843,0.7746826027463738,77.46826027463737,8.646613999997498,A_same_width
2,ResDyNet,62,0.02426461810835977,0.05890797202038244,0.24270964550339247,0.21865380418338246,21.865380418338244,8.788895540987141,A_same_width
2,Plain,62,0.20986883232149287,0.3945889501319187,0.6281631556625387,0.5659036061322602,56.59036061322602,8.795166707976023,A_same_width
2,ResDyNet,63,0.02335130297480621,0.06404004389772659,0.25306134413957143,0.22797950807894035,22.797950807894036,8.950641000003088,A_same_width
2,Plain,63,0.14740183289842335,0.36874801484827935,0.6072462555242967,0.5470598565257511,54.70598565257511,8.956433540995931,A_same_width
2,ResDyNet,64,0.0221036641469748,0.07263273038844924,0.2695046017945691,0.2427930142829305,24.279301428293053,9.097828999976628,A_same_width
2,Plain,64,0.12510546095387168,0.5631752018965266,0.7504499995979257,0.6760701533767876,67.60701533767876,9.103896624990739,A_same_width
2,ResDyNet,65,0.02397804783956686,0.07227001107727793,0.26883082240933226,0.2421860156386994,24.21860156386994,9.244250624993583,A_same_width
2,Plain,65,0.1570848994928869,0.442298175211118,0.665055016679912,0.5991389797743867,59.913897977438666,9.25120083297952,A_same_width
2,ResDyNet,66,0.016044934349680334,0.051296767261904706,0.22648789650200893,0.20403985209959138,20.40398520995914,9.388479957997333,A_same_width
2,Plain,66,0.11114469407308755,0.49816197996776507,0.705805908141725,0.6358509012289668,63.58509012289668,9.394258374988567,A_same_width
2,ResDyNet,67,0.013722777537699116,0.07823009835833787,0.2796964396597459,0.251974701793615,25.1974701793615,9.53689595797914,A_same_width
2,Plain,67,0.10972820744775448,0.48272411330477555,0.6947835010309151,0.6259209652305936,62.59209652305936,9.542507249978371,A_same_width
2,ResDyNet,68,0.04954568567678265,0.06875053032442727,0.2622032233295908,0.23621530216177045,23.621530216177046,9.678502499999013,A_same_width
2,Plain,68,0.10412174914712523,0.3656695746877365,0.6047061887294825,0.5447715450480012,54.47715450480012,9.68426958299824,A_same_width
2,ResDyNet,69,0.01695138978139891,0.05827581706907591,0.2414038464256026,0.2174774276316153,21.74774276316153,9.820662540994817,A_same_width
2,Plain,69,0.09547713915303752,0.37789511198080045,0.6147317398514578,0.5538034271032376,55.38034271032376,9.826307665993227,A_same_width
2,ResDyNet,70,0.011832779660163224,0.0566354158982207,0.23798196548944775,0.21439470183964676,21.439470183964676,9.95935645798454,A_same_width
2,Plain,70,0.14543069617790055,0.24276773213508054,0.49271465589637226,0.4438799029400016,44.38799029400016,9.965277915995102,A_same_width
2,ResDyNet,71,0.009163293284993492,0.04897611506030319,0.22130547905622033,0.1993710830152899,19.93710830152899,10.099944749992574,A_same_width
2,Plain,71,0.08797989767597664,0.27200414381040017,0.5215401650979531,0.46984841041887165,46.984841041887165,10.105709540977841,A_same_width
2,ResDyNet,72,0.00927194913288025,0.04664411480372221,0.21597248621924556,0.19456666261795155,19.456666261795156,10.240630707994569,A_same_width
2,Plain,72,0.12265239299512216,0.22011780233852649,0.46916713689103,0.4226662647307751,42.266626473077515,10.247537374991225,A_same_width
2,ResDyNet,73,0.012522074419418454,0.09229451474564283,0.30380012301782044,0.2736893808709285,27.368938087092847,10.382542999985162,A_same_width
2,Plain,73,0.07479633371784501,0.28000020435227474,0.5291504553076325,0.4767044169110516,47.67044169110516,10.388552207994508,A_same_width
2,ResDyNet,74,0.036493944583778776,0.09725283325599537,0.31185386522535735,0.2809448872103566,28.09448872103566,10.52211987497867,A_same_width
2,Plain,74,0.08030717351646459,0.3618135424897213,0.6015093868675045,0.5418915899193443,54.18915899193443,10.528059415984899,A_same_width
2,ResDyNet,75,0.04093060030967826,0.06320237662874516,0.25140082861586827,0.22648357232653044,22.648357232653044,10.661113957990892,A_same_width
2,Plain,75,0.119403241478738,0.2488486661542311,0.4988473375234463,0.44940475204447006,44.940475204447004,10.66690012498293,A_same_width
2,ResDyNet,76,0.028678077311932396,0.05303516528516253,0.23029365011906544,0.2074684035460251,20.74684035460251,10.802667790994747,A_same_width
2,Plain,76,0.1112249033222859,0.2591385803762441,0.5090565591132719,0.45860210031522625,45.86021003152263,10.808413582999492,A_same_width
2,ResDyNet,77,0.025577246161155736,0.0974649571054762,0.31219378133697057,0.2812511129920032,28.125111299200324,10.94145266598207,A_same_width
2,Plain,77,0.11896784609360184,0.2064736379971167,0.4543937037384174,0.4093570806109273,40.93570806109273,10.947302457992919,A_same_width
2,ResDyNet,78,0.043169270381307065,0.04998747303213586,0.223578784843589,0.201419073145428,20.141907314542802,11.0819739580038,A_same_width
2,Plain,78,0.10096734589031355,0.18648855608367085,0.43184320775447055,0.38904164682219,38.904164682219,11.087645332998363,A_same_width
2,ResDyNet,79,0.030491041880978745,0.07365930882851936,0.27140248493431185,0.2445027912781528,24.450279127815282,11.221699290996185,A_same_width
2,Plain,79,0.1026061535086151,0.27296170828264754,0.5224573746083478,0.47067471193756505,47.067471193756504,11.227351582987467,A_same_width
2,ResDyNet,80,0.03181828987186559,0.0829010888484453,0.28792549183503235,0.2593881424882279,25.93881424882279,11.360312374978093,A_same_width
2,Plain,80,0.1029757956542297,0.33759852676455554,0.581032294080592,0.5234440567478126,52.34440567478126,11.366208583000116,A_same_width
2,ResDyNet,81,0.01734581321518268,0.08109436564297703,0.28477072469440573,0.25654605586583573,25.654605586583575,11.498913582996465,A_same_width
2,Plain,81,0.09426149607291952,0.38418808521904224,0.6198290774229959,0.5583955488910308,55.839554889103084,11.504650124988984,A_same_width
2,ResDyNet,82,0.01292940020814667,0.04937324415231972,0.22220090943180165,0.2001777640089362,20.01777640089362,11.664075874985429,A_same_width
2,Plain,82,0.10337127489191351,0.28339368383950303,0.5323473338333752,0.47958444110504694,47.95844411050469,11.669815375003964,A_same_width
2,ResDyNet,83,0.01346719884686064,0.05292665494024942,0.23005793822480766,0.20725605392034854,20.725605392034854,11.806045457982691,A_same_width
2,Plain,83,0.10756745997279116,0.2650419547082923,0.5148222554516192,0.4637963373861556,46.37963373861556,11.811915457976284,A_same_width
2,ResDyNet,84,0.009096066843235153,0.059779817786604864,0.2444991161264287,0.22026591382323527,22.026591382323527,11.946537790994626,A_same_width
2,Plain,84,0.09703843050815358,0.22197842915940072,0.4711458682397636,0.42444887677307847,42.44488767730785,11.952302874997258,A_same_width
2,ResDyNet,85,0.014432632423813568,0.06517877293014322,0.25530133750167316,0.22999748750020824,22.999748750020824,12.089529541000957,A_same_width
2,Plain,85,0.09361891956980581,0.19569027695961275,0.4423689376070756,0.3985241330633333,39.852413306333325,12.09544837498106,A_same_width
2,ResDyNet,86,0.016183978923928612,0.07484525819477836,0.2735786142862383,0.24646323648504587,24.646323648504588,12.229569540999364,A_same_width
2,Plain,86,0.12580062872800035,0.2019818903004725,0.44942395385701517,0.4048799008303103,40.48799008303103,12.235332165990258,A_same_width
2,ResDyNet,87,0.016373085774872943,0.07494996582053981,0.2737699140163868,0.24663557579875325,24.663557579875324,12.36743766599102,A_same_width
2,Plain,87,0.1094717441785361,0.17608663463294844,0.4196267801665528,0.3780360340864914,37.80360340864914,12.373126749997027,A_same_width
2,ResDyNet,88,0.01511027181140984,0.04747579083655618,0.2178894004685776,0.19629358447983497,19.629358447983495,12.50673170798109,A_same_width
2,Plain,88,0.1040649630326106,0.18063493847980738,0.4250116921683536,0.38288722775019784,38.288722775019785,12.512621707981452,A_same_width
2,ResDyNet,89,0.015288216824641576,0.05195235074930702,0.2279305831811673,0.20533954882152597,20.533954882152596,12.645233207993442,A_same_width
2,Plain,89,0.07843031077187401,0.14024103141726735,0.3744876919436303,0.33737084611326196,33.737084611326196,12.650972082978114,A_same_width
2,ResDyNet,90,0.015406980095754454,0.05044661030472459,0.22460322861598536,0.20234198054592234,20.234198054592234,12.783743540989235,A_same_width
2,Plain,90,0.07192215923687897,0.323126724074138,0.5684423665369586,0.5121019630040758,51.21019630040758,12.789456415979657,A_same_width
2,ResDyNet,91,0.014523751653451747,0.0673059019840976,0.2594338104104737,0.233720375893539,23.3720375893539,12.924032082984922,A_same_width
2,Plain,91,0.08067550311376075,0.271324754647492,0.520888428214231,0.46926126956315123,46.92612695631512,12.929931791004492,A_same_width
2,ResDyNet,92,0.014158152891423859,0.0824496130357736,0.28714040648395966,0.2586808698198317,25.86808698198317,13.063473916001385,A_same_width
2,Plain,92,0.09396261996602964,0.20277800587666397,0.45030878947302816,0.4056770371497875,40.56770371497875,13.069180915976176,A_same_width
2,ResDyNet,93,0.014273859049116678,0.061768114525615966,0.24853191852479625,0.22389901041523128,22.389901041523128,13.202769208000973,A_same_width
2,Plain,93,0.08167562207137624,0.11805907860065507,0.3435972622135617,0.30954207993740535,30.954207993740535,13.208509499992942,A_same_width
2,ResDyNet,94,0.013110318525634856,0.049153241213952176,0.22170530262930604,0.19973127861063208,19.973127861063208,13.34315016597975,A_same_width
2,Plain,94,0.06306221177893888,0.20566044727750074,0.4534980124294931,0.40855016454599674,40.85501645459967,13.3489888329932,A_same_width
2,ResDyNet,95,0.01334165281020298,0.048566855535533124,0.22037889085738935,0.19853633236429863,19.853633236429864,13.484716040984495,A_same_width
2,Plain,95,0.05545849434051896,0.12200016539280735,0.34928522069049434,0.31466628403089725,31.466628403089725,13.491449416003888,A_same_width
2,ResDyNet,96,0.013454822891692234,0.04997975643272013,0.22356152717478053,0.20140352594734082,20.140352594734082,13.625484457996208,A_same_width
2,Plain,96,0.06446474073031333,0.3033079357127809,0.5507339972371244,0.49614873500086965,49.614873500086965,13.631402665982023,A_same_width
2,ResDyNet,97,0.013245635527021273,0.06857836288518629,0.2618747083725083,0.23591934752449906,23.591934752449905,13.764747040986549,A_same_width
2,Plain,97,0.0814484589074636,0.22282093125648827,0.4720391204725391,0.4252535955076247,42.525359550762474,13.770391957979882,A_same_width
2,ResDyNet,98,0.013422630349511789,0.07259189132786278,0.2694288242335307,0.24272474731332405,24.272474731332405,13.90338416598388,A_same_width
2,Plain,98,0.04670971023511575,0.15798282346640466,0.3974705315698318,0.3580757723834267,35.80757723834267,13.909056415985106,A_same_width
2,ResDyNet,99,0.013492625895161198,0.05213062010474161,0.2283213089151812,0.20569154829792624,20.569154829792623,14.040794915985316,A_same_width
2,Plain,99,0.1146643796644052,0.15847327749717743,0.39808702251791306,0.3586311606571931,35.86311606571931,14.04669979098253,A_same_width
2,ResDyNet,100,0.013121418893183447,0.05351690042119994,0.231337200685925,0.20840852399664964,20.840852399664964,14.179823624988785,A_same_width
2,Plain,100,0.11673743971506376,0.16985789739718454,0.4121382018172843,0.37128967614675307,37.128967614675304,14.18555599998217,A_same_width
3,ResDyNet,0,1.1565438972258426,2.649601412472994,1.6277596298203842,1.4664264150613933,146.6426415061393,0.006143624981632456,A_same_width
3,Plain,0,0.9962472926694587,2.314770386965099,1.521436948074122,1.3706417634601682,137.0641763460168,0.01311283398536034,A_same_width
3,ResDyNet,1,0.9395184826294005,1.5745970789392734,1.2548295019401134,1.13045875713625,113.04587571362501,0.14704870898276567,A_same_width
3,Plain,1,0.9757699029785737,2.3592981889774123,1.536000712557586,1.3837620599400857,138.37620599400856,0.15410166699439287,A_same_width
3,ResDyNet,2,0.49397905237829276,0.8995406390259327,0.9484411626589879,0.8544376875891374,85.44376875891373,0.28634241700638086,A_same_width
3,Plain,2,0.9435934033708403,2.197176756719496,1.4822876767751583,1.335372719731924,133.53727197319242,0.2933789999806322,A_same_width
3,ResDyNet,3,0.30460956779889403,0.7622878854624531,0.8730909949498122,0.7865557507946772,78.65557507946772,0.42564724999829195,A_same_width
3,Plain,3,0.9316874190674724,2.249890611848906,1.4999635368397812,1.3512966606092096,135.12966606092095,0.4324155419890303,A_same_width
3,ResDyNet,4,0.19319233904571761,0.5912680757568203,0.7689395787425826,0.6927271626577494,69.27271626577493,0.5856630000052974,A_same_width
3,Plain,4,0.9163161313108893,2.319146991291039,1.5228745816025162,1.371936907867606,137.1936907867606,0.5924682499899063,A_same_width
3,ResDyNet,5,0.14380038842881748,0.4588647867365781,0.6773955910223938,0.6102564346254086,61.025643462540856,0.7256094169861171,A_same_width
3,Plain,5,0.8972193521551669,2.079101505392641,1.441908979579724,1.2989961030076942,129.8996103007694,0.7328045419999398,A_same_width
3,ResDyNet,6,0.10616229434399752,0.3049539558174535,0.552226362841773,0.49749318678815674,49.749318678815676,0.8663207920035347,A_same_width
3,Plain,6,0.799201497405181,1.3587949046314105,1.165673584084074,1.0501394086231244,105.01394086231244,0.8734145000053104,A_same_width
3,ResDyNet,7,0.08451755556023785,0.23819181373437895,0.4880489870232075,0.43967666558591295,43.9676665585913,1.00701020899578,A_same_width
3,Plain,7,0.35076877934995504,1.1175911765926358,1.0571618497621997,0.9523826694593209,95.2382669459321,1.013715000008233,A_same_width
3,ResDyNet,8,0.07123700527095227,0.19800856971780093,0.44498153862581863,0.40087778963259213,40.08777896325921,1.150834500003839,A_same_width
3,Plain,8,0.3264480056834921,0.9794951951907511,0.9896944958878731,0.8916022519682419,89.1602251968242,1.157636083982652,A_same_width
3,ResDyNet,9,0.054809076617111006,0.1565150752186155,0.39561986201228005,0.35640852945945556,35.640852945945554,1.2905480419867672,A_same_width
3,Plain,9,0.3206480953994325,1.0592731469359518,1.0292099625129714,0.9272011960635167,92.72011960635167,1.297700041992357,A_same_width
3,ResDyNet,10,0.04672911570860847,0.10242869946358989,0.3200448397702889,0.28832402428792897,28.832402428792896,1.4300557090027723,A_same_width
3,Plain,10,0.3391065392746168,1.1969109469647718,1.0940342531039748,0.9856005139472958,98.56005139472957,1.437047541985521,A_same_width
3,ResDyNet,11,0.04448795506735072,0.0881185578165926,0.2968477013833737,0.2674260391915909,26.74260391915909,1.5692517499846872,A_same_width
3,Plain,11,0.3964785048073878,1.3067767377142512,1.1431433583388617,1.0298422360155686,102.98422360155686,1.576227666984778,A_same_width
3,ResDyNet,12,0.03753687906462907,0.10987311538493415,0.3314711380873667,0.2986178203568138,29.86178203568138,1.7087537089828402,A_same_width
3,Plain,12,0.40914044726258064,1.390412342556726,1.1791574714840787,1.0622868585898386,106.22868585898387,1.7147844169812743,A_same_width
3,ResDyNet,13,0.0349586432381195,0.10595629204340491,0.325509281040349,0.29324686478302836,29.324686478302837,1.8473906249855645,A_same_width
3,Plain,13,0.4269982371409617,1.3277965836322017,1.1523005613259945,1.0380918350978927,103.80918350978928,1.8530929590051528,A_same_width
3,ResDyNet,14,0.029724167255394104,0.08069709710110712,0.28407234483685156,0.2559168949921401,25.59168949921401,1.9859329169848934,A_same_width
3,Plain,14,0.4026752790978559,1.2680445338921873,1.1260748349431255,1.014465436446972,101.4465436446972,1.9919624169997405,A_same_width
3,ResDyNet,15,0.02711398126744832,0.0792913796753308,0.2815872505553666,0.2536781075007156,25.367810750071563,2.124605499993777,A_same_width
3,Plain,15,0.3947527570098086,1.2031859726999077,1.0968983420080038,0.9881807325170461,98.8180732517046,2.1310452499892563,A_same_width
3,ResDyNet,16,0.030819821701763853,0.10021320091647655,0.31656468678056393,0.28518880199890423,28.518880199890422,2.267791374993976,A_same_width
3,Plain,16,0.3737532503436986,1.1178398926617257,1.0572794770833895,0.9524886383061738,95.24886383061738,2.2738037089875434,A_same_width
3,ResDyNet,17,0.02799429404960224,0.10870703094758503,0.3297074930109794,0.29702897659915606,29.702897659915607,2.4157920840079896,A_same_width
3,Plain,17,0.3392888046846791,1.0452708616270936,1.0223848891817082,0.9210525807309201,92.10525807309202,2.4214952919865027,A_same_width
3,ResDyNet,18,0.029373614649673405,0.07464525764706571,0.27321284312247424,0.24613371824010047,24.61337182401005,2.5600042089936323,A_same_width
3,Plain,18,0.3345916424324267,1.019288175580796,1.0095980267318256,0.9095330710203042,90.95330710203042,2.5669645000016317,A_same_width
3,ResDyNet,19,0.027541122566568765,0.10466650404369761,0.3235220302293147,0.29145657767351546,29.145657767351548,2.702097125002183,A_same_width
3,Plain,19,0.3001398659470329,1.063185507554225,1.0311088727938602,0.9289118983961666,92.89118983961666,2.7081344589823857,A_same_width
3,ResDyNet,20,0.020978179269549983,0.08914119165127331,0.298565221771179,0.2689733298473754,26.897332984737538,2.842659708985593,A_same_width
3,Plain,20,0.3051074925409965,1.049966991929476,1.0246789701801613,0.9231192869649316,92.31192869649317,2.8485222089802846,A_same_width
3,ResDyNet,21,0.026346800286402117,0.0917403306726236,0.30288666308146284,0.2728664572922654,27.28664572922654,2.983818666980369,A_same_width
3,Plain,21,0.33361089923656734,1.0953780993808686,1.0466031241023832,0.9428704577461886,94.28704577461886,2.9895090000063647,A_same_width
3,ResDyNet,22,0.03102015969903159,0.14451036284885796,0.3801451865391142,0.34246760571209794,34.2467605712098,3.1231209999823477,A_same_width
3,Plain,22,0.32098963289617516,0.9429235140649422,0.9710424882902613,0.8747989131128104,87.47989131128105,3.12888141698204,A_same_width
3,ResDyNet,23,0.03176966191114825,0.10376368523761101,0.3221237110763674,0.2901968510498773,29.01968510498773,3.2636407089885324,A_same_width
3,Plain,23,0.2980652705637498,0.8403140331603738,0.9166864421165908,0.8258302936267977,82.58302936267977,3.2694058750057593,A_same_width
3,ResDyNet,24,0.030882206008967822,0.09202087212381999,0.30334942248802776,0.27328335092027595,27.328335092027594,3.4078498339804355,A_same_width
3,Plain,24,0.2897380952534679,0.6860963458803953,0.8283093298281718,0.746212560410939,74.6212560410939,3.413933874981012,A_same_width
3,ResDyNet,25,0.028648759850937875,0.0774458658763733,0.2782909734008153,0.250708536439827,25.070853643982698,3.5488483749795705,A_same_width
3,Plain,25,0.3121004163366657,0.729942798481786,0.854366899219408,0.7696874687251477,76.96874687251477,3.5545000419951975,A_same_width
3,ResDyNet,26,0.029138187540889694,0.06865055887013674,0.26201251662876096,0.23604349710007536,23.604349710007536,3.6871673339919653,A_same_width
3,Plain,26,0.3161006030853514,0.6913307773153256,0.8314630342446533,0.7490536896396658,74.90536896396658,3.6939266249828506,A_same_width
3,ResDyNet,27,0.025208448214856384,0.09046814864895907,0.3007792357343822,0.2709679047830581,27.09679047830581,3.8272977499873377,A_same_width
3,Plain,27,0.3097614088595799,0.7478513770775844,0.8647840060255418,0.7790720979475324,77.90720979475324,3.8335047919827048,A_same_width
3,ResDyNet,28,0.02857853544392297,0.08100176475469516,0.2846080897562386,0.2563995402716589,25.63995402716589,3.9664650420018006,A_same_width
3,Plain,28,0.29588640669101124,0.8044399958813903,0.8969057898583275,0.8080101742140428,80.80101742140428,3.9720999590063,A_same_width
3,ResDyNet,29,0.019920571222410526,0.06343173141173104,0.25185656912562565,0.22689414272628627,22.68941427262863,4.104374041984556,A_same_width
3,Plain,29,0.2747159949619675,0.9824157549822914,0.9911688831789925,0.8929305073384571,89.29305073384572,4.110773958993377,A_same_width
3,ResDyNet,30,0.025122045871744565,0.11650648761791192,0.34133046687618135,0.30749995498272803,30.749995498272803,4.24316058398108,A_same_width
3,Plain,30,0.27674860337249607,0.8301423135887024,0.9111214592954676,0.8208168766217585,82.08168766217585,4.248990874999436,A_same_width
3,ResDyNet,31,0.017464501193677495,0.10227006543317488,0.31979691279494066,0.28810067026255787,28.810067026255787,4.3818492499995045,A_same_width
3,Plain,31,0.2681530530223136,1.0171844013231506,1.008555601503036,0.9085939643713745,90.85939643713745,4.387544750003144,A_same_width
3,ResDyNet,32,0.021998831452091226,0.08594301981722484,0.29316039946968425,0.26410419926665235,26.410419926665234,4.524067083984846,A_same_width
3,Plain,32,0.2679060635970947,0.8861588195073373,0.9413600902456707,0.8480584461805046,84.80584461805046,4.52997845900245,A_same_width
3,ResDyNet,33,0.017138750036223203,0.09632726220584402,0.31036633549056836,0.2796047919921673,27.96047919921673,4.662044333992526,A_same_width
3,Plain,33,0.2617274555126668,0.8702717274830584,0.9328835551573724,0.8404220515102135,84.04220515102135,4.667855249979766,A_same_width
3,ResDyNet,34,0.015925375433240626,0.0926828542632558,0.3044385886566547,0.27426456584341663,27.426456584341665,4.800580042006914,A_same_width
3,Plain,34,0.25691506778421397,0.8376292875061544,0.9152208954706805,0.8245100026730869,82.4510002673087,4.806250458990689,A_same_width
3,ResDyNet,35,0.018277584254363325,0.08125357083580298,0.2850501198663193,0.25679775915963216,25.679775915963216,4.938942374981707,A_same_width
3,Plain,35,0.261670699179186,1.015315205675474,1.0076285057874623,0.9077587565054825,90.77587565054826,4.944635041989386,A_same_width
3,ResDyNet,36,0.01743651458243499,0.054427304605152,0.23329660221518875,0.21017372206864082,21.01737220686408,5.076601292006671,A_same_width
3,Plain,36,0.26467945696913603,1.0517335754938444,1.025540625959715,0.9238955408863828,92.38955408863828,5.082975833996898,A_same_width
3,ResDyNet,37,0.014251823302626919,0.06781693159517008,0.26041684199600085,0.23460597562057964,23.460597562057963,5.215924374992028,A_same_width
3,Plain,37,0.2702461048331888,1.0049505962818919,1.002472242150321,0.9031135490301264,90.31135490301264,5.2216362500039395,A_same_width
3,ResDyNet,38,0.016344667989659528,0.05399859959177407,0.23237598755416633,0.20934435289626183,20.934435289626183,5.353633833990898,A_same_width
3,Plain,38,0.26851229590170683,1.0159404918813533,1.0079387341904036,0.9080382370359252,90.80382370359253,5.36024016700685,A_same_width
3,ResDyNet,39,0.018090625783500524,0.07189430434318203,0.2681311327376626,0.2415556747713594,24.15556747713594,5.4919669999799225,A_same_width
3,Plain,39,0.265910932312537,1.045151932729877,1.022326725039445,0.9210001814496862,92.10001814496862,5.498065083986148,A_same_width
3,ResDyNet,40,0.01180299938838205,0.05937656484376786,0.24367306959072818,0.21952173978314382,21.95217397831438,5.630101708986331,A_same_width
3,Plain,40,0.2665303797209442,1.040368742683734,1.019984677671059,0.9188902629682301,91.889026296823,5.635844792006537,A_same_width
3,ResDyNet,41,0.012743180810351725,0.07564497822321078,0.27503632164354364,0.2477764651307383,24.77764651307383,5.768085333984345,A_same_width
3,Plain,41,0.2589385040600938,0.978845590036849,0.9893662567708932,0.8913065458315509,89.13065458315509,5.773739083990222,A_same_width
3,ResDyNet,42,0.015624691206535342,0.058049863616787295,0.240935393034704,0.2170554043708992,21.705540437089923,5.906034624989843,A_same_width
3,Plain,42,0.266882799449579,1.0787239883001931,1.0386163816829548,0.9356753106006401,93.56753106006401,5.911727208993398,A_same_width
3,ResDyNet,43,0.013960243739684016,0.05683956344084014,0.23841049356276275,0.21478075692713766,21.478075692713766,6.044221499993,A_same_width
3,Plain,43,0.2612317665270753,0.9387605916438314,0.9688965845970515,0.8728656977889682,87.28656977889682,6.050174667005194,A_same_width
3,ResDyNet,44,0.013848279704787506,0.059132189607692016,0.24317111178693082,0.21906953285452263,21.906953285452264,6.184493459004443,A_same_width
3,Plain,44,0.25878430061504043,0.8633354685517457,0.9291584733250543,0.8370661761726618,83.70661761726618,6.191795249993447,A_same_width
3,ResDyNet,45,0.013525473649670038,0.07006302828287081,0.26469421656483316,0.23845940394005433,23.84594039400543,6.324961916980101,A_same_width
3,Plain,45,0.24931904555714837,1.1169459861467612,1.0568566535470936,0.9521077223581584,95.21077223581584,6.330844833981246,A_same_width
3,ResDyNet,46,0.012055195367396554,0.08106184874597201,0.284713625852315,0.256494616298975,25.649461629897502,6.463094125007046,A_same_width
3,Plain,46,0.24932103850936044,1.1815990613222782,1.0870138275671926,0.9792759084812879,97.92759084812879,6.468860249995487,A_same_width
3,ResDyNet,47,0.012220287969904245,0.05520314741783767,0.23495350054391118,0.21166639913950402,21.1666399139504,6.602442959003383,A_same_width
3,Plain,47,0.25571988425807807,0.9716171261002976,0.9857064096881473,0.8880094395887722,88.80094395887723,6.608145334001165,A_same_width
3,ResDyNet,48,0.015758019563470713,0.0741873409706824,0.27237353206705384,0.24537759437538872,24.537759437538874,6.74161916700541,A_same_width
3,Plain,48,0.26287770106833347,1.0986026860886764,1.0481424932177286,0.9442572543541873,94.42572543541873,6.747502291982528,A_same_width
3,ResDyNet,49,0.035116897953187474,0.07403663192981189,0.272096732670225,0.24512822957990743,24.512822957990743,6.881003499991493,A_same_width
3,Plain,49,0.2503687074024818,1.1751938064984564,1.0840635620195231,0.976618054550468,97.6618054550468,6.8867842920008115,A_same_width
3,ResDyNet,50,0.01416873288455029,0.09521164914218526,0.30856384937672987,0.2779809568744443,27.79809568744443,7.02009866698063,A_same_width
3,Plain,50,0.2691424539736012,1.1991507680040896,1.0950574268065076,0.9865222771591994,98.65222771591993,7.025831125007244,A_same_width
3,ResDyNet,51,0.02290046880169815,0.07950238489531063,0.28196167274172323,0.2540154193337404,25.401541933374038,7.158884042000864,A_same_width
3,Plain,51,0.3001050135324469,1.1274073825642532,1.0617944163369166,0.9565560854049203,95.65560854049203,7.164721459004795,A_same_width
3,ResDyNet,52,0.019898754616622206,0.1013122623084143,0.3182958722767455,0.28674840336415736,28.674840336415734,7.297706334007671,A_same_width
3,Plain,52,0.2802090592836163,1.2368989848490484,1.1121596040357915,1.0019293950067225,100.19293950067225,7.303381667006761,A_same_width
3,ResDyNet,53,0.017989329257530603,0.056924287860084695,0.23858811340903952,0.2149407722203343,21.494077222033432,7.460033666982781,A_same_width
3,Plain,53,0.25580182663679907,1.1551035133558278,1.074757420702843,0.9682342789615748,96.82342789615748,7.4660785000014585,A_same_width
3,ResDyNet,54,0.022428173557382816,0.05374562138612007,0.23183101903351946,0.20885339820036383,20.885339820036382,7.602471666992642,A_same_width
3,Plain,54,0.2560301605644337,1.1693718540514386,1.0813749830893253,0.9741959505186494,97.41959505186493,7.609197124984348,A_same_width
3,ResDyNet,55,0.012879287112520465,0.059605458931214696,0.2441422923854339,0.21994445618923955,21.994445618923955,7.744162583985599,A_same_width
3,Plain,55,0.2534324295943579,1.239713151144662,1.1134240661781396,1.003068531678019,100.3068531678019,7.7500699590018485,A_same_width
3,ResDyNet,56,0.013093446379285854,0.05809542122684435,0.2410299177007791,0.217140560351345,21.714056035134497,7.88282599998638,A_same_width
3,Plain,56,0.24677473290965385,1.3119897368760187,1.1454212050053982,1.0318943169617198,103.18943169617198,7.888490124983946,A_same_width
3,ResDyNet,57,0.011863021227838652,0.07500248954583806,0.27386582398290965,0.246721979777449,24.6721979777449,8.022296209004708,A_same_width
3,Plain,57,0.24582637133050503,1.0862067082577813,1.0422124103357153,0.9389149236916144,93.89149236916144,8.02802604198223,A_same_width
3,ResDyNet,58,0.011694455259593459,0.06903327591947198,0.2627418427267952,0.2367005370190891,23.670053701908913,8.160031959007028,A_same_width
3,Plain,58,0.24482793994576343,1.1105807230771636,1.0538409382241534,0.9493909056188511,94.93909056188511,8.165882959001465,A_same_width
3,ResDyNet,59,0.016503221723821477,0.06887626463921726,0.262442878812166,0.23643120451229216,23.643120451229215,8.298690374998841,A_same_width
3,Plain,59,0.2378042726499424,1.145369994452457,1.0702196010410465,0.9641462192155682,96.41462192155682,8.304393833997892,A_same_width
3,ResDyNet,60,0.016652471642610123,0.06827975470516613,0.2613039508028268,0.2354051598266081,23.54051598266081,8.436411208997015,A_same_width
3,Plain,60,0.23517190642952468,1.01418811384733,1.007069071040974,0.9072547693843348,90.72547693843347,8.442081374989357,A_same_width
3,ResDyNet,61,0.01694742397620547,0.06766372142351279,0.260122512335078,0.2343408180496421,23.43408180496421,8.574429333995795,A_same_width
3,Plain,61,0.23003757361250837,1.0773046519754605,1.0379328745036744,0.9350595483196383,93.50595483196383,8.580252041982021,A_same_width
3,ResDyNet,62,0.02283297497060723,0.13274761950207745,0.36434546724513733,0.3282338544267196,32.82338544267196,8.715141708991723,A_same_width
3,Plain,62,0.23774558453930056,0.9110196689826228,0.9544735035518915,0.8598721410968614,85.98721410968614,8.721288708999055,A_same_width
3,ResDyNet,63,0.0370134005687001,0.10182333361476537,0.31909768663336524,0.28747074696513014,28.747074696513014,8.85406279200106,A_same_width
3,Plain,63,0.2551159291142885,0.8618521072585501,0.9283599017937764,0.8363467539887419,83.6346753988742,8.859808000008343,A_same_width
3,ResDyNet,64,0.032488715602711105,0.05663401863556055,0.23797902982313493,0.2143920571379672,21.43920571379672,8.992310999979964,A_same_width
3,Plain,64,0.2473862882703624,1.0200032431796462,1.0099520994481106,0.9098520502937183,90.98520502937183,8.998166292003589,A_same_width
3,ResDyNet,65,0.024498539683732744,0.0612868864409819,0.24756188406332244,0.2230251196197076,22.30251196197076,9.130216083984124,A_same_width
3,Plain,65,0.22835985908999132,0.9393984756603078,0.9692257093475739,0.8731622017808196,87.31622017808196,9.135902833979344,A_same_width
3,ResDyNet,66,0.025700657296794712,0.06500913981601963,0.25496889970351216,0.2296979988289958,22.96979988289958,9.268148167000618,A_same_width
3,Plain,66,0.23717219221477245,0.9482161473795117,0.9737639074126293,0.8772506024251532,87.72506024251531,9.273871916986536,A_same_width
3,ResDyNet,67,0.030367369252908113,0.05744659758374286,0.23968019856413433,0.21592461681851013,21.592461681851013,9.405775708990404,A_same_width
3,Plain,67,0.2487312143407687,0.9023356226757323,0.9499134816791118,0.8557640796822655,85.57640796822655,9.411456625006394,A_same_width
3,ResDyNet,68,0.03021054357682979,0.07245478158802052,0.2691742587767644,0.24249541277072606,24.249541277072606,9.543104334006784,A_same_width
3,Plain,68,0.24515608564965152,1.0056170082458573,1.0028045713128044,0.9034129398329409,90.3412939832941,9.548972583987052,A_same_width
3,ResDyNet,69,0.021669301796273986,0.10218756816067277,0.31966790292532155,0.28798444703331244,28.798444703331246,9.70079112498206,A_same_width
3,Plain,69,0.23281949416616013,1.0190495148872156,1.0094798239128981,0.9094265837154009,90.94265837154009,9.706496083992533,A_same_width
3,ResDyNet,70,0.023027724600665184,0.11650424466086061,0.34132718125115763,0.3074969950080263,30.74969950080263,9.83944820900797,A_same_width
3,Plain,70,0.2396369002866274,1.0647911325031252,1.031887170432468,0.9296130561071243,92.96130561071243,9.845164541999111,A_same_width
3,ResDyNet,71,0.02950709460154053,0.07089076782296483,0.2662532024651813,0.2398638730416938,23.98638730416938,9.977354250004282,A_same_width
3,Plain,71,0.24496020482652864,0.9363239117522109,0.9676383165998599,0.8717321413384301,87.17321413384302,9.98325483399094,A_same_width
3,ResDyNet,72,0.0266986833161382,0.05274260599495614,0.22965758423129887,0.20689538047649284,20.689538047649283,10.115499459003331,A_same_width
3,Plain,72,0.21508632787173665,0.8629507968848038,0.9289514502302065,0.8368796718944803,83.68796718944803,10.122296958987135,A_same_width
3,ResDyNet,73,0.021106158251808796,0.06408286039145372,0.25314592706866473,0.22805570768434483,22.80557076843448,10.254723916994408,A_same_width
3,Plain,73,0.2068709170056797,0.8486221489950322,0.9212068980392148,0.8299027106173752,82.99027106173752,10.260440124984598,A_same_width
3,ResDyNet,74,0.0226148675350924,0.058281782488141205,0.2414162017929642,0.21748855841329517,21.74885584132952,10.39232883398654,A_same_width
3,Plain,74,0.25517108911041336,0.7045638713980344,0.8393830302061357,0.7561887058130174,75.61887058130175,10.398170458996901,A_same_width
3,ResDyNet,75,0.027138838961865253,0.04873321481211235,0.22075600742021123,0.19887607152427533,19.887607152427535,10.531783916987479,A_same_width
3,Plain,75,0.23097759836042034,0.6662644304707028,0.816250225403156,0.7353486779636403,73.53486779636404,10.538399624987505,A_same_width
3,ResDyNet,76,0.015860888815350485,0.05804797370131722,0.24093147096491405,0.21705187103180154,21.705187103180155,10.672124167002039,A_same_width
3,Plain,76,0.22973608461604003,0.9437590615081267,0.9714726251975022,0.8751864175768083,87.51864175768083,10.678210209007375,A_same_width
3,ResDyNet,77,0.011147616833164432,0.05563670604094925,0.23587434375308658,0.21249597420779204,21.249597420779203,10.81141066699638,A_same_width
3,Plain,77,0.2218309593068393,0.7368591769825628,0.8584050191969772,0.7733253558516076,77.33253558516076,10.817408292001346,A_same_width
3,ResDyNet,78,0.008832655918610531,0.04260628829594626,0.20641290729008752,0.18595456854597328,18.595456854597327,10.950555458985036,A_same_width
3,Plain,78,0.19476871009954586,0.7609296612245683,0.8723128230311464,0.7858547063430977,78.58547063430977,10.957316499989247,A_same_width
3,ResDyNet,79,0.009742694472678254,0.04664894378460424,0.2159836655504398,0.19457673392471309,19.457673392471307,11.091514750005445,A_same_width
3,Plain,79,0.17267775477279915,0.6708364368179065,0.8190460529285923,0.7378674007898773,73.78674007898773,11.09766599998693,A_same_width
3,ResDyNet,80,0.008923960238831286,0.04940156619727753,0.22226463100834898,0.20023516990680126,20.023516990680125,11.234371833998011,A_same_width
3,Plain,80,0.17204317250077605,0.47371995596394323,0.6882731695801771,0.6200558965587403,62.005589655874026,11.24010791699402,A_same_width
3,ResDyNet,81,0.008556553899698626,0.049884442358508835,0.22334825353807636,0.2012113906413843,20.12113906413843,11.375205541989999,A_same_width
3,Plain,81,0.15151215850572347,0.39397703895600783,0.6276759028001695,0.5654646466844999,56.54646466844999,11.381084833992645,A_same_width
3,ResDyNet,82,0.007342993930406162,0.05206876660525161,0.22818581595982604,0.2055694845453011,20.55694845453011,11.5165904169844,A_same_width
3,Plain,82,0.22009344875007303,0.6489655694539233,0.8055839927989652,0.7257396147128824,72.57396147128824,11.522305791993858,A_same_width
3,ResDyNet,83,0.010185386991012693,0.05438613931561997,0.23320836030387068,0.2100942261361323,21.00942261361323,11.669581083988305,A_same_width
3,Plain,83,0.151336344823254,0.6845127559065431,0.827352860577966,0.7453508903289437,74.53508903289438,11.675217791984323,A_same_width
3,ResDyNet,84,0.007768541402222746,0.056464761601043766,0.237623150389527,0.2140714502175969,21.407145021759693,11.80863041698467,A_same_width
3,Plain,84,0.1470412360902366,0.6255506482382952,0.790917598892764,0.7125268607879542,71.25268607879542,11.814594833995216,A_same_width
3,ResDyNet,85,0.009317556140136088,0.06491134837718153,0.25477705622206553,0.22952516965717162,22.952516965717162,11.947134666988859,A_same_width
3,Plain,85,0.1194932085398733,0.43104359611028015,0.6565391047837746,0.5914671110758066,59.146711107580664,11.952799333987059,A_same_width
3,ResDyNet,86,0.009063170163758036,0.06116860945659444,0.24732288502399943,0.22280980864994468,22.28098086499447,12.085029666981427,A_same_width
3,Plain,86,0.11008336339733409,0.475546552292112,0.6895988343175414,0.6212501698118501,62.12501698118501,12.090721249987837,A_same_width
3,ResDyNet,87,0.00836451487541522,0.048590842470419844,0.22043330617313672,0.19858535437893396,19.858535437893394,12.223009374982212,A_same_width
3,Plain,87,0.0993093101886234,0.4641081128051093,0.6812548075464196,0.6137331500744195,61.37331500744195,12.22868570900755,A_same_width
3,ResDyNet,88,0.008135218975594872,0.05497640759725598,0.2344704834243662,0.21123125561459316,21.123125561459315,12.360547791991848,A_same_width
3,Plain,88,0.12488879059433666,0.44893649602551194,0.6700272352863814,0.6036183835956936,60.36183835956936,12.366430666996166,A_same_width
3,ResDyNet,89,0.00703845446866714,0.06295886480636971,0.2509160513127243,0.22604684307625966,22.604684307625966,12.509925833990565,A_same_width
3,Plain,89,0.10531947564423995,0.3715912577146737,0.6095828554960135,0.5491648675219603,54.91648675219602,12.515836250007851,A_same_width
3,ResDyNet,90,0.006440531658140787,0.05429658794894875,0.2330162825833181,0.2099211859414973,20.99211859414973,12.652800833981019,A_same_width
3,Plain,90,0.20394476675433923,0.4809323197545228,0.693492840449361,0.6247582267432911,62.47582267432911,12.658534874994075,A_same_width
3,ResDyNet,91,0.009091846398493472,0.04766699931821561,0.21832773373581196,0.1966884729325874,19.66884729325874,12.792476125003304,A_same_width
3,Plain,91,0.10466152831128407,0.2250899859211894,0.4744364930327234,0.42741335569862143,42.741335569862144,12.798643124988303,A_same_width
3,ResDyNet,92,0.007188179523931882,0.04423340483182504,0.2103173907023027,0.18947206431620148,18.94720643162015,12.932508541998686,A_same_width
3,Plain,92,0.08330807720819008,0.3756278334519761,0.6128848451805413,0.5521395849230707,55.21395849230707,12.938240374991437,A_same_width
3,ResDyNet,93,0.010570921654396468,0.05717926001713119,0.2391218518185471,0.21542160986251194,21.542160986251194,13.073048249993008,A_same_width
3,Plain,93,0.07748737705068266,0.2743665978983904,0.5238001507239096,0.47188440059754894,47.188440059754896,13.07875783398049,A_same_width
3,ResDyNet,94,0.010190422555640266,0.07775175107757794,0.27884000982208046,0.25120315585182384,25.120315585182386,13.210953500005417,A_same_width
3,Plain,94,0.06423032371711195,0.4215060781430007,0.6492349945458892,0.5848869379377508,58.488693793775084,13.21683491699514,A_same_width
3,ResDyNet,95,0.011537716721695424,0.05378631808945555,0.23191877476706269,0.20893245614195627,20.893245614195628,13.349002417002339,A_same_width
3,Plain,95,0.13164120910856406,0.3638233889331863,0.6031777424053264,0.543394588633378,54.339458863337796,13.354692333989078,A_same_width
3,ResDyNet,96,0.01077135037253578,0.051235052602633634,0.22635161276790947,0.20391707594519767,20.39170759451977,13.486239499994554,A_same_width
3,Plain,96,0.12249093128080946,0.23136364985250707,0.48100275451654856,0.43332881097327025,43.332881097327025,13.491768666979624,A_same_width
3,ResDyNet,97,0.01070885113940414,0.054683105433478894,0.23384419050615496,0.21066703687983304,21.066703687983303,13.62665120899328,A_same_width
3,Plain,97,0.09723482872006227,0.19541118870883506,0.44205337766929803,0.39823984942598617,39.823984942598614,13.633311374986079,A_same_width
3,ResDyNet,98,0.011825667055159318,0.05677448538100302,0.23827397126208102,0.21465776585136886,21.465776585136886,13.76752008398762,A_same_width
3,Plain,98,0.10368326232340168,0.19988868616660013,0.44708912552935137,0.4027764858840276,40.27764858840276,13.773123374994611,A_same_width
3,ResDyNet,99,0.01007209357876451,0.06666361638345034,0.2581929828315447,0.23260253127757505,23.260253127757505,13.905527041992173,A_same_width
3,Plain,99,0.09070551859683582,0.18204837446809433,0.4266712721382755,0.384382320674986,38.4382320674986,13.911226249998435,A_same_width
3,ResDyNet,100,0.009489950589872953,0.05723826404823654,0.23924519649981804,0.21553272940096188,21.55327294009619,14.044395834003808,A_same_width
3,Plain,100,0.08814219304641471,0.3537667206181656,0.5947829189024897,0.5358318068142365,53.58318068142365,14.050317874993198,A_same_width
4,ResDyNet,0,1.3714523363179842,2.8045209863789315,1.6746704112687163,1.5086876972597953,150.86876972597955,0.006112707982538268,A_same_width
4,Plain,0,1.010854416401144,2.157536367581024,1.4688554617732217,1.3232718207227767,132.32718207227768,0.01238283299608156,A_same_width
4,ResDyNet,1,1.111597330650791,2.123307320168908,1.4571572736561103,1.3127330828470976,131.27330828470974,0.14633133300230838,A_same_width
4,Plain,1,0.9699440549027327,2.2706556134780773,1.5068694745989373,1.3575181256002744,135.75181256002745,0.1532348750042729,A_same_width
4,ResDyNet,2,0.8438491773474197,1.8006314537859267,1.3418760947963588,1.2088778435707612,120.88778435707613,0.2854902499821037,A_same_width
4,Plain,2,0.929375916646117,2.322386030669946,1.5239376728298129,1.37289463223229,137.28946322322898,0.2925593330000993,A_same_width
4,ResDyNet,3,0.5807282543758595,0.6189688966072814,0.7867457636411406,0.7087685113976699,70.876851139767,0.4273182079778053,A_same_width
4,Plain,3,0.9155652797044094,2.1476877545540627,1.4654991486022988,1.3202481640348398,132.02481640348398,0.43713891599327326,A_same_width
4,ResDyNet,4,0.30537732123318706,0.7831902121788628,0.8849803456455193,0.7972667044261033,79.72667044261033,0.5796810000028927,A_same_width
4,Plain,4,0.9085889984065382,2.180567399689593,1.4766744393025812,1.3303158307705558,133.0315830770556,0.5871703329903539,A_same_width
4,ResDyNet,5,0.19229341007196948,0.4669506375068609,0.6833378648273933,0.6156097479239699,61.56097479239699,0.7385546659934334,A_same_width
4,Plain,5,0.8957460610830406,2.169511214767966,1.4729260724041673,1.326938978235036,132.6938978235036,0.7453356659971178,A_same_width
4,ResDyNet,6,0.1309401456654154,0.39418550130873603,0.6278419397497559,0.5656142271042924,56.56142271042924,0.8799830409989227,A_same_width
4,Plain,6,0.5766642130938169,1.0652145355476275,1.0320923096058934,0.929797863186231,92.9797863186231,0.8871380829950795,A_same_width
4,ResDyNet,7,0.08662637750924385,0.20569802170989815,0.4535394378771246,0.40858748416589,40.858748416589,1.0212397499999497,A_same_width
4,Plain,7,0.3702486304083802,1.154908084428976,1.0746664991656603,0.9681523689907289,96.81523689907289,1.0283248749910854,A_same_width
4,ResDyNet,8,0.07136261420517256,0.31667884836362925,0.5627422574888341,0.506966812626976,50.696681262697595,1.1618752909998875,A_same_width
4,Plain,8,0.37114895367973716,1.1417365587052577,1.0685207338677418,0.9626157329859216,96.26157329859217,1.1680121659883298,A_same_width
4,ResDyNet,9,0.07521412585294789,0.20715259037334086,0.45514018760524855,0.41002957772947246,41.00295777294725,1.301398915995378,A_same_width
4,Plain,9,0.37333404749066945,1.1584667760471519,1.0763209447219504,0.969642836392413,96.9642836392413,1.307148791005602,A_same_width
4,ResDyNet,10,0.06020644832488244,0.15510776056679437,0.3938372259789498,0.35480257700810736,35.48025770081074,1.4400119579804596,A_same_width
4,Plain,10,0.35717027097201187,1.044257734210217,1.0218892964554511,0.920606108013707,92.0606108013707,1.4467515829892363,A_same_width
4,ResDyNet,11,0.05551863082506334,0.13053517233476722,0.3612965158076773,0.3254870957258516,32.54870957258516,1.5792696659918875,A_same_width
4,Plain,11,0.34843408752274635,1.109465026491313,1.053311457495509,0.9489139036632024,94.89139036632024,1.587072750000516,A_same_width
4,ResDyNet,12,0.05403228544921159,0.12963260139197116,0.3600452768638566,0.32435987165347757,32.435987165347754,1.722712707996834,A_same_width
4,Plain,12,0.37048006306493536,1.1720027504797503,1.082590758541634,0.9752912260159567,97.52912260159567,1.7296222079894505,A_same_width
4,ResDyNet,13,0.06205432740869353,0.10097037209886191,0.317758354884434,0.28626416128799315,28.626416128799313,1.8629869159776717,A_same_width
4,Plain,13,0.39394408717235213,1.2326518766022234,1.1102485652331298,1.0002077662544848,100.02077662544848,1.8700801249942742,A_same_width
4,ResDyNet,14,0.04385162584554615,0.12579365166695747,0.35467400759987683,0.3195209685459122,31.952096854591222,2.002777249988867,A_same_width
4,Plain,14,0.3933164558683649,1.2045927316565044,1.097539398680751,0.9887582517165924,98.87582517165924,2.0087902910017874,A_same_width
4,ResDyNet,15,0.04354870617628534,0.10470674824081434,0.3235842212482159,0.2915126047129048,29.15126047129048,2.140894665993983,A_same_width
4,Plain,15,0.3888473012592545,1.1854256714610572,1.088772552676204,0.9808603199075441,98.0860319907544,2.146641625004122,A_same_width
4,ResDyNet,16,0.04691306319081095,0.10668952088673116,0.3266336187331781,0.2942597652518744,29.42597652518744,2.27943637498538,A_same_width
4,Plain,16,0.3871643052936352,1.138672554966705,1.067086011044426,0.961323210792928,96.13232107929281,2.285301124997204,A_same_width
4,ResDyNet,17,0.0360181344418469,0.15231352028290787,0.3902736479483439,0.35159219823935167,35.15921982393517,2.4178891250048764,A_same_width
4,Plain,17,0.349512761678311,1.0305279022023413,1.0151492019414394,0.9145340489367487,91.45340489367487,2.4235887909890153,A_same_width
4,ResDyNet,18,0.04455660219309717,0.14635042480983879,0.38255774049133917,0.34464104261180395,34.464104261180395,2.556964916002471,A_same_width
4,Plain,18,0.3349066712945403,1.0470128356417265,1.0232364514821228,0.9218197415748933,92.18197415748934,2.56270729098469,A_same_width
4,ResDyNet,19,0.0436287505520689,0.1235125155802994,0.35144347423205824,0.31661062516442096,31.661062516442094,2.6958199579967186,A_same_width
4,Plain,19,0.3346187049456052,0.918506978736533,0.9583876975089638,0.8633983849643038,86.33983849643037,2.7017138749943115,A_same_width
4,ResDyNet,20,0.032861767380367515,0.10519753089659868,0.32434168849625034,0.29219499660954135,29.219499660954135,2.8386377079878002,A_same_width
4,Plain,20,0.30103974993653754,0.9811095190505285,0.9905097268833499,0.8923366824358878,89.23366824358878,2.844551540998509,A_same_width
4,ResDyNet,21,0.02812912857322789,0.11878829007810963,0.3446567714090492,0.31049657729856356,31.049657729856357,2.977407915983349,A_same_width
4,Plain,21,0.3252537858247857,1.1047505261905044,1.0510711327928783,0.9468956257417783,94.68956257417783,2.9833304159983527,A_same_width
4,ResDyNet,22,0.03181240473738923,0.12582181777251197,0.35471371241116684,0.31955673806802964,31.955673806802963,3.1149938330054283,A_same_width
4,Plain,22,0.34715541524436816,1.073451062728709,1.0360748345214785,0.9333856654807864,93.33856654807863,3.120910957979504,A_same_width
4,ResDyNet,23,0.03076188518593407,0.09396207035054459,0.3065323316561315,0.27615079031079787,27.615079031079787,3.2533987909846473,A_same_width
4,Plain,23,0.32367714814021736,0.8425744017917473,0.917918515878042,0.8269402520481743,82.69402520481744,3.2601887499913573,A_same_width
4,ResDyNet,24,0.03024325536845692,0.08412551296850976,0.290043984541155,0.2612966636282416,26.12966636282416,3.4024245829787105,A_same_width
4,Plain,24,0.3127116448368244,0.8747141574407085,0.9352615449384779,0.8425643500203098,84.25643500203098,3.410610416001873,A_same_width
4,ResDyNet,25,0.030439036441483703,0.08862359786974155,0.29769715798062557,0.268191303036349,26.819130303634903,3.547483040980296,A_same_width
4,Plain,25,0.31742687773386435,0.8102663092153753,0.9001479374054997,0.8109309806510623,81.09309806510623,3.55364433300565,A_same_width
4,ResDyNet,26,0.023032719668797698,0.07629051624898212,0.27620737906323595,0.2488314547633169,24.883145476331688,3.6886305829975754,A_same_width
4,Plain,26,0.30949216823766684,0.9412747293646553,0.9701931402378886,0.8740337470546512,87.40337470546513,3.695595500001218,A_same_width
4,ResDyNet,27,0.02399461112507407,0.1000649059586125,0.3163303747012172,0.28497771344735934,28.497771344735934,3.8281920829904266,A_same_width
4,Plain,27,0.3087834669983323,0.9448068445715964,0.9720117512518026,0.8756721088745837,87.56721088745837,3.834154915995896,A_same_width
4,ResDyNet,28,0.020438227300159876,0.07564547663150978,0.2750372277192849,0.2477772814019965,24.77772814019965,3.9712395829847082,A_same_width
4,Plain,28,0.3014106589139905,1.0528022780798665,1.026061537179845,0.9243648226888714,92.43648226888715,3.9772600409924053,A_same_width
4,ResDyNet,29,0.019215340558304785,0.0773044449841542,0.27803676912263636,0.25047952727808465,25.047952727808465,4.110686208005063,A_same_width
4,Plain,29,0.2970556847215735,1.049616485839247,1.0245079237562036,0.9229651935781082,92.29651935781082,4.11658037500456,A_same_width
4,ResDyNet,30,0.027528070319308245,0.06520745967911039,0.2553575134573298,0.23004809565128723,23.004809565128724,4.248641874990426,A_same_width
4,Plain,30,0.3104883759316236,1.035706027459042,1.0176964318788988,0.916828813591858,91.6828813591858,4.255112582992297,A_same_width
4,ResDyNet,31,0.025073228021376515,0.09752999619260451,0.3122979285755903,0.28134493781660863,28.134493781660865,4.389122416003374,A_same_width
4,Plain,31,0.26920845105820423,0.8426594523940043,0.9179648426786313,0.8269819872299942,82.69819872299942,4.395121832989389,A_same_width
4,ResDyNet,32,0.023768062302032142,0.0839003832025149,0.2896556286394499,0.2609467991013961,26.09467991013961,4.52869649999775,A_same_width
4,Plain,32,0.28631373991780423,1.0377932896609452,1.018721399432124,0.9177521928593462,91.77521928593461,4.534557082981337,A_same_width
4,ResDyNet,33,0.023276307897768442,0.13295585044540187,0.36463111557490796,0.3284911911050104,32.84911911050104,4.668615415983368,A_same_width
4,Plain,33,0.3325653268970435,1.1076385243241864,1.0524440718271857,0.94813248776323,94.81324877632301,4.67421133298194,A_same_width
4,ResDyNet,34,0.02886572796113438,0.08681852844123805,0.29464984038895736,0.2654460162448363,26.544601624483633,4.807145083002979,A_same_width
4,Plain,34,0.3254727505104324,1.1134887473579973,1.055219762588816,0.9506330696540254,95.06330696540253,4.812884082988603,A_same_width
4,ResDyNet,35,0.02501890630490285,0.05391156079360606,0.23218863192156083,0.20917556676615395,20.917556676615394,4.945636249991367,A_same_width
4,Plain,35,0.29575328747152313,0.9090029653454924,0.9534164700410269,0.8589198740461618,85.89198740461617,4.952626499987673,A_same_width
4,ResDyNet,36,0.01821317641897869,0.07173559776584423,0.26783501967786855,0.2412889105607403,24.128891056074032,5.0859458329796325,A_same_width
4,Plain,36,0.2644741305007962,1.097144865698605,1.0474468319196946,0.9436305425936274,94.36305425936274,5.091644165979233,A_same_width
4,ResDyNet,37,0.016102833557918306,0.06452602840076208,0.2540197401793059,0.22884291397930165,22.884291397930166,5.228618291002931,A_same_width
4,Plain,37,0.26592569504778085,0.8341244558750961,0.9133041420442021,0.8227832256943155,82.27832256943155,5.234477207995951,A_same_width
4,ResDyNet,38,0.01849468891256314,0.09524813515440435,0.308622966019064,0.27803421424998087,27.80342142499809,5.368118915997911,A_same_width
4,Plain,38,0.26046382323547723,0.6761147902637638,0.8222619961203143,0.7407646000810271,74.07646000810271,5.373797040985664,A_same_width
4,ResDyNet,39,0.014096186660372724,0.11833708391594971,0.3440015754556216,0.30990632021419684,30.990632021419685,5.507062582997605,A_same_width
4,Plain,39,0.27927569091657845,0.9893796252580862,0.9946756382148334,0.8960896950474397,89.60896950474397,5.5127907499845605,A_same_width
4,ResDyNet,40,0.021755297009411704,0.08362607993440871,0.2891817420488519,0.2605198811452892,26.051988114528918,5.645570874999976,A_same_width
4,Plain,40,0.2667725589776672,1.215689893652077,1.102583281957457,0.9933022172603653,99.33022172603653,5.651537333003944,A_same_width
4,ResDyNet,41,0.020485379776940607,0.07028353693441651,0.26511042403952456,0.23883435956854648,23.883435956854647,5.785300916002598,A_same_width
4,Plain,41,0.27447616203313085,1.1672545517073394,1.0803955533541127,0.9733135956493553,97.33135956493552,5.790984541003127,A_same_width
4,ResDyNet,42,0.01913935983081689,0.09392750484191494,0.3064759449645517,0.27609999231060445,27.609999231060446,5.923108707997017,A_same_width
4,Plain,42,0.2753715260163702,0.9031544180025152,0.9503443681121677,0.8561522593838314,85.61522593838315,5.928799415996764,A_same_width
4,ResDyNet,43,0.019831160672772474,0.060727356400047276,0.24642921174253526,0.2220047105983864,22.200471059838637,6.060800374980317,A_same_width
4,Plain,43,0.299074344520884,0.9651212494188268,0.9824058476102566,0.8850360082989799,88.50360082989799,6.06661070798873,A_same_width
4,ResDyNet,44,0.01860512785437539,0.0716158979887336,0.26761146834306937,0.24108751621696492,24.10875162169649,6.19789408298675,A_same_width
4,Plain,44,0.26459349322424724,0.8315501758099515,0.9118937305464664,0.8215126052424407,82.15126052424408,6.203789791004965,A_same_width
4,ResDyNet,45,0.018910313537009962,0.09964503083838384,0.31566601153495105,0.28437919774617193,28.437919774617193,6.33562216599239,A_same_width
4,Plain,45,0.2515662852155609,0.8820843268722173,0.9391934448622485,0.8461065449512846,84.61065449512846,6.341354125004727,A_same_width
4,ResDyNet,46,0.018548529158175075,0.09633314817671113,0.31037581764163125,0.2796133343325322,27.961333433253223,6.473222999979043,A_same_width
4,Plain,46,0.23813819181214554,0.9026280515024175,0.9500673931371487,0.855902736412357,85.5902736412357,6.478902999981074,A_same_width
4,ResDyNet,47,0.018755870231726354,0.06735275921001266,0.2595241014048843,0.2338017178170148,23.38017178170148,6.614648457994917,A_same_width
4,Plain,47,0.24628325478760169,1.134678169950625,1.065212734598411,0.9596356016319539,95.9635601631954,6.620526374987094,A_same_width
4,ResDyNet,48,0.017530184103808615,0.06710859744929423,0.2590532714506695,0.23337755354287137,23.337755354287136,6.7532418750051875,A_same_width
4,Plain,48,0.24815368479998193,1.058558015717316,1.0288624863009226,0.9268881594906598,92.68881594906598,6.759017415984999,A_same_width
4,ResDyNet,49,0.01850890816096707,0.07688039279549104,0.27727313752956856,0.2497915820072134,24.97915820072134,6.891348374978406,A_same_width
4,Plain,49,0.2453915515610058,1.008702589878864,1.004341869026112,0.9047978703431395,90.47978703431396,6.897013665991835,A_same_width
4,ResDyNet,50,0.018839174280145143,0.05695340892229024,0.23864913350416808,0.21499574439049188,21.499574439049187,7.028752082987921,A_same_width
4,Plain,50,0.23360679745260854,1.014626398917834,1.0072866518116053,0.9074507849284101,90.74507849284102,7.034614332980709,A_same_width
4,ResDyNet,51,0.01919291119118834,0.0713655618158265,0.26714333571292115,0.24066578192522722,24.066578192522723,7.166714708000654,A_same_width
4,Plain,51,0.23076830359926528,1.3062959034519281,1.1429330266695106,1.0296527510878126,102.96527510878126,7.1724078329862095,A_same_width
4,ResDyNet,52,0.018134015792310897,0.09615665936263311,0.31009137260271064,0.2793570816825311,27.93570816825311,7.304815499985125,A_same_width
4,Plain,52,0.2659241363514072,1.1131654166487275,1.055066546075994,0.9504950389905849,95.04950389905848,7.310522374988068,A_same_width
4,ResDyNet,53,0.018561200529428095,0.08295959795133724,0.28802707850363174,0.25947966053027977,25.947966053027976,7.44290500000352,A_same_width
4,Plain,53,0.2504765809961647,0.8761241143802377,0.9360150182450268,0.8432431438296198,84.32431438296199,7.448646874981932,A_same_width
4,ResDyNet,54,0.01814655052687884,0.06412360630416597,0.25322639337984887,0.2281281986849086,22.81281986849086,7.580819458002225,A_same_width
4,Plain,54,0.25140161598979793,1.0334663075329642,1.0165954492977844,0.9158369534241214,91.58369534241214,7.58666204099427,A_same_width
4,ResDyNet,55,0.017756296296759577,0.0659118948006937,0.25673311979698626,0.23128736061169217,23.128736061169217,7.719237207988044,A_same_width
4,Plain,55,0.24706875258803435,1.1928068024534388,1.092156949551409,0.9839092768210409,98.39092768210409,7.7249540000048,A_same_width
4,ResDyNet,56,0.017143734057230464,0.07203680228637496,0.26839672555076927,0.24179494370864904,24.179494370864905,7.856973165995441,A_same_width
4,Plain,56,0.2546621325573535,0.7057902193127671,0.8401132181514388,0.7568465221584627,75.68465221584627,7.862688958004583,A_same_width
4,ResDyNet,57,0.016807772940677573,0.07857033520336681,0.2803040049720425,0.25252204908402853,25.252204908402852,7.994541666004807,A_same_width
4,Plain,57,0.23773335882106528,1.072623826866128,1.0356755413092114,0.9330259476802608,93.30259476802608,8.000339749996783,A_same_width
4,ResDyNet,58,0.017133996334167893,0.0755931180753873,0.2749420267536182,0.247691516152487,24.7691516152487,8.13146466598846,A_same_width
4,Plain,58,0.26338142544149495,0.8443249299082057,0.9188715524534459,0.8277988296803314,82.77988296803314,8.137300999980653,A_same_width
4,ResDyNet,59,0.015924720130331034,0.058659531640690064,0.24219729899544723,0.2181922382131057,21.819223821310572,8.269166124984622,A_same_width
4,Plain,59,0.2565723887355958,0.7467735038447679,0.864160577580792,0.7785104597777845,77.85104597777845,8.274835749994963,A_same_width
4,ResDyNet,60,0.01629126919345949,0.07852558079025519,0.2802241616817779,0.2524501193545006,25.245011935450062,8.417295374994865,A_same_width
4,Plain,60,0.27643606805925036,0.9504876926497373,0.9749295834314072,0.8783007440271587,87.83007440271588,8.422896832984407,A_same_width
4,ResDyNet,61,0.010979280287976678,0.07777685012428125,0.27888501236940155,0.25124369803196384,25.124369803196384,8.57472120798775,A_same_width
4,Plain,61,0.2510939469193391,1.3132554994833496,1.1459736033100194,1.0323919650485083,103.23919650485082,8.580446540989215,A_same_width
4,ResDyNet,62,0.009637045369831355,0.053319456129966664,0.23091006069456277,0.20802371941322856,20.802371941322857,8.715484832995571,A_same_width
4,Plain,62,0.24433274818996503,0.8739839944763179,0.9348711111572108,0.8422126135601511,84.2212613560151,8.722448999993503,A_same_width
4,ResDyNet,63,0.012315218257405728,0.06162497140237288,0.248243774146247,0.22363942508069223,22.363942508069222,8.856619083002442,A_same_width
4,Plain,63,0.22370823062101688,1.0883027999310921,1.0432175228259408,0.9398204158040694,93.98204158040694,8.86234345799312,A_same_width
4,ResDyNet,64,0.011686702983603898,0.08163809704080072,0.28572381251971407,0.2574046796683315,25.74046796683315,8.996422957978211,A_same_width
4,Plain,64,0.2241056523151637,0.9155598112394291,0.9568488967644939,0.8620121003938628,86.20121003938628,9.002310415991815,A_same_width
4,ResDyNet,65,0.011528393311147056,0.08041248090317349,0.28357094509694303,0.2554651908156531,25.54651908156531,9.13585970798158,A_same_width
4,Plain,65,0.22484408821789675,0.8893648622887969,0.9430614308139194,0.8495911606578692,84.95911606578692,9.14159945800202,A_same_width
4,ResDyNet,66,0.009710963324543196,0.06451278241045953,0.2539936660833485,0.22881942418242973,22.88194241824297,9.27476212498732,A_same_width
4,Plain,66,0.271323485695902,0.8065648776153874,0.8980895710425477,0.809076626512276,80.9076626512276,9.28047816597973,A_same_width
4,ResDyNet,67,0.009572334218627031,0.07584192273104226,0.27539412254266116,0.24809880307313867,24.80988030731387,9.41340599997784,A_same_width
4,Plain,67,0.2969860027001638,1.0500153277436792,1.0247025557417524,0.9231405348751867,92.31405348751866,9.41936629099655,A_same_width
4,ResDyNet,68,0.007763494033067683,0.07846848326556785,0.28012226485156055,0.252358321892084,25.235832189208402,9.552090124983806,A_same_width
4,Plain,68,0.2321593016475004,0.7494319919227374,0.8656974020538224,0.7798949639522819,77.98949639522819,9.557762874988839,A_same_width
4,ResDyNet,69,0.011610603319945971,0.07173245702427847,0.26782915641184113,0.24128362842446932,24.128362842446933,9.689685082994401,A_same_width
4,Plain,69,0.24215580078582957,0.8323326144640756,0.9123226482248895,0.8218990113198514,82.18990113198514,9.695464249991346,A_same_width
4,ResDyNet,70,0.010757899054527014,0.07880890561929503,0.28072923898179014,0.252905136594649,25.290513659464903,9.831499249994522,A_same_width
4,Plain,70,0.24084999205442587,1.0760857230610144,1.0373455176849296,0.9345304065850144,93.45304065850144,9.837427624996053,A_same_width
4,ResDyNet,71,0.015480819035442909,0.06457290590868613,0.2541119948146607,0.22892602492008043,22.892602492008045,9.97024799999781,A_same_width
4,Plain,71,0.21317376476261313,0.737790820669627,0.8589475075169769,0.7738140761686224,77.38140761686225,9.975795000005746,A_same_width
4,ResDyNet,72,0.016631337608850588,0.06695981028527605,0.25876593725851177,0.2331186980941852,23.31186980941852,10.107682500005467,A_same_width
4,Plain,72,0.24657783847589582,0.902160542482488,0.9498213213454876,0.8556810536966276,85.56810536966276,10.113456291001057,A_same_width
4,ResDyNet,73,0.010187788103391472,0.09738809453375992,0.31207065631641806,0.281140191342894,28.114019134289396,10.245535374997417,A_same_width
4,Plain,73,0.2198886155882647,1.062786874910624,1.0309155517842497,0.9287377381394027,92.87377381394028,10.251316832989687,A_same_width
4,ResDyNet,74,0.015638367593288034,0.08121860257714557,0.2849887762301273,0.2567424955157502,25.674249551575016,10.38325995800551,A_same_width
4,Plain,74,0.3281589702360714,0.5886488323973732,0.7672345354566446,0.6911911124525981,69.11911124525982,10.388934499991592,A_same_width
4,ResDyNet,75,0.011355569285630576,0.05590192790280391,0.23643588539560553,0.21300185940279323,21.300185940279324,10.522527291002916,A_same_width
4,Plain,75,0.22166529857409933,0.6913336790621868,0.8314647792072655,0.7490552616526466,74.90552616526466,10.528214707999723,A_same_width
4,ResDyNet,76,0.008100497438495075,0.07241916970645437,0.2691081004103265,0.24243581160213554,24.243581160213555,10.660509332985384,A_same_width
4,Plain,76,0.2132800002773133,0.9112501963839423,0.9545942574643649,0.8599809266470918,85.99809266470918,10.666338374983752,A_same_width
4,ResDyNet,77,0.007927387337762585,0.06965889562390021,0.26392971720497904,0.23777067690993914,23.777067690993913,10.79810620797798,A_same_width
4,Plain,77,0.2148762314192741,0.8573507280858241,0.9259323561069804,0.8341598112401503,83.41598112401502,10.80410499998834,A_same_width
4,ResDyNet,78,0.008954842504895928,0.0684187739850392,0.26156982621288566,0.2356446833516316,23.56446833516316,10.936614915990504,A_same_width
4,Plain,78,0.20859396638166683,0.6850407690737567,0.8276718969940665,0.7456383058781229,74.56383058781229,10.942313790990738,A_same_width
4,ResDyNet,79,0.010035313724412024,0.0760112848291412,0.2757014414709165,0.24837566249758067,24.837566249758066,11.073905375000322,A_same_width
4,Plain,79,0.20249933349542637,0.5268884207861145,0.7258708017175746,0.6539270897619557,65.39270897619556,11.079482040979201,A_same_width
4,ResDyNet,80,0.007602436920348068,0.05506205357654959,0.23465304936554648,0.211395726777124,21.1395726777124,11.212832958000945,A_same_width
4,Plain,80,0.20817185041383687,0.4757068872589288,0.6897150768679258,0.6213548911376005,62.135489113760045,11.218688624998322,A_same_width
4,ResDyNet,81,0.008401082070836957,0.051496001470807566,0.22692730437478775,0.20443570864979954,20.443570864979954,11.351820957992459,A_same_width
4,Plain,81,0.1680510162084295,0.4542399960374881,0.6739732902997626,0.6071733306535378,60.717333065353785,11.358484458003659,A_same_width
4,ResDyNet,82,0.008426367337776063,0.0603312195744733,0.24562414289819579,0.22127943507388365,22.127943507388366,11.493687707989011,A_same_width
4,Plain,82,0.16074462334547648,0.4644654790379236,0.6815170423679247,0.6139693938429459,61.39693938429459,11.501318082999205,A_same_width
4,ResDyNet,83,0.005373281084237811,0.05165679402297762,0.22728131032484308,0.20475462777442932,20.47546277744293,11.635462499980349,A_same_width
4,Plain,83,0.13854904699472548,0.5814838535301508,0.7625508858628064,0.6869716765128742,68.69716765128742,11.641183874977287,A_same_width
4,ResDyNet,84,0.005692605458696933,0.06483215131823457,0.25462158454898237,0.22938510735065767,22.93851073506577,11.77564316598,A_same_width
4,Plain,84,0.12712484873000238,0.364302210153008,0.6035745274222629,0.5437520468349925,54.37520468349925,11.781449125002837,A_same_width
4,ResDyNet,85,0.006367439771551588,0.060838679602438314,0.24665498089930865,0.22220810294768256,22.220810294768256,11.914711207995424,A_same_width
4,Plain,85,0.1272968542724992,0.3183818062670059,0.5642533174621182,0.5083281059155987,50.83281059155988,11.920617249998031,A_same_width
4,ResDyNet,86,0.008242655230523935,0.041045209298859756,0.20259617296202748,0.18251612472699466,18.251612472699467,12.054506540996954,A_same_width
4,Plain,86,0.18528904366514642,0.7586970149413083,0.8710321549410838,0.7847009699548809,78.47009699548809,12.061206415994093,A_same_width
4,ResDyNet,87,0.0071913692688097665,0.057927677922111113,0.24068169419819016,0.21682685055464856,21.682685055464855,12.194086707982933,A_same_width
4,Plain,87,0.1862225842736679,0.5739617247429715,0.7576026166421097,0.6825138483660577,68.25138483660577,12.20020791600109,A_same_width
4,ResDyNet,88,0.007576094063820488,0.07559418291342615,0.27494396322419257,0.247693260692375,24.7693260692375,12.332981665997067,A_same_width
4,Plain,88,0.16180485278496662,0.3093335216666821,0.556177599033512,0.5010528014988079,50.10528014988079,12.339377124997554,A_same_width
4,ResDyNet,89,0.005951616633356519,0.050165967562212074,0.22397760504615652,0.20177836481797654,20.177836481797655,12.481317707977723,A_same_width
4,Plain,89,0.1369355646763058,0.2901018114754625,0.5386110020000172,0.4852272941937162,48.52272941937162,12.489282541006105,A_same_width
4,ResDyNet,90,0.006314369082377195,0.04347898715275218,0.20851615561570327,0.1878493562318289,18.784935623182893,12.628553540998837,A_same_width
4,Plain,90,0.10267614818814963,0.27366342212765093,0.5231284948534642,0.47127931499878595,47.12793149987859,12.634921916003805,A_same_width
4,ResDyNet,91,0.004270106717379825,0.03492826594336028,0.18689105367395273,0.16836759729468312,16.836759729468312,12.7691165409924,A_same_width
4,Plain,91,0.08882705995873097,0.24974133652861188,0.49974126958718534,0.4502100832294448,45.021008322944475,12.77592674997868,A_same_width
4,ResDyNet,92,0.005726335331449843,0.05387827386148294,0.23211694005712497,0.20911098054480542,20.911098054480544,12.91010404098779,A_same_width
4,Plain,92,0.09152636332374531,0.3699221568429889,0.6082122629830714,0.5479301194495526,54.79301194495526,12.915809165977407,A_same_width
4,ResDyNet,93,0.005627015094879477,0.05415671665762142,0.2327159570326483,0.20965062675539153,20.965062675539155,13.049226624978473,A_same_width
4,Plain,93,0.10749049977438166,0.4570372162904215,0.6760452768050536,0.6090399549925041,60.90399549925041,13.055158082977869,A_same_width
4,ResDyNet,94,0.004004451204888751,0.05059578538746459,0.22493506926992196,0.20264093125806007,20.264093125806006,13.188683082989883,A_same_width
4,Plain,94,0.12261246148447169,0.44113468711349385,0.6641797099531827,0.598350427901099,59.8350427901099,13.194404874986503,A_same_width
4,ResDyNet,95,0.0037489880639221857,0.05276216485457248,0.22970016293980394,0.20693373905335344,20.693373905335342,13.328112332994351,A_same_width
4,Plain,95,0.10869776016093209,0.2607461654030856,0.5106331025335956,0.46002238674677337,46.002238674677336,13.334263415978057,A_same_width
4,ResDyNet,96,0.0037950856091905297,0.053001406810423514,0.23022034404114575,0.2074023631017994,20.74023631017994,13.475753374979831,A_same_width
4,Plain,96,0.1441333269260096,0.33103468808097847,0.575356140213154,0.5183304872657617,51.833048726576166,13.481471999984933,A_same_width
4,ResDyNet,97,0.004543881809988164,0.04083810809948637,0.20208440835325808,0.18205508298173662,18.205508298173662,13.622258582996437,A_same_width
4,Plain,97,0.2337987409420575,0.28856897740057036,0.5371861664270314,0.4839436792894836,48.39436792894836,13.627973249997012,A_same_width
4,ResDyNet,98,0.005166591849161718,0.03899853307286689,0.19748046250924897,0.17790745106146832,17.790745106146833,13.765740000002552,A_same_width
4,Plain,98,0.19785148895627772,0.21793531438119826,0.4668354253708669,0.4205656576737937,42.056565767379375,13.771697541000322,A_same_width
4,ResDyNet,99,0.008966443259826186,0.04055402538930321,0.20138030040027055,0.18142076174511174,18.142076174511175,13.905880665988661,A_same_width
4,Plain,99,0.14678852001304643,0.6747285721000535,0.8214186338889894,0.7400048265672827,74.00048265672827,13.91158883299795,A_same_width
4,ResDyNet,100,0.012820917435139986,0.05081311802702426,0.22541765242993783,0.2030756838347591,20.30756838347591,14.047755665989826,A_same_width
4,Plain,100,0.1550897742042066,0.20563263056514333,0.4534673423358548,0.4085225342775961,40.852253427759614,14.053640041005565,A_same_width
